{
    "timestamp_analysis": {
        "mean": 0.026189951591840073,
        "std": 0.001914254641441739,
        "min": 0.022166728973388672,
        "max": 0.036449432373046875,
        "median": 0.02578914165496826,
        "running_time": 11.471330404281616
    },
    "host_energy_analysis": {
        "total": 228.24173117709685,
        "per_repetition": 2.2824173117709685e-05
    },
    "host_power_analysis": {
        "mean": 19.936158100227793,
        "std": 6.108729287521282,
        "min": 4.898412,
        "max": 40.51999,
        "median": 19.118152
    },
    "process_energy_analysis": {
        "total": 3.629168063085409,
        "per_repetition": 3.629168063085409e-07
    }
}