{
    "timestamp_analysis": {
        "mean": 0.02544711847774318,
        "std": 0.0016432108281297486,
        "min": 0.02198958396911621,
        "max": 0.03430318832397461,
        "median": 0.02529287338256836,
        "running_time": 4.656936407089233
    },
    "host_energy_analysis": {
        "total": 82.24532964345264,
        "per_repetition": 8.224532964345264e-08
    },
    "host_power_analysis": {
        "mean": 17.62023704347826,
        "std": 5.150329531846007,
        "min": 5.577227,
        "max": 33.965504,
        "median": 16.864866
    },
    "process_energy_analysis": {
        "total": 1.2776532782523904,
        "per_repetition": 1.2776532782523905e-09
    }
}