{
    "timestamp_analysis": {
        "mean": 0.036611802237374445,
        "std": 0.0029413832891321268,
        "min": 0.0314028263092041,
        "max": 0.0465998649597168,
        "median": 0.03554069995880127,
        "running_time": 10.251521825790405
    },
    "host_energy_analysis": {
        "total": 247.50723449852086,
        "per_repetition": 0.0008250241149950695
    },
    "host_power_analysis": {
        "mean": 24.027829056939503,
        "std": 7.054634140052311,
        "min": 8.15648,
        "max": 49.930372,
        "median": 23.813524
    },
    "process_energy_analysis": {
        "total": 9.620671389421702,
        "per_repetition": 3.206890463140567e-05
    }
}