{
    "timestamp_analysis": {
        "mean": 0.034340858459472656,
        "std": 0.0012228588557393054,
        "min": 0.031911373138427734,
        "max": 0.03735828399658203,
        "median": 0.034319519996643066,
        "running_time": 0.6869263648986816
    },
    "host_energy_analysis": {
        "total": 10.274528337960957,
        "per_repetition": 3.424842779320319e-07
    },
    "host_power_analysis": {
        "mean": 14.90293385714286,
        "std": 4.943172218457489,
        "min": 6.782355,
        "max": 28.321038,
        "median": 14.660544
    },
    "process_energy_analysis": {
        "total": 0.20672595629614712,
        "per_repetition": 6.8908652098715705e-09
    }
}