{
    "timestamp_analysis": {
        "mean": 0.03658409185812507,
        "std": 0.014518746149375455,
        "min": 0.032997846603393555,
        "max": 0.20754742622375488,
        "median": 0.03504049777984619,
        "running_time": 5.195115089416504
    },
    "host_energy_analysis": {
        "total": 93.61037472082472,
        "per_repetition": 3.1203458240274907e-06
    },
    "host_power_analysis": {
        "mean": 18.071805181818185,
        "std": 5.845920214685906,
        "min": 7.60514,
        "max": 40.372864,
        "median": 17.948308
    },
    "process_energy_analysis": {
        "total": 2.367831032400869,
        "per_repetition": 7.892770108002896e-08
    }
}