{
    "timestamp_analysis": {
        "mean": 0.02527094172008002,
        "std": 0.0025172305035756812,
        "min": 0.021379709243774414,
        "max": 0.07268619537353516,
        "median": 0.024794816970825195,
        "running_time": 16.93164038658142
    },
    "host_energy_analysis": {
        "total": 305.47071023277124,
        "per_repetition": 6.109414204655425e-07
    },
    "host_power_analysis": {
        "mean": 18.04371918032787,
        "std": 5.609702912599895,
        "min": 4.664239,
        "max": 37.792584,
        "median": 17.907928
    },
    "process_energy_analysis": {
        "total": 4.659031192269573,
        "per_repetition": 9.318062384539147e-09
    }
}