{
    "timestamp_analysis": {
        "mean": 0.024959003907179,
        "std": 0.0017928218109041123,
        "min": 0.02111363410949707,
        "max": 0.034879446029663086,
        "median": 0.024457216262817383,
        "running_time": 16.398189544677734
    },
    "host_energy_analysis": {
        "total": 281.10297055428623,
        "per_repetition": 5.6220594110857246e-09
    },
    "host_power_analysis": {
        "mean": 17.159671516717324,
        "std": 5.038664768993623,
        "min": 4.520257,
        "max": 32.29906,
        "median": 17.073379
    },
    "process_energy_analysis": {
        "total": 4.189511209075464,
        "per_repetition": 8.379022418150928e-11
    }
}