{
    "timestamp_analysis": {
        "mean": 0.02507966353480977,
        "std": 0.00364226375541439,
        "min": 0.021872520446777344,
        "max": 0.07868742942810059,
        "median": 0.0245664119720459,
        "running_time": 6.671314239501953
    },
    "host_energy_analysis": {
        "total": 115.30463578973018,
        "per_repetition": 1.1530463578973019e-07
    },
    "host_power_analysis": {
        "mean": 17.317105670411987,
        "std": 5.264059259864198,
        "min": 5.183164,
        "max": 37.595612,
        "median": 17.439116
    },
    "process_energy_analysis": {
        "total": 1.7530994891738727,
        "per_repetition": 1.7530994891738727e-09
    }
}