{
    "timestamp_analysis": {
        "mean": 0.024807188774179097,
        "std": 0.0023641166975530755,
        "min": 0.02104663848876953,
        "max": 0.07210969924926758,
        "median": 0.024492263793945312,
        "running_time": 16.174397945404053
    },
    "host_energy_analysis": {
        "total": 275.75608905182315,
        "per_repetition": 5.5151217810364635e-09
    },
    "host_power_analysis": {
        "mean": 17.077804732006125,
        "std": 5.329315794747787,
        "min": 3.570235,
        "max": 42.28964,
        "median": 16.94453
    },
    "process_energy_analysis": {
        "total": 4.100679491745634,
        "per_repetition": 8.201358983491268e-11
    }
}