{
    "timestamp_analysis": {
        "mean": 0.02517270727333733,
        "std": 0.0016682018090381338,
        "min": 0.021874189376831055,
        "max": 0.03505992889404297,
        "median": 0.0247957706451416,
        "running_time": 9.54061508178711
    },
    "host_energy_analysis": {
        "total": 174.04258472454654,
        "per_repetition": 3.480851694490931e-07
    },
    "host_power_analysis": {
        "mean": 18.238568902631577,
        "std": 5.3346616128354984,
        "min": 4.31157,
        "max": 37.861844,
        "median": 18.545761
    },
    "process_energy_analysis": {
        "total": 2.6533086120861205,
        "per_repetition": 5.306617224172241e-09
    }
}