{
    "timestamp_analysis": {
        "mean": 0.03758488817417875,
        "std": 0.003259627037651818,
        "min": 0.032381296157836914,
        "max": 0.051902055740356445,
        "median": 0.03666126728057861,
        "running_time": 10.59911322593689
    },
    "host_energy_analysis": {
        "total": 254.79778798072664,
        "per_repetition": 0.0008493259599357555
    },
    "host_power_analysis": {
        "mean": 23.960198074204946,
        "std": 6.540314321442755,
        "min": 9.172856,
        "max": 47.739584,
        "median": 23.52628
    },
    "process_energy_analysis": {
        "total": 9.91577472167689,
        "per_repetition": 3.305258240558963e-05
    }
}