{
    "timestamp_analysis": {
        "mean": 0.03696947718319828,
        "std": 0.0028199390371223495,
        "min": 0.03308224678039551,
        "max": 0.04810214042663574,
        "median": 0.035964131355285645,
        "running_time": 10.795260667800903
    },
    "host_energy_analysis": {
        "total": 252.66450980785692,
        "per_repetition": 0.0008422150326928563
    },
    "host_power_analysis": {
        "mean": 23.285351218430034,
        "std": 7.153933004115825,
        "min": 6.433122,
        "max": 42.70891,
        "median": 23.426774
    },
    "process_energy_analysis": {
        "total": 9.95237437930134,
        "per_repetition": 3.31745812643378e-05
    }
}