{
    "timestamp_analysis": {
        "mean": 0.036316312875125004,
        "std": 0.003047553727464341,
        "min": 0.03188514709472656,
        "max": 0.04855537414550781,
        "median": 0.035369157791137695,
        "running_time": 10.568181037902832
    },
    "host_energy_analysis": {
        "total": 258.2327516181264,
        "per_repetition": 0.0008607758387270879
    },
    "host_power_analysis": {
        "mean": 24.280560030821917,
        "std": 7.051419151199835,
        "min": 7.630473,
        "max": 49.366748,
        "median": 24.124538
    },
    "process_energy_analysis": {
        "total": 9.975091092632765,
        "per_repetition": 3.325030364210921e-05
    }
}