{
    "timestamp_analysis": {
        "mean": 0.02517798443935429,
        "std": 0.0017988916702309286,
        "min": 0.021807432174682617,
        "max": 0.03601408004760742,
        "median": 0.024886608123779297,
        "running_time": 8.33403992652893
    },
    "host_energy_analysis": {
        "total": 160.16755989479208,
        "per_repetition": 1.601675598947921e-05
    },
    "host_power_analysis": {
        "mean": 19.196581602409637,
        "std": 5.924905099393243,
        "min": 7.136342,
        "max": 35.55423,
        "median": 18.95657
    },
    "process_energy_analysis": {
        "total": 2.4754386393226184,
        "per_repetition": 2.4754386393226187e-07
    }
}