{
    "timestamp_analysis": {
        "mean": 0.025181250103184435,
        "std": 0.002549759955350041,
        "min": 0.021706581115722656,
        "max": 0.07288670539855957,
        "median": 0.0247039794921875,
        "running_time": 15.360764980316162
    },
    "host_energy_analysis": {
        "total": 291.21296112917145,
        "per_repetition": 5.824259222583429e-07
    },
    "host_power_analysis": {
        "mean": 18.96173375286416,
        "std": 5.797403635537605,
        "min": 4.041274,
        "max": 38.84135,
        "median": 18.749488
    },
    "process_energy_analysis": {
        "total": 4.4034689471603885,
        "per_repetition": 8.806937894320777e-09
    }
}