{
    "timestamp_analysis": {
        "mean": 0.025326514059258984,
        "std": 0.001687549297563047,
        "min": 0.021583080291748047,
        "max": 0.034160614013671875,
        "median": 0.024990320205688477,
        "running_time": 16.335811138153076
    },
    "host_energy_analysis": {
        "total": 311.99282620373833,
        "per_repetition": 6.239856524074767e-07
    },
    "host_power_analysis": {
        "mean": 19.102305543343654,
        "std": 6.007017192870665,
        "min": 3.72437,
        "max": 41.489604,
        "median": 18.754348999999998
    },
    "process_energy_analysis": {
        "total": 4.715772195707192,
        "per_repetition": 9.431544391414385e-09
    }
}