{
    "timestamp_analysis": {
        "mean": 0.03562214970588684,
        "std": 0.0022499161931588234,
        "min": 0.03224015235900879,
        "max": 0.042388916015625,
        "median": 0.03520643711090088,
        "running_time": 0.8550653457641602
    },
    "host_energy_analysis": {
        "total": 17.38856187128222,
        "per_repetition": 0.005796187290427407
    },
    "host_power_analysis": {
        "mean": 20.15091164,
        "std": 4.022577532399571,
        "min": 13.250798,
        "max": 27.84561,
        "median": 19.669274
    },
    "process_energy_analysis": {
        "total": 0.344963920450846,
        "per_repetition": 0.00011498797348361534
    }
}