{
    "timestamp_analysis": {
        "mean": 0.025162875559615494,
        "std": 0.002576459331479816,
        "min": 0.02176666259765625,
        "max": 0.07631611824035645,
        "median": 0.024679899215698242,
        "running_time": 16.18001651763916
    },
    "host_energy_analysis": {
        "total": 280.32577027264415,
        "per_repetition": 5.606515405452883e-09
    },
    "host_power_analysis": {
        "mean": 17.348203677018635,
        "std": 5.233741947307855,
        "min": 4.444944,
        "max": 35.595508,
        "median": 17.162298
    },
    "process_energy_analysis": {
        "total": 4.257688149034709,
        "per_repetition": 8.515376298069418e-11
    }
}