{
    "timestamp_analysis": {
        "mean": 0.034321089585622154,
        "std": 0.0007745412657950555,
        "min": 0.032512664794921875,
        "max": 0.03625965118408203,
        "median": 0.0344310998916626,
        "running_time": 0.8238413333892822
    },
    "host_energy_analysis": {
        "total": 16.39264393110609,
        "per_repetition": 0.00546421464370203
    },
    "host_power_analysis": {
        "mean": 19.6830542,
        "std": 4.65700136386546,
        "min": 11.612908,
        "max": 26.751448,
        "median": 19.761464
    },
    "process_energy_analysis": {
        "total": 0.32723641054609653,
        "per_repetition": 0.0001090788035153655
    }
}