{
    "timestamp_analysis": {
        "mean": 0.03511033911649355,
        "std": 0.0016782407566234882,
        "min": 0.032384634017944336,
        "max": 0.04163718223571777,
        "median": 0.034837961196899414,
        "running_time": 9.02355670928955
    },
    "host_energy_analysis": {
        "total": 168.760485621901,
        "per_repetition": 0.00168760485621901
    },
    "host_power_analysis": {
        "mean": 18.706517751937987,
        "std": 4.837093305022394,
        "min": 4.973654,
        "max": 32.473562,
        "median": 18.449810999999997
    },
    "process_energy_analysis": {
        "total": 3.4928890370988697,
        "per_repetition": 3.49288903709887e-05
    }
}