{
    "timestamp_analysis": {
        "mean": 0.03471830368041992,
        "std": 0.0011049453709696619,
        "min": 0.03229641914367676,
        "max": 0.03754091262817383,
        "median": 0.03471088409423828,
        "running_time": 0.8681209087371826
    },
    "host_energy_analysis": {
        "total": 15.5446192125262,
        "per_repetition": 0.0051815397375087335
    },
    "host_power_analysis": {
        "mean": 17.94272273076923,
        "std": 4.145918512373735,
        "min": 7.918244,
        "max": 24.623756,
        "median": 18.106345
    },
    "process_energy_analysis": {
        "total": 0.30852357085066795,
        "per_repetition": 0.00010284119028355599
    }
}