{
    "timestamp_analysis": {
        "mean": 0.034802144098465965,
        "std": 0.0014856206471083918,
        "min": 0.031508445739746094,
        "max": 0.044872283935546875,
        "median": 0.03456234931945801,
        "running_time": 9.013957977294922
    },
    "host_energy_analysis": {
        "total": 170.1434752107824,
        "per_repetition": 0.001701434752107824
    },
    "host_power_analysis": {
        "mean": 18.8735867,
        "std": 5.343001462413559,
        "min": 7.183943,
        "max": 39.28463,
        "median": 18.690483999999998
    },
    "process_energy_analysis": {
        "total": 3.5296806685432363,
        "per_repetition": 3.529680668543236e-05
    }
}