{
    "timestamp_analysis": {
        "mean": 0.025323131770798653,
        "std": 0.0015812922321700546,
        "min": 0.022122859954833984,
        "max": 0.03388714790344238,
        "median": 0.025060415267944336,
        "running_time": 6.685425043106079
    },
    "host_energy_analysis": {
        "total": 113.76012726129281,
        "per_repetition": 1.1376012726129281e-07
    },
    "host_power_analysis": {
        "mean": 17.03115609433962,
        "std": 5.318013428670035,
        "min": 3.903355,
        "max": 29.268006,
        "median": 16.78166
    },
    "process_energy_analysis": {
        "total": 1.7216660181166232,
        "per_repetition": 1.7216660181166232e-09
    }
}