{
    "timestamp_analysis": {
        "mean": 0.025463037662677938,
        "std": 0.0017214619691153033,
        "min": 0.02263927459716797,
        "max": 0.035453081130981445,
        "median": 0.025031566619873047,
        "running_time": 8.479361295700073
    },
    "host_energy_analysis": {
        "total": 155.42771228282558,
        "per_repetition": 3.108554245656512e-07
    },
    "host_power_analysis": {
        "mean": 18.37434972754491,
        "std": 5.827634489656564,
        "min": 2.78173,
        "max": 36.29808,
        "median": 18.21185
    },
    "process_energy_analysis": {
        "total": 2.4061618499618276,
        "per_repetition": 4.8123236999236555e-09
    }
}