{
    "host_energy_total": {
        "0": 116.60668593138871,
        "1": {
            "value": 82.76200417393821,
            "difference": -33.8446817574505,
            "change_perc": 29.02,
            "ttest": {
                "stat": 62.57669961655251,
                "p": 1.5724596745658132e-54
            },
            "cohen_d": 16.15723436503546
        }
    },
    "host_energy_per_repetition": {
        "0": 1.166066859313887e-07,
        "1": {
            "value": 8.27620041739382e-08,
            "difference": -3.3844681757450495e-08,
            "change_perc": 29.02,
            "ttest": {
                "stat": 62.57669961655252,
                "p": 1.5724596745658352e-54
            },
            "cohen_d": 16.157234365035464
        }
    },
    "process_energy_total": {
        "0": 1.7861862513829343,
        "1": {
            "value": 1.2880181149400323,
            "difference": -0.49816813644290203,
            "change_perc": 27.89,
            "ttest": {
                "stat": 49.235128455576636,
                "p": 2.413633464269812e-42
            },
            "cohen_d": 12.71245550378875
        }
    },
    "process_energy_per_repetition": {
        "0": 1.786186251382934e-09,
        "1": {
            "value": 1.2880181149400323e-09,
            "difference": -4.981681364429016e-10,
            "change_perc": 27.89,
            "ttest": {
                "stat": 49.2351284555766,
                "p": 2.413633464269985e-42
            },
            "cohen_d": 12.712455503788737
        }
    },
    "timestamp_running_time": {
        "0": 6.781009324391683,
        "1": {
            "value": 4.647156731287638,
            "difference": -2.133852593104045,
            "change_perc": 31.47,
            "mannwhitneyu": {
                "stat": 900.0,
                "p": 3.0198593591621564e-11
            },
            "effect_size": -1.0
        }
    },
    "host_power_mean": {
        "0": 17.215291057355316,
        "1": {
            "value": 17.833895232311825,
            "difference": 0.6186041749565092,
            "change_perc": -3.59,
            "ttest": {
                "stat": -6.86149559706355,
                "p": 1.0191402244520162e-08
            },
            "cohen_d": -1.771630545166843
        }
    }
}