{
    "timestamp_analysis": {
        "mean": 0.03470839262008667,
        "std": 0.0008715734291474388,
        "min": 0.03227829933166504,
        "max": 0.03592634201049805,
        "median": 0.034848690032958984,
        "running_time": 0.6943001747131348
    },
    "host_energy_analysis": {
        "total": 13.325097080457567,
        "per_repetition": 4.441699026819189e-07
    },
    "host_power_analysis": {
        "mean": 19.36567804761905,
        "std": 5.309354998374242,
        "min": 6.695142,
        "max": 27.416128,
        "median": 19.072828
    },
    "process_energy_analysis": {
        "total": 0.256610207289604,
        "per_repetition": 8.553673576320132e-09
    }
}