[
    {
        "host": {
            "consumption": 21437374.0,
            "timestamp": 1721775099.1951785,
            "components": {
                "disks": [
                    {
                        "disk_type": "SSD",
                        "disk_mount_point": "/etc/hosts",
                        "disk_is_removable": false,
                        "disk_file_system": "ext4",
                        "disk_total_bytes": "33634926592",
                        "disk_available_bytes": "9861017600",
                        "disk_name": "/dev/nvme0n1p4"
                    }
                ]
            }
        },
        "consumers": [
            {
                "exe": "/usr/local/bin/scaphandre",
                "cmdline": "/usr/local/bin/scaphandrejson-s0--step-nano10000000-f/home/ce-p2-r-1/20/power.json",
                "pid": 468538,
                "resources_usage": null,
                "consumption": 363345.34,
                "timestamp": 1721775099.1950772,
                "container": null
            },
            {
                "exe": "",
                "cmdline": "",
                "pid": 37,
                "resources_usage": null,
                "consumption": 0.0,
                "timestamp": 1721775099.1950462,
                "container": null
            },
            {
                "exe": "",
                "cmdline": "",
                "pid": 563,
                "resources_usage": null,
                "consumption": 0.0,
                "timestamp": 1721775099.1950476,
                "container": null
            },
            {
                "exe": "/usr/bin/bash",
                "cmdline": "bash",
                "pid": 274983,
                "resources_usage": null,
                "consumption": 0.0,
                "timestamp": 1721775099.195048,
                "container": null
            },
            {
                "exe": "",
                "cmdline": "",
                "pid": 465617,
                "resources_usage": null,
                "consumption": 0.0,
                "timestamp": 1721775099.1950486,
                "container": null
            },
            {
                "exe": "",
                "cmdline": "",
                "pid": 122,
                "resources_usage": null,
                "consumption": 0.0,
                "timestamp": 1721775099.1950488,
                "container": null
            },
            {
                "exe": "",
                "cmdline": "",
                "pid": 118,
                "resources_usage": null,
                "consumption": 0.0,
                "timestamp": 1721775099.195049,
                "container": null
            },
            {
                "exe": "/usr/sbin/wpa_supplicant",
                "cmdline": "/sbin/wpa_supplicant-u-s-O/run/wpa_supplicant",
                "pid": 832,
                "resources_usage": null,
                "consumption": 0.0,
                "timestamp": 1721775099.1950493,
                "container": null
            },
            {
                "exe": "",
                "cmdline": "",
                "pid": 156,
                "resources_usage": null,
                "consumption": 0.0,
                "timestamp": 1721775099.19505,
                "container": null
            },
            {
                "exe": "",
                "cmdline": "",
                "pid": 558,
                "resources_usage": null,
                "consumption": 0.0,
                "timestamp": 1721775099.1950502,
                "container": null
            }
        ],
        "sockets": [
            {
                "id": 0,
                "consumption": 8070102.0,
                "domains": [
                    {
                        "name": "uncore",
                        "consumption": 0.0,
                        "timestamp": 1721775099.1772323
                    },
                    {
                        "name": "core",
                        "consumption": 5330404.0,
                        "timestamp": 1721775099.1772165
                    }
                ],
                "timestamp": 1721775099.177023
            }
        ]
    },
    {
        "host": {
            "consumption": 19072828.0,
            "timestamp": 1721775099.2290292,
            "components": {
                "disks": [
                    {
                        "disk_type": "SSD",
                        "disk_mount_point": "/etc/hosts",
                        "disk_is_removable": false,
                        "disk_file_system": "ext4",
                        "disk_total_bytes": "33634926592",
                        "disk_available_bytes": "9861021696",
                        "disk_name": "/dev/nvme0n1p4"
                    }
                ]
            }
        },
        "consumers": [
            {
                "exe": "/",
                "cmdline": "runcinit",
                "pid": 468611,
                "resources_usage": null,
                "consumption": 323268.25,
                "timestamp": 1721775099.2289786,
                "container": null
            },
            {
                "exe": "/usr/local/bin/scaphandre",
                "cmdline": "/usr/local/bin/scaphandrejson-s0--step-nano10000000-f/home/ce-p2-r-1/20/power.json",
                "pid": 468538,
                "resources_usage": null,
                "consumption": 215512.17,
                "timestamp": 1721775099.2289371,
                "container": null
            },
            {
                "exe": "/usr/bin/python3.10",
                "cmdline": "python3src/experiment/runner.pytest.yaml",
                "pid": 458168,
                "resources_usage": null,
                "consumption": 107756.086,
                "timestamp": 1721775099.2289333,
                "container": null
            },
            {
                "exe": "",
                "cmdline": "",
                "pid": 37,
                "resources_usage": null,
                "consumption": 0.0,
                "timestamp": 1721775099.2289023,
                "container": null
            },
            {
                "exe": "",
                "cmdline": "",
                "pid": 563,
                "resources_usage": null,
                "consumption": 0.0,
                "timestamp": 1721775099.2289033,
                "container": null
            },
            {
                "exe": "/usr/bin/bash",
                "cmdline": "bash",
                "pid": 274983,
                "resources_usage": null,
                "consumption": 0.0,
                "timestamp": 1721775099.2289035,
                "container": null
            },
            {
                "exe": "",
                "cmdline": "",
                "pid": 465617,
                "resources_usage": null,
                "consumption": 0.0,
                "timestamp": 1721775099.228904,
                "container": null
            },
            {
                "exe": "",
                "cmdline": "",
                "pid": 122,
                "resources_usage": null,
                "consumption": 0.0,
                "timestamp": 1721775099.2289045,
                "container": null
            },
            {
                "exe": "",
                "cmdline": "",
                "pid": 118,
                "resources_usage": null,
                "consumption": 0.0,
                "timestamp": 1721775099.2289052,
                "container": null
            },
            {
                "exe": "/usr/sbin/wpa_supplicant",
                "cmdline": "/sbin/wpa_supplicant-u-s-O/run/wpa_supplicant",
                "pid": 832,
                "resources_usage": null,
                "consumption": 0.0,
                "timestamp": 1721775099.2289054,
                "container": null
            }
        ],
        "sockets": [
            {
                "id": 0,
                "consumption": 24025268.0,
                "domains": [
                    {
                        "name": "uncore",
                        "consumption": 0.0,
                        "timestamp": 1721775099.2115533
                    },
                    {
                        "name": "core",
                        "consumption": 20894160.0,
                        "timestamp": 1721775099.2115371
                    }
                ],
                "timestamp": 1721775099.211408
            }
        ]
    },
    {
        "host": {
            "consumption": 19847020.0,
            "timestamp": 1721775099.261947,
            "components": {
                "disks": [
                    {
                        "disk_type": "SSD",
                        "disk_mount_point": "/etc/hosts",
                        "disk_is_removable": false,
                        "disk_file_system": "ext4",
                        "disk_total_bytes": "33634926592",
                        "disk_available_bytes": "9861021696",
                        "disk_name": "/dev/nvme0n1p4"
                    }
                ]
            }
        },
        "consumers": [
            {
                "exe": "/",
                "cmdline": "runcinit",
                "pid": 468611,
                "resources_usage": null,
                "consumption": 438608.16,
                "timestamp": 1721775099.2618496,
                "container": null
            },
            {
                "exe": "/usr/local/bin/scaphandre",
                "cmdline": "/usr/local/bin/scaphandrejson-s0--step-nano10000000-f/home/ce-p2-r-1/20/power.json",
                "pid": 468538,
                "resources_usage": null,
                "consumption": 219304.08,
                "timestamp": 1721775099.261811,
                "container": null
            },
            {
                "exe": "",
                "cmdline": "",
                "pid": 37,
                "resources_usage": null,
                "consumption": 0.0,
                "timestamp": 1721775099.261782,
                "container": null
            },
            {
                "exe": "",
                "cmdline": "",
                "pid": 563,
                "resources_usage": null,
                "consumption": 0.0,
                "timestamp": 1721775099.261783,
                "container": null
            },
            {
                "exe": "/usr/bin/bash",
                "cmdline": "bash",
                "pid": 274983,
                "resources_usage": null,
                "consumption": 0.0,
                "timestamp": 1721775099.2617834,
                "container": null
            },
            {
                "exe": "",
                "cmdline": "",
                "pid": 465617,
                "resources_usage": null,
                "consumption": 0.0,
                "timestamp": 1721775099.2617838,
                "container": null
            },
            {
                "exe": "",
                "cmdline": "",
                "pid": 122,
                "resources_usage": null,
                "consumption": 0.0,
                "timestamp": 1721775099.261784,
                "container": null
            },
            {
                "exe": "",
                "cmdline": "",
                "pid": 118,
                "resources_usage": null,
                "consumption": 0.0,
                "timestamp": 1721775099.2617843,
                "container": null
            },
            {
                "exe": "/usr/sbin/wpa_supplicant",
                "cmdline": "/sbin/wpa_supplicant-u-s-O/run/wpa_supplicant",
                "pid": 832,
                "resources_usage": null,
                "consumption": 0.0,
                "timestamp": 1721775099.261785,
                "container": null
            },
            {
                "exe": "",
                "cmdline": "",
                "pid": 156,
                "resources_usage": null,
                "consumption": 0.0,
                "timestamp": 1721775099.2617857,
                "container": null
            }
        ],
        "sockets": [
            {
                "id": 0,
                "consumption": 19169816.0,
                "domains": [
                    {
                        "name": "uncore",
                        "consumption": 0.0,
                        "timestamp": 1721775099.24517
                    },
                    {
                        "name": "core",
                        "consumption": 16214079.0,
                        "timestamp": 1721775099.2449944
                    }
                ],
                "timestamp": 1721775099.2446575
            }
        ]
    },
    {
        "host": {
            "consumption": 27416128.0,
            "timestamp": 1721775099.2942252,
            "components": {
                "disks": [
                    {
                        "disk_type": "SSD",
                        "disk_mount_point": "/etc/hosts",
                        "disk_is_removable": false,
                        "disk_file_system": "ext4",
                        "disk_total_bytes": "33634926592",
                        "disk_available_bytes": "9861017600",
                        "disk_name": "/dev/nvme0n1p4"
                    }
                ]
            }
        },
        "consumers": [
            {
                "exe": "/",
                "cmdline": "runcinit",
                "pid": 468611,
                "resources_usage": null,
                "consumption": 454410.97,
                "timestamp": 1721775099.2941267,
                "container": null
            },
            {
                "exe": "/usr/local/bin/scaphandre",
                "cmdline": "/usr/local/bin/scaphandrejson-s0--step-nano10000000-f/home/ce-p2-r-1/20/power.json",
                "pid": 468538,
                "resources_usage": null,
                "consumption": 302940.62,
                "timestamp": 1721775099.2940826,
                "container": null
            },
            {
                "exe": "",
                "cmdline": "",
                "pid": 14,
                "resources_usage": null,
                "consumption": 151470.31,
                "timestamp": 1721775099.29406,
                "container": null
            },
            {
                "exe": "",
                "cmdline": "",
                "pid": 37,
                "resources_usage": null,
                "consumption": 0.0,
                "timestamp": 1721775099.2940543,
                "container": null
            },
            {
                "exe": "",
                "cmdline": "",
                "pid": 563,
                "resources_usage": null,
                "consumption": 0.0,
                "timestamp": 1721775099.2940557,
                "container": null
            },
            {
                "exe": "/usr/bin/bash",
                "cmdline": "bash",
                "pid": 274983,
                "resources_usage": null,
                "consumption": 0.0,
                "timestamp": 1721775099.294056,
                "container": null
            },
            {
                "exe": "",
                "cmdline": "",
                "pid": 465617,
                "resources_usage": null,
                "consumption": 0.0,
                "timestamp": 1721775099.2940564,
                "container": null
            },
            {
                "exe": "",
                "cmdline": "",
                "pid": 122,
                "resources_usage": null,
                "consumption": 0.0,
                "timestamp": 1721775099.294057,
                "container": null
            },
            {
                "exe": "",
                "cmdline": "",
                "pid": 118,
                "resources_usage": null,
                "consumption": 0.0,
                "timestamp": 1721775099.294057,
                "container": null
            },
            {
                "exe": "/usr/sbin/wpa_supplicant",
                "cmdline": "/sbin/wpa_supplicant-u-s-O/run/wpa_supplicant",
                "pid": 832,
                "resources_usage": null,
                "consumption": 0.0,
                "timestamp": 1721775099.2940574,
                "container": null
            }
        ],
        "sockets": [
            {
                "id": 0,
                "consumption": 24607998.0,
                "domains": [
                    {
                        "name": "uncore",
                        "consumption": 0.0,
                        "timestamp": 1721775099.2776124
                    },
                    {
                        "name": "core",
                        "consumption": 21871332.0,
                        "timestamp": 1721775099.2774467
                    }
                ],
                "timestamp": 1721775099.2771766
            }
        ]
    },
    {
        "host": {
            "consumption": 25297736.0,
            "timestamp": 1721775099.3292258,
            "components": {
                "disks": [
                    {
                        "disk_type": "SSD",
                        "disk_mount_point": "/etc/hosts",
                        "disk_is_removable": false,
                        "disk_file_system": "ext4",
                        "disk_total_bytes": "33634926592",
                        "disk_available_bytes": "9861017600",
                        "disk_name": "/dev/nvme0n1p4"
                    }
                ]
            }
        },
        "consumers": [
            {
                "exe": "/",
                "cmdline": "runcinit",
                "pid": 468611,
                "resources_usage": null,
                "consumption": 419299.5,
                "timestamp": 1721775099.3290384,
                "container": null
            },
            {
                "exe": "/usr/local/bin/scaphandre",
                "cmdline": "/usr/local/bin/scaphandrejson-s0--step-nano10000000-f/home/ce-p2-r-1/20/power.json",
                "pid": 468538,
                "resources_usage": null,
                "consumption": 279533.0,
                "timestamp": 1721775099.3289998,
                "container": null
            },
            {
                "exe": "",
                "cmdline": "",
                "pid": 37,
                "resources_usage": null,
                "consumption": 0.0,
                "timestamp": 1721775099.3289716,
                "container": null
            },
            {
                "exe": "",
                "cmdline": "",
                "pid": 563,
                "resources_usage": null,
                "consumption": 0.0,
                "timestamp": 1721775099.3289723,
                "container": null
            },
            {
                "exe": "/usr/bin/bash",
                "cmdline": "bash",
                "pid": 274983,
                "resources_usage": null,
                "consumption": 0.0,
                "timestamp": 1721775099.3289728,
                "container": null
            },
            {
                "exe": "",
                "cmdline": "",
                "pid": 465617,
                "resources_usage": null,
                "consumption": 0.0,
                "timestamp": 1721775099.3289733,
                "container": null
            },
            {
                "exe": "",
                "cmdline": "",
                "pid": 122,
                "resources_usage": null,
                "consumption": 0.0,
                "timestamp": 1721775099.3289735,
                "container": null
            },
            {
                "exe": "",
                "cmdline": "",
                "pid": 118,
                "resources_usage": null,
                "consumption": 0.0,
                "timestamp": 1721775099.328974,
                "container": null
            },
            {
                "exe": "/usr/sbin/wpa_supplicant",
                "cmdline": "/sbin/wpa_supplicant-u-s-O/run/wpa_supplicant",
                "pid": 832,
                "resources_usage": null,
                "consumption": 0.0,
                "timestamp": 1721775099.3289742,
                "container": null
            },
            {
                "exe": "",
                "cmdline": "",
                "pid": 156,
                "resources_usage": null,
                "consumption": 0.0,
                "timestamp": 1721775099.3289747,
                "container": null
            }
        ],
        "sockets": [
            {
                "id": 0,
                "consumption": 30681388.0,
                "domains": [
                    {
                        "name": "uncore",
                        "consumption": 0.0,
                        "timestamp": 1721775099.3102891
                    },
                    {
                        "name": "core",
                        "consumption": 28080604.0,
                        "timestamp": 1721775099.3100698
                    }
                ],
                "timestamp": 1721775099.3097417
            }
        ]
    },
    {
        "host": {
            "consumption": 25083742.0,
            "timestamp": 1721775099.3645566,
            "components": {
                "disks": [
                    {
                        "disk_type": "SSD",
                        "disk_mount_point": "/etc/hosts",
                        "disk_is_removable": false,
                        "disk_file_system": "ext4",
                        "disk_total_bytes": "33634926592",
                        "disk_available_bytes": "9861013504",
                        "disk_name": "/dev/nvme0n1p4"
                    }
                ]
            }
        },
        "consumers": [
            {
                "exe": "/",
                "cmdline": "runcinit",
                "pid": 468611,
                "resources_usage": null,
                "consumption": 554336.8,
                "timestamp": 1721775099.364519,
                "container": null
            },
            {
                "exe": "/usr/local/bin/scaphandre",
                "cmdline": "/usr/local/bin/scaphandrejson-s0--step-nano10000000-f/home/ce-p2-r-1/20/power.json",
                "pid": 468538,
                "resources_usage": null,
                "consumption": 277168.4,
                "timestamp": 1721775099.36448,
                "container": null
            },
            {
                "exe": "",
                "cmdline": "",
                "pid": 37,
                "resources_usage": null,
                "consumption": 0.0,
                "timestamp": 1721775099.3644497,
                "container": null
            },
            {
                "exe": "",
                "cmdline": "",
                "pid": 563,
                "resources_usage": null,
                "consumption": 0.0,
                "timestamp": 1721775099.3644507,
                "container": null
            },
            {
                "exe": "/usr/bin/bash",
                "cmdline": "bash",
                "pid": 274983,
                "resources_usage": null,
                "consumption": 0.0,
                "timestamp": 1721775099.3644512,
                "container": null
            },
            {
                "exe": "",
                "cmdline": "",
                "pid": 465617,
                "resources_usage": null,
                "consumption": 0.0,
                "timestamp": 1721775099.3644516,
                "container": null
            },
            {
                "exe": "",
                "cmdline": "",
                "pid": 122,
                "resources_usage": null,
                "consumption": 0.0,
                "timestamp": 1721775099.364452,
                "container": null
            },
            {
                "exe": "",
                "cmdline": "",
                "pid": 118,
                "resources_usage": null,
                "consumption": 0.0,
                "timestamp": 1721775099.3644521,
                "container": null
            },
            {
                "exe": "/usr/sbin/wpa_supplicant",
                "cmdline": "/sbin/wpa_supplicant-u-s-O/run/wpa_supplicant",
                "pid": 832,
                "resources_usage": null,
                "consumption": 0.0,
                "timestamp": 1721775099.3644528,
                "container": null
            },
            {
                "exe": "",
                "cmdline": "",
                "pid": 156,
                "resources_usage": null,
                "consumption": 0.0,
                "timestamp": 1721775099.3644536,
                "container": null
            }
        ],
        "sockets": [
            {
                "id": 0,
                "consumption": 18950826.0,
                "domains": [
                    {
                        "name": "uncore",
                        "consumption": 0.0,
                        "timestamp": 1721775099.3450787
                    },
                    {
                        "name": "core",
                        "consumption": 16772329.0,
                        "timestamp": 1721775099.344859
                    }
                ],
                "timestamp": 1721775099.3445253
            }
        ]
    },
    {
        "host": {
            "consumption": 17430164.0,
            "timestamp": 1721775099.3993878,
            "components": {
                "disks": [
                    {
                        "disk_type": "SSD",
                        "disk_mount_point": "/etc/hosts",
                        "disk_is_removable": false,
                        "disk_file_system": "ext4",
                        "disk_total_bytes": "33634926592",
                        "disk_available_bytes": "9861013504",
                        "disk_name": "/dev/nvme0n1p4"
                    }
                ]
            }
        },
        "consumers": [
            {
                "exe": "/",
                "cmdline": "runcinit",
                "pid": 468611,
                "resources_usage": null,
                "consumption": 385196.97,
                "timestamp": 1721775099.399351,
                "container": null
            },
            {
                "exe": "/usr/local/bin/scaphandre",
                "cmdline": "/usr/local/bin/scaphandrejson-s0--step-nano10000000-f/home/ce-p2-r-1/20/power.json",
                "pid": 468538,
                "resources_usage": null,
                "consumption": 192598.48,
                "timestamp": 1721775099.3993115,
                "container": null
            },
            {
                "exe": "",
                "cmdline": "",
                "pid": 37,
                "resources_usage": null,
                "consumption": 0.0,
                "timestamp": 1721775099.3992813,
                "container": null
            },
            {
                "exe": "",
                "cmdline": "",
                "pid": 563,
                "resources_usage": null,
                "consumption": 0.0,
                "timestamp": 1721775099.399282,
                "container": null
            },
            {
                "exe": "/usr/bin/bash",
                "cmdline": "bash",
                "pid": 274983,
                "resources_usage": null,
                "consumption": 0.0,
                "timestamp": 1721775099.399283,
                "container": null
            },
            {
                "exe": "",
                "cmdline": "",
                "pid": 465617,
                "resources_usage": null,
                "consumption": 0.0,
                "timestamp": 1721775099.3992832,
                "container": null
            },
            {
                "exe": "",
                "cmdline": "",
                "pid": 122,
                "resources_usage": null,
                "consumption": 0.0,
                "timestamp": 1721775099.3992836,
                "container": null
            },
            {
                "exe": "",
                "cmdline": "",
                "pid": 118,
                "resources_usage": null,
                "consumption": 0.0,
                "timestamp": 1721775099.399284,
                "container": null
            },
            {
                "exe": "/usr/sbin/wpa_supplicant",
                "cmdline": "/sbin/wpa_supplicant-u-s-O/run/wpa_supplicant",
                "pid": 832,
                "resources_usage": null,
                "consumption": 0.0,
                "timestamp": 1721775099.3992841,
                "container": null
            },
            {
                "exe": "",
                "cmdline": "",
                "pid": 156,
                "resources_usage": null,
                "consumption": 0.0,
                "timestamp": 1721775099.399285,
                "container": null
            }
        ],
        "sockets": [
            {
                "id": 0,
                "consumption": 22633928.0,
                "domains": [
                    {
                        "name": "uncore",
                        "consumption": 0.0,
                        "timestamp": 1721775099.3798392
                    },
                    {
                        "name": "core",
                        "consumption": 20511308.0,
                        "timestamp": 1721775099.379832
                    }
                ],
                "timestamp": 1721775099.3797243
            }
        ]
    },
    {
        "host": {
            "consumption": 19844292.0,
            "timestamp": 1721775099.434254,
            "components": {
                "disks": [
                    {
                        "disk_type": "SSD",
                        "disk_mount_point": "/etc/hosts",
                        "disk_is_removable": false,
                        "disk_file_system": "ext4",
                        "disk_total_bytes": "33634926592",
                        "disk_available_bytes": "9861009408",
                        "disk_name": "/dev/nvme0n1p4"
                    }
                ]
            }
        },
        "consumers": [
            {
                "exe": "/",
                "cmdline": "runcinit",
                "pid": 468611,
                "resources_usage": null,
                "consumption": 328910.94,
                "timestamp": 1721775099.434216,
                "container": null
            },
            {
                "exe": "/usr/local/bin/scaphandre",
                "cmdline": "/usr/local/bin/scaphandrejson-s0--step-nano10000000-f/home/ce-p2-r-1/20/power.json",
                "pid": 468538,
                "resources_usage": null,
                "consumption": 219273.95,
                "timestamp": 1721775099.4341772,
                "container": null
            },
            {
                "exe": "",
                "cmdline": "",
                "pid": 37,
                "resources_usage": null,
                "consumption": 0.0,
                "timestamp": 1721775099.434148,
                "container": null
            },
            {
                "exe": "",
                "cmdline": "",
                "pid": 563,
                "resources_usage": null,
                "consumption": 0.0,
                "timestamp": 1721775099.434149,
                "container": null
            },
            {
                "exe": "/usr/bin/bash",
                "cmdline": "bash",
                "pid": 274983,
                "resources_usage": null,
                "consumption": 0.0,
                "timestamp": 1721775099.4341495,
                "container": null
            },
            {
                "exe": "",
                "cmdline": "",
                "pid": 465617,
                "resources_usage": null,
                "consumption": 0.0,
                "timestamp": 1721775099.4341497,
                "container": null
            },
            {
                "exe": "",
                "cmdline": "",
                "pid": 122,
                "resources_usage": null,
                "consumption": 0.0,
                "timestamp": 1721775099.4341502,
                "container": null
            },
            {
                "exe": "",
                "cmdline": "",
                "pid": 118,
                "resources_usage": null,
                "consumption": 0.0,
                "timestamp": 1721775099.4341505,
                "container": null
            },
            {
                "exe": "/usr/sbin/wpa_supplicant",
                "cmdline": "/sbin/wpa_supplicant-u-s-O/run/wpa_supplicant",
                "pid": 832,
                "resources_usage": null,
                "consumption": 0.0,
                "timestamp": 1721775099.4341507,
                "container": null
            },
            {
                "exe": "",
                "cmdline": "",
                "pid": 156,
                "resources_usage": null,
                "consumption": 0.0,
                "timestamp": 1721775099.4341514,
                "container": null
            }
        ],
        "sockets": [
            {
                "id": 0,
                "consumption": 20923852.0,
                "domains": [
                    {
                        "name": "uncore",
                        "consumption": 0.0,
                        "timestamp": 1721775099.4147477
                    },
                    {
                        "name": "core",
                        "consumption": 18627736.0,
                        "timestamp": 1721775099.4147406
                    }
                ],
                "timestamp": 1721775099.414632
            }
        ]
    },
    {
        "host": {
            "consumption": 6695142.0,
            "timestamp": 1721775099.468896,
            "components": {
                "disks": [
                    {
                        "disk_type": "SSD",
                        "disk_mount_point": "/etc/hosts",
                        "disk_is_removable": false,
                        "disk_file_system": "ext4",
                        "disk_total_bytes": "33634926592",
                        "disk_available_bytes": "9861009408",
                        "disk_name": "/dev/nvme0n1p4"
                    }
                ]
            }
        },
        "consumers": [
            {
                "exe": "/",
                "cmdline": "runcinit",
                "pid": 468611,
                "resources_usage": null,
                "consumption": 122472.1,
                "timestamp": 1721775099.4686992,
                "container": null
            },
            {
                "exe": "/usr/local/bin/scaphandre",
                "cmdline": "/usr/local/bin/scaphandrejson-s0--step-nano10000000-f/home/ce-p2-r-1/20/power.json",
                "pid": 468538,
                "resources_usage": null,
                "consumption": 81648.07,
                "timestamp": 1721775099.4686582,
                "container": null
            },
            {
                "exe": "",
                "cmdline": "",
                "pid": 37,
                "resources_usage": null,
                "consumption": 0.0,
                "timestamp": 1721775099.468629,
                "container": null
            },
            {
                "exe": "",
                "cmdline": "",
                "pid": 563,
                "resources_usage": null,
                "consumption": 0.0,
                "timestamp": 1721775099.4686296,
                "container": null
            },
            {
                "exe": "/usr/bin/bash",
                "cmdline": "bash",
                "pid": 274983,
                "resources_usage": null,
                "consumption": 0.0,
                "timestamp": 1721775099.46863,
                "container": null
            },
            {
                "exe": "",
                "cmdline": "",
                "pid": 465617,
                "resources_usage": null,
                "consumption": 0.0,
                "timestamp": 1721775099.4686303,
                "container": null
            },
            {
                "exe": "",
                "cmdline": "",
                "pid": 122,
                "resources_usage": null,
                "consumption": 0.0,
                "timestamp": 1721775099.4686308,
                "container": null
            },
            {
                "exe": "",
                "cmdline": "",
                "pid": 118,
                "resources_usage": null,
                "consumption": 0.0,
                "timestamp": 1721775099.468631,
                "container": null
            },
            {
                "exe": "/usr/sbin/wpa_supplicant",
                "cmdline": "/sbin/wpa_supplicant-u-s-O/run/wpa_supplicant",
                "pid": 832,
                "resources_usage": null,
                "consumption": 0.0,
                "timestamp": 1721775099.4686313,
                "container": null
            },
            {
                "exe": "",
                "cmdline": "",
                "pid": 156,
                "resources_usage": null,
                "consumption": 0.0,
                "timestamp": 1721775099.4686317,
                "container": null
            }
        ],
        "sockets": [
            {
                "id": 0,
                "consumption": 11443167.0,
                "domains": [
                    {
                        "name": "uncore",
                        "consumption": 0.0,
                        "timestamp": 1721775099.449609
                    },
                    {
                        "name": "core",
                        "consumption": 9235420.0,
                        "timestamp": 1721775099.449602
                    }
                ],
                "timestamp": 1721775099.4494934
            }
        ]
    },
    {
        "host": {
            "consumption": 21199044.0,
            "timestamp": 1721775099.5036788,
            "components": {
                "disks": [
                    {
                        "disk_type": "SSD",
                        "disk_mount_point": "/etc/hosts",
                        "disk_is_removable": false,
                        "disk_file_system": "ext4",
                        "disk_total_bytes": "33634926592",
                        "disk_available_bytes": "9861005312",
                        "disk_name": "/dev/nvme0n1p4"
                    }
                ]
            }
        },
        "consumers": [
            {
                "exe": "/",
                "cmdline": "runcinit",
                "pid": 468611,
                "resources_usage": null,
                "consumption": 517049.84,
                "timestamp": 1721775099.5035727,
                "container": null
            },
            {
                "exe": "/usr/lib/systemd/systemd",
                "cmdline": "/sbin/init",
                "pid": 1,
                "resources_usage": null,
                "consumption": 129262.46,
                "timestamp": 1721775099.5035326,
                "container": null
            },
            {
                "exe": "/usr/local/bin/scaphandre",
                "cmdline": "/usr/local/bin/scaphandrejson-s0--step-nano10000000-f/home/ce-p2-r-1/20/power.json",
                "pid": 468538,
                "resources_usage": null,
                "consumption": 129262.46,
                "timestamp": 1721775099.5035336,
                "container": null
            },
            {
                "exe": "",
                "cmdline": "",
                "pid": 46,
                "resources_usage": null,
                "consumption": 129262.46,
                "timestamp": 1721775099.5035398,
                "container": null
            },
            {
                "exe": "",
                "cmdline": "",
                "pid": 37,
                "resources_usage": null,
                "consumption": 0.0,
                "timestamp": 1721775099.5035055,
                "container": null
            },
            {
                "exe": "",
                "cmdline": "",
                "pid": 563,
                "resources_usage": null,
                "consumption": 0.0,
                "timestamp": 1721775099.5035064,
                "container": null
            },
            {
                "exe": "/usr/bin/bash",
                "cmdline": "bash",
                "pid": 274983,
                "resources_usage": null,
                "consumption": 0.0,
                "timestamp": 1721775099.5035067,
                "container": null
            },
            {
                "exe": "",
                "cmdline": "",
                "pid": 465617,
                "resources_usage": null,
                "consumption": 0.0,
                "timestamp": 1721775099.5035071,
                "container": null
            },
            {
                "exe": "",
                "cmdline": "",
                "pid": 122,
                "resources_usage": null,
                "consumption": 0.0,
                "timestamp": 1721775099.5035076,
                "container": null
            },
            {
                "exe": "",
                "cmdline": "",
                "pid": 118,
                "resources_usage": null,
                "consumption": 0.0,
                "timestamp": 1721775099.5035079,
                "container": null
            }
        ],
        "sockets": [
            {
                "id": 0,
                "consumption": 18371088.0,
                "domains": [
                    {
                        "name": "uncore",
                        "consumption": 0.0,
                        "timestamp": 1721775099.4843748
                    },
                    {
                        "name": "core",
                        "consumption": 16197270.0,
                        "timestamp": 1721775099.4843638
                    }
                ],
                "timestamp": 1721775099.4842484
            }
        ]
    },
    {
        "host": {
            "consumption": 27223496.0,
            "timestamp": 1721775099.5381517,
            "components": {
                "disks": [
                    {
                        "disk_type": "SSD",
                        "disk_mount_point": "/etc/hosts",
                        "disk_is_removable": false,
                        "disk_file_system": "ext4",
                        "disk_total_bytes": "33634926592",
                        "disk_available_bytes": "9861005312",
                        "disk_name": "/dev/nvme0n1p4"
                    }
                ]
            }
        },
        "consumers": [
            {
                "exe": "/usr/local/bin/scaphandre",
                "cmdline": "/usr/local/bin/scaphandrejson-s0--step-nano10000000-f/home/ce-p2-r-1/20/power.json",
                "pid": 468538,
                "resources_usage": null,
                "consumption": 497990.75,
                "timestamp": 1721775099.537927,
                "container": null
            },
            {
                "exe": "/",
                "cmdline": "runcinit",
                "pid": 468611,
                "resources_usage": null,
                "consumption": 497990.75,
                "timestamp": 1721775099.5379665,
                "container": null
            },
            {
                "exe": "",
                "cmdline": "",
                "pid": 37,
                "resources_usage": null,
                "consumption": 0.0,
                "timestamp": 1721775099.537898,
                "container": null
            },
            {
                "exe": "",
                "cmdline": "",
                "pid": 563,
                "resources_usage": null,
                "consumption": 0.0,
                "timestamp": 1721775099.537899,
                "container": null
            },
            {
                "exe": "/usr/bin/bash",
                "cmdline": "bash",
                "pid": 274983,
                "resources_usage": null,
                "consumption": 0.0,
                "timestamp": 1721775099.5378993,
                "container": null
            },
            {
                "exe": "",
                "cmdline": "",
                "pid": 465617,
                "resources_usage": null,
                "consumption": 0.0,
                "timestamp": 1721775099.5379,
                "container": null
            },
            {
                "exe": "",
                "cmdline": "",
                "pid": 122,
                "resources_usage": null,
                "consumption": 0.0,
                "timestamp": 1721775099.5379002,
                "container": null
            },
            {
                "exe": "",
                "cmdline": "",
                "pid": 118,
                "resources_usage": null,
                "consumption": 0.0,
                "timestamp": 1721775099.5379004,
                "container": null
            },
            {
                "exe": "/usr/sbin/wpa_supplicant",
                "cmdline": "/sbin/wpa_supplicant-u-s-O/run/wpa_supplicant",
                "pid": 832,
                "resources_usage": null,
                "consumption": 0.0,
                "timestamp": 1721775099.5379007,
                "container": null
            },
            {
                "exe": "",
                "cmdline": "",
                "pid": 156,
                "resources_usage": null,
                "consumption": 0.0,
                "timestamp": 1721775099.5379012,
                "container": null
            }
        ],
        "sockets": [
            {
                "id": 0,
                "consumption": 23212022.0,
                "domains": [
                    {
                        "name": "uncore",
                        "consumption": 0.0,
                        "timestamp": 1721775099.5193233
                    },
                    {
                        "name": "core",
                        "consumption": 20918592.0,
                        "timestamp": 1721775099.519222
                    }
                ],
                "timestamp": 1721775099.519107
            }
        ]
    },
    {
        "host": {
            "consumption": 13579391.0,
            "timestamp": 1721775099.572909,
            "components": {
                "disks": [
                    {
                        "disk_type": "SSD",
                        "disk_mount_point": "/etc/hosts",
                        "disk_is_removable": false,
                        "disk_file_system": "ext4",
                        "disk_total_bytes": "33634926592",
                        "disk_available_bytes": "9861001216",
                        "disk_name": "/dev/nvme0n1p4"
                    }
                ]
            }
        },
        "consumers": [
            {
                "exe": "/",
                "cmdline": "runcinit",
                "pid": 468611,
                "resources_usage": null,
                "consumption": 331204.62,
                "timestamp": 1721775099.5727158,
                "container": null
            },
            {
                "exe": "/usr/local/bin/scaphandre",
                "cmdline": "/usr/local/bin/scaphandrejson-s0--step-nano10000000-f/home/ce-p2-r-1/20/power.json",
                "pid": 468538,
                "resources_usage": null,
                "consumption": 165602.31,
                "timestamp": 1721775099.5726771,
                "container": null
            },
            {
                "exe": "",
                "cmdline": "",
                "pid": 37,
                "resources_usage": null,
                "consumption": 0.0,
                "timestamp": 1721775099.5726483,
                "container": null
            },
            {
                "exe": "",
                "cmdline": "",
                "pid": 563,
                "resources_usage": null,
                "consumption": 0.0,
                "timestamp": 1721775099.5726492,
                "container": null
            },
            {
                "exe": "/usr/bin/bash",
                "cmdline": "bash",
                "pid": 274983,
                "resources_usage": null,
                "consumption": 0.0,
                "timestamp": 1721775099.5726497,
                "container": null
            },
            {
                "exe": "",
                "cmdline": "",
                "pid": 465617,
                "resources_usage": null,
                "consumption": 0.0,
                "timestamp": 1721775099.57265,
                "container": null
            },
            {
                "exe": "",
                "cmdline": "",
                "pid": 122,
                "resources_usage": null,
                "consumption": 0.0,
                "timestamp": 1721775099.5726502,
                "container": null
            },
            {
                "exe": "",
                "cmdline": "",
                "pid": 118,
                "resources_usage": null,
                "consumption": 0.0,
                "timestamp": 1721775099.5726507,
                "container": null
            },
            {
                "exe": "/usr/sbin/wpa_supplicant",
                "cmdline": "/sbin/wpa_supplicant-u-s-O/run/wpa_supplicant",
                "pid": 832,
                "resources_usage": null,
                "consumption": 0.0,
                "timestamp": 1721775099.572651,
                "container": null
            },
            {
                "exe": "",
                "cmdline": "",
                "pid": 156,
                "resources_usage": null,
                "consumption": 0.0,
                "timestamp": 1721775099.5726514,
                "container": null
            }
        ],
        "sockets": [
            {
                "id": 0,
                "consumption": 13636875.0,
                "domains": [
                    {
                        "name": "uncore",
                        "consumption": 0.0,
                        "timestamp": 1721775099.5542219
                    },
                    {
                        "name": "core",
                        "consumption": 11346465.0,
                        "timestamp": 1721775099.554004
                    }
                ],
                "timestamp": 1721775099.553727
            }
        ]
    },
    {
        "host": {
            "consumption": 13560465.0,
            "timestamp": 1721775099.6079895,
            "components": {
                "disks": [
                    {
                        "disk_type": "SSD",
                        "disk_mount_point": "/etc/hosts",
                        "disk_is_removable": false,
                        "disk_file_system": "ext4",
                        "disk_total_bytes": "33634926592",
                        "disk_available_bytes": "9861001216",
                        "disk_name": "/dev/nvme0n1p4"
                    }
                ]
            }
        },
        "consumers": [
            {
                "exe": "/",
                "cmdline": "runcinit",
                "pid": 468611,
                "resources_usage": null,
                "consumption": 248057.28,
                "timestamp": 1721775099.6078846,
                "container": null
            },
            {
                "exe": "/usr/local/bin/scaphandre",
                "cmdline": "/usr/local/bin/scaphandrejson-s0--step-nano10000000-f/home/ce-p2-r-1/20/power.json",
                "pid": 468538,
                "resources_usage": null,
                "consumption": 82685.76,
                "timestamp": 1721775099.607844,
                "container": null
            },
            {
                "exe": "",
                "cmdline": "",
                "pid": 37,
                "resources_usage": null,
                "consumption": 0.0,
                "timestamp": 1721775099.6078134,
                "container": null
            },
            {
                "exe": "",
                "cmdline": "",
                "pid": 563,
                "resources_usage": null,
                "consumption": 0.0,
                "timestamp": 1721775099.6078143,
                "container": null
            },
            {
                "exe": "/usr/bin/bash",
                "cmdline": "bash",
                "pid": 274983,
                "resources_usage": null,
                "consumption": 0.0,
                "timestamp": 1721775099.6078148,
                "container": null
            },
            {
                "exe": "",
                "cmdline": "",
                "pid": 465617,
                "resources_usage": null,
                "consumption": 0.0,
                "timestamp": 1721775099.6078153,
                "container": null
            },
            {
                "exe": "",
                "cmdline": "",
                "pid": 122,
                "resources_usage": null,
                "consumption": 0.0,
                "timestamp": 1721775099.6078157,
                "container": null
            },
            {
                "exe": "",
                "cmdline": "",
                "pid": 118,
                "resources_usage": null,
                "consumption": 0.0,
                "timestamp": 1721775099.6078162,
                "container": null
            },
            {
                "exe": "/usr/sbin/wpa_supplicant",
                "cmdline": "/sbin/wpa_supplicant-u-s-O/run/wpa_supplicant",
                "pid": 832,
                "resources_usage": null,
                "consumption": 0.0,
                "timestamp": 1721775099.6078165,
                "container": null
            },
            {
                "exe": "",
                "cmdline": "",
                "pid": 156,
                "resources_usage": null,
                "consumption": 0.0,
                "timestamp": 1721775099.6078172,
                "container": null
            }
        ],
        "sockets": [
            {
                "id": 0,
                "consumption": 17040428.0,
                "domains": [
                    {
                        "name": "uncore",
                        "consumption": 0.0,
                        "timestamp": 1721775099.5887
                    },
                    {
                        "name": "core",
                        "consumption": 14823156.0,
                        "timestamp": 1721775099.5885131
                    }
                ],
                "timestamp": 1721775099.5882123
            }
        ]
    },
    {
        "host": {
            "consumption": 14529065.0,
            "timestamp": 1721775099.643235,
            "components": {
                "disks": [
                    {
                        "disk_type": "SSD",
                        "disk_mount_point": "/etc/hosts",
                        "disk_is_removable": false,
                        "disk_file_system": "ext4",
                        "disk_total_bytes": "33634926592",
                        "disk_available_bytes": "9860997120",
                        "disk_name": "/dev/nvme0n1p4"
                    }
                ]
            }
        },
        "consumers": [
            {
                "exe": "/",
                "cmdline": "runcinit",
                "pid": 468611,
                "resources_usage": null,
                "consumption": 354367.4,
                "timestamp": 1721775099.6431293,
                "container": null
            },
            {
                "exe": "/usr/local/bin/scaphandre",
                "cmdline": "/usr/local/bin/scaphandrejson-s0--step-nano10000000-f/home/ce-p2-r-1/20/power.json",
                "pid": 468538,
                "resources_usage": null,
                "consumption": 177183.7,
                "timestamp": 1721775099.64309,
                "container": null
            },
            {
                "exe": "",
                "cmdline": "",
                "pid": 37,
                "resources_usage": null,
                "consumption": 0.0,
                "timestamp": 1721775099.6430607,
                "container": null
            },
            {
                "exe": "",
                "cmdline": "",
                "pid": 563,
                "resources_usage": null,
                "consumption": 0.0,
                "timestamp": 1721775099.6430616,
                "container": null
            },
            {
                "exe": "/usr/bin/bash",
                "cmdline": "bash",
                "pid": 274983,
                "resources_usage": null,
                "consumption": 0.0,
                "timestamp": 1721775099.643062,
                "container": null
            },
            {
                "exe": "",
                "cmdline": "",
                "pid": 465617,
                "resources_usage": null,
                "consumption": 0.0,
                "timestamp": 1721775099.6430626,
                "container": null
            },
            {
                "exe": "",
                "cmdline": "",
                "pid": 122,
                "resources_usage": null,
                "consumption": 0.0,
                "timestamp": 1721775099.6430628,
                "container": null
            },
            {
                "exe": "",
                "cmdline": "",
                "pid": 118,
                "resources_usage": null,
                "consumption": 0.0,
                "timestamp": 1721775099.643063,
                "container": null
            },
            {
                "exe": "/usr/sbin/wpa_supplicant",
                "cmdline": "/sbin/wpa_supplicant-u-s-O/run/wpa_supplicant",
                "pid": 832,
                "resources_usage": null,
                "consumption": 0.0,
                "timestamp": 1721775099.6430633,
                "container": null
            },
            {
                "exe": "",
                "cmdline": "",
                "pid": 156,
                "resources_usage": null,
                "consumption": 0.0,
                "timestamp": 1721775099.6430638,
                "container": null
            }
        ],
        "sockets": [
            {
                "id": 0,
                "consumption": 16013867.0,
                "domains": [
                    {
                        "name": "uncore",
                        "consumption": 0.0,
                        "timestamp": 1721775099.623722
                    },
                    {
                        "name": "core",
                        "consumption": 13736940.0,
                        "timestamp": 1721775099.6237116
                    }
                ],
                "timestamp": 1721775099.6235971
            }
        ]
    },
    {
        "host": {
            "consumption": 18796600.0,
            "timestamp": 1721775099.6782877,
            "components": {
                "disks": [
                    {
                        "disk_type": "SSD",
                        "disk_mount_point": "/etc/hosts",
                        "disk_is_removable": false,
                        "disk_file_system": "ext4",
                        "disk_total_bytes": "33634926592",
                        "disk_available_bytes": "9860997120",
                        "disk_name": "/dev/nvme0n1p4"
                    }
                ]
            }
        },
        "consumers": [
            {
                "exe": "/",
                "cmdline": "runcinit",
                "pid": 468611,
                "resources_usage": null,
                "consumption": 337663.47,
                "timestamp": 1721775099.6781874,
                "container": null
            },
            {
                "exe": "/usr/local/bin/scaphandre",
                "cmdline": "/usr/local/bin/scaphandrejson-s0--step-nano10000000-f/home/ce-p2-r-1/20/power.json",
                "pid": 468538,
                "resources_usage": null,
                "consumption": 225108.98,
                "timestamp": 1721775099.6781483,
                "container": null
            },
            {
                "exe": "",
                "cmdline": "",
                "pid": 37,
                "resources_usage": null,
                "consumption": 0.0,
                "timestamp": 1721775099.6781197,
                "container": null
            },
            {
                "exe": "",
                "cmdline": "",
                "pid": 563,
                "resources_usage": null,
                "consumption": 0.0,
                "timestamp": 1721775099.6781206,
                "container": null
            },
            {
                "exe": "/usr/bin/bash",
                "cmdline": "bash",
                "pid": 274983,
                "resources_usage": null,
                "consumption": 0.0,
                "timestamp": 1721775099.678121,
                "container": null
            },
            {
                "exe": "",
                "cmdline": "",
                "pid": 465617,
                "resources_usage": null,
                "consumption": 0.0,
                "timestamp": 1721775099.6781218,
                "container": null
            },
            {
                "exe": "",
                "cmdline": "",
                "pid": 122,
                "resources_usage": null,
                "consumption": 0.0,
                "timestamp": 1721775099.678122,
                "container": null
            },
            {
                "exe": "",
                "cmdline": "",
                "pid": 118,
                "resources_usage": null,
                "consumption": 0.0,
                "timestamp": 1721775099.6781223,
                "container": null
            },
            {
                "exe": "/usr/sbin/wpa_supplicant",
                "cmdline": "/sbin/wpa_supplicant-u-s-O/run/wpa_supplicant",
                "pid": 832,
                "resources_usage": null,
                "consumption": 0.0,
                "timestamp": 1721775099.6781225,
                "container": null
            },
            {
                "exe": "",
                "cmdline": "",
                "pid": 156,
                "resources_usage": null,
                "consumption": 0.0,
                "timestamp": 1721775099.678123,
                "container": null
            }
        ],
        "sockets": [
            {
                "id": 0,
                "consumption": 15471652.0,
                "domains": [
                    {
                        "name": "uncore",
                        "consumption": 0.0,
                        "timestamp": 1721775099.6588776
                    },
                    {
                        "name": "core",
                        "consumption": 13255347.0,
                        "timestamp": 1721775099.6588674
                    }
                ],
                "timestamp": 1721775099.6587467
            }
        ]
    },
    {
        "host": {
            "consumption": 16562578.0,
            "timestamp": 1721775099.7135985,
            "components": {
                "disks": [
                    {
                        "disk_type": "SSD",
                        "disk_mount_point": "/etc/hosts",
                        "disk_is_removable": false,
                        "disk_file_system": "ext4",
                        "disk_total_bytes": "33634926592",
                        "disk_available_bytes": "9860993024",
                        "disk_name": "/dev/nvme0n1p4"
                    }
                ]
            }
        },
        "consumers": [
            {
                "exe": "/",
                "cmdline": "runcinit",
                "pid": 468611,
                "resources_usage": null,
                "consumption": 396708.5,
                "timestamp": 1721775099.713499,
                "container": null
            },
            {
                "exe": "/usr/local/bin/scaphandre",
                "cmdline": "/usr/local/bin/scaphandrejson-s0--step-nano10000000-f/home/ce-p2-r-1/20/power.json",
                "pid": 468538,
                "resources_usage": null,
                "consumption": 198354.25,
                "timestamp": 1721775099.7134593,
                "container": null
            },
            {
                "exe": "",
                "cmdline": "",
                "pid": 37,
                "resources_usage": null,
                "consumption": 0.0,
                "timestamp": 1721775099.7134292,
                "container": null
            },
            {
                "exe": "",
                "cmdline": "",
                "pid": 563,
                "resources_usage": null,
                "consumption": 0.0,
                "timestamp": 1721775099.7134302,
                "container": null
            },
            {
                "exe": "/usr/bin/bash",
                "cmdline": "bash",
                "pid": 274983,
                "resources_usage": null,
                "consumption": 0.0,
                "timestamp": 1721775099.713431,
                "container": null
            },
            {
                "exe": "",
                "cmdline": "",
                "pid": 465617,
                "resources_usage": null,
                "consumption": 0.0,
                "timestamp": 1721775099.7134316,
                "container": null
            },
            {
                "exe": "",
                "cmdline": "",
                "pid": 122,
                "resources_usage": null,
                "consumption": 0.0,
                "timestamp": 1721775099.7134318,
                "container": null
            },
            {
                "exe": "",
                "cmdline": "",
                "pid": 118,
                "resources_usage": null,
                "consumption": 0.0,
                "timestamp": 1721775099.7134318,
                "container": null
            },
            {
                "exe": "/usr/sbin/wpa_supplicant",
                "cmdline": "/sbin/wpa_supplicant-u-s-O/run/wpa_supplicant",
                "pid": 832,
                "resources_usage": null,
                "consumption": 0.0,
                "timestamp": 1721775099.7134323,
                "container": null
            },
            {
                "exe": "",
                "cmdline": "",
                "pid": 156,
                "resources_usage": null,
                "consumption": 0.0,
                "timestamp": 1721775099.713433,
                "container": null
            }
        ],
        "sockets": [
            {
                "id": 0,
                "consumption": 16734867.0,
                "domains": [
                    {
                        "name": "uncore",
                        "consumption": 0.0,
                        "timestamp": 1721775099.6942358
                    },
                    {
                        "name": "core",
                        "consumption": 14453013.0,
                        "timestamp": 1721775099.6941547
                    }
                ],
                "timestamp": 1721775099.6938362
            }
        ]
    },
    {
        "host": {
            "consumption": 12823730.0,
            "timestamp": 1721775099.7489238,
            "components": {
                "disks": [
                    {
                        "disk_type": "SSD",
                        "disk_mount_point": "/etc/hosts",
                        "disk_is_removable": false,
                        "disk_file_system": "ext4",
                        "disk_total_bytes": "33634926592",
                        "disk_available_bytes": "9860993024",
                        "disk_name": "/dev/nvme0n1p4"
                    }
                ]
            }
        },
        "consumers": [
            {
                "exe": "/",
                "cmdline": "runcinit",
                "pid": 468611,
                "resources_usage": null,
                "consumption": 230366.4,
                "timestamp": 1721775099.748871,
                "container": null
            },
            {
                "exe": "/usr/local/bin/scaphandre",
                "cmdline": "/usr/local/bin/scaphandrejson-s0--step-nano10000000-f/home/ce-p2-r-1/20/power.json",
                "pid": 468538,
                "resources_usage": null,
                "consumption": 153577.62,
                "timestamp": 1721775099.748829,
                "container": null
            },
            {
                "exe": "/usr/sbin/NetworkManager",
                "cmdline": "/usr/sbin/NetworkManager--no-daemon",
                "pid": 810,
                "resources_usage": null,
                "consumption": 76788.81,
                "timestamp": 1721775099.7488074,
                "container": null
            },
            {
                "exe": "",
                "cmdline": "",
                "pid": 37,
                "resources_usage": null,
                "consumption": 0.0,
                "timestamp": 1721775099.7487967,
                "container": null
            },
            {
                "exe": "",
                "cmdline": "",
                "pid": 563,
                "resources_usage": null,
                "consumption": 0.0,
                "timestamp": 1721775099.748798,
                "container": null
            },
            {
                "exe": "/usr/bin/bash",
                "cmdline": "bash",
                "pid": 274983,
                "resources_usage": null,
                "consumption": 0.0,
                "timestamp": 1721775099.7487984,
                "container": null
            },
            {
                "exe": "",
                "cmdline": "",
                "pid": 465617,
                "resources_usage": null,
                "consumption": 0.0,
                "timestamp": 1721775099.7487988,
                "container": null
            },
            {
                "exe": "",
                "cmdline": "",
                "pid": 122,
                "resources_usage": null,
                "consumption": 0.0,
                "timestamp": 1721775099.7487993,
                "container": null
            },
            {
                "exe": "",
                "cmdline": "",
                "pid": 118,
                "resources_usage": null,
                "consumption": 0.0,
                "timestamp": 1721775099.7487996,
                "container": null
            },
            {
                "exe": "/usr/sbin/wpa_supplicant",
                "cmdline": "/sbin/wpa_supplicant-u-s-O/run/wpa_supplicant",
                "pid": 832,
                "resources_usage": null,
                "consumption": 0.0,
                "timestamp": 1721775099.7488,
                "container": null
            }
        ],
        "sockets": [
            {
                "id": 0,
                "consumption": 10314155.0,
                "domains": [
                    {
                        "name": "uncore",
                        "consumption": 0.0,
                        "timestamp": 1721775099.7298656
                    },
                    {
                        "name": "core",
                        "consumption": 8086219.0,
                        "timestamp": 1721775099.7296455
                    }
                ],
                "timestamp": 1721775099.7293773
            }
        ]
    },
    {
        "host": {
            "consumption": 25719038.0,
            "timestamp": 1721775099.7836192,
            "components": {
                "disks": [
                    {
                        "disk_type": "SSD",
                        "disk_mount_point": "/etc/hosts",
                        "disk_is_removable": false,
                        "disk_file_system": "ext4",
                        "disk_total_bytes": "33634926592",
                        "disk_available_bytes": "9860988928",
                        "disk_name": "/dev/nvme0n1p4"
                    }
                ]
            }
        },
        "consumers": [
            {
                "exe": "/",
                "cmdline": "runcinit",
                "pid": 468611,
                "resources_usage": null,
                "consumption": 616024.94,
                "timestamp": 1721775099.783519,
                "container": null
            },
            {
                "exe": "/usr/local/bin/scaphandre",
                "cmdline": "/usr/local/bin/scaphandrejson-s0--step-nano10000000-f/home/ce-p2-r-1/20/power.json",
                "pid": 468538,
                "resources_usage": null,
                "consumption": 462018.66,
                "timestamp": 1721775099.7834792,
                "container": null
            },
            {
                "exe": "",
                "cmdline": "",
                "pid": 37,
                "resources_usage": null,
                "consumption": 0.0,
                "timestamp": 1721775099.7834508,
                "container": null
            },
            {
                "exe": "",
                "cmdline": "",
                "pid": 563,
                "resources_usage": null,
                "consumption": 0.0,
                "timestamp": 1721775099.7834516,
                "container": null
            },
            {
                "exe": "/usr/bin/bash",
                "cmdline": "bash",
                "pid": 274983,
                "resources_usage": null,
                "consumption": 0.0,
                "timestamp": 1721775099.783452,
                "container": null
            },
            {
                "exe": "",
                "cmdline": "",
                "pid": 465617,
                "resources_usage": null,
                "consumption": 0.0,
                "timestamp": 1721775099.7834525,
                "container": null
            },
            {
                "exe": "",
                "cmdline": "",
                "pid": 122,
                "resources_usage": null,
                "consumption": 0.0,
                "timestamp": 1721775099.7834527,
                "container": null
            },
            {
                "exe": "",
                "cmdline": "",
                "pid": 118,
                "resources_usage": null,
                "consumption": 0.0,
                "timestamp": 1721775099.783453,
                "container": null
            },
            {
                "exe": "/usr/sbin/wpa_supplicant",
                "cmdline": "/sbin/wpa_supplicant-u-s-O/run/wpa_supplicant",
                "pid": 832,
                "resources_usage": null,
                "consumption": 0.0,
                "timestamp": 1721775099.7834532,
                "container": null
            },
            {
                "exe": "",
                "cmdline": "",
                "pid": 156,
                "resources_usage": null,
                "consumption": 0.0,
                "timestamp": 1721775099.783454,
                "container": null
            }
        ],
        "sockets": [
            {
                "id": 0,
                "consumption": 26125584.0,
                "domains": [
                    {
                        "name": "uncore",
                        "consumption": 0.0,
                        "timestamp": 1721775099.7650826
                    },
                    {
                        "name": "core",
                        "consumption": 23622600.0,
                        "timestamp": 1721775099.764862
                    }
                ],
                "timestamp": 1721775099.7645934
            }
        ]
    },
    {
        "host": {
            "consumption": 18929552.0,
            "timestamp": 1721775099.8177583,
            "components": {
                "disks": [
                    {
                        "disk_type": "SSD",
                        "disk_mount_point": "/etc/hosts",
                        "disk_is_removable": false,
                        "disk_file_system": "ext4",
                        "disk_total_bytes": "33634926592",
                        "disk_available_bytes": "9860988928",
                        "disk_name": "/dev/nvme0n1p4"
                    }
                ]
            }
        },
        "consumers": [
            {
                "exe": "/",
                "cmdline": "runcinit",
                "pid": 468611,
                "resources_usage": null,
                "consumption": 340051.84,
                "timestamp": 1721775099.8176599,
                "container": null
            },
            {
                "exe": "/usr/local/bin/scaphandre",
                "cmdline": "/usr/local/bin/scaphandrejson-s0--step-nano10000000-f/home/ce-p2-r-1/20/power.json",
                "pid": 468538,
                "resources_usage": null,
                "consumption": 113350.625,
                "timestamp": 1721775099.8176198,
                "container": null
            },
            {
                "exe": "",
                "cmdline": "",
                "pid": 37,
                "resources_usage": null,
                "consumption": 0.0,
                "timestamp": 1721775099.8175886,
                "container": null
            },
            {
                "exe": "",
                "cmdline": "",
                "pid": 563,
                "resources_usage": null,
                "consumption": 0.0,
                "timestamp": 1721775099.8175895,
                "container": null
            },
            {
                "exe": "/usr/bin/bash",
                "cmdline": "bash",
                "pid": 274983,
                "resources_usage": null,
                "consumption": 0.0,
                "timestamp": 1721775099.8175898,
                "container": null
            },
            {
                "exe": "",
                "cmdline": "",
                "pid": 465617,
                "resources_usage": null,
                "consumption": 0.0,
                "timestamp": 1721775099.8175902,
                "container": null
            },
            {
                "exe": "",
                "cmdline": "",
                "pid": 122,
                "resources_usage": null,
                "consumption": 0.0,
                "timestamp": 1721775099.8175907,
                "container": null
            },
            {
                "exe": "",
                "cmdline": "",
                "pid": 118,
                "resources_usage": null,
                "consumption": 0.0,
                "timestamp": 1721775099.817591,
                "container": null
            },
            {
                "exe": "/usr/sbin/wpa_supplicant",
                "cmdline": "/sbin/wpa_supplicant-u-s-O/run/wpa_supplicant",
                "pid": 832,
                "resources_usage": null,
                "consumption": 0.0,
                "timestamp": 1721775099.8175912,
                "container": null
            },
            {
                "exe": "",
                "cmdline": "",
                "pid": 156,
                "resources_usage": null,
                "consumption": 0.0,
                "timestamp": 1721775099.8175917,
                "container": null
            }
        ],
        "sockets": [
            {
                "id": 0,
                "consumption": 20320770.0,
                "domains": [
                    {
                        "name": "uncore",
                        "consumption": 0.0,
                        "timestamp": 1721775099.7991047
                    },
                    {
                        "name": "core",
                        "consumption": 17907950.0,
                        "timestamp": 1721775099.7990947
                    }
                ],
                "timestamp": 1721775099.7989783
            }
        ]
    },
    {
        "host": {
            "consumption": 18520122.0,
            "timestamp": 1721775099.85342,
            "components": {
                "disks": [
                    {
                        "disk_type": "SSD",
                        "disk_mount_point": "/etc/hosts",
                        "disk_is_removable": false,
                        "disk_file_system": "ext4",
                        "disk_total_bytes": "33634926592",
                        "disk_available_bytes": "9860984832",
                        "disk_name": "/dev/nvme0n1p4"
                    }
                ]
            }
        },
        "consumers": [
            {
                "exe": "/",
                "cmdline": "runcinit",
                "pid": 468611,
                "resources_usage": null,
                "consumption": 443595.78,
                "timestamp": 1721775099.8533192,
                "container": null
            },
            {
                "exe": "/usr/local/bin/scaphandre",
                "cmdline": "/usr/local/bin/scaphandrejson-s0--step-nano10000000-f/home/ce-p2-r-1/20/power.json",
                "pid": 468538,
                "resources_usage": null,
                "consumption": 221797.89,
                "timestamp": 1721775099.8532808,
                "container": null
            },
            {
                "exe": "",
                "cmdline": "",
                "pid": 37,
                "resources_usage": null,
                "consumption": 0.0,
                "timestamp": 1721775099.8532515,
                "container": null
            },
            {
                "exe": "",
                "cmdline": "",
                "pid": 563,
                "resources_usage": null,
                "consumption": 0.0,
                "timestamp": 1721775099.8532524,
                "container": null
            },
            {
                "exe": "/usr/bin/bash",
                "cmdline": "bash",
                "pid": 274983,
                "resources_usage": null,
                "consumption": 0.0,
                "timestamp": 1721775099.8532526,
                "container": null
            },
            {
                "exe": "",
                "cmdline": "",
                "pid": 465617,
                "resources_usage": null,
                "consumption": 0.0,
                "timestamp": 1721775099.8532536,
                "container": null
            },
            {
                "exe": "",
                "cmdline": "",
                "pid": 122,
                "resources_usage": null,
                "consumption": 0.0,
                "timestamp": 1721775099.8532538,
                "container": null
            },
            {
                "exe": "",
                "cmdline": "",
                "pid": 118,
                "resources_usage": null,
                "consumption": 0.0,
                "timestamp": 1721775099.8532543,
                "container": null
            },
            {
                "exe": "/usr/sbin/wpa_supplicant",
                "cmdline": "/sbin/wpa_supplicant-u-s-O/run/wpa_supplicant",
                "pid": 832,
                "resources_usage": null,
                "consumption": 0.0,
                "timestamp": 1721775099.8532546,
                "container": null
            },
            {
                "exe": "",
                "cmdline": "",
                "pid": 156,
                "resources_usage": null,
                "consumption": 0.0,
                "timestamp": 1721775099.8532553,
                "container": null
            }
        ],
        "sockets": [
            {
                "id": 0,
                "consumption": 15789724.0,
                "domains": [
                    {
                        "name": "uncore",
                        "consumption": 0.0,
                        "timestamp": 1721775099.8338513
                    },
                    {
                        "name": "core",
                        "consumption": 19010222.0,
                        "timestamp": 1721775099.8336315
                    }
                ],
                "timestamp": 1721775099.8333077
            }
        ]
    },
    {
        "host": {
            "consumption": 23111732.0,
            "timestamp": 1721775099.8893464,
            "components": {
                "disks": [
                    {
                        "disk_type": "SSD",
                        "disk_mount_point": "/etc/hosts",
                        "disk_is_removable": false,
                        "disk_file_system": "ext4",
                        "disk_total_bytes": "33634926592",
                        "disk_available_bytes": "9860984832",
                        "disk_name": "/dev/nvme0n1p4"
                    }
                ]
            }
        },
        "consumers": [
            {
                "exe": "/",
                "cmdline": "runcinit",
                "pid": 468611,
                "resources_usage": null,
                "consumption": 425369.3,
                "timestamp": 1721775099.8892233,
                "container": null
            },
            {
                "exe": "/usr/local/bin/scaphandre",
                "cmdline": "/usr/local/bin/scaphandrejson-s0--step-nano10000000-f/home/ce-p2-r-1/20/power.json",
                "pid": 468538,
                "resources_usage": null,
                "consumption": 283579.53,
                "timestamp": 1721775099.8891828,
                "container": null
            },
            {
                "exe": "",
                "cmdline": "",
                "pid": 37,
                "resources_usage": null,
                "consumption": 0.0,
                "timestamp": 1721775099.889153,
                "container": null
            },
            {
                "exe": "",
                "cmdline": "",
                "pid": 563,
                "resources_usage": null,
                "consumption": 0.0,
                "timestamp": 1721775099.889154,
                "container": null
            },
            {
                "exe": "/usr/bin/bash",
                "cmdline": "bash",
                "pid": 274983,
                "resources_usage": null,
                "consumption": 0.0,
                "timestamp": 1721775099.8891547,
                "container": null
            },
            {
                "exe": "",
                "cmdline": "",
                "pid": 465617,
                "resources_usage": null,
                "consumption": 0.0,
                "timestamp": 1721775099.8891551,
                "container": null
            },
            {
                "exe": "",
                "cmdline": "",
                "pid": 122,
                "resources_usage": null,
                "consumption": 0.0,
                "timestamp": 1721775099.8891554,
                "container": null
            },
            {
                "exe": "",
                "cmdline": "",
                "pid": 118,
                "resources_usage": null,
                "consumption": 0.0,
                "timestamp": 1721775099.8891556,
                "container": null
            },
            {
                "exe": "/usr/sbin/wpa_supplicant",
                "cmdline": "/sbin/wpa_supplicant-u-s-O/run/wpa_supplicant",
                "pid": 832,
                "resources_usage": null,
                "consumption": 0.0,
                "timestamp": 1721775099.8891559,
                "container": null
            },
            {
                "exe": "",
                "cmdline": "",
                "pid": 156,
                "resources_usage": null,
                "consumption": 0.0,
                "timestamp": 1721775099.8891568,
                "container": null
            }
        ],
        "sockets": [
            {
                "id": 0,
                "consumption": 25251464.0,
                "domains": [
                    {
                        "name": "uncore",
                        "consumption": 0.0,
                        "timestamp": 1721775099.8693745
                    },
                    {
                        "name": "core",
                        "consumption": 17622774.0,
                        "timestamp": 1721775099.8691974
                    }
                ],
                "timestamp": 1721775099.8689332
            }
        ]
    }
]