{
    "timestamp_analysis": {
        "mean": 0.03459252809223376,
        "std": 0.0007765299885019011,
        "min": 0.03350663185119629,
        "max": 0.03660440444946289,
        "median": 0.03437948226928711,
        "running_time": 0.6573705673217773
    },
    "host_energy_analysis": {
        "total": 13.937905290508628,
        "per_repetition": 4.6459684301695427e-07
    },
    "host_power_analysis": {
        "mean": 21.070076099999998,
        "std": 5.381815437104949,
        "min": 8.29545,
        "max": 30.724164,
        "median": 21.405863
    },
    "process_energy_analysis": {
        "total": 0.28446790534772515,
        "per_repetition": 9.482263511590838e-09
    }
}