{
    "timestamp_analysis": {
        "mean": 0.025225436777100527,
        "std": 0.0016188016486893394,
        "min": 0.021848440170288086,
        "max": 0.03349018096923828,
        "median": 0.024950265884399414,
        "running_time": 16.77511501312256
    },
    "host_energy_analysis": {
        "total": 317.8780261149959,
        "per_repetition": 6.357560522299918e-07
    },
    "host_power_analysis": {
        "mean": 18.94151554954955,
        "std": 5.65724945013833,
        "min": 4.819477,
        "max": 38.66494,
        "median": 19.046278
    },
    "process_energy_analysis": {
        "total": 4.848448516539456,
        "per_repetition": 9.696897033078912e-09
    }
}