{
    "host_energy_total": {
        "0": 425.15287486863065,
        "1": {
            "value": 98.16063266912872,
            "difference": -326.9922421995019,
            "change_perc": 76.91,
            "mannwhitneyu": {
                "stat": 900.0,
                "p": 3.019859359162157e-11
            },
            "r": 0.8588975014708022
        }
    },
    "host_energy_per_repetition": {
        "0": 1.4171762495621022e-05,
        "1": {
            "value": 3.2720210889709564e-06,
            "difference": -1.0899741406650066e-05,
            "change_perc": 76.91,
            "mannwhitneyu": {
                "stat": 900.0,
                "p": 3.019859359162157e-11
            },
            "r": 0.8588975014708022
        }
    },
    "process_energy_total": {
        "0": 9.293087937174827,
        "1": {
            "value": 2.211655109173067,
            "difference": -7.081432828001759,
            "change_perc": 76.2,
            "ttest": {
                "stat": 210.75129661077185,
                "p": 7.373267790565895e-85
            },
            "cohen_d": 54.41575079767594
        }
    },
    "process_energy_per_repetition": {
        "0": 3.0976959790582764e-07,
        "1": {
            "value": 7.372183697243557e-08,
            "difference": -2.3604776093339206e-07,
            "change_perc": 76.2,
            "ttest": {
                "stat": 210.75129661077185,
                "p": 7.373267790565893e-85
            },
            "cohen_d": 54.41575079767593
        }
    },
    "timestamp_running_time": {
        "0": 21.593688877423606,
        "1": {
            "value": 5.248469090461731,
            "difference": -16.345219786961877,
            "change_perc": 75.69,
            "mannwhitneyu": {
                "stat": 900.0,
                "p": 3.019859359162157e-11
            },
            "r": 0.8588975014708022
        }
    },
    "host_power_mean": {
        "0": 19.699827862464545,
        "1": {
            "value": 18.737328108640646,
            "difference": -0.9624997538238986,
            "change_perc": 4.89,
            "mannwhitneyu": {
                "stat": 791.0,
                "p": 4.801068993625725e-07
            },
            "r": 0.6508534400034303
        }
    }
}