{
    "timestamp_analysis": {
        "mean": 0.035446002266623755,
        "std": 0.0021628899970033534,
        "min": 0.03208780288696289,
        "max": 0.04495644569396973,
        "median": 0.03503918647766113,
        "running_time": 5.848711013793945
    },
    "host_energy_analysis": {
        "total": 109.37488864434218,
        "per_repetition": 3.6458296214780727e-06
    },
    "host_power_analysis": {
        "mean": 18.681982975903615,
        "std": 5.146948072291189,
        "min": 5.28415,
        "max": 29.939964,
        "median": 18.573701999999997
    },
    "process_energy_analysis": {
        "total": 2.3605987842006924,
        "per_repetition": 7.868662614002308e-08
    }
}