{
    "timestamp_analysis": {
        "mean": 0.03556621347674887,
        "std": 0.0020620881101606637,
        "min": 0.03253173828125,
        "max": 0.0436558723449707,
        "median": 0.03508615493774414,
        "running_time": 9.318471670150757
    },
    "host_energy_analysis": {
        "total": 164.93823396027722,
        "per_repetition": 0.0016493823396027721
    },
    "host_power_analysis": {
        "mean": 17.723415923954374,
        "std": 5.118437643738713,
        "min": 6.515211,
        "max": 37.951524,
        "median": 17.590672
    },
    "process_energy_analysis": {
        "total": 3.474828366558249,
        "per_repetition": 3.474828366558249e-05
    }
}