{
    "timestamp_analysis": {
        "mean": 0.03490874227487816,
        "std": 0.0017066117554721723,
        "min": 0.031560659408569336,
        "max": 0.04336142539978027,
        "median": 0.03466928005218506,
        "running_time": 7.4007790088653564
    },
    "host_energy_analysis": {
        "total": 136.84990003060398,
        "per_repetition": 0.00027369980006120795
    },
    "host_power_analysis": {
        "mean": 18.56678461032864,
        "std": 5.548475073853855,
        "min": 7.205012,
        "max": 39.31696,
        "median": 17.96502
    },
    "process_energy_analysis": {
        "total": 2.961721844842778,
        "per_repetition": 5.923443689685556e-06
    }
}