{
    "timestamp_analysis": {
        "mean": 0.02497398256351083,
        "std": 0.0016195435616417533,
        "min": 0.021050453186035156,
        "max": 0.0328519344329834,
        "median": 0.0246429443359375,
        "running_time": 16.458019733428955
    },
    "host_energy_analysis": {
        "total": 315.63651174418186,
        "per_repetition": 6.312730234883637e-07
    },
    "host_power_analysis": {
        "mean": 19.191472462121215,
        "std": 5.785808276321736,
        "min": 6.099115,
        "max": 38.517824,
        "median": 18.952593
    },
    "process_energy_analysis": {
        "total": 4.727114228305562,
        "per_repetition": 9.454228456611124e-09
    }
}