{
    "timestamp_analysis": {
        "mean": 0.03493894708567652,
        "std": 0.0015564303144048057,
        "min": 0.03246641159057617,
        "max": 0.04216647148132324,
        "median": 0.034847259521484375,
        "running_time": 5.06641149520874
    },
    "host_energy_analysis": {
        "total": 93.72915819401967,
        "per_repetition": 3.124305273133989e-06
    },
    "host_power_analysis": {
        "mean": 18.543913328767122,
        "std": 5.144192409608731,
        "min": 8.169257,
        "max": 37.8495,
        "median": 17.911566
    },
    "process_energy_analysis": {
        "total": 2.060900405512049,
        "per_repetition": 6.869668018373497e-08
    }
}