{
    "timestamp_analysis": {
        "mean": 0.025498834604283264,
        "std": 0.0016753994024017009,
        "min": 0.021926403045654297,
        "max": 0.03319191932678223,
        "median": 0.02506256103515625,
        "running_time": 17.05886220932007
    },
    "host_energy_analysis": {
        "total": 306.56713130288364,
        "per_repetition": 6.131342626057672e-07
    },
    "host_power_analysis": {
        "mean": 17.992059974626866,
        "std": 5.757256476578729,
        "min": 4.447422,
        "max": 39.35195,
        "median": 17.612518
    },
    "process_energy_analysis": {
        "total": 4.705314706307814,
        "per_repetition": 9.410629412615628e-09
    }
}