{
    "timestamp_analysis": {
        "mean": 0.03695695655686515,
        "std": 0.0030278622734831633,
        "min": 0.03237628936767578,
        "max": 0.0469970703125,
        "median": 0.03597676753997803,
        "running_time": 10.348133087158203
    },
    "host_energy_analysis": {
        "total": 253.82104253373967,
        "per_repetition": 0.0008460701417791323
    },
    "host_power_analysis": {
        "mean": 24.393318911032026,
        "std": 6.978940751137047,
        "min": 7.404174,
        "max": 45.039804,
        "median": 23.799688
    },
    "process_energy_analysis": {
        "total": 9.345466148161005,
        "per_repetition": 3.115155382720335e-05
    }
}