{
    "timestamp_analysis": {
        "mean": 0.03705806682334129,
        "std": 0.005397648761997508,
        "min": 0.03185129165649414,
        "max": 0.09486770629882812,
        "median": 0.035782814025878906,
        "running_time": 10.635810613632202
    },
    "host_energy_analysis": {
        "total": 261.6520632333009,
        "per_repetition": 0.0008721735441110031
    },
    "host_power_analysis": {
        "mean": 24.43710313888889,
        "std": 6.980670143537361,
        "min": 7.934167,
        "max": 44.94804,
        "median": 23.923083
    },
    "process_energy_analysis": {
        "total": 9.893324686725395,
        "per_repetition": 3.297774895575131e-05
    }
}