{
    "timestamp_analysis": {
        "mean": 0.025228115916252136,
        "std": 0.002506856725175011,
        "min": 0.02150893211364746,
        "max": 0.07224059104919434,
        "median": 0.02479410171508789,
        "running_time": 16.146116495132446
    },
    "host_energy_analysis": {
        "total": 278.2966139509411,
        "per_repetition": 5.565932279018822e-09
    },
    "host_power_analysis": {
        "mean": 17.258413393135726,
        "std": 5.134523134492796,
        "min": 4.250314,
        "max": 34.430444,
        "median": 17.24079
    },
    "process_energy_analysis": {
        "total": 4.203060051437978,
        "per_repetition": 8.406120102875956e-11
    }
}