{
    "timestamp_analysis": {
        "mean": 0.02527271056997365,
        "std": 0.00177628887919673,
        "min": 0.021367311477661133,
        "max": 0.03574252128601074,
        "median": 0.02493000030517578,
        "running_time": 16.12411665916443
    },
    "host_energy_analysis": {
        "total": 278.94236573987854,
        "per_repetition": 5.5788473147975705e-09
    },
    "host_power_analysis": {
        "mean": 17.30068621909233,
        "std": 5.354124533067455,
        "min": 4.634444,
        "max": 32.653704,
        "median": 17.03409
    },
    "process_energy_analysis": {
        "total": 4.228006738549556,
        "per_repetition": 8.456013477099113e-11
    }
}