{
    "timestamp_analysis": {
        "mean": 0.03701471023156609,
        "std": 0.003412776563456286,
        "min": 0.03235006332397461,
        "max": 0.053557395935058594,
        "median": 0.03578317165374756,
        "running_time": 10.512359619140625
    },
    "host_energy_analysis": {
        "total": 257.0486212319715,
        "per_repetition": 0.000856828737439905
    },
    "host_power_analysis": {
        "mean": 24.306750428070178,
        "std": 6.874846370625885,
        "min": 7.677777,
        "max": 56.618984,
        "median": 23.561928
    },
    "process_energy_analysis": {
        "total": 9.904087544435022,
        "per_repetition": 3.301362514811674e-05
    }
}