{
    "timestamp_analysis": {
        "mean": 0.03687368938505852,
        "std": 0.002754548835006422,
        "min": 0.0321044921875,
        "max": 0.0841984748840332,
        "median": 0.036072611808776855,
        "running_time": 390.41875863075256
    },
    "host_energy_analysis": {
        "total": 7300.659538812265,
        "per_repetition": 0.01460131907762453
    },
    "host_power_analysis": {
        "mean": 18.719780594484842,
        "std": 4.7311350178283,
        "min": 5.246134,
        "max": 44.841772,
        "median": 18.488872
    },
    "process_energy_analysis": {
        "total": 159.4725893989984,
        "per_repetition": 0.0003189451787979968
    }
}