{
    "timestamp_analysis": {
        "mean": 0.034352929968582954,
        "std": 0.0012637617152234405,
        "min": 0.03187894821166992,
        "max": 0.0384526252746582,
        "median": 0.034256696701049805,
        "running_time": 0.6528713703155518
    },
    "host_energy_analysis": {
        "total": 13.865829064761403,
        "per_repetition": 4.6219430215871346e-07
    },
    "host_power_analysis": {
        "mean": 21.1976809,
        "std": 4.640907548013052,
        "min": 11.920996,
        "max": 29.506052,
        "median": 21.444267
    },
    "process_energy_analysis": {
        "total": 0.28722790307195184,
        "per_repetition": 9.574263435731727e-09
    }
}