{
    "timestamp_analysis": {
        "mean": 0.03509666246660589,
        "std": 0.0018326739004587802,
        "min": 0.03214550018310547,
        "max": 0.04353499412536621,
        "median": 0.03461766242980957,
        "running_time": 7.3354408740997314
    },
    "host_energy_analysis": {
        "total": 142.2241287157705,
        "per_repetition": 0.000284448257431541
    },
    "host_power_analysis": {
        "mean": 19.37956900952381,
        "std": 5.180574902740394,
        "min": 6.11654,
        "max": 32.830476,
        "median": 19.275523
    },
    "process_energy_analysis": {
        "total": 3.0466967835000287,
        "per_repetition": 6.093393567000058e-06
    }
}