{
    "timestamp_analysis": {
        "mean": 0.025632676211270418,
        "std": 0.012421518389347424,
        "min": 0.021493911743164062,
        "max": 0.3408806324005127,
        "median": 0.02467668056488037,
        "running_time": 16.91768980026245
    },
    "host_energy_analysis": {
        "total": 302.8442849577501,
        "per_repetition": 6.056885699155002e-07
    },
    "host_power_analysis": {
        "mean": 17.967577523449318,
        "std": 5.334281572549555,
        "min": 4.868421,
        "max": 32.211252,
        "median": 17.891754
    },
    "process_energy_analysis": {
        "total": 4.765342761708457,
        "per_repetition": 9.530685523416914e-09
    }
}