{
    "timestamp_analysis": {
        "mean": 0.02507606104502692,
        "std": 0.0015515014906678855,
        "min": 0.022293806076049805,
        "max": 0.03290677070617676,
        "median": 0.024697065353393555,
        "running_time": 8.45080041885376
    },
    "host_energy_analysis": {
        "total": 157.41234930626848,
        "per_repetition": 3.1482469861253696e-07
    },
    "host_power_analysis": {
        "mean": 18.611770843195263,
        "std": 5.593789001946321,
        "min": 3.038098,
        "max": 35.625788,
        "median": 18.108477
    },
    "process_energy_analysis": {
        "total": 2.3779563378103776,
        "per_repetition": 4.755912675620756e-09
    }
}