{
    "timestamp_analysis": {
        "mean": 0.03566501610470514,
        "std": 0.0021146903681644397,
        "min": 0.03354001045227051,
        "max": 0.043940067291259766,
        "median": 0.03494381904602051,
        "running_time": 4.886272430419922
    },
    "host_energy_analysis": {
        "total": 99.87840945214987,
        "per_repetition": 3.3292803150716623e-06
    },
    "host_power_analysis": {
        "mean": 20.40249986956522,
        "std": 6.2698894863507055,
        "min": 7.213774,
        "max": 44.664024,
        "median": 20.75677
    },
    "process_energy_analysis": {
        "total": 2.4565697397041166,
        "per_repetition": 8.188565799013723e-08
    }
}