{
    "timestamp_analysis": {
        "mean": 0.034507202008926194,
        "std": 0.0015275738669937942,
        "min": 0.03123950958251953,
        "max": 0.04337882995605469,
        "median": 0.03415513038635254,
        "running_time": 31.608710765838623
    },
    "host_energy_analysis": {
        "total": 511.76452759198276,
        "per_repetition": 1.7058817586399425e-05
    },
    "host_power_analysis": {
        "mean": 16.205070324972738,
        "std": 4.391987126333156,
        "min": 4.301792,
        "max": 29.976548,
        "median": 16.087954
    },
    "process_energy_analysis": {
        "total": 10.673914978641537,
        "per_repetition": 3.557971659547179e-07
    }
}