{
    "timestamp_analysis": {
        "mean": 0.02545419735694999,
        "std": 0.00178095326281168,
        "min": 0.021944522857666016,
        "max": 0.0372776985168457,
        "median": 0.025097370147705078,
        "running_time": 15.34905195236206
    },
    "host_energy_analysis": {
        "total": 297.5839645470906,
        "per_repetition": 5.951679290941812e-07
    },
    "host_power_analysis": {
        "mean": 19.41095681125828,
        "std": 5.969633726947777,
        "min": 3.20584,
        "max": 39.175204,
        "median": 19.096883
    },
    "process_energy_analysis": {
        "total": 4.6035805544868245,
        "per_repetition": 9.207161108973648e-09
    }
}