{
    "timestamp_analysis": {
        "mean": 0.03603293214525495,
        "std": 0.0020656565050546634,
        "min": 0.032747507095336914,
        "max": 0.04255414009094238,
        "median": 0.03533935546875,
        "running_time": 1.5135934352874756
    },
    "host_energy_analysis": {
        "total": 26.89690768693483,
        "per_repetition": 5.3793815373869664e-05
    },
    "host_power_analysis": {
        "mean": 17.902997372093022,
        "std": 4.690701756172508,
        "min": 7.079424,
        "max": 27.23392,
        "median": 18.503246
    },
    "process_energy_analysis": {
        "total": 0.5779903752031397,
        "per_repetition": 1.1559807504062794e-06
    }
}