{
    "timestamp_analysis": {
        "mean": 0.025864862303697427,
        "std": 0.0016735296891822048,
        "min": 0.02239227294921875,
        "max": 0.035173654556274414,
        "median": 0.025525808334350586,
        "running_time": 6.7767157554626465
    },
    "host_energy_analysis": {
        "total": 115.4962232624786,
        "per_repetition": 1.1549622326247859e-07
    },
    "host_power_analysis": {
        "mean": 17.034602999999997,
        "std": 5.332239765574013,
        "min": 5.481706,
        "max": 31.74003,
        "median": 16.990996
    },
    "process_energy_analysis": {
        "total": 1.797380632921922,
        "per_repetition": 1.797380632921922e-09
    }
}