{
    "timestamp_analysis": {
        "mean": 0.02486232499780472,
        "std": 0.0016036553177188773,
        "min": 0.02205348014831543,
        "max": 0.03369784355163574,
        "median": 0.024541139602661133,
        "running_time": 16.83196783065796
    },
    "host_energy_analysis": {
        "total": 314.70036473247524,
        "per_repetition": 6.294007294649504e-07
    },
    "host_power_analysis": {
        "mean": 18.699775846607672,
        "std": 5.551063872437972,
        "min": 2.944471,
        "max": 37.797668,
        "median": 18.639235999999997
    },
    "process_energy_analysis": {
        "total": 4.683804683140262,
        "per_repetition": 9.367609366280524e-09
    }
}