{
    "timestamp_analysis": {
        "mean": 0.03665794548413432,
        "std": 0.0030017523536426285,
        "min": 0.03258180618286133,
        "max": 0.051581621170043945,
        "median": 0.03570139408111572,
        "running_time": 10.337672233581543
    },
    "host_energy_analysis": {
        "total": 265.6182526971784,
        "per_repetition": 0.0008853941756572613
    },
    "host_power_analysis": {
        "mean": 25.57541765017668,
        "std": 7.32781374540509,
        "min": 7.408264,
        "max": 44.013092,
        "median": 25.745572
    },
    "process_energy_analysis": {
        "total": 10.65883165639265,
        "per_repetition": 3.5529438854642166e-05
    }
}