{
    "timestamp_analysis": {
        "mean": 0.03666386730879186,
        "std": 0.002720406395642692,
        "min": 0.032073974609375,
        "max": 0.0911855697631836,
        "median": 0.03588581085205078,
        "running_time": 389.51726841926575
    },
    "host_energy_analysis": {
        "total": 7304.899458364418,
        "per_repetition": 0.014609798916728835
    },
    "host_power_analysis": {
        "mean": 18.771684180141175,
        "std": 4.744267983895224,
        "min": 5.384705,
        "max": 37.58156,
        "median": 18.508664
    },
    "process_energy_analysis": {
        "total": 159.3952346241964,
        "per_repetition": 0.0003187904692483928
    }
}