{
    "timestamp_analysis": {
        "mean": 0.02520400191110278,
        "std": 0.001926706052826348,
        "min": 0.021871328353881836,
        "max": 0.035205841064453125,
        "median": 0.024584174156188965,
        "running_time": 9.527233362197876
    },
    "host_energy_analysis": {
        "total": 169.7185814839592,
        "per_repetition": 3.394371629679184e-07
    },
    "host_power_analysis": {
        "mean": 17.859900440633243,
        "std": 5.899476418704252,
        "min": 4.093732,
        "max": 38.028596,
        "median": 17.548134
    },
    "process_energy_analysis": {
        "total": 2.5550044096416276,
        "per_repetition": 5.110008819283255e-09
    }
}