{
    "timestamp_analysis": {
        "mean": 0.036553916596529776,
        "std": 0.0031300563909858257,
        "min": 0.03138589859008789,
        "max": 0.05217385292053223,
        "median": 0.03544807434082031,
        "running_time": 10.418104887008667
    },
    "host_energy_analysis": {
        "total": 261.12798269183315,
        "per_repetition": 0.0008704266089727771
    },
    "host_power_analysis": {
        "mean": 24.982737391608392,
        "std": 6.4028705019546175,
        "min": 9.883406,
        "max": 45.45292,
        "median": 24.863255000000002
    },
    "process_energy_analysis": {
        "total": 9.781764512786868,
        "per_repetition": 3.260588170928956e-05
    }
}