{
    "host_energy_total": {
        "0": 551.6428278878833,
        "1": {
            "value": 228.00689273878186,
            "difference": -323.63593514910144,
            "change_perc": 58.67,
            "mannwhitneyu": {
                "stat": 900.0,
                "p": 3.0198593591621564e-11
            },
            "effect_size": -1.0
        }
    },
    "host_energy_per_repetition": {
        "0": 1.8388094262929443e-05,
        "1": {
            "value": 7.600229757959395e-06,
            "difference": -1.0787864504970049e-05,
            "change_perc": 58.67,
            "mannwhitneyu": {
                "stat": 900.0,
                "p": 3.0198593591621564e-11
            },
            "effect_size": -1.0
        }
    },
    "process_energy_total": {
        "0": 11.450771085147716,
        "1": {
            "value": 4.739475782513759,
            "difference": -6.711295302633957,
            "change_perc": 58.61,
            "ttest": {
                "stat": 61.92721365784522,
                "p": 5.250781333586156e-41
            },
            "cohen_d": 15.989537811590871
        }
    },
    "process_energy_per_repetition": {
        "0": 3.8169236950492385e-07,
        "1": {
            "value": 1.5798252608379193e-07,
            "difference": -2.237098434211319e-07,
            "change_perc": 58.61,
            "ttest": {
                "stat": 61.92721365784523,
                "p": 5.25078133358593e-41
            },
            "cohen_d": 15.989537811590875
        }
    },
    "timestamp_running_time": {
        "0": 30.346398599942525,
        "1": {
            "value": 12.42914703687032,
            "difference": -17.917251563072206,
            "change_perc": 59.04,
            "mannwhitneyu": {
                "stat": 900.0,
                "p": 3.0198593591621564e-11
            },
            "effect_size": -1.0
        }
    },
    "host_power_mean": {
        "0": 18.211327660769737,
        "1": {
            "value": 18.372138241966475,
            "difference": 0.1608105811967384,
            "change_perc": -0.88,
            "mannwhitneyu": {
                "stat": 413.0,
                "p": 0.5894511694056184
            },
            "effect_size": 0.0822222222222222
        }
    }
}