{
    "timestamp_analysis": {
        "mean": 0.026031297973439664,
        "std": 0.0015557086529603395,
        "min": 0.022986173629760742,
        "max": 0.03292727470397949,
        "median": 0.025763750076293945,
        "running_time": 8.226022720336914
    },
    "host_energy_analysis": {
        "total": 160.04022332517945,
        "per_repetition": 1.6004022332517947e-05
    },
    "host_power_analysis": {
        "mean": 19.481256880126182,
        "std": 6.170836729801536,
        "min": 6.155753,
        "max": 36.151824,
        "median": 19.240212
    },
    "process_energy_analysis": {
        "total": 2.5121502793921593,
        "per_repetition": 2.512150279392159e-07
    }
}