{
    "timestamp_analysis": {
        "mean": 0.025325693717369667,
        "std": 0.010279620971073534,
        "min": 0.02129673957824707,
        "max": 0.2839243412017822,
        "median": 0.024647235870361328,
        "running_time": 16.461827754974365
    },
    "host_energy_analysis": {
        "total": 307.9993424884467,
        "per_repetition": 6.159986849768934e-07
    },
    "host_power_analysis": {
        "mean": 18.742707,
        "std": 5.803712440456657,
        "min": 3.385603,
        "max": 38.063636,
        "median": 18.554024
    },
    "process_energy_analysis": {
        "total": 4.715232170079167,
        "per_repetition": 9.430464340158335e-09
    }
}