{
    "timestamp_analysis": {
        "mean": 0.024892419253208842,
        "std": 0.0016533077635093021,
        "min": 0.02107405662536621,
        "max": 0.03372955322265625,
        "median": 0.024473905563354492,
        "running_time": 16.055768251419067
    },
    "host_energy_analysis": {
        "total": 275.57492628920033,
        "per_repetition": 5.511498525784007e-09
    },
    "host_power_analysis": {
        "mean": 17.18362977244582,
        "std": 5.444248715676876,
        "min": 3.624544,
        "max": 36.98697,
        "median": 16.798046
    },
    "process_energy_analysis": {
        "total": 4.09110348135498,
        "per_repetition": 8.18220696270996e-11
    }
}