{
    "timestamp_analysis": {
        "mean": 0.025217065173396797,
        "std": 0.0015639338888201004,
        "min": 0.02132248878479004,
        "max": 0.03407692909240723,
        "median": 0.024848222732543945,
        "running_time": 16.214739322662354
    },
    "host_energy_analysis": {
        "total": 280.15809682416125,
        "per_repetition": 5.603161936483225e-09
    },
    "host_power_analysis": {
        "mean": 17.27784101552795,
        "std": 5.315281294048012,
        "min": 4.624945,
        "max": 34.41594,
        "median": 16.974505
    },
    "process_energy_analysis": {
        "total": 4.2442375548208755,
        "per_repetition": 8.488475109641751e-11
    }
}