{
    "timestamp_analysis": {
        "mean": 0.03527389109974176,
        "std": 0.0018761763928881524,
        "min": 0.03221940994262695,
        "max": 0.045079946517944336,
        "median": 0.03477978706359863,
        "running_time": 7.513460874557495
    },
    "host_energy_analysis": {
        "total": 139.51141747869718,
        "per_repetition": 0.0002790228349573944
    },
    "host_power_analysis": {
        "mean": 18.580065943925234,
        "std": 5.197739021777338,
        "min": 8.006386,
        "max": 39.909484,
        "median": 18.004711999999998
    },
    "process_energy_analysis": {
        "total": 2.9577490112083975,
        "per_repetition": 5.915498022416795e-06
    }
}