{
    "timestamp_analysis": {
        "mean": 0.025403633350279273,
        "std": 0.001508908100877668,
        "min": 0.022709131240844727,
        "max": 0.03258323669433594,
        "median": 0.02505183219909668,
        "running_time": 9.374113082885742
    },
    "host_energy_analysis": {
        "total": 167.76027147405483,
        "per_repetition": 3.355205429481097e-07
    },
    "host_power_analysis": {
        "mean": 17.931016456756755,
        "std": 5.3138573142140615,
        "min": 6.683759,
        "max": 37.03679,
        "median": 17.550917
    },
    "process_energy_analysis": {
        "total": 2.558841705089279,
        "per_repetition": 5.117683410178558e-09
    }
}