{
    "timestamp_analysis": {
        "mean": 0.025223691334096035,
        "std": 0.0016661319894440995,
        "min": 0.02133798599243164,
        "max": 0.03310966491699219,
        "median": 0.024918317794799805,
        "running_time": 16.269402265548706
    },
    "host_energy_analysis": {
        "total": 281.6048273768664,
        "per_repetition": 5.632096547537328e-09
    },
    "host_power_analysis": {
        "mean": 17.331677969040246,
        "std": 5.296688369357709,
        "min": 4.824137,
        "max": 35.64524,
        "median": 17.440511
    },
    "process_energy_analysis": {
        "total": 4.286649023241572,
        "per_repetition": 8.573298046483144e-11
    }
}