{
    "timestamp_analysis": {
        "mean": 0.025462127295066053,
        "std": 0.0016690400630132776,
        "min": 0.02202773094177246,
        "max": 0.03370237350463867,
        "median": 0.025095224380493164,
        "running_time": 16.168575048446655
    },
    "host_energy_analysis": {
        "total": 278.5723990206685,
        "per_repetition": 5.57144798041337e-09
    },
    "host_power_analysis": {
        "mean": 17.24638915408805,
        "std": 5.184606137828237,
        "min": 4.995457,
        "max": 36.81786,
        "median": 16.952339000000002
    },
    "process_energy_analysis": {
        "total": 4.262081457581967,
        "per_repetition": 8.524162915163934e-11
    }
}