{
    "timestamp_analysis": {
        "mean": 0.02612543981009667,
        "std": 0.0016824466932663959,
        "min": 0.022647380828857422,
        "max": 0.0332489013671875,
        "median": 0.025855064392089844,
        "running_time": 11.390831470489502
    },
    "host_energy_analysis": {
        "total": 227.81592340390029,
        "per_repetition": 2.278159234039003e-05
    },
    "host_power_analysis": {
        "mean": 20.004432073226546,
        "std": 5.924018579685482,
        "min": 5.857259,
        "max": 39.976456,
        "median": 19.768198
    },
    "process_energy_analysis": {
        "total": 3.622280159206274,
        "per_repetition": 3.622280159206274e-07
    }
}