{
    "host_energy_total_shapiro": {
        "stat": 0.9742275569606053,
        "p": 0.6599856094881593
    },
    "host_energy_per_repetition_shapiro": {
        "stat": 0.9742275569606049,
        "p": 0.6599856094881513
    },
    "process_energy_total_shapiro": {
        "stat": 0.9490318731357332,
        "p": 0.15925142761962297
    },
    "process_energy_per_repetition_shapiro": {
        "stat": 0.9490318731357326,
        "p": 0.1592514276196172
    },
    "timestamp_running_time_shapiro": {
        "stat": 0.965069853851447,
        "p": 0.4143952623239447
    },
    "host_power_mean_shapiro": {
        "stat": 0.9656801424669013,
        "p": 0.4286519454521824
    }
}