{
    "host_energy_total_shapiro": {
        "stat": 0.9516899443212977,
        "p": 0.1875957414762245
    },
    "host_energy_per_repetition_shapiro": {
        "stat": 0.9516899443212974,
        "p": 0.18759574147622077
    },
    "process_energy_total_shapiro": {
        "stat": 0.9540425164879796,
        "p": 0.21664788810249913
    },
    "process_energy_per_repetition_shapiro": {
        "stat": 0.9540425164879793,
        "p": 0.21664788810249586
    },
    "timestamp_running_time_shapiro": {
        "stat": 0.9071901492236081,
        "p": 0.0126487816714001
    },
    "host_power_mean_shapiro": {
        "stat": 0.938724049116171,
        "p": 0.08404219987708145
    }
}