{
    "timestamp_analysis": {
        "mean": 0.034792830518555036,
        "std": 0.0014972301120077904,
        "min": 0.03182077407836914,
        "max": 0.04312396049499512,
        "median": 0.03452014923095703,
        "running_time": 12.28208589553833
    },
    "host_energy_analysis": {
        "total": 231.36036825757003,
        "per_repetition": 7.712012275252334e-06
    },
    "host_power_analysis": {
        "mean": 18.84615093220339,
        "std": 5.181873063759353,
        "min": 6.568475,
        "max": 33.26311,
        "median": 18.539913
    },
    "process_energy_analysis": {
        "total": 4.837675437774772,
        "per_repetition": 1.6125584792582572e-07
    }
}