{
    "timestamp_analysis": {
        "mean": 0.025701708556538787,
        "std": 0.0017118741508297555,
        "min": 0.022889375686645508,
        "max": 0.034023284912109375,
        "median": 0.025411367416381836,
        "running_time": 4.652141571044922
    },
    "host_energy_analysis": {
        "total": 84.12011449551905,
        "per_repetition": 8.412011449551904e-08
    },
    "host_power_analysis": {
        "mean": 18.065125087912087,
        "std": 5.133240892010138,
        "min": 4.742468,
        "max": 34.639296,
        "median": 18.271794
    },
    "process_energy_analysis": {
        "total": 1.3245592151924201,
        "per_repetition": 1.3245592151924201e-09
    }
}