{
    "timestamp_analysis": {
        "mean": 0.03466006265867741,
        "std": 0.0018946846945942818,
        "min": 0.03140068054199219,
        "max": 0.04188418388366699,
        "median": 0.03434407711029053,
        "running_time": 7.556045293807983
    },
    "host_energy_analysis": {
        "total": 141.0000945036794,
        "per_repetition": 0.00028200018900735883
    },
    "host_power_analysis": {
        "mean": 18.675829607305936,
        "std": 4.961841478515843,
        "min": 7.759364,
        "max": 34.524428,
        "median": 18.602352
    },
    "process_energy_analysis": {
        "total": 3.068310794344505,
        "per_repetition": 6.13662158868901e-06
    }
}