{
    "timestamp_analysis": {
        "mean": 0.02510888417561849,
        "std": 0.0015980836105722257,
        "min": 0.02214980125427246,
        "max": 0.032704830169677734,
        "median": 0.024718046188354492,
        "running_time": 9.416148662567139
    },
    "host_energy_analysis": {
        "total": 170.69067431068788,
        "per_repetition": 3.4138134862137577e-07
    },
    "host_power_analysis": {
        "mean": 18.13560916489362,
        "std": 5.78405737005736,
        "min": 3.683823,
        "max": 37.181356,
        "median": 18.133094
    },
    "process_energy_analysis": {
        "total": 2.5623615279866696,
        "per_repetition": 5.124723055973339e-09
    }
}