{
    "timestamp_analysis": {
        "mean": 0.03433369810639675,
        "std": 0.0016730033333538902,
        "min": 0.03135180473327637,
        "max": 0.0452728271484375,
        "median": 0.03397631645202637,
        "running_time": 12.600656032562256
    },
    "host_energy_analysis": {
        "total": 228.38161910406257,
        "per_repetition": 7.612720636802086e-06
    },
    "host_power_analysis": {
        "mean": 18.126610421195654,
        "std": 5.106318735973335,
        "min": 6.26912,
        "max": 34.47103,
        "median": 17.917772
    },
    "process_energy_analysis": {
        "total": 4.709510948148223,
        "per_repetition": 1.5698369827160743e-07
    }
}