{
    "timestamp_analysis": {
        "mean": 0.035184811276628036,
        "std": 0.015107041411825936,
        "min": 0.03082728385925293,
        "max": 0.27748584747314453,
        "median": 0.03372788429260254,
        "running_time": 9.253711938858032
    },
    "host_energy_analysis": {
        "total": 165.77686759329305,
        "per_repetition": 0.0016577686759329305
    },
    "host_power_analysis": {
        "mean": 17.880500647727274,
        "std": 4.900285591518811,
        "min": 7.196024,
        "max": 32.781,
        "median": 17.899108
    },
    "process_energy_analysis": {
        "total": 3.5817225563260555,
        "per_repetition": 3.5817225563260554e-05
    }
}