{
    "timestamp_analysis": {
        "mean": 0.03477555513381958,
        "std": 0.0009607440584015823,
        "min": 0.033301353454589844,
        "max": 0.037703752517700195,
        "median": 0.03482508659362793,
        "running_time": 0.8347806930541992
    },
    "host_energy_analysis": {
        "total": 16.62837671953499,
        "per_repetition": 0.005542792239844997
    },
    "host_power_analysis": {
        "mean": 19.971329519999998,
        "std": 6.025421978767324,
        "min": 11.542982,
        "max": 32.772876,
        "median": 19.8571
    },
    "process_energy_analysis": {
        "total": 0.33509520127145287,
        "per_repetition": 0.00011169840042381763
    }
}