{
    "timestamp_analysis": {
        "mean": 0.036699404107763414,
        "std": 0.003129382868963879,
        "min": 0.031881093978881836,
        "max": 0.05569887161254883,
        "median": 0.03564560413360596,
        "running_time": 10.34944748878479
    },
    "host_energy_analysis": {
        "total": 261.4008033446703,
        "per_repetition": 0.0008713360111489009
    },
    "host_power_analysis": {
        "mean": 25.15662661130742,
        "std": 7.331909716606562,
        "min": 5.586691,
        "max": 43.053636,
        "median": 24.590932
    },
    "process_energy_analysis": {
        "total": 9.883508303301928,
        "per_repetition": 3.294502767767309e-05
    }
}