{
    "timestamp_analysis": {
        "mean": 0.03697177767753601,
        "std": 0.0032028507869147163,
        "min": 0.031983137130737305,
        "max": 0.047707557678222656,
        "median": 0.03578495979309082,
        "running_time": 10.352280855178833
    },
    "host_energy_analysis": {
        "total": 256.0335005061674,
        "per_repetition": 0.0008534450016872247
    },
    "host_power_analysis": {
        "mean": 24.601990373665483,
        "std": 6.38209463105325,
        "min": 8.05639,
        "max": 41.926816,
        "median": 24.429794
    },
    "process_energy_analysis": {
        "total": 9.53764675286028,
        "per_repetition": 3.17921558428676e-05
    }
}