{
    "timestamp_analysis": {
        "mean": 0.03457361175900414,
        "std": 0.0013177631857813944,
        "min": 0.03271007537841797,
        "max": 0.039522647857666016,
        "median": 0.03439068794250488,
        "running_time": 0.7261772155761719
    },
    "host_energy_analysis": {
        "total": 12.578010174130082,
        "per_repetition": 4.1926700580433604e-07
    },
    "host_power_analysis": {
        "mean": 17.10807327272727,
        "std": 5.250656210574738,
        "min": 8.036479,
        "max": 25.168952,
        "median": 18.172
    },
    "process_energy_analysis": {
        "total": 0.250563171002295,
        "per_repetition": 8.352105700076501e-09
    }
}