[
    {
        "host": {
            "consumption": 8744418.0,
            "timestamp": 1721774967.6026237,
            "components": {
                "disks": [
                    {
                        "disk_type": "SSD",
                        "disk_mount_point": "/etc/hosts",
                        "disk_is_removable": false,
                        "disk_file_system": "ext4",
                        "disk_total_bytes": "33634926592",
                        "disk_available_bytes": "9871863808",
                        "disk_name": "/dev/nvme0n1p4"
                    }
                ]
            }
        },
        "consumers": [
            {
                "exe": "/usr/local/bin/scaphandre",
                "cmdline": "/usr/local/bin/scaphandrejson-s0--step-nano10000000-f/home/ce-p2-r-1/14/power.json",
                "pid": 463473,
                "resources_usage": null,
                "consumption": 197613.97,
                "timestamp": 1721774967.6025283,
                "container": null
            },
            {
                "exe": "/usr/sbin/NetworkManager",
                "cmdline": "/usr/sbin/NetworkManager--no-daemon",
                "pid": 810,
                "resources_usage": null,
                "consumption": 49403.492,
                "timestamp": 1721774967.60258,
                "container": null
            },
            {
                "exe": "/usr/sbin/ntpd",
                "cmdline": "/usr/sbin/ntpd-p/var/run/ntpd.pid-g-u115:121",
                "pid": 902,
                "resources_usage": null,
                "consumption": 0.0,
                "timestamp": 1721774967.6024923,
                "container": null
            },
            {
                "exe": "",
                "cmdline": "",
                "pid": 156,
                "resources_usage": null,
                "consumption": 0.0,
                "timestamp": 1721774967.602494,
                "container": null
            },
            {
                "exe": "",
                "cmdline": "",
                "pid": 38,
                "resources_usage": null,
                "consumption": 0.0,
                "timestamp": 1721774967.6024945,
                "container": null
            },
            {
                "exe": "",
                "cmdline": "",
                "pid": 15,
                "resources_usage": null,
                "consumption": 0.0,
                "timestamp": 1721774967.602495,
                "container": null
            },
            {
                "exe": "",
                "cmdline": "",
                "pid": 65,
                "resources_usage": null,
                "consumption": 0.0,
                "timestamp": 1721774967.6024952,
                "container": null
            },
            {
                "exe": "",
                "cmdline": "",
                "pid": 459643,
                "resources_usage": null,
                "consumption": 0.0,
                "timestamp": 1721774967.6024957,
                "container": null
            },
            {
                "exe": "",
                "cmdline": "",
                "pid": 2,
                "resources_usage": null,
                "consumption": 0.0,
                "timestamp": 1721774967.602496,
                "container": null
            },
            {
                "exe": "",
                "cmdline": "",
                "pid": 119,
                "resources_usage": null,
                "consumption": 0.0,
                "timestamp": 1721774967.6024961,
                "container": null
            }
        ],
        "sockets": [
            {
                "id": 0,
                "consumption": 9049458.0,
                "domains": [
                    {
                        "name": "uncore",
                        "consumption": 0.0,
                        "timestamp": 1721774967.5852835
                    },
                    {
                        "name": "core",
                        "consumption": 6503218.0,
                        "timestamp": 1721774967.5852683
                    }
                ],
                "timestamp": 1721774967.5851324
            }
        ]
    },
    {
        "host": {
            "consumption": 18034952.0,
            "timestamp": 1721774967.6368082,
            "components": {
                "disks": [
                    {
                        "disk_type": "SSD",
                        "disk_mount_point": "/etc/hosts",
                        "disk_is_removable": false,
                        "disk_file_system": "ext4",
                        "disk_total_bytes": "33634926592",
                        "disk_available_bytes": "9871867904",
                        "disk_name": "/dev/nvme0n1p4"
                    }
                ]
            }
        },
        "consumers": [
            {
                "exe": "/",
                "cmdline": "runcinit",
                "pid": 463607,
                "resources_usage": null,
                "consumption": 305677.16,
                "timestamp": 1721774967.6365106,
                "container": null
            },
            {
                "exe": "/usr/local/bin/scaphandre",
                "cmdline": "/usr/local/bin/scaphandrejson-s0--step-nano10000000-f/home/ce-p2-r-1/14/power.json",
                "pid": 463473,
                "resources_usage": null,
                "consumption": 203784.75,
                "timestamp": 1721774967.6365213,
                "container": null
            },
            {
                "exe": "/usr/sbin/ntpd",
                "cmdline": "/usr/sbin/ntpd-p/var/run/ntpd.pid-g-u115:121",
                "pid": 902,
                "resources_usage": null,
                "consumption": 0.0,
                "timestamp": 1721774967.6364903,
                "container": null
            },
            {
                "exe": "",
                "cmdline": "",
                "pid": 156,
                "resources_usage": null,
                "consumption": 0.0,
                "timestamp": 1721774967.6364918,
                "container": null
            },
            {
                "exe": "",
                "cmdline": "",
                "pid": 38,
                "resources_usage": null,
                "consumption": 0.0,
                "timestamp": 1721774967.636492,
                "container": null
            },
            {
                "exe": "",
                "cmdline": "",
                "pid": 15,
                "resources_usage": null,
                "consumption": 0.0,
                "timestamp": 1721774967.6364923,
                "container": null
            },
            {
                "exe": "",
                "cmdline": "",
                "pid": 65,
                "resources_usage": null,
                "consumption": 0.0,
                "timestamp": 1721774967.6364925,
                "container": null
            },
            {
                "exe": "",
                "cmdline": "",
                "pid": 459643,
                "resources_usage": null,
                "consumption": 0.0,
                "timestamp": 1721774967.6364927,
                "container": null
            },
            {
                "exe": "",
                "cmdline": "",
                "pid": 2,
                "resources_usage": null,
                "consumption": 0.0,
                "timestamp": 1721774967.636493,
                "container": null
            },
            {
                "exe": "",
                "cmdline": "",
                "pid": 119,
                "resources_usage": null,
                "consumption": 0.0,
                "timestamp": 1721774967.6364932,
                "container": null
            }
        ],
        "sockets": [
            {
                "id": 0,
                "consumption": 13381827.0,
                "domains": [
                    {
                        "name": "uncore",
                        "consumption": 0.0,
                        "timestamp": 1721774967.61949
                    },
                    {
                        "name": "core",
                        "consumption": 10217510.0,
                        "timestamp": 1721774967.619479
                    }
                ],
                "timestamp": 1721774967.6193538
            }
        ]
    },
    {
        "host": {
            "consumption": 17006166.0,
            "timestamp": 1721774967.6695182,
            "components": {
                "disks": [
                    {
                        "disk_type": "SSD",
                        "disk_mount_point": "/etc/hosts",
                        "disk_is_removable": false,
                        "disk_file_system": "ext4",
                        "disk_total_bytes": "33634926592",
                        "disk_available_bytes": "9871867904",
                        "disk_name": "/dev/nvme0n1p4"
                    }
                ]
            }
        },
        "consumers": [
            {
                "exe": "/",
                "cmdline": "runcinit",
                "pid": 463607,
                "resources_usage": null,
                "consumption": 288240.1,
                "timestamp": 1721774967.6692274,
                "container": null
            },
            {
                "exe": "/usr/local/bin/scaphandre",
                "cmdline": "/usr/local/bin/scaphandrejson-s0--step-nano10000000-f/home/ce-p2-r-1/14/power.json",
                "pid": 463473,
                "resources_usage": null,
                "consumption": 192160.06,
                "timestamp": 1721774967.669236,
                "container": null
            },
            {
                "exe": "/usr/sbin/ntpd",
                "cmdline": "/usr/sbin/ntpd-p/var/run/ntpd.pid-g-u115:121",
                "pid": 902,
                "resources_usage": null,
                "consumption": 0.0,
                "timestamp": 1721774967.6692052,
                "container": null
            },
            {
                "exe": "",
                "cmdline": "",
                "pid": 156,
                "resources_usage": null,
                "consumption": 0.0,
                "timestamp": 1721774967.6692066,
                "container": null
            },
            {
                "exe": "",
                "cmdline": "",
                "pid": 38,
                "resources_usage": null,
                "consumption": 0.0,
                "timestamp": 1721774967.6692069,
                "container": null
            },
            {
                "exe": "",
                "cmdline": "",
                "pid": 15,
                "resources_usage": null,
                "consumption": 0.0,
                "timestamp": 1721774967.6692073,
                "container": null
            },
            {
                "exe": "",
                "cmdline": "",
                "pid": 65,
                "resources_usage": null,
                "consumption": 0.0,
                "timestamp": 1721774967.6692076,
                "container": null
            },
            {
                "exe": "",
                "cmdline": "",
                "pid": 459643,
                "resources_usage": null,
                "consumption": 0.0,
                "timestamp": 1721774967.6692078,
                "container": null
            },
            {
                "exe": "",
                "cmdline": "",
                "pid": 2,
                "resources_usage": null,
                "consumption": 0.0,
                "timestamp": 1721774967.669208,
                "container": null
            },
            {
                "exe": "",
                "cmdline": "",
                "pid": 119,
                "resources_usage": null,
                "consumption": 0.0,
                "timestamp": 1721774967.6692083,
                "container": null
            }
        ],
        "sockets": [
            {
                "id": 0,
                "consumption": 17137204.0,
                "domains": [
                    {
                        "name": "uncore",
                        "consumption": 0.0,
                        "timestamp": 1721774967.6520479
                    },
                    {
                        "name": "core",
                        "consumption": 14316533.0,
                        "timestamp": 1721774967.6520374
                    }
                ],
                "timestamp": 1721774967.6519241
            }
        ]
    },
    {
        "host": {
            "consumption": 10734687.0,
            "timestamp": 1721774967.7029335,
            "components": {
                "disks": [
                    {
                        "disk_type": "SSD",
                        "disk_mount_point": "/etc/hosts",
                        "disk_is_removable": false,
                        "disk_file_system": "ext4",
                        "disk_total_bytes": "33634926592",
                        "disk_available_bytes": "9871863808",
                        "disk_name": "/dev/nvme0n1p4"
                    }
                ]
            }
        },
        "consumers": [
            {
                "exe": "/",
                "cmdline": "runcinit",
                "pid": 463607,
                "resources_usage": null,
                "consumption": 263427.88,
                "timestamp": 1721774967.702777,
                "container": null
            },
            {
                "exe": "/usr/local/bin/scaphandre",
                "cmdline": "/usr/local/bin/scaphandrejson-s0--step-nano10000000-f/home/ce-p2-r-1/14/power.json",
                "pid": 463473,
                "resources_usage": null,
                "consumption": 65856.97,
                "timestamp": 1721774967.7027848,
                "container": null
            },
            {
                "exe": "/usr/sbin/ntpd",
                "cmdline": "/usr/sbin/ntpd-p/var/run/ntpd.pid-g-u115:121",
                "pid": 902,
                "resources_usage": null,
                "consumption": 0.0,
                "timestamp": 1721774967.702755,
                "container": null
            },
            {
                "exe": "",
                "cmdline": "",
                "pid": 156,
                "resources_usage": null,
                "consumption": 0.0,
                "timestamp": 1721774967.7027564,
                "container": null
            },
            {
                "exe": "",
                "cmdline": "",
                "pid": 38,
                "resources_usage": null,
                "consumption": 0.0,
                "timestamp": 1721774967.7027566,
                "container": null
            },
            {
                "exe": "",
                "cmdline": "",
                "pid": 15,
                "resources_usage": null,
                "consumption": 0.0,
                "timestamp": 1721774967.702757,
                "container": null
            },
            {
                "exe": "",
                "cmdline": "",
                "pid": 65,
                "resources_usage": null,
                "consumption": 0.0,
                "timestamp": 1721774967.7027571,
                "container": null
            },
            {
                "exe": "",
                "cmdline": "",
                "pid": 459643,
                "resources_usage": null,
                "consumption": 0.0,
                "timestamp": 1721774967.7027574,
                "container": null
            },
            {
                "exe": "",
                "cmdline": "",
                "pid": 2,
                "resources_usage": null,
                "consumption": 0.0,
                "timestamp": 1721774967.7027576,
                "container": null
            },
            {
                "exe": "",
                "cmdline": "",
                "pid": 119,
                "resources_usage": null,
                "consumption": 0.0,
                "timestamp": 1721774967.7027578,
                "container": null
            }
        ],
        "sockets": [
            {
                "id": 0,
                "consumption": 11628136.0,
                "domains": [
                    {
                        "name": "uncore",
                        "consumption": 0.0,
                        "timestamp": 1721774967.6852262
                    },
                    {
                        "name": "core",
                        "consumption": 11812097.0,
                        "timestamp": 1721774967.685009
                    }
                ],
                "timestamp": 1721774967.6846826
            }
        ]
    },
    {
        "host": {
            "consumption": 22708752.0,
            "timestamp": 1721774967.7378552,
            "components": {
                "disks": [
                    {
                        "disk_type": "SSD",
                        "disk_mount_point": "/etc/hosts",
                        "disk_is_removable": false,
                        "disk_file_system": "ext4",
                        "disk_total_bytes": "33634926592",
                        "disk_available_bytes": "9871863808",
                        "disk_name": "/dev/nvme0n1p4"
                    }
                ]
            }
        },
        "consumers": [
            {
                "exe": "/",
                "cmdline": "runcinit",
                "pid": 463607,
                "resources_usage": null,
                "consumption": 417952.47,
                "timestamp": 1721774967.7377033,
                "container": null
            },
            {
                "exe": "/usr/local/bin/scaphandre",
                "cmdline": "/usr/local/bin/scaphandrejson-s0--step-nano10000000-f/home/ce-p2-r-1/14/power.json",
                "pid": 463473,
                "resources_usage": null,
                "consumption": 278634.97,
                "timestamp": 1721774967.7377117,
                "container": null
            },
            {
                "exe": "/usr/sbin/ntpd",
                "cmdline": "/usr/sbin/ntpd-p/var/run/ntpd.pid-g-u115:121",
                "pid": 902,
                "resources_usage": null,
                "consumption": 0.0,
                "timestamp": 1721774967.7376816,
                "container": null
            },
            {
                "exe": "",
                "cmdline": "",
                "pid": 156,
                "resources_usage": null,
                "consumption": 0.0,
                "timestamp": 1721774967.737683,
                "container": null
            },
            {
                "exe": "",
                "cmdline": "",
                "pid": 38,
                "resources_usage": null,
                "consumption": 0.0,
                "timestamp": 1721774967.7376833,
                "container": null
            },
            {
                "exe": "",
                "cmdline": "",
                "pid": 15,
                "resources_usage": null,
                "consumption": 0.0,
                "timestamp": 1721774967.7376835,
                "container": null
            },
            {
                "exe": "",
                "cmdline": "",
                "pid": 65,
                "resources_usage": null,
                "consumption": 0.0,
                "timestamp": 1721774967.7376838,
                "container": null
            },
            {
                "exe": "",
                "cmdline": "",
                "pid": 459643,
                "resources_usage": null,
                "consumption": 0.0,
                "timestamp": 1721774967.737684,
                "container": null
            },
            {
                "exe": "",
                "cmdline": "",
                "pid": 2,
                "resources_usage": null,
                "consumption": 0.0,
                "timestamp": 1721774967.7376842,
                "container": null
            },
            {
                "exe": "",
                "cmdline": "",
                "pid": 119,
                "resources_usage": null,
                "consumption": 0.0,
                "timestamp": 1721774967.7376845,
                "container": null
            }
        ],
        "sockets": [
            {
                "id": 0,
                "consumption": 19137100.0,
                "domains": [
                    {
                        "name": "uncore",
                        "consumption": 0.0,
                        "timestamp": 1721774967.7186852
                    },
                    {
                        "name": "core",
                        "consumption": 13724905.0,
                        "timestamp": 1721774967.7186108
                    }
                ],
                "timestamp": 1721774967.718308
            }
        ]
    },
    {
        "host": {
            "consumption": 20273852.0,
            "timestamp": 1721774967.7728345,
            "components": {
                "disks": [
                    {
                        "disk_type": "SSD",
                        "disk_mount_point": "/etc/hosts",
                        "disk_is_removable": false,
                        "disk_file_system": "ext4",
                        "disk_total_bytes": "33634926592",
                        "disk_available_bytes": "9871859712",
                        "disk_name": "/dev/nvme0n1p4"
                    }
                ]
            }
        },
        "consumers": [
            {
                "exe": "/",
                "cmdline": "runcinit",
                "pid": 463607,
                "resources_usage": null,
                "consumption": 497517.78,
                "timestamp": 1721774967.7726219,
                "container": null
            },
            {
                "exe": "/usr/local/bin/scaphandre",
                "cmdline": "/usr/local/bin/scaphandrejson-s0--step-nano10000000-f/home/ce-p2-r-1/14/power.json",
                "pid": 463473,
                "resources_usage": null,
                "consumption": 248758.89,
                "timestamp": 1721774967.772632,
                "container": null
            },
            {
                "exe": "/usr/sbin/ntpd",
                "cmdline": "/usr/sbin/ntpd-p/var/run/ntpd.pid-g-u115:121",
                "pid": 902,
                "resources_usage": null,
                "consumption": 0.0,
                "timestamp": 1721774967.7725968,
                "container": null
            },
            {
                "exe": "",
                "cmdline": "",
                "pid": 156,
                "resources_usage": null,
                "consumption": 0.0,
                "timestamp": 1721774967.7725983,
                "container": null
            },
            {
                "exe": "",
                "cmdline": "",
                "pid": 38,
                "resources_usage": null,
                "consumption": 0.0,
                "timestamp": 1721774967.7725987,
                "container": null
            },
            {
                "exe": "",
                "cmdline": "",
                "pid": 15,
                "resources_usage": null,
                "consumption": 0.0,
                "timestamp": 1721774967.772599,
                "container": null
            },
            {
                "exe": "",
                "cmdline": "",
                "pid": 65,
                "resources_usage": null,
                "consumption": 0.0,
                "timestamp": 1721774967.7725995,
                "container": null
            },
            {
                "exe": "",
                "cmdline": "",
                "pid": 459643,
                "resources_usage": null,
                "consumption": 0.0,
                "timestamp": 1721774967.7725997,
                "container": null
            },
            {
                "exe": "",
                "cmdline": "",
                "pid": 2,
                "resources_usage": null,
                "consumption": 0.0,
                "timestamp": 1721774967.7726,
                "container": null
            },
            {
                "exe": "",
                "cmdline": "",
                "pid": 119,
                "resources_usage": null,
                "consumption": 0.0,
                "timestamp": 1721774967.7726002,
                "container": null
            }
        ],
        "sockets": [
            {
                "id": 0,
                "consumption": 15873508.0,
                "domains": [
                    {
                        "name": "uncore",
                        "consumption": 0.0,
                        "timestamp": 1721774967.7535994
                    },
                    {
                        "name": "core",
                        "consumption": 13665712.0,
                        "timestamp": 1721774967.7533808
                    }
                ],
                "timestamp": 1721774967.7530637
            }
        ]
    },
    {
        "host": {
            "consumption": 18541142.0,
            "timestamp": 1721774967.8064709,
            "components": {
                "disks": [
                    {
                        "disk_type": "SSD",
                        "disk_mount_point": "/etc/hosts",
                        "disk_is_removable": false,
                        "disk_file_system": "ext4",
                        "disk_total_bytes": "33634926592",
                        "disk_available_bytes": "9871859712",
                        "disk_name": "/dev/nvme0n1p4"
                    }
                ]
            }
        },
        "consumers": [
            {
                "exe": "/",
                "cmdline": "runcinit",
                "pid": 463607,
                "resources_usage": null,
                "consumption": 341248.03,
                "timestamp": 1721774967.8063285,
                "container": null
            },
            {
                "exe": "/usr/local/bin/scaphandre",
                "cmdline": "/usr/local/bin/scaphandrejson-s0--step-nano10000000-f/home/ce-p2-r-1/14/power.json",
                "pid": 463473,
                "resources_usage": null,
                "consumption": 227498.66,
                "timestamp": 1721774967.8063364,
                "container": null
            },
            {
                "exe": "/usr/sbin/ntpd",
                "cmdline": "/usr/sbin/ntpd-p/var/run/ntpd.pid-g-u115:121",
                "pid": 902,
                "resources_usage": null,
                "consumption": 0.0,
                "timestamp": 1721774967.8063066,
                "container": null
            },
            {
                "exe": "",
                "cmdline": "",
                "pid": 156,
                "resources_usage": null,
                "consumption": 0.0,
                "timestamp": 1721774967.806308,
                "container": null
            },
            {
                "exe": "",
                "cmdline": "",
                "pid": 38,
                "resources_usage": null,
                "consumption": 0.0,
                "timestamp": 1721774967.8063083,
                "container": null
            },
            {
                "exe": "",
                "cmdline": "",
                "pid": 15,
                "resources_usage": null,
                "consumption": 0.0,
                "timestamp": 1721774967.8063085,
                "container": null
            },
            {
                "exe": "",
                "cmdline": "",
                "pid": 65,
                "resources_usage": null,
                "consumption": 0.0,
                "timestamp": 1721774967.806309,
                "container": null
            },
            {
                "exe": "",
                "cmdline": "",
                "pid": 459643,
                "resources_usage": null,
                "consumption": 0.0,
                "timestamp": 1721774967.8063092,
                "container": null
            },
            {
                "exe": "",
                "cmdline": "",
                "pid": 2,
                "resources_usage": null,
                "consumption": 0.0,
                "timestamp": 1721774967.80631,
                "container": null
            },
            {
                "exe": "",
                "cmdline": "",
                "pid": 119,
                "resources_usage": null,
                "consumption": 0.0,
                "timestamp": 1721774967.80631,
                "container": null
            }
        ],
        "sockets": [
            {
                "id": 0,
                "consumption": 16999650.0,
                "domains": [
                    {
                        "name": "uncore",
                        "consumption": 0.0,
                        "timestamp": 1721774967.7881165
                    },
                    {
                        "name": "core",
                        "consumption": 14866881.0,
                        "timestamp": 1721774967.7881045
                    }
                ],
                "timestamp": 1721774967.7879908
            }
        ]
    },
    {
        "host": {
            "consumption": 20235740.0,
            "timestamp": 1721774967.8408616,
            "components": {
                "disks": [
                    {
                        "disk_type": "SSD",
                        "disk_mount_point": "/etc/hosts",
                        "disk_is_removable": false,
                        "disk_file_system": "ext4",
                        "disk_total_bytes": "33634926592",
                        "disk_available_bytes": "9871855616",
                        "disk_name": "/dev/nvme0n1p4"
                    }
                ]
            }
        },
        "consumers": [
            {
                "exe": "/",
                "cmdline": "runcinit",
                "pid": 463607,
                "resources_usage": null,
                "consumption": 372436.9,
                "timestamp": 1721774967.8405654,
                "container": null
            },
            {
                "exe": "/usr/local/bin/scaphandre",
                "cmdline": "/usr/local/bin/scaphandrejson-s0--step-nano10000000-f/home/ce-p2-r-1/14/power.json",
                "pid": 463473,
                "resources_usage": null,
                "consumption": 248291.27,
                "timestamp": 1721774967.8405733,
                "container": null
            },
            {
                "exe": "/usr/sbin/ntpd",
                "cmdline": "/usr/sbin/ntpd-p/var/run/ntpd.pid-g-u115:121",
                "pid": 902,
                "resources_usage": null,
                "consumption": 0.0,
                "timestamp": 1721774967.8405435,
                "container": null
            },
            {
                "exe": "",
                "cmdline": "",
                "pid": 156,
                "resources_usage": null,
                "consumption": 0.0,
                "timestamp": 1721774967.8405447,
                "container": null
            },
            {
                "exe": "",
                "cmdline": "",
                "pid": 38,
                "resources_usage": null,
                "consumption": 0.0,
                "timestamp": 1721774967.8405452,
                "container": null
            },
            {
                "exe": "",
                "cmdline": "",
                "pid": 15,
                "resources_usage": null,
                "consumption": 0.0,
                "timestamp": 1721774967.8405454,
                "container": null
            },
            {
                "exe": "",
                "cmdline": "",
                "pid": 65,
                "resources_usage": null,
                "consumption": 0.0,
                "timestamp": 1721774967.8405457,
                "container": null
            },
            {
                "exe": "",
                "cmdline": "",
                "pid": 459643,
                "resources_usage": null,
                "consumption": 0.0,
                "timestamp": 1721774967.840546,
                "container": null
            },
            {
                "exe": "",
                "cmdline": "",
                "pid": 2,
                "resources_usage": null,
                "consumption": 0.0,
                "timestamp": 1721774967.8405461,
                "container": null
            },
            {
                "exe": "",
                "cmdline": "",
                "pid": 119,
                "resources_usage": null,
                "consumption": 0.0,
                "timestamp": 1721774967.8405464,
                "container": null
            }
        ],
        "sockets": [
            {
                "id": 0,
                "consumption": 27943372.0,
                "domains": [
                    {
                        "name": "uncore",
                        "consumption": 0.0,
                        "timestamp": 1721774967.8221638
                    },
                    {
                        "name": "core",
                        "consumption": 25626532.0,
                        "timestamp": 1721774967.8220892
                    }
                ],
                "timestamp": 1721774967.821818
            }
        ]
    },
    {
        "host": {
            "consumption": 21773456.0,
            "timestamp": 1721774967.8747969,
            "components": {
                "disks": [
                    {
                        "disk_type": "SSD",
                        "disk_mount_point": "/etc/hosts",
                        "disk_is_removable": false,
                        "disk_file_system": "ext4",
                        "disk_total_bytes": "33634926592",
                        "disk_available_bytes": "9871855616",
                        "disk_name": "/dev/nvme0n1p4"
                    }
                ]
            }
        },
        "consumers": [
            {
                "exe": "/",
                "cmdline": "runcinit",
                "pid": 463607,
                "resources_usage": null,
                "consumption": 534317.94,
                "timestamp": 1721774967.8746498,
                "container": null
            },
            {
                "exe": "/usr/local/bin/scaphandre",
                "cmdline": "/usr/local/bin/scaphandrejson-s0--step-nano10000000-f/home/ce-p2-r-1/14/power.json",
                "pid": 463473,
                "resources_usage": null,
                "consumption": 400738.47,
                "timestamp": 1721774967.8746586,
                "container": null
            },
            {
                "exe": "/usr/sbin/ntpd",
                "cmdline": "/usr/sbin/ntpd-p/var/run/ntpd.pid-g-u115:121",
                "pid": 902,
                "resources_usage": null,
                "consumption": 0.0,
                "timestamp": 1721774967.8746262,
                "container": null
            },
            {
                "exe": "",
                "cmdline": "",
                "pid": 156,
                "resources_usage": null,
                "consumption": 0.0,
                "timestamp": 1721774967.8746278,
                "container": null
            },
            {
                "exe": "",
                "cmdline": "",
                "pid": 38,
                "resources_usage": null,
                "consumption": 0.0,
                "timestamp": 1721774967.874628,
                "container": null
            },
            {
                "exe": "",
                "cmdline": "",
                "pid": 15,
                "resources_usage": null,
                "consumption": 0.0,
                "timestamp": 1721774967.8746283,
                "container": null
            },
            {
                "exe": "",
                "cmdline": "",
                "pid": 65,
                "resources_usage": null,
                "consumption": 0.0,
                "timestamp": 1721774967.8746285,
                "container": null
            },
            {
                "exe": "",
                "cmdline": "",
                "pid": 459643,
                "resources_usage": null,
                "consumption": 0.0,
                "timestamp": 1721774967.874629,
                "container": null
            },
            {
                "exe": "",
                "cmdline": "",
                "pid": 2,
                "resources_usage": null,
                "consumption": 0.0,
                "timestamp": 1721774967.8746293,
                "container": null
            },
            {
                "exe": "",
                "cmdline": "",
                "pid": 119,
                "resources_usage": null,
                "consumption": 0.0,
                "timestamp": 1721774967.8746295,
                "container": null
            }
        ],
        "sockets": [
            {
                "id": 0,
                "consumption": 26810968.0,
                "domains": [
                    {
                        "name": "uncore",
                        "consumption": 0.0,
                        "timestamp": 1721774967.8561382
                    },
                    {
                        "name": "core",
                        "consumption": 24714828.0,
                        "timestamp": 1721774967.8561273
                    }
                ],
                "timestamp": 1721774967.8560133
            }
        ]
    },
    {
        "host": {
            "consumption": 25168952.0,
            "timestamp": 1721774967.9093218,
            "components": {
                "disks": [
                    {
                        "disk_type": "SSD",
                        "disk_mount_point": "/etc/hosts",
                        "disk_is_removable": false,
                        "disk_file_system": "ext4",
                        "disk_total_bytes": "33634926592",
                        "disk_available_bytes": "9871855616",
                        "disk_name": "/dev/nvme0n1p4"
                    }
                ]
            }
        },
        "consumers": [
            {
                "exe": "/",
                "cmdline": "runcinit",
                "pid": 463607,
                "resources_usage": null,
                "consumption": 454860.56,
                "timestamp": 1721774967.9090269,
                "container": null
            },
            {
                "exe": "/usr/local/bin/scaphandre",
                "cmdline": "/usr/local/bin/scaphandrejson-s0--step-nano10000000-f/home/ce-p2-r-1/14/power.json",
                "pid": 463473,
                "resources_usage": null,
                "consumption": 151620.19,
                "timestamp": 1721774967.9090352,
                "container": null
            },
            {
                "exe": "/usr/sbin/ntpd",
                "cmdline": "/usr/sbin/ntpd-p/var/run/ntpd.pid-g-u115:121",
                "pid": 902,
                "resources_usage": null,
                "consumption": 0.0,
                "timestamp": 1721774967.9090042,
                "container": null
            },
            {
                "exe": "",
                "cmdline": "",
                "pid": 156,
                "resources_usage": null,
                "consumption": 0.0,
                "timestamp": 1721774967.9090056,
                "container": null
            },
            {
                "exe": "",
                "cmdline": "",
                "pid": 38,
                "resources_usage": null,
                "consumption": 0.0,
                "timestamp": 1721774967.909006,
                "container": null
            },
            {
                "exe": "",
                "cmdline": "",
                "pid": 15,
                "resources_usage": null,
                "consumption": 0.0,
                "timestamp": 1721774967.9090064,
                "container": null
            },
            {
                "exe": "",
                "cmdline": "",
                "pid": 65,
                "resources_usage": null,
                "consumption": 0.0,
                "timestamp": 1721774967.9090066,
                "container": null
            },
            {
                "exe": "",
                "cmdline": "",
                "pid": 459643,
                "resources_usage": null,
                "consumption": 0.0,
                "timestamp": 1721774967.9090068,
                "container": null
            },
            {
                "exe": "",
                "cmdline": "",
                "pid": 2,
                "resources_usage": null,
                "consumption": 0.0,
                "timestamp": 1721774967.9090073,
                "container": null
            },
            {
                "exe": "",
                "cmdline": "",
                "pid": 119,
                "resources_usage": null,
                "consumption": 0.0,
                "timestamp": 1721774967.9090075,
                "container": null
            }
        ],
        "sockets": [
            {
                "id": 0,
                "consumption": 16326125.0,
                "domains": [
                    {
                        "name": "uncore",
                        "consumption": 0.0,
                        "timestamp": 1721774967.8904915
                    },
                    {
                        "name": "core",
                        "consumption": 13980439.0,
                        "timestamp": 1721774967.890407
                    }
                ],
                "timestamp": 1721774967.8900597
            }
        ]
    },
    {
        "host": {
            "consumption": 12527399.0,
            "timestamp": 1721774967.9488444,
            "components": {
                "disks": [
                    {
                        "disk_type": "SSD",
                        "disk_mount_point": "/etc/hosts",
                        "disk_is_removable": false,
                        "disk_file_system": "ext4",
                        "disk_total_bytes": "33634926592",
                        "disk_available_bytes": "9871851520",
                        "disk_name": "/dev/nvme0n1p4"
                    }
                ]
            }
        },
        "consumers": [
            {
                "exe": "/",
                "cmdline": "runcinit",
                "pid": 463607,
                "resources_usage": null,
                "consumption": 301865.03,
                "timestamp": 1721774967.9487343,
                "container": null
            },
            {
                "exe": "/usr/local/bin/scaphandre",
                "cmdline": "/usr/local/bin/scaphandrejson-s0--step-nano10000000-f/home/ce-p2-r-1/14/power.json",
                "pid": 463473,
                "resources_usage": null,
                "consumption": 150932.52,
                "timestamp": 1721774967.9487433,
                "container": null
            },
            {
                "exe": "/usr/bin/python3.10",
                "cmdline": "python3src/experiment/runner.pytest.yaml",
                "pid": 458168,
                "resources_usage": null,
                "consumption": 75466.26,
                "timestamp": 1721774967.948738,
                "container": null
            },
            {
                "exe": "/usr/sbin/ntpd",
                "cmdline": "/usr/sbin/ntpd-p/var/run/ntpd.pid-g-u115:121",
                "pid": 902,
                "resources_usage": null,
                "consumption": 0.0,
                "timestamp": 1721774967.9487112,
                "container": null
            },
            {
                "exe": "",
                "cmdline": "",
                "pid": 156,
                "resources_usage": null,
                "consumption": 0.0,
                "timestamp": 1721774967.9487123,
                "container": null
            },
            {
                "exe": "",
                "cmdline": "",
                "pid": 38,
                "resources_usage": null,
                "consumption": 0.0,
                "timestamp": 1721774967.9487126,
                "container": null
            },
            {
                "exe": "",
                "cmdline": "",
                "pid": 15,
                "resources_usage": null,
                "consumption": 0.0,
                "timestamp": 1721774967.9487128,
                "container": null
            },
            {
                "exe": "",
                "cmdline": "",
                "pid": 65,
                "resources_usage": null,
                "consumption": 0.0,
                "timestamp": 1721774967.948713,
                "container": null
            },
            {
                "exe": "",
                "cmdline": "",
                "pid": 459643,
                "resources_usage": null,
                "consumption": 0.0,
                "timestamp": 1721774967.9487133,
                "container": null
            },
            {
                "exe": "",
                "cmdline": "",
                "pid": 2,
                "resources_usage": null,
                "consumption": 0.0,
                "timestamp": 1721774967.9487138,
                "container": null
            }
        ],
        "sockets": [
            {
                "id": 0,
                "consumption": 14758916.0,
                "domains": [
                    {
                        "name": "uncore",
                        "consumption": 0.0,
                        "timestamp": 1721774967.9244761
                    },
                    {
                        "name": "core",
                        "consumption": 12638164.0,
                        "timestamp": 1721774967.924469
                    }
                ],
                "timestamp": 1721774967.9243262
            }
        ]
    },
    {
        "host": {
            "consumption": 8036479.0,
            "timestamp": 1721774967.98457,
            "components": {
                "disks": [
                    {
                        "disk_type": "SSD",
                        "disk_mount_point": "/etc/hosts",
                        "disk_is_removable": false,
                        "disk_file_system": "ext4",
                        "disk_total_bytes": "33634926592",
                        "disk_available_bytes": "9871851520",
                        "disk_name": "/dev/nvme0n1p4"
                    }
                ]
            }
        },
        "consumers": [
            {
                "exe": "/",
                "cmdline": "runcinit",
                "pid": 463607,
                "resources_usage": null,
                "consumption": 193650.08,
                "timestamp": 1721774967.9842458,
                "container": null
            },
            {
                "exe": "/usr/local/bin/scaphandre",
                "cmdline": "/usr/local/bin/scaphandrejson-s0--step-nano10000000-f/home/ce-p2-r-1/14/power.json",
                "pid": 463473,
                "resources_usage": null,
                "consumption": 96825.04,
                "timestamp": 1721774967.984288,
                "container": null
            },
            {
                "exe": "/usr/sbin/ntpd",
                "cmdline": "/usr/sbin/ntpd-p/var/run/ntpd.pid-g-u115:121",
                "pid": 902,
                "resources_usage": null,
                "consumption": 0.0,
                "timestamp": 1721774967.984221,
                "container": null
            },
            {
                "exe": "",
                "cmdline": "",
                "pid": 156,
                "resources_usage": null,
                "consumption": 0.0,
                "timestamp": 1721774967.9842224,
                "container": null
            },
            {
                "exe": "",
                "cmdline": "",
                "pid": 38,
                "resources_usage": null,
                "consumption": 0.0,
                "timestamp": 1721774967.984223,
                "container": null
            },
            {
                "exe": "",
                "cmdline": "",
                "pid": 15,
                "resources_usage": null,
                "consumption": 0.0,
                "timestamp": 1721774967.9842236,
                "container": null
            },
            {
                "exe": "",
                "cmdline": "",
                "pid": 65,
                "resources_usage": null,
                "consumption": 0.0,
                "timestamp": 1721774967.9842238,
                "container": null
            },
            {
                "exe": "",
                "cmdline": "",
                "pid": 459643,
                "resources_usage": null,
                "consumption": 0.0,
                "timestamp": 1721774967.9842243,
                "container": null
            },
            {
                "exe": "",
                "cmdline": "",
                "pid": 2,
                "resources_usage": null,
                "consumption": 0.0,
                "timestamp": 1721774967.9842246,
                "container": null
            },
            {
                "exe": "",
                "cmdline": "",
                "pid": 119,
                "resources_usage": null,
                "consumption": 0.0,
                "timestamp": 1721774967.9842248,
                "container": null
            }
        ],
        "sockets": [
            {
                "id": 0,
                "consumption": 13488858.0,
                "domains": [
                    {
                        "name": "uncore",
                        "consumption": 0.0,
                        "timestamp": 1721774967.9648852
                    },
                    {
                        "name": "core",
                        "consumption": 11458934.0,
                        "timestamp": 1721774967.96471
                    }
                ],
                "timestamp": 1721774967.964439
            }
        ]
    },
    {
        "host": {
            "consumption": 11054272.0,
            "timestamp": 1721774968.0189738,
            "components": {
                "disks": [
                    {
                        "disk_type": "SSD",
                        "disk_mount_point": "/etc/hosts",
                        "disk_is_removable": false,
                        "disk_file_system": "ext4",
                        "disk_total_bytes": "33634926592",
                        "disk_available_bytes": "9871847424",
                        "disk_name": "/dev/nvme0n1p4"
                    }
                ]
            }
        },
        "consumers": [
            {
                "exe": "/",
                "cmdline": "runcinit",
                "pid": 463607,
                "resources_usage": null,
                "consumption": 199775.98,
                "timestamp": 1721774968.0188205,
                "container": null
            },
            {
                "exe": "/usr/local/bin/scaphandre",
                "cmdline": "/usr/local/bin/scaphandrejson-s0--step-nano10000000-f/home/ce-p2-r-1/14/power.json",
                "pid": 463473,
                "resources_usage": null,
                "consumption": 133183.98,
                "timestamp": 1721774968.0188296,
                "container": null
            },
            {
                "exe": "/usr/sbin/ntpd",
                "cmdline": "/usr/sbin/ntpd-p/var/run/ntpd.pid-g-u115:121",
                "pid": 902,
                "resources_usage": null,
                "consumption": 0.0,
                "timestamp": 1721774968.0187974,
                "container": null
            },
            {
                "exe": "",
                "cmdline": "",
                "pid": 156,
                "resources_usage": null,
                "consumption": 0.0,
                "timestamp": 1721774968.0187986,
                "container": null
            },
            {
                "exe": "",
                "cmdline": "",
                "pid": 38,
                "resources_usage": null,
                "consumption": 0.0,
                "timestamp": 1721774968.018799,
                "container": null
            },
            {
                "exe": "",
                "cmdline": "",
                "pid": 15,
                "resources_usage": null,
                "consumption": 0.0,
                "timestamp": 1721774968.0187993,
                "container": null
            },
            {
                "exe": "",
                "cmdline": "",
                "pid": 65,
                "resources_usage": null,
                "consumption": 0.0,
                "timestamp": 1721774968.0187998,
                "container": null
            },
            {
                "exe": "",
                "cmdline": "",
                "pid": 459643,
                "resources_usage": null,
                "consumption": 0.0,
                "timestamp": 1721774968.0188,
                "container": null
            },
            {
                "exe": "",
                "cmdline": "",
                "pid": 2,
                "resources_usage": null,
                "consumption": 0.0,
                "timestamp": 1721774968.0188005,
                "container": null
            },
            {
                "exe": "",
                "cmdline": "",
                "pid": 119,
                "resources_usage": null,
                "consumption": 0.0,
                "timestamp": 1721774968.0188005,
                "container": null
            }
        ],
        "sockets": [
            {
                "id": 0,
                "consumption": 10131736.0,
                "domains": [
                    {
                        "name": "uncore",
                        "consumption": 0.0,
                        "timestamp": 1721774967.9998198
                    },
                    {
                        "name": "core",
                        "consumption": 7279204.0,
                        "timestamp": 1721774967.999809
                    }
                ],
                "timestamp": 1721774967.9996922
            }
        ]
    },
    {
        "host": {
            "consumption": 23073560.0,
            "timestamp": 1721774968.053026,
            "components": {
                "disks": [
                    {
                        "disk_type": "SSD",
                        "disk_mount_point": "/etc/hosts",
                        "disk_is_removable": false,
                        "disk_file_system": "ext4",
                        "disk_total_bytes": "33634926592",
                        "disk_available_bytes": "9871847424",
                        "disk_name": "/dev/nvme0n1p4"
                    }
                ]
            }
        },
        "consumers": [
            {
                "exe": "/",
                "cmdline": "runcinit",
                "pid": 463607,
                "resources_usage": null,
                "consumption": 555989.4,
                "timestamp": 1721774968.0527442,
                "container": null
            },
            {
                "exe": "/usr/local/bin/scaphandre",
                "cmdline": "/usr/local/bin/scaphandrejson-s0--step-nano10000000-f/home/ce-p2-r-1/14/power.json",
                "pid": 463473,
                "resources_usage": null,
                "consumption": 138997.34,
                "timestamp": 1721774968.0527527,
                "container": null
            },
            {
                "exe": "/usr/sbin/ntpd",
                "cmdline": "/usr/sbin/ntpd-p/var/run/ntpd.pid-g-u115:121",
                "pid": 902,
                "resources_usage": null,
                "consumption": 0.0,
                "timestamp": 1721774968.0527222,
                "container": null
            },
            {
                "exe": "",
                "cmdline": "",
                "pid": 156,
                "resources_usage": null,
                "consumption": 0.0,
                "timestamp": 1721774968.0527236,
                "container": null
            },
            {
                "exe": "",
                "cmdline": "",
                "pid": 38,
                "resources_usage": null,
                "consumption": 0.0,
                "timestamp": 1721774968.052724,
                "container": null
            },
            {
                "exe": "",
                "cmdline": "",
                "pid": 15,
                "resources_usage": null,
                "consumption": 0.0,
                "timestamp": 1721774968.0527241,
                "container": null
            },
            {
                "exe": "",
                "cmdline": "",
                "pid": 65,
                "resources_usage": null,
                "consumption": 0.0,
                "timestamp": 1721774968.0527244,
                "container": null
            },
            {
                "exe": "",
                "cmdline": "",
                "pid": 459643,
                "resources_usage": null,
                "consumption": 0.0,
                "timestamp": 1721774968.0527246,
                "container": null
            },
            {
                "exe": "",
                "cmdline": "",
                "pid": 2,
                "resources_usage": null,
                "consumption": 0.0,
                "timestamp": 1721774968.052725,
                "container": null
            },
            {
                "exe": "",
                "cmdline": "",
                "pid": 119,
                "resources_usage": null,
                "consumption": 0.0,
                "timestamp": 1721774968.0527253,
                "container": null
            }
        ],
        "sockets": [
            {
                "id": 0,
                "consumption": 17734012.0,
                "domains": [
                    {
                        "name": "uncore",
                        "consumption": 0.0,
                        "timestamp": 1721774968.034644
                    },
                    {
                        "name": "core",
                        "consumption": 15467472.0,
                        "timestamp": 1721774968.0345616
                    }
                ],
                "timestamp": 1721774968.0342503
            }
        ]
    },
    {
        "host": {
            "consumption": 11808365.0,
            "timestamp": 1721774968.087326,
            "components": {
                "disks": [
                    {
                        "disk_type": "SSD",
                        "disk_mount_point": "/etc/hosts",
                        "disk_is_removable": false,
                        "disk_file_system": "ext4",
                        "disk_total_bytes": "33634926592",
                        "disk_available_bytes": "9871843328",
                        "disk_name": "/dev/nvme0n1p4"
                    }
                ]
            }
        },
        "consumers": [
            {
                "exe": "/",
                "cmdline": "runcinit",
                "pid": 463607,
                "resources_usage": null,
                "consumption": 213404.17,
                "timestamp": 1721774968.0871797,
                "container": null
            },
            {
                "exe": "/usr/local/bin/scaphandre",
                "cmdline": "/usr/local/bin/scaphandrejson-s0--step-nano10000000-f/home/ce-p2-r-1/14/power.json",
                "pid": 463473,
                "resources_usage": null,
                "consumption": 142269.45,
                "timestamp": 1721774968.0871887,
                "container": null
            },
            {
                "exe": "/usr/sbin/ntpd",
                "cmdline": "/usr/sbin/ntpd-p/var/run/ntpd.pid-g-u115:121",
                "pid": 902,
                "resources_usage": null,
                "consumption": 0.0,
                "timestamp": 1721774968.0871577,
                "container": null
            },
            {
                "exe": "",
                "cmdline": "",
                "pid": 156,
                "resources_usage": null,
                "consumption": 0.0,
                "timestamp": 1721774968.087159,
                "container": null
            },
            {
                "exe": "",
                "cmdline": "",
                "pid": 38,
                "resources_usage": null,
                "consumption": 0.0,
                "timestamp": 1721774968.0871592,
                "container": null
            },
            {
                "exe": "",
                "cmdline": "",
                "pid": 15,
                "resources_usage": null,
                "consumption": 0.0,
                "timestamp": 1721774968.0871594,
                "container": null
            },
            {
                "exe": "",
                "cmdline": "",
                "pid": 65,
                "resources_usage": null,
                "consumption": 0.0,
                "timestamp": 1721774968.0871599,
                "container": null
            },
            {
                "exe": "",
                "cmdline": "",
                "pid": 459643,
                "resources_usage": null,
                "consumption": 0.0,
                "timestamp": 1721774968.08716,
                "container": null
            },
            {
                "exe": "",
                "cmdline": "",
                "pid": 2,
                "resources_usage": null,
                "consumption": 0.0,
                "timestamp": 1721774968.0871603,
                "container": null
            },
            {
                "exe": "",
                "cmdline": "",
                "pid": 119,
                "resources_usage": null,
                "consumption": 0.0,
                "timestamp": 1721774968.0871606,
                "container": null
            }
        ],
        "sockets": [
            {
                "id": 0,
                "consumption": 12797878.0,
                "domains": [
                    {
                        "name": "uncore",
                        "consumption": 0.0,
                        "timestamp": 1721774968.0686514
                    },
                    {
                        "name": "core",
                        "consumption": 10592715.0,
                        "timestamp": 1721774968.0684824
                    }
                ],
                "timestamp": 1721774968.0681207
            }
        ]
    },
    {
        "host": {
            "consumption": 18309048.0,
            "timestamp": 1721774968.121252,
            "components": {
                "disks": [
                    {
                        "disk_type": "SSD",
                        "disk_mount_point": "/etc/hosts",
                        "disk_is_removable": false,
                        "disk_file_system": "ext4",
                        "disk_total_bytes": "33634926592",
                        "disk_available_bytes": "9871843328",
                        "disk_name": "/dev/nvme0n1p4"
                    }
                ]
            }
        },
        "consumers": [
            {
                "exe": "/usr/local/bin/scaphandre",
                "cmdline": "/usr/local/bin/scaphandrejson-s0--step-nano10000000-f/home/ce-p2-r-1/14/power.json",
                "pid": 463473,
                "resources_usage": null,
                "consumption": 326947.3,
                "timestamp": 1721774968.1211011,
                "container": null
            },
            {
                "exe": "/",
                "cmdline": "runcinit",
                "pid": 463607,
                "resources_usage": null,
                "consumption": 326947.3,
                "timestamp": 1721774968.121093,
                "container": null
            },
            {
                "exe": "/usr/sbin/ntpd",
                "cmdline": "/usr/sbin/ntpd-p/var/run/ntpd.pid-g-u115:121",
                "pid": 902,
                "resources_usage": null,
                "consumption": 0.0,
                "timestamp": 1721774968.1210706,
                "container": null
            },
            {
                "exe": "",
                "cmdline": "",
                "pid": 156,
                "resources_usage": null,
                "consumption": 0.0,
                "timestamp": 1721774968.121072,
                "container": null
            },
            {
                "exe": "",
                "cmdline": "",
                "pid": 38,
                "resources_usage": null,
                "consumption": 0.0,
                "timestamp": 1721774968.1210723,
                "container": null
            },
            {
                "exe": "",
                "cmdline": "",
                "pid": 15,
                "resources_usage": null,
                "consumption": 0.0,
                "timestamp": 1721774968.1210725,
                "container": null
            },
            {
                "exe": "",
                "cmdline": "",
                "pid": 65,
                "resources_usage": null,
                "consumption": 0.0,
                "timestamp": 1721774968.1210728,
                "container": null
            },
            {
                "exe": "",
                "cmdline": "",
                "pid": 459643,
                "resources_usage": null,
                "consumption": 0.0,
                "timestamp": 1721774968.1210732,
                "container": null
            },
            {
                "exe": "",
                "cmdline": "",
                "pid": 2,
                "resources_usage": null,
                "consumption": 0.0,
                "timestamp": 1721774968.1210735,
                "container": null
            },
            {
                "exe": "",
                "cmdline": "",
                "pid": 119,
                "resources_usage": null,
                "consumption": 0.0,
                "timestamp": 1721774968.1210737,
                "container": null
            }
        ],
        "sockets": [
            {
                "id": 0,
                "consumption": 24724012.0,
                "domains": [
                    {
                        "name": "uncore",
                        "consumption": 0.0,
                        "timestamp": 1721774968.102909
                    },
                    {
                        "name": "core",
                        "consumption": 22576036.0,
                        "timestamp": 1721774968.1028984
                    }
                ],
                "timestamp": 1721774968.1026967
            }
        ]
    },
    {
        "host": {
            "consumption": 24162468.0,
            "timestamp": 1721774968.1559925,
            "components": {
                "disks": [
                    {
                        "disk_type": "SSD",
                        "disk_mount_point": "/etc/hosts",
                        "disk_is_removable": false,
                        "disk_file_system": "ext4",
                        "disk_total_bytes": "33634926592",
                        "disk_available_bytes": "9871839232",
                        "disk_name": "/dev/nvme0n1p4"
                    }
                ]
            }
        },
        "consumers": [
            {
                "exe": "/",
                "cmdline": "runcinit",
                "pid": 463607,
                "resources_usage": null,
                "consumption": 575296.9,
                "timestamp": 1721774968.1558506,
                "container": null
            },
            {
                "exe": "/usr/local/bin/scaphandre",
                "cmdline": "/usr/local/bin/scaphandrejson-s0--step-nano10000000-f/home/ce-p2-r-1/14/power.json",
                "pid": 463473,
                "resources_usage": null,
                "consumption": 287648.44,
                "timestamp": 1721774968.1558592,
                "container": null
            },
            {
                "exe": "/usr/sbin/ntpd",
                "cmdline": "/usr/sbin/ntpd-p/var/run/ntpd.pid-g-u115:121",
                "pid": 902,
                "resources_usage": null,
                "consumption": 0.0,
                "timestamp": 1721774968.155829,
                "container": null
            },
            {
                "exe": "",
                "cmdline": "",
                "pid": 156,
                "resources_usage": null,
                "consumption": 0.0,
                "timestamp": 1721774968.1558301,
                "container": null
            },
            {
                "exe": "",
                "cmdline": "",
                "pid": 38,
                "resources_usage": null,
                "consumption": 0.0,
                "timestamp": 1721774968.1558304,
                "container": null
            },
            {
                "exe": "",
                "cmdline": "",
                "pid": 15,
                "resources_usage": null,
                "consumption": 0.0,
                "timestamp": 1721774968.155831,
                "container": null
            },
            {
                "exe": "",
                "cmdline": "",
                "pid": 65,
                "resources_usage": null,
                "consumption": 0.0,
                "timestamp": 1721774968.1558313,
                "container": null
            },
            {
                "exe": "",
                "cmdline": "",
                "pid": 459643,
                "resources_usage": null,
                "consumption": 0.0,
                "timestamp": 1721774968.1558316,
                "container": null
            },
            {
                "exe": "",
                "cmdline": "",
                "pid": 2,
                "resources_usage": null,
                "consumption": 0.0,
                "timestamp": 1721774968.1558318,
                "container": null
            },
            {
                "exe": "",
                "cmdline": "",
                "pid": 119,
                "resources_usage": null,
                "consumption": 0.0,
                "timestamp": 1721774968.155832,
                "container": null
            }
        ],
        "sockets": [
            {
                "id": 0,
                "consumption": 14397263.0,
                "domains": [
                    {
                        "name": "uncore",
                        "consumption": 0.0,
                        "timestamp": 1721774968.1372428
                    },
                    {
                        "name": "core",
                        "consumption": 12242439.0,
                        "timestamp": 1721774968.1370392
                    }
                ],
                "timestamp": 1721774968.1367683
            }
        ]
    },
    {
        "host": {
            "consumption": 18744648.0,
            "timestamp": 1721774968.191022,
            "components": {
                "disks": [
                    {
                        "disk_type": "SSD",
                        "disk_mount_point": "/etc/hosts",
                        "disk_is_removable": false,
                        "disk_file_system": "ext4",
                        "disk_total_bytes": "33634926592",
                        "disk_available_bytes": "9871839232",
                        "disk_name": "/dev/nvme0n1p4"
                    }
                ]
            }
        },
        "consumers": [
            {
                "exe": "/",
                "cmdline": "runcinit",
                "pid": 463607,
                "resources_usage": null,
                "consumption": 446301.12,
                "timestamp": 1721774968.190883,
                "container": null
            },
            {
                "exe": "/usr/local/bin/scaphandre",
                "cmdline": "/usr/local/bin/scaphandrejson-s0--step-nano10000000-f/home/ce-p2-r-1/14/power.json",
                "pid": 463473,
                "resources_usage": null,
                "consumption": 223150.56,
                "timestamp": 1721774968.1908908,
                "container": null
            },
            {
                "exe": "/usr/sbin/ntpd",
                "cmdline": "/usr/sbin/ntpd-p/var/run/ntpd.pid-g-u115:121",
                "pid": 902,
                "resources_usage": null,
                "consumption": 0.0,
                "timestamp": 1721774968.1908593,
                "container": null
            },
            {
                "exe": "",
                "cmdline": "",
                "pid": 156,
                "resources_usage": null,
                "consumption": 0.0,
                "timestamp": 1721774968.1908607,
                "container": null
            },
            {
                "exe": "",
                "cmdline": "",
                "pid": 38,
                "resources_usage": null,
                "consumption": 0.0,
                "timestamp": 1721774968.1908612,
                "container": null
            },
            {
                "exe": "",
                "cmdline": "",
                "pid": 15,
                "resources_usage": null,
                "consumption": 0.0,
                "timestamp": 1721774968.1908612,
                "container": null
            },
            {
                "exe": "",
                "cmdline": "",
                "pid": 65,
                "resources_usage": null,
                "consumption": 0.0,
                "timestamp": 1721774968.1908615,
                "container": null
            },
            {
                "exe": "",
                "cmdline": "",
                "pid": 459643,
                "resources_usage": null,
                "consumption": 0.0,
                "timestamp": 1721774968.190862,
                "container": null
            },
            {
                "exe": "",
                "cmdline": "",
                "pid": 2,
                "resources_usage": null,
                "consumption": 0.0,
                "timestamp": 1721774968.1908622,
                "container": null
            },
            {
                "exe": "",
                "cmdline": "",
                "pid": 119,
                "resources_usage": null,
                "consumption": 0.0,
                "timestamp": 1721774968.1908624,
                "container": null
            }
        ],
        "sockets": [
            {
                "id": 0,
                "consumption": 18129700.0,
                "domains": [
                    {
                        "name": "uncore",
                        "consumption": 0.0,
                        "timestamp": 1721774968.1716108
                    },
                    {
                        "name": "core",
                        "consumption": 15962891.0,
                        "timestamp": 1721774968.1716003
                    }
                ],
                "timestamp": 1721774968.1714845
            }
        ]
    },
    {
        "host": {
            "consumption": 12925190.0,
            "timestamp": 1721774968.2259,
            "components": {
                "disks": [
                    {
                        "disk_type": "SSD",
                        "disk_mount_point": "/etc/hosts",
                        "disk_is_removable": false,
                        "disk_file_system": "ext4",
                        "disk_total_bytes": "33634926592",
                        "disk_available_bytes": "9871835136",
                        "disk_name": "/dev/nvme0n1p4"
                    }
                ]
            }
        },
        "consumers": [
            {
                "exe": "/",
                "cmdline": "runcinit",
                "pid": 463607,
                "resources_usage": null,
                "consumption": 230806.98,
                "timestamp": 1721774968.2257428,
                "container": null
            },
            {
                "exe": "/usr/local/bin/scaphandre",
                "cmdline": "/usr/local/bin/scaphandrejson-s0--step-nano10000000-f/home/ce-p2-r-1/14/power.json",
                "pid": 463473,
                "resources_usage": null,
                "consumption": 76935.66,
                "timestamp": 1721774968.225751,
                "container": null
            },
            {
                "exe": "/usr/sbin/ntpd",
                "cmdline": "/usr/sbin/ntpd-p/var/run/ntpd.pid-g-u115:121",
                "pid": 902,
                "resources_usage": null,
                "consumption": 0.0,
                "timestamp": 1721774968.2257206,
                "container": null
            },
            {
                "exe": "",
                "cmdline": "",
                "pid": 156,
                "resources_usage": null,
                "consumption": 0.0,
                "timestamp": 1721774968.2257218,
                "container": null
            },
            {
                "exe": "",
                "cmdline": "",
                "pid": 38,
                "resources_usage": null,
                "consumption": 0.0,
                "timestamp": 1721774968.2257223,
                "container": null
            },
            {
                "exe": "",
                "cmdline": "",
                "pid": 15,
                "resources_usage": null,
                "consumption": 0.0,
                "timestamp": 1721774968.2257226,
                "container": null
            },
            {
                "exe": "",
                "cmdline": "",
                "pid": 65,
                "resources_usage": null,
                "consumption": 0.0,
                "timestamp": 1721774968.2257226,
                "container": null
            },
            {
                "exe": "",
                "cmdline": "",
                "pid": 459643,
                "resources_usage": null,
                "consumption": 0.0,
                "timestamp": 1721774968.225723,
                "container": null
            },
            {
                "exe": "",
                "cmdline": "",
                "pid": 2,
                "resources_usage": null,
                "consumption": 0.0,
                "timestamp": 1721774968.2257233,
                "container": null
            },
            {
                "exe": "",
                "cmdline": "",
                "pid": 119,
                "resources_usage": null,
                "consumption": 0.0,
                "timestamp": 1721774968.2257235,
                "container": null
            }
        ],
        "sockets": [
            {
                "id": 0,
                "consumption": 22517304.0,
                "domains": [
                    {
                        "name": "uncore",
                        "consumption": 0.0,
                        "timestamp": 1721774968.206544
                    },
                    {
                        "name": "core",
                        "consumption": 20281456.0,
                        "timestamp": 1721774968.2065334
                    }
                ],
                "timestamp": 1721774968.206413
            }
        ]
    },
    {
        "host": {
            "consumption": 22885244.0,
            "timestamp": 1721774968.260859,
            "components": {
                "disks": [
                    {
                        "disk_type": "SSD",
                        "disk_mount_point": "/etc/hosts",
                        "disk_is_removable": false,
                        "disk_file_system": "ext4",
                        "disk_total_bytes": "33634926592",
                        "disk_available_bytes": "9871835136",
                        "disk_name": "/dev/nvme0n1p4"
                    }
                ]
            }
        },
        "consumers": [
            {
                "exe": "/",
                "cmdline": "runcinit",
                "pid": 463607,
                "resources_usage": null,
                "consumption": 408665.06,
                "timestamp": 1721774968.2607088,
                "container": null
            },
            {
                "exe": "/usr/local/bin/scaphandre",
                "cmdline": "/usr/local/bin/scaphandrejson-s0--step-nano10000000-f/home/ce-p2-r-1/14/power.json",
                "pid": 463473,
                "resources_usage": null,
                "consumption": 272443.38,
                "timestamp": 1721774968.2607176,
                "container": null
            },
            {
                "exe": "/usr/sbin/ntpd",
                "cmdline": "/usr/sbin/ntpd-p/var/run/ntpd.pid-g-u115:121",
                "pid": 902,
                "resources_usage": null,
                "consumption": 0.0,
                "timestamp": 1721774968.2606862,
                "container": null
            },
            {
                "exe": "",
                "cmdline": "",
                "pid": 156,
                "resources_usage": null,
                "consumption": 0.0,
                "timestamp": 1721774968.2606876,
                "container": null
            },
            {
                "exe": "",
                "cmdline": "",
                "pid": 38,
                "resources_usage": null,
                "consumption": 0.0,
                "timestamp": 1721774968.2606883,
                "container": null
            },
            {
                "exe": "",
                "cmdline": "",
                "pid": 15,
                "resources_usage": null,
                "consumption": 0.0,
                "timestamp": 1721774968.2606885,
                "container": null
            },
            {
                "exe": "",
                "cmdline": "",
                "pid": 65,
                "resources_usage": null,
                "consumption": 0.0,
                "timestamp": 1721774968.2606888,
                "container": null
            },
            {
                "exe": "",
                "cmdline": "",
                "pid": 459643,
                "resources_usage": null,
                "consumption": 0.0,
                "timestamp": 1721774968.260689,
                "container": null
            },
            {
                "exe": "",
                "cmdline": "",
                "pid": 2,
                "resources_usage": null,
                "consumption": 0.0,
                "timestamp": 1721774968.2606895,
                "container": null
            },
            {
                "exe": "",
                "cmdline": "",
                "pid": 119,
                "resources_usage": null,
                "consumption": 0.0,
                "timestamp": 1721774968.2606897,
                "container": null
            }
        ],
        "sockets": [
            {
                "id": 0,
                "consumption": 15106282.0,
                "domains": [
                    {
                        "name": "uncore",
                        "consumption": 0.0,
                        "timestamp": 1721774968.241674
                    },
                    {
                        "name": "core",
                        "consumption": 12791225.0,
                        "timestamp": 1721774968.2415
                    }
                ],
                "timestamp": 1721774968.2411804
            }
        ]
    },
    {
        "host": {
            "consumption": 12732394.0,
            "timestamp": 1721774968.295057,
            "components": {
                "disks": [
                    {
                        "disk_type": "SSD",
                        "disk_mount_point": "/etc/hosts",
                        "disk_is_removable": false,
                        "disk_file_system": "ext4",
                        "disk_total_bytes": "33634926592",
                        "disk_available_bytes": "9871831040",
                        "disk_name": "/dev/nvme0n1p4"
                    }
                ]
            }
        },
        "consumers": [
            {
                "exe": "/",
                "cmdline": "runcinit",
                "pid": 463607,
                "resources_usage": null,
                "consumption": 303152.25,
                "timestamp": 1721774968.2949145,
                "container": null
            },
            {
                "exe": "/usr/local/bin/scaphandre",
                "cmdline": "/usr/local/bin/scaphandrejson-s0--step-nano10000000-f/home/ce-p2-r-1/14/power.json",
                "pid": 463473,
                "resources_usage": null,
                "consumption": 151576.12,
                "timestamp": 1721774968.294923,
                "container": null
            },
            {
                "exe": "/usr/sbin/ntpd",
                "cmdline": "/usr/sbin/ntpd-p/var/run/ntpd.pid-g-u115:121",
                "pid": 902,
                "resources_usage": null,
                "consumption": 0.0,
                "timestamp": 1721774968.2948916,
                "container": null
            },
            {
                "exe": "",
                "cmdline": "",
                "pid": 156,
                "resources_usage": null,
                "consumption": 0.0,
                "timestamp": 1721774968.294893,
                "container": null
            },
            {
                "exe": "",
                "cmdline": "",
                "pid": 38,
                "resources_usage": null,
                "consumption": 0.0,
                "timestamp": 1721774968.2948933,
                "container": null
            },
            {
                "exe": "",
                "cmdline": "",
                "pid": 15,
                "resources_usage": null,
                "consumption": 0.0,
                "timestamp": 1721774968.2948935,
                "container": null
            },
            {
                "exe": "",
                "cmdline": "",
                "pid": 65,
                "resources_usage": null,
                "consumption": 0.0,
                "timestamp": 1721774968.294894,
                "container": null
            },
            {
                "exe": "",
                "cmdline": "",
                "pid": 459643,
                "resources_usage": null,
                "consumption": 0.0,
                "timestamp": 1721774968.2948945,
                "container": null
            },
            {
                "exe": "",
                "cmdline": "",
                "pid": 2,
                "resources_usage": null,
                "consumption": 0.0,
                "timestamp": 1721774968.2948947,
                "container": null
            },
            {
                "exe": "",
                "cmdline": "",
                "pid": 119,
                "resources_usage": null,
                "consumption": 0.0,
                "timestamp": 1721774968.294895,
                "container": null
            }
        ],
        "sockets": [
            {
                "id": 0,
                "consumption": 15873065.0,
                "domains": [
                    {
                        "name": "uncore",
                        "consumption": 0.0,
                        "timestamp": 1721774968.276709
                    },
                    {
                        "name": "core",
                        "consumption": 13637614.0,
                        "timestamp": 1721774968.2765117
                    }
                ],
                "timestamp": 1721774968.2761447
            }
        ]
    },
    {
        "host": {
            "consumption": 16896428.0,
            "timestamp": 1721774968.3286695,
            "components": {
                "disks": [
                    {
                        "disk_type": "SSD",
                        "disk_mount_point": "/etc/hosts",
                        "disk_is_removable": false,
                        "disk_file_system": "ext4",
                        "disk_total_bytes": "33634926592",
                        "disk_available_bytes": "9871831040",
                        "disk_name": "/dev/nvme0n1p4"
                    }
                ]
            }
        },
        "consumers": [
            {
                "exe": "/",
                "cmdline": "runcinit",
                "pid": 463607,
                "resources_usage": null,
                "consumption": 310977.2,
                "timestamp": 1721774968.3285217,
                "container": null
            },
            {
                "exe": "/usr/local/bin/scaphandre",
                "cmdline": "/usr/local/bin/scaphandrejson-s0--step-nano10000000-f/home/ce-p2-r-1/14/power.json",
                "pid": 463473,
                "resources_usage": null,
                "consumption": 207318.11,
                "timestamp": 1721774968.32853,
                "container": null
            },
            {
                "exe": "/usr/sbin/ntpd",
                "cmdline": "/usr/sbin/ntpd-p/var/run/ntpd.pid-g-u115:121",
                "pid": 902,
                "resources_usage": null,
                "consumption": 0.0,
                "timestamp": 1721774968.3284996,
                "container": null
            },
            {
                "exe": "",
                "cmdline": "",
                "pid": 156,
                "resources_usage": null,
                "consumption": 0.0,
                "timestamp": 1721774968.3285007,
                "container": null
            },
            {
                "exe": "",
                "cmdline": "",
                "pid": 38,
                "resources_usage": null,
                "consumption": 0.0,
                "timestamp": 1721774968.328501,
                "container": null
            },
            {
                "exe": "",
                "cmdline": "",
                "pid": 15,
                "resources_usage": null,
                "consumption": 0.0,
                "timestamp": 1721774968.3285012,
                "container": null
            },
            {
                "exe": "",
                "cmdline": "",
                "pid": 65,
                "resources_usage": null,
                "consumption": 0.0,
                "timestamp": 1721774968.3285015,
                "container": null
            },
            {
                "exe": "",
                "cmdline": "",
                "pid": 459643,
                "resources_usage": null,
                "consumption": 0.0,
                "timestamp": 1721774968.3285022,
                "container": null
            },
            {
                "exe": "",
                "cmdline": "",
                "pid": 2,
                "resources_usage": null,
                "consumption": 0.0,
                "timestamp": 1721774968.3285024,
                "container": null
            },
            {
                "exe": "",
                "cmdline": "",
                "pid": 119,
                "resources_usage": null,
                "consumption": 0.0,
                "timestamp": 1721774968.3285027,
                "container": null
            }
        ],
        "sockets": [
            {
                "id": 0,
                "consumption": 14976661.0,
                "domains": [
                    {
                        "name": "uncore",
                        "consumption": 0.0,
                        "timestamp": 1721774968.3105865
                    },
                    {
                        "name": "core",
                        "consumption": 12783074.0,
                        "timestamp": 1721774968.3104692
                    }
                ],
                "timestamp": 1721774968.310292
            }
        ]
    }
]