{
    "timestamp_analysis": {
        "mean": 0.02488789303612163,
        "std": 0.0027132641201763445,
        "min": 0.02099323272705078,
        "max": 0.07958054542541504,
        "median": 0.02443552017211914,
        "running_time": 16.30169939994812
    },
    "host_energy_analysis": {
        "total": 285.4853538771235,
        "per_repetition": 5.7097070775424695e-09
    },
    "host_power_analysis": {
        "mean": 17.539897724085368,
        "std": 5.055878465335053,
        "min": 3.689472,
        "max": 34.40137,
        "median": 17.356384
    },
    "process_energy_analysis": {
        "total": 4.271392735349393,
        "per_repetition": 8.542785470698786e-11
    }
}