{
    "timestamp_analysis": {
        "mean": 0.035107743065312225,
        "std": 0.0018444232111633752,
        "min": 0.03152132034301758,
        "max": 0.04632902145385742,
        "median": 0.0346757173538208,
        "running_time": 7.44305682182312
    },
    "host_energy_analysis": {
        "total": 138.48116652581456,
        "per_repetition": 0.0002769623330516291
    },
    "host_power_analysis": {
        "mean": 18.640094840375586,
        "std": 5.188652035397067,
        "min": 6.975185,
        "max": 36.766796,
        "median": 18.408748
    },
    "process_energy_analysis": {
        "total": 2.9872107780540142,
        "per_repetition": 5.974421556108029e-06
    }
}