{
    "timestamp_analysis": {
        "mean": 0.03691204137969435,
        "std": 0.0034126443804224234,
        "min": 0.0321803092956543,
        "max": 0.05104517936706543,
        "median": 0.03569507598876953,
        "running_time": 10.520128965377808
    },
    "host_energy_analysis": {
        "total": 268.99261683681766,
        "per_repetition": 0.0008966420561227255
    },
    "host_power_analysis": {
        "mean": 25.451330115384618,
        "std": 7.245557667892744,
        "min": 9.817771,
        "max": 49.576884,
        "median": 25.214957
    },
    "process_energy_analysis": {
        "total": 10.280034881531751,
        "per_repetition": 3.426678293843917e-05
    }
}