{
    "timestamp_analysis": {
        "mean": 0.03541898727416992,
        "std": 0.0018620765036113586,
        "min": 0.03173232078552246,
        "max": 0.0443873405456543,
        "median": 0.0350031852722168,
        "running_time": 7.5444676876068115
    },
    "host_energy_analysis": {
        "total": 142.5933440340787,
        "per_repetition": 0.0002851866880681574
    },
    "host_power_analysis": {
        "mean": 18.90316335981308,
        "std": 4.931643648620883,
        "min": 6.439686,
        "max": 33.004312,
        "median": 18.795546
    },
    "process_energy_analysis": {
        "total": 3.061326225487013,
        "per_repetition": 6.122652450974026e-06
    }
}