{
    "timestamp_analysis": {
        "mean": 0.025241232687427152,
        "std": 0.001725060384533843,
        "min": 0.02262139320373535,
        "max": 0.033428192138671875,
        "median": 0.024769902229309082,
        "running_time": 9.389851331710815
    },
    "host_energy_analysis": {
        "total": 168.09717962428738,
        "per_repetition": 3.3619435924857477e-07
    },
    "host_power_analysis": {
        "mean": 17.896516514745308,
        "std": 5.864119279868431,
        "min": 3.934295,
        "max": 34.887164,
        "median": 17.15422
    },
    "process_energy_analysis": {
        "total": 2.5472346640434536,
        "per_repetition": 5.094469328086907e-09
    }
}