{
    "timestamp_analysis": {
        "mean": 0.03489846357635695,
        "std": 0.0016700630740240753,
        "min": 0.031066179275512695,
        "max": 0.04390883445739746,
        "median": 0.03453266620635986,
        "running_time": 21.567372798919678
    },
    "host_energy_analysis": {
        "total": 426.2952583893924,
        "per_repetition": 1.420984194631308e-05
    },
    "host_power_analysis": {
        "mean": 19.770075132471728,
        "std": 5.562171679271052,
        "min": 6.248293,
        "max": 40.663336,
        "median": 19.735228
    },
    "process_energy_analysis": {
        "total": 9.368587465294576,
        "per_repetition": 3.122862488431525e-07
    }
}