{
    "timestamp_analysis": {
        "mean": 0.03455935984618904,
        "std": 0.001374077673585915,
        "min": 0.031075239181518555,
        "max": 0.04140448570251465,
        "median": 0.034270405769348145,
        "running_time": 8.916481018066406
    },
    "host_energy_analysis": {
        "total": 167.78946615796053,
        "per_repetition": 0.0016778946615796054
    },
    "host_power_analysis": {
        "mean": 18.82725475289575,
        "std": 5.105924891383509,
        "min": 6.192998,
        "max": 32.682706,
        "median": 18.871856
    },
    "process_energy_analysis": {
        "total": 3.489032087034358,
        "per_repetition": 3.489032087034358e-05
    }
}