{
    "timestamp_analysis": {
        "mean": 0.025516720642720845,
        "std": 0.0016201658772226888,
        "min": 0.021708250045776367,
        "max": 0.03329825401306152,
        "median": 0.025220036506652832,
        "running_time": 6.78757381439209
    },
    "host_energy_analysis": {
        "total": 118.85227838861405,
        "per_repetition": 1.1885227838861406e-07
    },
    "host_power_analysis": {
        "mean": 17.533184558052437,
        "std": 5.243558377407931,
        "min": 4.970062,
        "max": 32.722444,
        "median": 17.35677
    },
    "process_energy_analysis": {
        "total": 1.8260874377240275,
        "per_repetition": 1.8260874377240275e-09
    }
}