{
    "timestamp_analysis": {
        "mean": 0.03508446792855647,
        "std": 0.0017544466689296669,
        "min": 0.03166627883911133,
        "max": 0.041451454162597656,
        "median": 0.03486061096191406,
        "running_time": 7.4029810428619385
    },
    "host_energy_analysis": {
        "total": 143.1731063008417,
        "per_repetition": 0.0002863462126016834
    },
    "host_power_analysis": {
        "mean": 19.351459589622642,
        "std": 5.639414625169065,
        "min": 5.671977,
        "max": 32.920856,
        "median": 19.137594
    },
    "process_energy_analysis": {
        "total": 3.0872325982405755,
        "per_repetition": 6.174465196481151e-06
    }
}