{
    "timestamp_analysis": {
        "mean": 0.034520854552586876,
        "std": 0.0010054004058403215,
        "min": 0.03288006782531738,
        "max": 0.0375213623046875,
        "median": 0.03448677062988281,
        "running_time": 0.828669548034668
    },
    "host_energy_analysis": {
        "total": 17.547011736448287,
        "per_repetition": 0.005849003912149429
    },
    "host_power_analysis": {
        "mean": 21.074052199999997,
        "std": 5.168571392272635,
        "min": 11.765314,
        "max": 32.772634,
        "median": 21.1509
    },
    "process_energy_analysis": {
        "total": 0.34961653888881805,
        "per_repetition": 0.00011653884629627269
    }
}