{
    "timestamp_analysis": {
        "mean": 0.03404723451174879,
        "std": 0.0017556673208062306,
        "min": 0.03118610382080078,
        "max": 0.046036481857299805,
        "median": 0.033600687980651855,
        "running_time": 30.4383385181427
    },
    "host_energy_analysis": {
        "total": 541.1415408722487,
        "per_repetition": 1.803805136240829e-05
    },
    "host_power_analysis": {
        "mean": 17.793301661452514,
        "std": 5.348466307592628,
        "min": 4.877195,
        "max": 38.888564,
        "median": 17.431032
    },
    "process_energy_analysis": {
        "total": 11.064414514120136,
        "per_repetition": 3.688138171373379e-07
    }
}