{
    "timestamp_analysis": {
        "mean": 0.0343712026422674,
        "std": 0.0012184155407429513,
        "min": 0.03252077102661133,
        "max": 0.037706851959228516,
        "median": 0.03444409370422363,
        "running_time": 0.7563066482543945
    },
    "host_energy_analysis": {
        "total": 15.547326473153351,
        "per_repetition": 5.182442157717784e-07
    },
    "host_power_analysis": {
        "mean": 20.39532504347826,
        "std": 5.087759389251506,
        "min": 11.402139,
        "max": 27.505192,
        "median": 21.239752
    },
    "process_energy_analysis": {
        "total": 0.30656628711208456,
        "per_repetition": 1.0218876237069486e-08
    }
}