[
    {
        "host": {
            "consumption": 15057813.0,
            "timestamp": 1721775000.3427649,
            "components": {
                "disks": [
                    {
                        "disk_type": "SSD",
                        "disk_mount_point": "/etc/hosts",
                        "disk_is_removable": false,
                        "disk_file_system": "ext4",
                        "disk_total_bytes": "33634926592",
                        "disk_available_bytes": "9871261696",
                        "disk_name": "/dev/nvme0n1p4"
                    }
                ]
            }
        },
        "consumers": [
            {
                "exe": "/usr/local/bin/scaphandre",
                "cmdline": "/usr/local/bin/scaphandrejson-s0--step-nano10000000-f/home/ce-p2-r-1/2/power.json",
                "pid": 464733,
                "resources_usage": null,
                "consumption": 348157.5,
                "timestamp": 1721775000.3427014,
                "container": null
            },
            {
                "exe": "/usr/bin/dockerd",
                "cmdline": "/usr/bin/dockerd-Hfd://--containerd=/run/containerd/containerd.sock",
                "pid": 1100,
                "resources_usage": null,
                "consumption": 174078.75,
                "timestamp": 1721775000.3426323,
                "container": null
            },
            {
                "exe": "/usr/sbin/NetworkManager",
                "cmdline": "/usr/sbin/NetworkManager--no-daemon",
                "pid": 810,
                "resources_usage": null,
                "consumption": 87039.375,
                "timestamp": 1721775000.342669,
                "container": null
            },
            {
                "exe": "",
                "cmdline": "",
                "pid": 458791,
                "resources_usage": null,
                "consumption": 0.0,
                "timestamp": 1721775000.3426247,
                "container": null
            },
            {
                "exe": "",
                "cmdline": "",
                "pid": 2,
                "resources_usage": null,
                "consumption": 0.0,
                "timestamp": 1721775000.3426256,
                "container": null
            },
            {
                "exe": "/usr/lib/systemd/systemd-resolved",
                "cmdline": "/lib/systemd/systemd-resolved",
                "pid": 698,
                "resources_usage": null,
                "consumption": 0.0,
                "timestamp": 1721775000.3426259,
                "container": null
            },
            {
                "exe": "",
                "cmdline": "",
                "pid": 46,
                "resources_usage": null,
                "consumption": 0.0,
                "timestamp": 1721775000.342627,
                "container": null
            },
            {
                "exe": "",
                "cmdline": "",
                "pid": 299,
                "resources_usage": null,
                "consumption": 0.0,
                "timestamp": 1721775000.3426273,
                "container": null
            },
            {
                "exe": "",
                "cmdline": "",
                "pid": 428940,
                "resources_usage": null,
                "consumption": 0.0,
                "timestamp": 1721775000.3426278,
                "container": null
            },
            {
                "exe": "",
                "cmdline": "",
                "pid": 464242,
                "resources_usage": null,
                "consumption": 0.0,
                "timestamp": 1721775000.342628,
                "container": null
            }
        ],
        "sockets": [
            {
                "id": 0,
                "consumption": 7289570.0,
                "domains": [
                    {
                        "name": "uncore",
                        "consumption": 0.0,
                        "timestamp": 1721775000.3250887
                    },
                    {
                        "name": "core",
                        "consumption": 4735305.0,
                        "timestamp": 1721775000.3249147
                    }
                ],
                "timestamp": 1721775000.3245926
            }
        ]
    },
    {
        "host": {
            "consumption": 24993882.0,
            "timestamp": 1721775000.3756366,
            "components": {
                "disks": [
                    {
                        "disk_type": "SSD",
                        "disk_mount_point": "/etc/hosts",
                        "disk_is_removable": false,
                        "disk_file_system": "ext4",
                        "disk_total_bytes": "33634926592",
                        "disk_available_bytes": "9871269888",
                        "disk_name": "/dev/nvme0n1p4"
                    }
                ]
            }
        },
        "consumers": [
            {
                "exe": "/",
                "cmdline": "runcinit",
                "pid": 464806,
                "resources_usage": null,
                "consumption": 577893.2,
                "timestamp": 1721775000.3755279,
                "container": null
            },
            {
                "exe": "/usr/local/bin/scaphandre",
                "cmdline": "/usr/local/bin/scaphandrejson-s0--step-nano10000000-f/home/ce-p2-r-1/2/power.json",
                "pid": 464733,
                "resources_usage": null,
                "consumption": 288946.6,
                "timestamp": 1721775000.3755462,
                "container": null
            },
            {
                "exe": "",
                "cmdline": "",
                "pid": 458791,
                "resources_usage": null,
                "consumption": 0.0,
                "timestamp": 1721775000.3754616,
                "container": null
            },
            {
                "exe": "",
                "cmdline": "",
                "pid": 2,
                "resources_usage": null,
                "consumption": 0.0,
                "timestamp": 1721775000.3754623,
                "container": null
            },
            {
                "exe": "/usr/lib/systemd/systemd-resolved",
                "cmdline": "/lib/systemd/systemd-resolved",
                "pid": 698,
                "resources_usage": null,
                "consumption": 0.0,
                "timestamp": 1721775000.3754628,
                "container": null
            },
            {
                "exe": "",
                "cmdline": "",
                "pid": 46,
                "resources_usage": null,
                "consumption": 0.0,
                "timestamp": 1721775000.3754632,
                "container": null
            },
            {
                "exe": "",
                "cmdline": "",
                "pid": 299,
                "resources_usage": null,
                "consumption": 0.0,
                "timestamp": 1721775000.3754635,
                "container": null
            },
            {
                "exe": "",
                "cmdline": "",
                "pid": 428940,
                "resources_usage": null,
                "consumption": 0.0,
                "timestamp": 1721775000.3754637,
                "container": null
            },
            {
                "exe": "",
                "cmdline": "",
                "pid": 464242,
                "resources_usage": null,
                "consumption": 0.0,
                "timestamp": 1721775000.375464,
                "container": null
            },
            {
                "exe": "/usr/lib/systemd/systemd",
                "cmdline": "/sbin/init",
                "pid": 1,
                "resources_usage": null,
                "consumption": 0.0,
                "timestamp": 1721775000.3754642,
                "container": null
            }
        ],
        "sockets": [
            {
                "id": 0,
                "consumption": 25923040.0,
                "domains": [
                    {
                        "name": "uncore",
                        "consumption": 0.0,
                        "timestamp": 1721775000.358371
                    },
                    {
                        "name": "core",
                        "consumption": 22895568.0,
                        "timestamp": 1721775000.3583598
                    }
                ],
                "timestamp": 1721775000.3582356
            }
        ]
    },
    {
        "host": {
            "consumption": 27291300.0,
            "timestamp": 1721775000.408984,
            "components": {
                "disks": [
                    {
                        "disk_type": "SSD",
                        "disk_mount_point": "/etc/hosts",
                        "disk_is_removable": false,
                        "disk_file_system": "ext4",
                        "disk_total_bytes": "33634926592",
                        "disk_available_bytes": "9871265792",
                        "disk_name": "/dev/nvme0n1p4"
                    }
                ]
            }
        },
        "consumers": [
            {
                "exe": "/",
                "cmdline": "runcinit",
                "pid": 464806,
                "resources_usage": null,
                "consumption": 444966.8,
                "timestamp": 1721775000.4087815,
                "container": null
            },
            {
                "exe": "/usr/local/bin/scaphandre",
                "cmdline": "/usr/local/bin/scaphandrejson-s0--step-nano10000000-f/home/ce-p2-r-1/2/power.json",
                "pid": 464733,
                "resources_usage": null,
                "consumption": 148322.28,
                "timestamp": 1721775000.4087913,
                "container": null
            },
            {
                "exe": "",
                "cmdline": "",
                "pid": 458791,
                "resources_usage": null,
                "consumption": 0.0,
                "timestamp": 1721775000.408719,
                "container": null
            },
            {
                "exe": "",
                "cmdline": "",
                "pid": 2,
                "resources_usage": null,
                "consumption": 0.0,
                "timestamp": 1721775000.4087203,
                "container": null
            },
            {
                "exe": "/usr/lib/systemd/systemd-resolved",
                "cmdline": "/lib/systemd/systemd-resolved",
                "pid": 698,
                "resources_usage": null,
                "consumption": 0.0,
                "timestamp": 1721775000.4087205,
                "container": null
            },
            {
                "exe": "",
                "cmdline": "",
                "pid": 46,
                "resources_usage": null,
                "consumption": 0.0,
                "timestamp": 1721775000.4087212,
                "container": null
            },
            {
                "exe": "",
                "cmdline": "",
                "pid": 299,
                "resources_usage": null,
                "consumption": 0.0,
                "timestamp": 1721775000.4087217,
                "container": null
            },
            {
                "exe": "",
                "cmdline": "",
                "pid": 428940,
                "resources_usage": null,
                "consumption": 0.0,
                "timestamp": 1721775000.408722,
                "container": null
            },
            {
                "exe": "",
                "cmdline": "",
                "pid": 464242,
                "resources_usage": null,
                "consumption": 0.0,
                "timestamp": 1721775000.4087222,
                "container": null
            },
            {
                "exe": "/usr/lib/systemd/systemd",
                "cmdline": "/sbin/init",
                "pid": 1,
                "resources_usage": null,
                "consumption": 0.0,
                "timestamp": 1721775000.4087222,
                "container": null
            }
        ],
        "sockets": [
            {
                "id": 0,
                "consumption": 23500714.0,
                "domains": [
                    {
                        "name": "uncore",
                        "consumption": 0.0,
                        "timestamp": 1721775000.3912816
                    },
                    {
                        "name": "core",
                        "consumption": 20673996.0,
                        "timestamp": 1721775000.3912716
                    }
                ],
                "timestamp": 1721775000.3911572
            }
        ]
    },
    {
        "host": {
            "consumption": 25050336.0,
            "timestamp": 1721775000.441923,
            "components": {
                "disks": [
                    {
                        "disk_type": "SSD",
                        "disk_mount_point": "/etc/hosts",
                        "disk_is_removable": false,
                        "disk_file_system": "ext4",
                        "disk_total_bytes": "33634926592",
                        "disk_available_bytes": "9871265792",
                        "disk_name": "/dev/nvme0n1p4"
                    }
                ]
            }
        },
        "consumers": [
            {
                "exe": "/",
                "cmdline": "runcinit",
                "pid": 464806,
                "resources_usage": null,
                "consumption": 408429.4,
                "timestamp": 1721775000.4416761,
                "container": null
            },
            {
                "exe": "/usr/local/bin/scaphandre",
                "cmdline": "/usr/local/bin/scaphandrejson-s0--step-nano10000000-f/home/ce-p2-r-1/2/power.json",
                "pid": 464733,
                "resources_usage": null,
                "consumption": 272286.28,
                "timestamp": 1721775000.4416854,
                "container": null
            },
            {
                "exe": "",
                "cmdline": "",
                "pid": 458791,
                "resources_usage": null,
                "consumption": 0.0,
                "timestamp": 1721775000.4416125,
                "container": null
            },
            {
                "exe": "",
                "cmdline": "",
                "pid": 2,
                "resources_usage": null,
                "consumption": 0.0,
                "timestamp": 1721775000.4416132,
                "container": null
            },
            {
                "exe": "/usr/lib/systemd/systemd-resolved",
                "cmdline": "/lib/systemd/systemd-resolved",
                "pid": 698,
                "resources_usage": null,
                "consumption": 0.0,
                "timestamp": 1721775000.4416137,
                "container": null
            },
            {
                "exe": "",
                "cmdline": "",
                "pid": 46,
                "resources_usage": null,
                "consumption": 0.0,
                "timestamp": 1721775000.4416144,
                "container": null
            },
            {
                "exe": "",
                "cmdline": "",
                "pid": 299,
                "resources_usage": null,
                "consumption": 0.0,
                "timestamp": 1721775000.4416146,
                "container": null
            },
            {
                "exe": "",
                "cmdline": "",
                "pid": 428940,
                "resources_usage": null,
                "consumption": 0.0,
                "timestamp": 1721775000.4416149,
                "container": null
            },
            {
                "exe": "",
                "cmdline": "",
                "pid": 464242,
                "resources_usage": null,
                "consumption": 0.0,
                "timestamp": 1721775000.441615,
                "container": null
            },
            {
                "exe": "/usr/lib/systemd/systemd",
                "cmdline": "/sbin/init",
                "pid": 1,
                "resources_usage": null,
                "consumption": 0.0,
                "timestamp": 1721775000.4416153,
                "container": null
            }
        ],
        "sockets": [
            {
                "id": 0,
                "consumption": 22460868.0,
                "domains": [
                    {
                        "name": "uncore",
                        "consumption": 0.0,
                        "timestamp": 1721775000.4241383
                    },
                    {
                        "name": "core",
                        "consumption": 19717136.0,
                        "timestamp": 1721775000.4241276
                    }
                ],
                "timestamp": 1721775000.4240131
            }
        ]
    },
    {
        "host": {
            "consumption": 11402139.0,
            "timestamp": 1721775000.4771185,
            "components": {
                "disks": [
                    {
                        "disk_type": "SSD",
                        "disk_mount_point": "/etc/hosts",
                        "disk_is_removable": false,
                        "disk_file_system": "ext4",
                        "disk_total_bytes": "33634926592",
                        "disk_available_bytes": "9871261696",
                        "disk_name": "/dev/nvme0n1p4"
                    }
                ]
            }
        },
        "consumers": [
            {
                "exe": "/",
                "cmdline": "runcinit",
                "pid": 464806,
                "resources_usage": null,
                "consumption": 247872.58,
                "timestamp": 1721775000.4767034,
                "container": null
            },
            {
                "exe": "/usr/local/bin/scaphandre",
                "cmdline": "/usr/local/bin/scaphandrejson-s0--step-nano10000000-f/home/ce-p2-r-1/2/power.json",
                "pid": 464733,
                "resources_usage": null,
                "consumption": 123936.29,
                "timestamp": 1721775000.476713,
                "container": null
            },
            {
                "exe": "",
                "cmdline": "",
                "pid": 458791,
                "resources_usage": null,
                "consumption": 0.0,
                "timestamp": 1721775000.4766402,
                "container": null
            },
            {
                "exe": "",
                "cmdline": "",
                "pid": 2,
                "resources_usage": null,
                "consumption": 0.0,
                "timestamp": 1721775000.4766414,
                "container": null
            },
            {
                "exe": "/usr/lib/systemd/systemd-resolved",
                "cmdline": "/lib/systemd/systemd-resolved",
                "pid": 698,
                "resources_usage": null,
                "consumption": 0.0,
                "timestamp": 1721775000.476642,
                "container": null
            },
            {
                "exe": "",
                "cmdline": "",
                "pid": 46,
                "resources_usage": null,
                "consumption": 0.0,
                "timestamp": 1721775000.4766424,
                "container": null
            },
            {
                "exe": "",
                "cmdline": "",
                "pid": 299,
                "resources_usage": null,
                "consumption": 0.0,
                "timestamp": 1721775000.4766426,
                "container": null
            },
            {
                "exe": "",
                "cmdline": "",
                "pid": 428940,
                "resources_usage": null,
                "consumption": 0.0,
                "timestamp": 1721775000.4766428,
                "container": null
            },
            {
                "exe": "",
                "cmdline": "",
                "pid": 464242,
                "resources_usage": null,
                "consumption": 0.0,
                "timestamp": 1721775000.476643,
                "container": null
            },
            {
                "exe": "/usr/lib/systemd/systemd",
                "cmdline": "/sbin/init",
                "pid": 1,
                "resources_usage": null,
                "consumption": 0.0,
                "timestamp": 1721775000.4766433,
                "container": null
            }
        ],
        "sockets": [
            {
                "id": 0,
                "consumption": 22095848.0,
                "domains": [
                    {
                        "name": "uncore",
                        "consumption": 0.0,
                        "timestamp": 1721775000.4574385
                    },
                    {
                        "name": "core",
                        "consumption": 19379454.0,
                        "timestamp": 1721775000.4572694
                    }
                ],
                "timestamp": 1721775000.4569893
            }
        ]
    },
    {
        "host": {
            "consumption": 16956032.0,
            "timestamp": 1721775000.5099397,
            "components": {
                "disks": [
                    {
                        "disk_type": "SSD",
                        "disk_mount_point": "/etc/hosts",
                        "disk_is_removable": false,
                        "disk_file_system": "ext4",
                        "disk_total_bytes": "33634926592",
                        "disk_available_bytes": "9871261696",
                        "disk_name": "/dev/nvme0n1p4"
                    }
                ]
            }
        },
        "consumers": [
            {
                "exe": "/",
                "cmdline": "runcinit",
                "pid": 464806,
                "resources_usage": null,
                "consumption": 276457.06,
                "timestamp": 1721775000.5098364,
                "container": null
            },
            {
                "exe": "/usr/local/bin/scaphandre",
                "cmdline": "/usr/local/bin/scaphandrejson-s0--step-nano10000000-f/home/ce-p2-r-1/2/power.json",
                "pid": 464733,
                "resources_usage": null,
                "consumption": 184304.7,
                "timestamp": 1721775000.509846,
                "container": null
            },
            {
                "exe": "",
                "cmdline": "",
                "pid": 458791,
                "resources_usage": null,
                "consumption": 0.0,
                "timestamp": 1721775000.5097687,
                "container": null
            },
            {
                "exe": "",
                "cmdline": "",
                "pid": 2,
                "resources_usage": null,
                "consumption": 0.0,
                "timestamp": 1721775000.5097702,
                "container": null
            },
            {
                "exe": "/usr/lib/systemd/systemd-resolved",
                "cmdline": "/lib/systemd/systemd-resolved",
                "pid": 698,
                "resources_usage": null,
                "consumption": 0.0,
                "timestamp": 1721775000.5097704,
                "container": null
            },
            {
                "exe": "",
                "cmdline": "",
                "pid": 46,
                "resources_usage": null,
                "consumption": 0.0,
                "timestamp": 1721775000.509771,
                "container": null
            },
            {
                "exe": "",
                "cmdline": "",
                "pid": 299,
                "resources_usage": null,
                "consumption": 0.0,
                "timestamp": 1721775000.5097716,
                "container": null
            },
            {
                "exe": "",
                "cmdline": "",
                "pid": 428940,
                "resources_usage": null,
                "consumption": 0.0,
                "timestamp": 1721775000.5097718,
                "container": null
            },
            {
                "exe": "",
                "cmdline": "",
                "pid": 464242,
                "resources_usage": null,
                "consumption": 0.0,
                "timestamp": 1721775000.509772,
                "container": null
            },
            {
                "exe": "/usr/lib/systemd/systemd",
                "cmdline": "/sbin/init",
                "pid": 1,
                "resources_usage": null,
                "consumption": 0.0,
                "timestamp": 1721775000.5097723,
                "container": null
            }
        ],
        "sockets": [
            {
                "id": 0,
                "consumption": 13461025.0,
                "domains": [
                    {
                        "name": "uncore",
                        "consumption": 0.0,
                        "timestamp": 1721775000.4924965
                    },
                    {
                        "name": "core",
                        "consumption": 11255976.0,
                        "timestamp": 1721775000.492483
                    }
                ],
                "timestamp": 1721775000.4923651
            }
        ]
    },
    {
        "host": {
            "consumption": 24718438.0,
            "timestamp": 1721775000.542842,
            "components": {
                "disks": [
                    {
                        "disk_type": "SSD",
                        "disk_mount_point": "/etc/hosts",
                        "disk_is_removable": false,
                        "disk_file_system": "ext4",
                        "disk_total_bytes": "33634926592",
                        "disk_available_bytes": "9871257600",
                        "disk_name": "/dev/nvme0n1p4"
                    }
                ]
            }
        },
        "consumers": [
            {
                "exe": "/",
                "cmdline": "runcinit",
                "pid": 464806,
                "resources_usage": null,
                "consumption": 537357.3,
                "timestamp": 1721775000.5427375,
                "container": null
            },
            {
                "exe": "/usr/local/bin/scaphandre",
                "cmdline": "/usr/local/bin/scaphandrejson-s0--step-nano10000000-f/home/ce-p2-r-1/2/power.json",
                "pid": 464733,
                "resources_usage": null,
                "consumption": 268678.66,
                "timestamp": 1721775000.5427468,
                "container": null
            },
            {
                "exe": "",
                "cmdline": "",
                "pid": 458791,
                "resources_usage": null,
                "consumption": 0.0,
                "timestamp": 1721775000.5426729,
                "container": null
            },
            {
                "exe": "",
                "cmdline": "",
                "pid": 2,
                "resources_usage": null,
                "consumption": 0.0,
                "timestamp": 1721775000.5426738,
                "container": null
            },
            {
                "exe": "/usr/lib/systemd/systemd-resolved",
                "cmdline": "/lib/systemd/systemd-resolved",
                "pid": 698,
                "resources_usage": null,
                "consumption": 0.0,
                "timestamp": 1721775000.5426743,
                "container": null
            },
            {
                "exe": "",
                "cmdline": "",
                "pid": 46,
                "resources_usage": null,
                "consumption": 0.0,
                "timestamp": 1721775000.5426748,
                "container": null
            },
            {
                "exe": "",
                "cmdline": "",
                "pid": 299,
                "resources_usage": null,
                "consumption": 0.0,
                "timestamp": 1721775000.5426753,
                "container": null
            },
            {
                "exe": "",
                "cmdline": "",
                "pid": 428940,
                "resources_usage": null,
                "consumption": 0.0,
                "timestamp": 1721775000.5426755,
                "container": null
            },
            {
                "exe": "",
                "cmdline": "",
                "pid": 464242,
                "resources_usage": null,
                "consumption": 0.0,
                "timestamp": 1721775000.5426757,
                "container": null
            },
            {
                "exe": "/usr/lib/systemd/systemd",
                "cmdline": "/sbin/init",
                "pid": 1,
                "resources_usage": null,
                "consumption": 0.0,
                "timestamp": 1721775000.542676,
                "container": null
            }
        ],
        "sockets": [
            {
                "id": 0,
                "consumption": 20532136.0,
                "domains": [
                    {
                        "name": "uncore",
                        "consumption": 0.0,
                        "timestamp": 1721775000.525847
                    },
                    {
                        "name": "core",
                        "consumption": 17811148.0,
                        "timestamp": 1721775000.5256233
                    }
                ],
                "timestamp": 1721775000.5253022
            }
        ]
    },
    {
        "host": {
            "consumption": 19261596.0,
            "timestamp": 1721775000.5753627,
            "components": {
                "disks": [
                    {
                        "disk_type": "SSD",
                        "disk_mount_point": "/etc/hosts",
                        "disk_is_removable": false,
                        "disk_file_system": "ext4",
                        "disk_total_bytes": "33634926592",
                        "disk_available_bytes": "9871257600",
                        "disk_name": "/dev/nvme0n1p4"
                    }
                ]
            }
        },
        "consumers": [
            {
                "exe": "/",
                "cmdline": "runcinit",
                "pid": 464806,
                "resources_usage": null,
                "consumption": 314047.78,
                "timestamp": 1721775000.5752642,
                "container": null
            },
            {
                "exe": "/usr/local/bin/scaphandre",
                "cmdline": "/usr/local/bin/scaphandrejson-s0--step-nano10000000-f/home/ce-p2-r-1/2/power.json",
                "pid": 464733,
                "resources_usage": null,
                "consumption": 209365.19,
                "timestamp": 1721775000.5752738,
                "container": null
            },
            {
                "exe": "",
                "cmdline": "",
                "pid": 458791,
                "resources_usage": null,
                "consumption": 0.0,
                "timestamp": 1721775000.575201,
                "container": null
            },
            {
                "exe": "",
                "cmdline": "",
                "pid": 2,
                "resources_usage": null,
                "consumption": 0.0,
                "timestamp": 1721775000.575202,
                "container": null
            },
            {
                "exe": "/usr/lib/systemd/systemd-resolved",
                "cmdline": "/lib/systemd/systemd-resolved",
                "pid": 698,
                "resources_usage": null,
                "consumption": 0.0,
                "timestamp": 1721775000.5752025,
                "container": null
            },
            {
                "exe": "",
                "cmdline": "",
                "pid": 46,
                "resources_usage": null,
                "consumption": 0.0,
                "timestamp": 1721775000.575203,
                "container": null
            },
            {
                "exe": "",
                "cmdline": "",
                "pid": 299,
                "resources_usage": null,
                "consumption": 0.0,
                "timestamp": 1721775000.575203,
                "container": null
            },
            {
                "exe": "",
                "cmdline": "",
                "pid": 428940,
                "resources_usage": null,
                "consumption": 0.0,
                "timestamp": 1721775000.5752034,
                "container": null
            },
            {
                "exe": "",
                "cmdline": "",
                "pid": 464242,
                "resources_usage": null,
                "consumption": 0.0,
                "timestamp": 1721775000.5752037,
                "container": null
            },
            {
                "exe": "/usr/lib/systemd/systemd",
                "cmdline": "/sbin/init",
                "pid": 1,
                "resources_usage": null,
                "consumption": 0.0,
                "timestamp": 1721775000.575204,
                "container": null
            }
        ],
        "sockets": [
            {
                "id": 0,
                "consumption": 24848824.0,
                "domains": [
                    {
                        "name": "uncore",
                        "consumption": 0.0,
                        "timestamp": 1721775000.5584054
                    },
                    {
                        "name": "core",
                        "consumption": 22052158.0,
                        "timestamp": 1721775000.5583327
                    }
                ],
                "timestamp": 1721775000.5580342
            }
        ]
    },
    {
        "host": {
            "consumption": 22629436.0,
            "timestamp": 1721775000.6099374,
            "components": {
                "disks": [
                    {
                        "disk_type": "SSD",
                        "disk_mount_point": "/etc/hosts",
                        "disk_is_removable": false,
                        "disk_file_system": "ext4",
                        "disk_total_bytes": "33634926592",
                        "disk_available_bytes": "9871253504",
                        "disk_name": "/dev/nvme0n1p4"
                    }
                ]
            }
        },
        "consumers": [
            {
                "exe": "/",
                "cmdline": "runcinit",
                "pid": 464806,
                "resources_usage": null,
                "consumption": 429672.8,
                "timestamp": 1721775000.609683,
                "container": null
            },
            {
                "exe": "/usr/local/bin/scaphandre",
                "cmdline": "/usr/local/bin/scaphandrejson-s0--step-nano10000000-f/home/ce-p2-r-1/2/power.json",
                "pid": 464733,
                "resources_usage": null,
                "consumption": 286448.53,
                "timestamp": 1721775000.6096926,
                "container": null
            },
            {
                "exe": "",
                "cmdline": "",
                "pid": 458791,
                "resources_usage": null,
                "consumption": 0.0,
                "timestamp": 1721775000.609618,
                "container": null
            },
            {
                "exe": "",
                "cmdline": "",
                "pid": 2,
                "resources_usage": null,
                "consumption": 0.0,
                "timestamp": 1721775000.609619,
                "container": null
            },
            {
                "exe": "/usr/lib/systemd/systemd-resolved",
                "cmdline": "/lib/systemd/systemd-resolved",
                "pid": 698,
                "resources_usage": null,
                "consumption": 0.0,
                "timestamp": 1721775000.6096194,
                "container": null
            },
            {
                "exe": "",
                "cmdline": "",
                "pid": 46,
                "resources_usage": null,
                "consumption": 0.0,
                "timestamp": 1721775000.60962,
                "container": null
            },
            {
                "exe": "",
                "cmdline": "",
                "pid": 299,
                "resources_usage": null,
                "consumption": 0.0,
                "timestamp": 1721775000.6096203,
                "container": null
            },
            {
                "exe": "",
                "cmdline": "",
                "pid": 428940,
                "resources_usage": null,
                "consumption": 0.0,
                "timestamp": 1721775000.6096206,
                "container": null
            },
            {
                "exe": "",
                "cmdline": "",
                "pid": 464242,
                "resources_usage": null,
                "consumption": 0.0,
                "timestamp": 1721775000.6096208,
                "container": null
            },
            {
                "exe": "/usr/lib/systemd/systemd",
                "cmdline": "/sbin/init",
                "pid": 1,
                "resources_usage": null,
                "consumption": 0.0,
                "timestamp": 1721775000.609621,
                "container": null
            }
        ],
        "sockets": [
            {
                "id": 0,
                "consumption": 21219620.0,
                "domains": [
                    {
                        "name": "uncore",
                        "consumption": 0.0,
                        "timestamp": 1721775000.5909188
                    },
                    {
                        "name": "core",
                        "consumption": 18438080.0,
                        "timestamp": 1721775000.5907369
                    }
                ],
                "timestamp": 1721775000.5904765
            }
        ]
    },
    {
        "host": {
            "consumption": 21239752.0,
            "timestamp": 1721775000.644579,
            "components": {
                "disks": [
                    {
                        "disk_type": "SSD",
                        "disk_mount_point": "/etc/hosts",
                        "disk_is_removable": false,
                        "disk_file_system": "ext4",
                        "disk_total_bytes": "33634926592",
                        "disk_available_bytes": "9871253504",
                        "disk_name": "/dev/nvme0n1p4"
                    }
                ]
            }
        },
        "consumers": [
            {
                "exe": "/",
                "cmdline": "runcinit",
                "pid": 464806,
                "resources_usage": null,
                "consumption": 537715.25,
                "timestamp": 1721775000.644356,
                "container": null
            },
            {
                "exe": "/usr/local/bin/scaphandre",
                "cmdline": "/usr/local/bin/scaphandrejson-s0--step-nano10000000-f/home/ce-p2-r-1/2/power.json",
                "pid": 464733,
                "resources_usage": null,
                "consumption": 268857.62,
                "timestamp": 1721775000.6443648,
                "container": null
            },
            {
                "exe": "",
                "cmdline": "",
                "pid": 458791,
                "resources_usage": null,
                "consumption": 0.0,
                "timestamp": 1721775000.6442578,
                "container": null
            },
            {
                "exe": "",
                "cmdline": "",
                "pid": 2,
                "resources_usage": null,
                "consumption": 0.0,
                "timestamp": 1721775000.6442587,
                "container": null
            },
            {
                "exe": "/usr/lib/systemd/systemd-resolved",
                "cmdline": "/lib/systemd/systemd-resolved",
                "pid": 698,
                "resources_usage": null,
                "consumption": 0.0,
                "timestamp": 1721775000.644259,
                "container": null
            },
            {
                "exe": "",
                "cmdline": "",
                "pid": 46,
                "resources_usage": null,
                "consumption": 0.0,
                "timestamp": 1721775000.6442595,
                "container": null
            },
            {
                "exe": "",
                "cmdline": "",
                "pid": 299,
                "resources_usage": null,
                "consumption": 0.0,
                "timestamp": 1721775000.64426,
                "container": null
            },
            {
                "exe": "",
                "cmdline": "",
                "pid": 428940,
                "resources_usage": null,
                "consumption": 0.0,
                "timestamp": 1721775000.6442602,
                "container": null
            },
            {
                "exe": "",
                "cmdline": "",
                "pid": 464242,
                "resources_usage": null,
                "consumption": 0.0,
                "timestamp": 1721775000.6442604,
                "container": null
            },
            {
                "exe": "/usr/lib/systemd/systemd",
                "cmdline": "/sbin/init",
                "pid": 1,
                "resources_usage": null,
                "consumption": 0.0,
                "timestamp": 1721775000.6442606,
                "container": null
            }
        ],
        "sockets": [
            {
                "id": 0,
                "consumption": 15927708.0,
                "domains": [
                    {
                        "name": "uncore",
                        "consumption": 0.0,
                        "timestamp": 1721775000.625576
                    },
                    {
                        "name": "core",
                        "consumption": 13524104.0,
                        "timestamp": 1721775000.625379
                    }
                ],
                "timestamp": 1721775000.6251178
            }
        ]
    },
    {
        "host": {
            "consumption": 12802743.0,
            "timestamp": 1721775000.678737,
            "components": {
                "disks": [
                    {
                        "disk_type": "SSD",
                        "disk_mount_point": "/etc/hosts",
                        "disk_is_removable": false,
                        "disk_file_system": "ext4",
                        "disk_total_bytes": "33634926592",
                        "disk_available_bytes": "9871249408",
                        "disk_name": "/dev/nvme0n1p4"
                    }
                ]
            }
        },
        "consumers": [
            {
                "exe": "/",
                "cmdline": "runcinit",
                "pid": 464806,
                "resources_usage": null,
                "consumption": 243090.05,
                "timestamp": 1721775000.6786335,
                "container": null
            },
            {
                "exe": "/usr/local/bin/scaphandre",
                "cmdline": "/usr/local/bin/scaphandrejson-s0--step-nano10000000-f/home/ce-p2-r-1/2/power.json",
                "pid": 464733,
                "resources_usage": null,
                "consumption": 162060.03,
                "timestamp": 1721775000.678643,
                "container": null
            },
            {
                "exe": "",
                "cmdline": "",
                "pid": 458791,
                "resources_usage": null,
                "consumption": 0.0,
                "timestamp": 1721775000.6785715,
                "container": null
            },
            {
                "exe": "",
                "cmdline": "",
                "pid": 2,
                "resources_usage": null,
                "consumption": 0.0,
                "timestamp": 1721775000.6785724,
                "container": null
            },
            {
                "exe": "/usr/lib/systemd/systemd-resolved",
                "cmdline": "/lib/systemd/systemd-resolved",
                "pid": 698,
                "resources_usage": null,
                "consumption": 0.0,
                "timestamp": 1721775000.678573,
                "container": null
            },
            {
                "exe": "",
                "cmdline": "",
                "pid": 46,
                "resources_usage": null,
                "consumption": 0.0,
                "timestamp": 1721775000.6785734,
                "container": null
            },
            {
                "exe": "",
                "cmdline": "",
                "pid": 299,
                "resources_usage": null,
                "consumption": 0.0,
                "timestamp": 1721775000.6785738,
                "container": null
            },
            {
                "exe": "",
                "cmdline": "",
                "pid": 428940,
                "resources_usage": null,
                "consumption": 0.0,
                "timestamp": 1721775000.678574,
                "container": null
            },
            {
                "exe": "",
                "cmdline": "",
                "pid": 464242,
                "resources_usage": null,
                "consumption": 0.0,
                "timestamp": 1721775000.6785743,
                "container": null
            },
            {
                "exe": "/usr/lib/systemd/systemd",
                "cmdline": "/sbin/init",
                "pid": 1,
                "resources_usage": null,
                "consumption": 0.0,
                "timestamp": 1721775000.6785743,
                "container": null
            }
        ],
        "sockets": [
            {
                "id": 0,
                "consumption": 21618156.0,
                "domains": [
                    {
                        "name": "uncore",
                        "consumption": 0.0,
                        "timestamp": 1721775000.6597435
                    },
                    {
                        "name": "core",
                        "consumption": 19347852.0,
                        "timestamp": 1721775000.6597328
                    }
                ],
                "timestamp": 1721775000.6596131
            }
        ]
    },
    {
        "host": {
            "consumption": 17049904.0,
            "timestamp": 1721775000.7132854,
            "components": {
                "disks": [
                    {
                        "disk_type": "SSD",
                        "disk_mount_point": "/etc/hosts",
                        "disk_is_removable": false,
                        "disk_file_system": "ext4",
                        "disk_total_bytes": "33634926592",
                        "disk_available_bytes": "9871249408",
                        "disk_name": "/dev/nvme0n1p4"
                    }
                ]
            }
        },
        "consumers": [
            {
                "exe": "/",
                "cmdline": "runcinit",
                "pid": 464806,
                "resources_usage": null,
                "consumption": 431643.12,
                "timestamp": 1721775000.7132442,
                "container": null
            },
            {
                "exe": "/usr/local/bin/scaphandre",
                "cmdline": "/usr/local/bin/scaphandrejson-s0--step-nano10000000-f/home/ce-p2-r-1/2/power.json",
                "pid": 464733,
                "resources_usage": null,
                "consumption": 215821.56,
                "timestamp": 1721775000.7132537,
                "container": null
            },
            {
                "exe": "",
                "cmdline": "",
                "pid": 458791,
                "resources_usage": null,
                "consumption": 0.0,
                "timestamp": 1721775000.713178,
                "container": null
            },
            {
                "exe": "",
                "cmdline": "",
                "pid": 2,
                "resources_usage": null,
                "consumption": 0.0,
                "timestamp": 1721775000.713179,
                "container": null
            },
            {
                "exe": "/usr/lib/systemd/systemd-resolved",
                "cmdline": "/lib/systemd/systemd-resolved",
                "pid": 698,
                "resources_usage": null,
                "consumption": 0.0,
                "timestamp": 1721775000.7131793,
                "container": null
            },
            {
                "exe": "",
                "cmdline": "",
                "pid": 46,
                "resources_usage": null,
                "consumption": 0.0,
                "timestamp": 1721775000.7131798,
                "container": null
            },
            {
                "exe": "",
                "cmdline": "",
                "pid": 299,
                "resources_usage": null,
                "consumption": 0.0,
                "timestamp": 1721775000.71318,
                "container": null
            },
            {
                "exe": "",
                "cmdline": "",
                "pid": 428940,
                "resources_usage": null,
                "consumption": 0.0,
                "timestamp": 1721775000.7131803,
                "container": null
            },
            {
                "exe": "",
                "cmdline": "",
                "pid": 464242,
                "resources_usage": null,
                "consumption": 0.0,
                "timestamp": 1721775000.7131805,
                "container": null
            },
            {
                "exe": "/usr/lib/systemd/systemd",
                "cmdline": "/sbin/init",
                "pid": 1,
                "resources_usage": null,
                "consumption": 0.0,
                "timestamp": 1721775000.7131813,
                "container": null
            }
        ],
        "sockets": [
            {
                "id": 0,
                "consumption": 15028487.0,
                "domains": [
                    {
                        "name": "uncore",
                        "consumption": 0.0,
                        "timestamp": 1721775000.6944485
                    },
                    {
                        "name": "core",
                        "consumption": 12693685.0,
                        "timestamp": 1721775000.6943622
                    }
                ],
                "timestamp": 1721775000.6941056
            }
        ]
    },
    {
        "host": {
            "consumption": 23047304.0,
            "timestamp": 1721775000.747779,
            "components": {
                "disks": [
                    {
                        "disk_type": "SSD",
                        "disk_mount_point": "/etc/hosts",
                        "disk_is_removable": false,
                        "disk_file_system": "ext4",
                        "disk_total_bytes": "33634926592",
                        "disk_available_bytes": "9871245312",
                        "disk_name": "/dev/nvme0n1p4"
                    }
                ]
            }
        },
        "consumers": [
            {
                "exe": "/",
                "cmdline": "runcinit",
                "pid": 464806,
                "resources_usage": null,
                "consumption": 437607.03,
                "timestamp": 1721775000.7477367,
                "container": null
            },
            {
                "exe": "/usr/local/bin/scaphandre",
                "cmdline": "/usr/local/bin/scaphandrejson-s0--step-nano10000000-f/home/ce-p2-r-1/2/power.json",
                "pid": 464733,
                "resources_usage": null,
                "consumption": 145869.02,
                "timestamp": 1721775000.7477467,
                "container": null
            },
            {
                "exe": "",
                "cmdline": "",
                "pid": 458791,
                "resources_usage": null,
                "consumption": 0.0,
                "timestamp": 1721775000.7476676,
                "container": null
            },
            {
                "exe": "",
                "cmdline": "",
                "pid": 2,
                "resources_usage": null,
                "consumption": 0.0,
                "timestamp": 1721775000.7476685,
                "container": null
            },
            {
                "exe": "/usr/lib/systemd/systemd-resolved",
                "cmdline": "/lib/systemd/systemd-resolved",
                "pid": 698,
                "resources_usage": null,
                "consumption": 0.0,
                "timestamp": 1721775000.747669,
                "container": null
            },
            {
                "exe": "",
                "cmdline": "",
                "pid": 46,
                "resources_usage": null,
                "consumption": 0.0,
                "timestamp": 1721775000.7476697,
                "container": null
            },
            {
                "exe": "",
                "cmdline": "",
                "pid": 299,
                "resources_usage": null,
                "consumption": 0.0,
                "timestamp": 1721775000.7476702,
                "container": null
            },
            {
                "exe": "",
                "cmdline": "",
                "pid": 428940,
                "resources_usage": null,
                "consumption": 0.0,
                "timestamp": 1721775000.7476707,
                "container": null
            },
            {
                "exe": "",
                "cmdline": "",
                "pid": 464242,
                "resources_usage": null,
                "consumption": 0.0,
                "timestamp": 1721775000.747671,
                "container": null
            },
            {
                "exe": "/usr/lib/systemd/systemd",
                "cmdline": "/sbin/init",
                "pid": 1,
                "resources_usage": null,
                "consumption": 0.0,
                "timestamp": 1721775000.7476711,
                "container": null
            }
        ],
        "sockets": [
            {
                "id": 0,
                "consumption": 18959336.0,
                "domains": [
                    {
                        "name": "uncore",
                        "consumption": 0.0,
                        "timestamp": 1721775000.7286868
                    },
                    {
                        "name": "core",
                        "consumption": 16690351.0,
                        "timestamp": 1721775000.7285762
                    }
                ],
                "timestamp": 1721775000.728365
            }
        ]
    },
    {
        "host": {
            "consumption": 24679508.0,
            "timestamp": 1721775000.7821352,
            "components": {
                "disks": [
                    {
                        "disk_type": "SSD",
                        "disk_mount_point": "/etc/hosts",
                        "disk_is_removable": false,
                        "disk_file_system": "ext4",
                        "disk_total_bytes": "33634926592",
                        "disk_available_bytes": "9871245312",
                        "disk_name": "/dev/nvme0n1p4"
                    }
                ]
            }
        },
        "consumers": [
            {
                "exe": "/",
                "cmdline": "runcinit",
                "pid": 464806,
                "resources_usage": null,
                "consumption": 468598.25,
                "timestamp": 1721775000.7819338,
                "container": null
            },
            {
                "exe": "/usr/local/bin/scaphandre",
                "cmdline": "/usr/local/bin/scaphandrejson-s0--step-nano10000000-f/home/ce-p2-r-1/2/power.json",
                "pid": 464733,
                "resources_usage": null,
                "consumption": 312398.84,
                "timestamp": 1721775000.7819426,
                "container": null
            },
            {
                "exe": "",
                "cmdline": "",
                "pid": 458791,
                "resources_usage": null,
                "consumption": 0.0,
                "timestamp": 1721775000.7818692,
                "container": null
            },
            {
                "exe": "",
                "cmdline": "",
                "pid": 2,
                "resources_usage": null,
                "consumption": 0.0,
                "timestamp": 1721775000.7818701,
                "container": null
            },
            {
                "exe": "/usr/lib/systemd/systemd-resolved",
                "cmdline": "/lib/systemd/systemd-resolved",
                "pid": 698,
                "resources_usage": null,
                "consumption": 0.0,
                "timestamp": 1721775000.7818706,
                "container": null
            },
            {
                "exe": "",
                "cmdline": "",
                "pid": 46,
                "resources_usage": null,
                "consumption": 0.0,
                "timestamp": 1721775000.7818718,
                "container": null
            },
            {
                "exe": "",
                "cmdline": "",
                "pid": 299,
                "resources_usage": null,
                "consumption": 0.0,
                "timestamp": 1721775000.781872,
                "container": null
            },
            {
                "exe": "",
                "cmdline": "",
                "pid": 428940,
                "resources_usage": null,
                "consumption": 0.0,
                "timestamp": 1721775000.7818723,
                "container": null
            },
            {
                "exe": "",
                "cmdline": "",
                "pid": 464242,
                "resources_usage": null,
                "consumption": 0.0,
                "timestamp": 1721775000.7818725,
                "container": null
            },
            {
                "exe": "/usr/lib/systemd/systemd",
                "cmdline": "/sbin/init",
                "pid": 1,
                "resources_usage": null,
                "consumption": 0.0,
                "timestamp": 1721775000.7818727,
                "container": null
            }
        ],
        "sockets": [
            {
                "id": 0,
                "consumption": 26902182.0,
                "domains": [
                    {
                        "name": "uncore",
                        "consumption": 0.0,
                        "timestamp": 1721775000.7629223
                    },
                    {
                        "name": "core",
                        "consumption": 24651132.0,
                        "timestamp": 1721775000.7629151
                    }
                ],
                "timestamp": 1721775000.762814
            }
        ]
    },
    {
        "host": {
            "consumption": 26535298.0,
            "timestamp": 1721775000.8168697,
            "components": {
                "disks": [
                    {
                        "disk_type": "SSD",
                        "disk_mount_point": "/etc/hosts",
                        "disk_is_removable": false,
                        "disk_file_system": "ext4",
                        "disk_total_bytes": "33634926592",
                        "disk_available_bytes": "9871241216",
                        "disk_name": "/dev/nvme0n1p4"
                    }
                ]
            }
        },
        "consumers": [
            {
                "exe": "/",
                "cmdline": "runcinit",
                "pid": 464806,
                "resources_usage": null,
                "consumption": 651172.94,
                "timestamp": 1721775000.816812,
                "container": null
            },
            {
                "exe": "/usr/local/bin/scaphandre",
                "cmdline": "/usr/local/bin/scaphandrejson-s0--step-nano10000000-f/home/ce-p2-r-1/2/power.json",
                "pid": 464733,
                "resources_usage": null,
                "consumption": 325586.47,
                "timestamp": 1721775000.8168228,
                "container": null
            },
            {
                "exe": "",
                "cmdline": "",
                "pid": 458791,
                "resources_usage": null,
                "consumption": 0.0,
                "timestamp": 1721775000.8167453,
                "container": null
            },
            {
                "exe": "",
                "cmdline": "",
                "pid": 2,
                "resources_usage": null,
                "consumption": 0.0,
                "timestamp": 1721775000.816747,
                "container": null
            },
            {
                "exe": "/usr/lib/systemd/systemd-resolved",
                "cmdline": "/lib/systemd/systemd-resolved",
                "pid": 698,
                "resources_usage": null,
                "consumption": 0.0,
                "timestamp": 1721775000.8167472,
                "container": null
            },
            {
                "exe": "",
                "cmdline": "",
                "pid": 46,
                "resources_usage": null,
                "consumption": 0.0,
                "timestamp": 1721775000.8167477,
                "container": null
            },
            {
                "exe": "",
                "cmdline": "",
                "pid": 299,
                "resources_usage": null,
                "consumption": 0.0,
                "timestamp": 1721775000.8167481,
                "container": null
            },
            {
                "exe": "",
                "cmdline": "",
                "pid": 428940,
                "resources_usage": null,
                "consumption": 0.0,
                "timestamp": 1721775000.8167484,
                "container": null
            },
            {
                "exe": "",
                "cmdline": "",
                "pid": 464242,
                "resources_usage": null,
                "consumption": 0.0,
                "timestamp": 1721775000.8167486,
                "container": null
            },
            {
                "exe": "/usr/lib/systemd/systemd",
                "cmdline": "/sbin/init",
                "pid": 1,
                "resources_usage": null,
                "consumption": 0.0,
                "timestamp": 1721775000.8167489,
                "container": null
            }
        ],
        "sockets": [
            {
                "id": 0,
                "consumption": 22023776.0,
                "domains": [
                    {
                        "name": "uncore",
                        "consumption": 0.0,
                        "timestamp": 1721775000.797713
                    },
                    {
                        "name": "core",
                        "consumption": 19588416.0,
                        "timestamp": 1721775000.7974982
                    }
                ],
                "timestamp": 1721775000.797184
            }
        ]
    },
    {
        "host": {
            "consumption": 13199052.0,
            "timestamp": 1721775000.8512645,
            "components": {
                "disks": [
                    {
                        "disk_type": "SSD",
                        "disk_mount_point": "/etc/hosts",
                        "disk_is_removable": false,
                        "disk_file_system": "ext4",
                        "disk_total_bytes": "33634926592",
                        "disk_available_bytes": "9871241216",
                        "disk_name": "/dev/nvme0n1p4"
                    }
                ]
            }
        },
        "consumers": [
            {
                "exe": "/",
                "cmdline": "runcinit",
                "pid": 464806,
                "resources_usage": null,
                "consumption": 323903.1,
                "timestamp": 1721775000.851164,
                "container": null
            },
            {
                "exe": "/usr/local/bin/scaphandre",
                "cmdline": "/usr/local/bin/scaphandrejson-s0--step-nano10000000-f/home/ce-p2-r-1/2/power.json",
                "pid": 464733,
                "resources_usage": null,
                "consumption": 161951.55,
                "timestamp": 1721775000.8511736,
                "container": null
            },
            {
                "exe": "",
                "cmdline": "",
                "pid": 458791,
                "resources_usage": null,
                "consumption": 0.0,
                "timestamp": 1721775000.8511026,
                "container": null
            },
            {
                "exe": "",
                "cmdline": "",
                "pid": 2,
                "resources_usage": null,
                "consumption": 0.0,
                "timestamp": 1721775000.8511033,
                "container": null
            },
            {
                "exe": "/usr/lib/systemd/systemd-resolved",
                "cmdline": "/lib/systemd/systemd-resolved",
                "pid": 698,
                "resources_usage": null,
                "consumption": 0.0,
                "timestamp": 1721775000.8511038,
                "container": null
            },
            {
                "exe": "",
                "cmdline": "",
                "pid": 46,
                "resources_usage": null,
                "consumption": 0.0,
                "timestamp": 1721775000.8511043,
                "container": null
            },
            {
                "exe": "",
                "cmdline": "",
                "pid": 299,
                "resources_usage": null,
                "consumption": 0.0,
                "timestamp": 1721775000.8511045,
                "container": null
            },
            {
                "exe": "",
                "cmdline": "",
                "pid": 428940,
                "resources_usage": null,
                "consumption": 0.0,
                "timestamp": 1721775000.8511047,
                "container": null
            },
            {
                "exe": "",
                "cmdline": "",
                "pid": 464242,
                "resources_usage": null,
                "consumption": 0.0,
                "timestamp": 1721775000.8511052,
                "container": null
            },
            {
                "exe": "/usr/lib/systemd/systemd",
                "cmdline": "/sbin/init",
                "pid": 1,
                "resources_usage": null,
                "consumption": 0.0,
                "timestamp": 1721775000.8511052,
                "container": null
            }
        ],
        "sockets": [
            {
                "id": 0,
                "consumption": 16027397.0,
                "domains": [
                    {
                        "name": "uncore",
                        "consumption": 0.0,
                        "timestamp": 1721775000.8328006
                    },
                    {
                        "name": "core",
                        "consumption": 13796587.0,
                        "timestamp": 1721775000.832571
                    }
                ],
                "timestamp": 1721775000.8322191
            }
        ]
    },
    {
        "host": {
            "consumption": 23530630.0,
            "timestamp": 1721775000.8889713,
            "components": {
                "disks": [
                    {
                        "disk_type": "SSD",
                        "disk_mount_point": "/etc/hosts",
                        "disk_is_removable": false,
                        "disk_file_system": "ext4",
                        "disk_total_bytes": "33634926592",
                        "disk_available_bytes": "9871237120",
                        "disk_name": "/dev/nvme0n1p4"
                    }
                ]
            }
        },
        "consumers": [
            {
                "exe": "/",
                "cmdline": "runcinit",
                "pid": 464806,
                "resources_usage": null,
                "consumption": 433079.1,
                "timestamp": 1721775000.8887103,
                "container": null
            },
            {
                "exe": "/usr/local/bin/scaphandre",
                "cmdline": "/usr/local/bin/scaphandrejson-s0--step-nano10000000-f/home/ce-p2-r-1/2/power.json",
                "pid": 464733,
                "resources_usage": null,
                "consumption": 288719.38,
                "timestamp": 1721775000.8887205,
                "container": null
            },
            {
                "exe": "",
                "cmdline": "",
                "pid": 458791,
                "resources_usage": null,
                "consumption": 0.0,
                "timestamp": 1721775000.8886378,
                "container": null
            },
            {
                "exe": "",
                "cmdline": "",
                "pid": 2,
                "resources_usage": null,
                "consumption": 0.0,
                "timestamp": 1721775000.8886447,
                "container": null
            },
            {
                "exe": "/usr/lib/systemd/systemd-resolved",
                "cmdline": "/lib/systemd/systemd-resolved",
                "pid": 698,
                "resources_usage": null,
                "consumption": 0.0,
                "timestamp": 1721775000.888645,
                "container": null
            },
            {
                "exe": "",
                "cmdline": "",
                "pid": 46,
                "resources_usage": null,
                "consumption": 0.0,
                "timestamp": 1721775000.8886456,
                "container": null
            },
            {
                "exe": "",
                "cmdline": "",
                "pid": 299,
                "resources_usage": null,
                "consumption": 0.0,
                "timestamp": 1721775000.888646,
                "container": null
            },
            {
                "exe": "",
                "cmdline": "",
                "pid": 428940,
                "resources_usage": null,
                "consumption": 0.0,
                "timestamp": 1721775000.8886461,
                "container": null
            },
            {
                "exe": "",
                "cmdline": "",
                "pid": 464242,
                "resources_usage": null,
                "consumption": 0.0,
                "timestamp": 1721775000.8886464,
                "container": null
            },
            {
                "exe": "/usr/lib/systemd/systemd",
                "cmdline": "/sbin/init",
                "pid": 1,
                "resources_usage": null,
                "consumption": 0.0,
                "timestamp": 1721775000.8886466,
                "container": null
            }
        ],
        "sockets": [
            {
                "id": 0,
                "consumption": 22194030.0,
                "domains": [
                    {
                        "name": "uncore",
                        "consumption": 0.0,
                        "timestamp": 1721775000.8666892
                    },
                    {
                        "name": "core",
                        "consumption": 19963418.0,
                        "timestamp": 1721775000.8666787
                    }
                ],
                "timestamp": 1721775000.866551
            }
        ]
    },
    {
        "host": {
            "consumption": 15287676.0,
            "timestamp": 1721775000.923997,
            "components": {
                "disks": [
                    {
                        "disk_type": "SSD",
                        "disk_mount_point": "/etc/hosts",
                        "disk_is_removable": false,
                        "disk_file_system": "ext4",
                        "disk_total_bytes": "33634926592",
                        "disk_available_bytes": "9871237120",
                        "disk_name": "/dev/nvme0n1p4"
                    }
                ]
            }
        },
        "consumers": [
            {
                "exe": "/",
                "cmdline": "runcinit",
                "pid": 464806,
                "resources_usage": null,
                "consumption": 375157.7,
                "timestamp": 1721775000.9238942,
                "container": null
            },
            {
                "exe": "/usr/local/bin/scaphandre",
                "cmdline": "/usr/local/bin/scaphandrejson-s0--step-nano10000000-f/home/ce-p2-r-1/2/power.json",
                "pid": 464733,
                "resources_usage": null,
                "consumption": 187578.84,
                "timestamp": 1721775000.9239032,
                "container": null
            },
            {
                "exe": "",
                "cmdline": "",
                "pid": 458791,
                "resources_usage": null,
                "consumption": 0.0,
                "timestamp": 1721775000.9238281,
                "container": null
            },
            {
                "exe": "",
                "cmdline": "",
                "pid": 2,
                "resources_usage": null,
                "consumption": 0.0,
                "timestamp": 1721775000.9238296,
                "container": null
            },
            {
                "exe": "/usr/lib/systemd/systemd-resolved",
                "cmdline": "/lib/systemd/systemd-resolved",
                "pid": 698,
                "resources_usage": null,
                "consumption": 0.0,
                "timestamp": 1721775000.92383,
                "container": null
            },
            {
                "exe": "",
                "cmdline": "",
                "pid": 46,
                "resources_usage": null,
                "consumption": 0.0,
                "timestamp": 1721775000.9238303,
                "container": null
            },
            {
                "exe": "",
                "cmdline": "",
                "pid": 299,
                "resources_usage": null,
                "consumption": 0.0,
                "timestamp": 1721775000.9238307,
                "container": null
            },
            {
                "exe": "",
                "cmdline": "",
                "pid": 428940,
                "resources_usage": null,
                "consumption": 0.0,
                "timestamp": 1721775000.923831,
                "container": null
            },
            {
                "exe": "",
                "cmdline": "",
                "pid": 464242,
                "resources_usage": null,
                "consumption": 0.0,
                "timestamp": 1721775000.9238312,
                "container": null
            },
            {
                "exe": "/usr/lib/systemd/systemd",
                "cmdline": "/sbin/init",
                "pid": 1,
                "resources_usage": null,
                "consumption": 0.0,
                "timestamp": 1721775000.9238315,
                "container": null
            }
        ],
        "sockets": [
            {
                "id": 0,
                "consumption": 19907508.0,
                "domains": [
                    {
                        "name": "uncore",
                        "consumption": 0.0,
                        "timestamp": 1721775000.9047782
                    },
                    {
                        "name": "core",
                        "consumption": 17210208.0,
                        "timestamp": 1721775000.9046009
                    }
                ],
                "timestamp": 1721775000.9042864
            }
        ]
    },
    {
        "host": {
            "consumption": 19532088.0,
            "timestamp": 1721775000.957911,
            "components": {
                "disks": [
                    {
                        "disk_type": "SSD",
                        "disk_mount_point": "/etc/hosts",
                        "disk_is_removable": false,
                        "disk_file_system": "ext4",
                        "disk_total_bytes": "33634926592",
                        "disk_available_bytes": "9871233024",
                        "disk_name": "/dev/nvme0n1p4"
                    }
                ]
            }
        },
        "consumers": [
            {
                "exe": "/",
                "cmdline": "runcinit",
                "pid": 464806,
                "resources_usage": null,
                "consumption": 359486.28,
                "timestamp": 1721775000.957798,
                "container": null
            },
            {
                "exe": "/usr/local/bin/scaphandre",
                "cmdline": "/usr/local/bin/scaphandrejson-s0--step-nano10000000-f/home/ce-p2-r-1/2/power.json",
                "pid": 464733,
                "resources_usage": null,
                "consumption": 239657.52,
                "timestamp": 1721775000.957807,
                "container": null
            },
            {
                "exe": "",
                "cmdline": "",
                "pid": 458791,
                "resources_usage": null,
                "consumption": 0.0,
                "timestamp": 1721775000.9577348,
                "container": null
            },
            {
                "exe": "",
                "cmdline": "",
                "pid": 2,
                "resources_usage": null,
                "consumption": 0.0,
                "timestamp": 1721775000.9577358,
                "container": null
            },
            {
                "exe": "/usr/lib/systemd/systemd-resolved",
                "cmdline": "/lib/systemd/systemd-resolved",
                "pid": 698,
                "resources_usage": null,
                "consumption": 0.0,
                "timestamp": 1721775000.957736,
                "container": null
            },
            {
                "exe": "",
                "cmdline": "",
                "pid": 46,
                "resources_usage": null,
                "consumption": 0.0,
                "timestamp": 1721775000.9577367,
                "container": null
            },
            {
                "exe": "",
                "cmdline": "",
                "pid": 299,
                "resources_usage": null,
                "consumption": 0.0,
                "timestamp": 1721775000.957737,
                "container": null
            },
            {
                "exe": "",
                "cmdline": "",
                "pid": 428940,
                "resources_usage": null,
                "consumption": 0.0,
                "timestamp": 1721775000.9577372,
                "container": null
            },
            {
                "exe": "",
                "cmdline": "",
                "pid": 464242,
                "resources_usage": null,
                "consumption": 0.0,
                "timestamp": 1721775000.9577377,
                "container": null
            },
            {
                "exe": "/usr/lib/systemd/systemd",
                "cmdline": "/sbin/init",
                "pid": 1,
                "resources_usage": null,
                "consumption": 0.0,
                "timestamp": 1721775000.9577377,
                "container": null
            }
        ],
        "sockets": [
            {
                "id": 0,
                "consumption": 24482648.0,
                "domains": [
                    {
                        "name": "uncore",
                        "consumption": 0.0,
                        "timestamp": 1721775000.939169
                    },
                    {
                        "name": "core",
                        "consumption": 22258736.0,
                        "timestamp": 1721775000.9391592
                    }
                ],
                "timestamp": 1721775000.9390461
            }
        ]
    },
    {
        "host": {
            "consumption": 27505192.0,
            "timestamp": 1721775000.9935753,
            "components": {
                "disks": [
                    {
                        "disk_type": "SSD",
                        "disk_mount_point": "/etc/hosts",
                        "disk_is_removable": false,
                        "disk_file_system": "ext4",
                        "disk_total_bytes": "33634926592",
                        "disk_available_bytes": "9871233024",
                        "disk_name": "/dev/nvme0n1p4"
                    }
                ]
            }
        },
        "consumers": [
            {
                "exe": "/",
                "cmdline": "runcinit",
                "pid": 464806,
                "resources_usage": null,
                "consumption": 674974.0,
                "timestamp": 1721775000.993465,
                "container": null
            },
            {
                "exe": "/usr/local/bin/scaphandre",
                "cmdline": "/usr/local/bin/scaphandrejson-s0--step-nano10000000-f/home/ce-p2-r-1/2/power.json",
                "pid": 464733,
                "resources_usage": null,
                "consumption": 168743.5,
                "timestamp": 1721775000.9934773,
                "container": null
            },
            {
                "exe": "",
                "cmdline": "",
                "pid": 458791,
                "resources_usage": null,
                "consumption": 0.0,
                "timestamp": 1721775000.9933813,
                "container": null
            },
            {
                "exe": "",
                "cmdline": "",
                "pid": 2,
                "resources_usage": null,
                "consumption": 0.0,
                "timestamp": 1721775000.9933825,
                "container": null
            },
            {
                "exe": "/usr/lib/systemd/systemd-resolved",
                "cmdline": "/lib/systemd/systemd-resolved",
                "pid": 698,
                "resources_usage": null,
                "consumption": 0.0,
                "timestamp": 1721775000.993383,
                "container": null
            },
            {
                "exe": "",
                "cmdline": "",
                "pid": 46,
                "resources_usage": null,
                "consumption": 0.0,
                "timestamp": 1721775000.9933834,
                "container": null
            },
            {
                "exe": "",
                "cmdline": "",
                "pid": 299,
                "resources_usage": null,
                "consumption": 0.0,
                "timestamp": 1721775000.9933841,
                "container": null
            },
            {
                "exe": "",
                "cmdline": "",
                "pid": 428940,
                "resources_usage": null,
                "consumption": 0.0,
                "timestamp": 1721775000.9933846,
                "container": null
            },
            {
                "exe": "",
                "cmdline": "",
                "pid": 464242,
                "resources_usage": null,
                "consumption": 0.0,
                "timestamp": 1721775000.993385,
                "container": null
            },
            {
                "exe": "/usr/lib/systemd/systemd",
                "cmdline": "/sbin/init",
                "pid": 1,
                "resources_usage": null,
                "consumption": 0.0,
                "timestamp": 1721775000.9933853,
                "container": null
            }
        ],
        "sockets": [
            {
                "id": 0,
                "consumption": 18161188.0,
                "domains": [
                    {
                        "name": "uncore",
                        "consumption": 0.0,
                        "timestamp": 1721775000.9736698
                    },
                    {
                        "name": "core",
                        "consumption": 15700102.0,
                        "timestamp": 1721775000.9734824
                    }
                ],
                "timestamp": 1721775000.973161
            }
        ]
    },
    {
        "host": {
            "consumption": 14489529.0,
            "timestamp": 1721775001.0295951,
            "components": {
                "disks": [
                    {
                        "disk_type": "SSD",
                        "disk_mount_point": "/etc/hosts",
                        "disk_is_removable": false,
                        "disk_file_system": "ext4",
                        "disk_total_bytes": "33634926592",
                        "disk_available_bytes": "9871228928",
                        "disk_name": "/dev/nvme0n1p4"
                    }
                ]
            }
        },
        "consumers": [
            {
                "exe": "/usr/local/bin/scaphandre",
                "cmdline": "/usr/local/bin/scaphandrejson-s0--step-nano10000000-f/home/ce-p2-r-1/2/power.json",
                "pid": 464733,
                "resources_usage": null,
                "consumption": 258741.61,
                "timestamp": 1721775001.0293484,
                "container": null
            },
            {
                "exe": "/",
                "cmdline": "runcinit",
                "pid": 464806,
                "resources_usage": null,
                "consumption": 258741.61,
                "timestamp": 1721775001.0293388,
                "container": null
            },
            {
                "exe": "",
                "cmdline": "",
                "pid": 458791,
                "resources_usage": null,
                "consumption": 0.0,
                "timestamp": 1721775001.0292742,
                "container": null
            },
            {
                "exe": "",
                "cmdline": "",
                "pid": 2,
                "resources_usage": null,
                "consumption": 0.0,
                "timestamp": 1721775001.0292754,
                "container": null
            },
            {
                "exe": "/usr/lib/systemd/systemd-resolved",
                "cmdline": "/lib/systemd/systemd-resolved",
                "pid": 698,
                "resources_usage": null,
                "consumption": 0.0,
                "timestamp": 1721775001.0292757,
                "container": null
            },
            {
                "exe": "",
                "cmdline": "",
                "pid": 46,
                "resources_usage": null,
                "consumption": 0.0,
                "timestamp": 1721775001.0292761,
                "container": null
            },
            {
                "exe": "",
                "cmdline": "",
                "pid": 299,
                "resources_usage": null,
                "consumption": 0.0,
                "timestamp": 1721775001.0292764,
                "container": null
            },
            {
                "exe": "",
                "cmdline": "",
                "pid": 428940,
                "resources_usage": null,
                "consumption": 0.0,
                "timestamp": 1721775001.0292766,
                "container": null
            },
            {
                "exe": "",
                "cmdline": "",
                "pid": 464242,
                "resources_usage": null,
                "consumption": 0.0,
                "timestamp": 1721775001.0292773,
                "container": null
            },
            {
                "exe": "/usr/lib/systemd/systemd",
                "cmdline": "/sbin/init",
                "pid": 1,
                "resources_usage": null,
                "consumption": 0.0,
                "timestamp": 1721775001.0292776,
                "container": null
            }
        ],
        "sockets": [
            {
                "id": 0,
                "consumption": 18347260.0,
                "domains": [
                    {
                        "name": "uncore",
                        "consumption": 0.0,
                        "timestamp": 1721775001.0112686
                    },
                    {
                        "name": "core",
                        "consumption": 16133653.0,
                        "timestamp": 1721775001.0112565
                    }
                ],
                "timestamp": 1721775001.0110981
            }
        ]
    },
    {
        "host": {
            "consumption": 24905168.0,
            "timestamp": 1721775001.0647602,
            "components": {
                "disks": [
                    {
                        "disk_type": "SSD",
                        "disk_mount_point": "/etc/hosts",
                        "disk_is_removable": false,
                        "disk_file_system": "ext4",
                        "disk_total_bytes": "33634926592",
                        "disk_available_bytes": "9871228928",
                        "disk_name": "/dev/nvme0n1p4"
                    }
                ]
            }
        },
        "consumers": [
            {
                "exe": "/",
                "cmdline": "runcinit",
                "pid": 464806,
                "resources_usage": null,
                "consumption": 592980.2,
                "timestamp": 1721775001.0645509,
                "container": null
            },
            {
                "exe": "/usr/local/bin/scaphandre",
                "cmdline": "/usr/local/bin/scaphandrejson-s0--step-nano10000000-f/home/ce-p2-r-1/2/power.json",
                "pid": 464733,
                "resources_usage": null,
                "consumption": 296490.1,
                "timestamp": 1721775001.0645607,
                "container": null
            },
            {
                "exe": "",
                "cmdline": "",
                "pid": 458791,
                "resources_usage": null,
                "consumption": 0.0,
                "timestamp": 1721775001.0644875,
                "container": null
            },
            {
                "exe": "",
                "cmdline": "",
                "pid": 2,
                "resources_usage": null,
                "consumption": 0.0,
                "timestamp": 1721775001.0644884,
                "container": null
            },
            {
                "exe": "/usr/lib/systemd/systemd-resolved",
                "cmdline": "/lib/systemd/systemd-resolved",
                "pid": 698,
                "resources_usage": null,
                "consumption": 0.0,
                "timestamp": 1721775001.064489,
                "container": null
            },
            {
                "exe": "",
                "cmdline": "",
                "pid": 46,
                "resources_usage": null,
                "consumption": 0.0,
                "timestamp": 1721775001.0644894,
                "container": null
            },
            {
                "exe": "",
                "cmdline": "",
                "pid": 299,
                "resources_usage": null,
                "consumption": 0.0,
                "timestamp": 1721775001.0644896,
                "container": null
            },
            {
                "exe": "",
                "cmdline": "",
                "pid": 428940,
                "resources_usage": null,
                "consumption": 0.0,
                "timestamp": 1721775001.06449,
                "container": null
            },
            {
                "exe": "",
                "cmdline": "",
                "pid": 464242,
                "resources_usage": null,
                "consumption": 0.0,
                "timestamp": 1721775001.0644903,
                "container": null
            },
            {
                "exe": "/usr/lib/systemd/systemd",
                "cmdline": "/sbin/init",
                "pid": 1,
                "resources_usage": null,
                "consumption": 0.0,
                "timestamp": 1721775001.0644906,
                "container": null
            }
        ],
        "sockets": [
            {
                "id": 0,
                "consumption": 23616480.0,
                "domains": [
                    {
                        "name": "uncore",
                        "consumption": 0.0,
                        "timestamp": 1721775001.0458024
                    },
                    {
                        "name": "core",
                        "consumption": 21195160.0,
                        "timestamp": 1721775001.0455792
                    }
                ],
                "timestamp": 1721775001.0452642
            }
        ]
    },
    {
        "host": {
            "consumption": 17927660.0,
            "timestamp": 1721775001.0989313,
            "components": {
                "disks": [
                    {
                        "disk_type": "SSD",
                        "disk_mount_point": "/etc/hosts",
                        "disk_is_removable": false,
                        "disk_file_system": "ext4",
                        "disk_total_bytes": "33634926592",
                        "disk_available_bytes": "9871224832",
                        "disk_name": "/dev/nvme0n1p4"
                    }
                ]
            }
        },
        "consumers": [
            {
                "exe": "/",
                "cmdline": "runcinit",
                "pid": 464806,
                "resources_usage": null,
                "consumption": 320136.8,
                "timestamp": 1721775001.0988147,
                "container": null
            },
            {
                "exe": "/usr/local/bin/scaphandre",
                "cmdline": "/usr/local/bin/scaphandrejson-s0--step-nano10000000-f/home/ce-p2-r-1/2/power.json",
                "pid": 464733,
                "resources_usage": null,
                "consumption": 213424.53,
                "timestamp": 1721775001.0988278,
                "container": null
            },
            {
                "exe": "",
                "cmdline": "",
                "pid": 458791,
                "resources_usage": null,
                "consumption": 0.0,
                "timestamp": 1721775001.0987282,
                "container": null
            },
            {
                "exe": "",
                "cmdline": "",
                "pid": 2,
                "resources_usage": null,
                "consumption": 0.0,
                "timestamp": 1721775001.0987294,
                "container": null
            },
            {
                "exe": "/usr/lib/systemd/systemd-resolved",
                "cmdline": "/lib/systemd/systemd-resolved",
                "pid": 698,
                "resources_usage": null,
                "consumption": 0.0,
                "timestamp": 1721775001.0987298,
                "container": null
            },
            {
                "exe": "",
                "cmdline": "",
                "pid": 46,
                "resources_usage": null,
                "consumption": 0.0,
                "timestamp": 1721775001.0987303,
                "container": null
            },
            {
                "exe": "",
                "cmdline": "",
                "pid": 299,
                "resources_usage": null,
                "consumption": 0.0,
                "timestamp": 1721775001.0987308,
                "container": null
            },
            {
                "exe": "",
                "cmdline": "",
                "pid": 428940,
                "resources_usage": null,
                "consumption": 0.0,
                "timestamp": 1721775001.098731,
                "container": null
            },
            {
                "exe": "",
                "cmdline": "",
                "pid": 464242,
                "resources_usage": null,
                "consumption": 0.0,
                "timestamp": 1721775001.0987315,
                "container": null
            },
            {
                "exe": "/usr/lib/systemd/systemd",
                "cmdline": "/sbin/init",
                "pid": 1,
                "resources_usage": null,
                "consumption": 0.0,
                "timestamp": 1721775001.0987318,
                "container": null
            }
        ],
        "sockets": [
            {
                "id": 0,
                "consumption": 14952550.0,
                "domains": [
                    {
                        "name": "uncore",
                        "consumption": 0.0,
                        "timestamp": 1721775001.0798934
                    },
                    {
                        "name": "core",
                        "consumption": 12701935.0,
                        "timestamp": 1721775001.0798833
                    }
                ],
                "timestamp": 1721775001.0797687
            }
        ]
    }
]