{
    "host_energy_total_shapiro": {
        "stat": 0.9781952822188792,
        "p": 0.7758053852461853
    },
    "host_energy_per_repetition_shapiro": {
        "stat": 0.9781952822188792,
        "p": 0.7758053852461853
    },
    "process_energy_total_shapiro": {
        "stat": 0.9795188715204436,
        "p": 0.8126189251733995
    },
    "process_energy_per_repetition_shapiro": {
        "stat": 0.9795188715204436,
        "p": 0.8126189251733995
    },
    "timestamp_running_time_shapiro": {
        "stat": 0.9714138956902176,
        "p": 0.5785470435733333
    },
    "host_power_mean_shapiro": {
        "stat": 0.9695437798026972,
        "p": 0.5267679925123581
    }
}