{
    "timestamp_analysis": {
        "mean": 0.02512075298351779,
        "std": 0.0018037917495482396,
        "min": 0.0213162899017334,
        "max": 0.03347325325012207,
        "median": 0.024611949920654297,
        "running_time": 15.801073551177979
    },
    "host_energy_analysis": {
        "total": 287.359752956419,
        "per_repetition": 5.74719505912838e-07
    },
    "host_power_analysis": {
        "mean": 18.23371855555556,
        "std": 5.618642194204895,
        "min": 5.207651,
        "max": 34.48855,
        "median": 17.96941
    },
    "process_energy_analysis": {
        "total": 4.3076964198744125,
        "per_repetition": 8.615392839748825e-09
    }
}