{
    "timestamp_analysis": {
        "mean": 0.03529355447616935,
        "std": 0.001389671233260231,
        "min": 0.03181338310241699,
        "max": 0.04089689254760742,
        "median": 0.03511309623718262,
        "running_time": 7.517651557922363
    },
    "host_energy_analysis": {
        "total": 144.10024966858305,
        "per_repetition": 0.0002882004993371661
    },
    "host_power_analysis": {
        "mean": 19.18477575233645,
        "std": 5.235317264058029,
        "min": 6.958011,
        "max": 33.433204,
        "median": 19.139961
    },
    "process_energy_analysis": {
        "total": 3.121116839828408,
        "per_repetition": 6.242233679656816e-06
    }
}