{
    "timestamp_analysis": {
        "mean": 0.025617458202220774,
        "std": 0.0017718974276244254,
        "min": 0.022037029266357422,
        "max": 0.03452754020690918,
        "median": 0.025173306465148926,
        "running_time": 8.300183057785034
    },
    "host_energy_analysis": {
        "total": 163.51397710561957,
        "per_repetition": 1.6351397710561956e-05
    },
    "host_power_analysis": {
        "mean": 19.704704753846155,
        "std": 6.057859532650184,
        "min": 5.936643,
        "max": 40.258084,
        "median": 19.582636
    },
    "process_energy_analysis": {
        "total": 2.541036899514613,
        "per_repetition": 2.5410368995146133e-07
    }
}