{
    "timestamp_analysis": {
        "mean": 0.02543411147728395,
        "std": 0.0017316555613058377,
        "min": 0.022435426712036133,
        "max": 0.03307151794433594,
        "median": 0.02505970001220703,
        "running_time": 11.318317890167236
    },
    "host_energy_analysis": {
        "total": 228.5056454217143,
        "per_repetition": 2.285056454217143e-05
    },
    "host_power_analysis": {
        "mean": 20.201455840807174,
        "std": 5.838259149036099,
        "min": 5.359066,
        "max": 38.569896,
        "median": 19.738503
    },
    "process_energy_analysis": {
        "total": 3.579340544678405,
        "per_repetition": 3.5793405446784046e-07
    }
}