{
    "timestamp_analysis": {
        "mean": 0.026681678471457918,
        "std": 0.001777792117245986,
        "min": 0.02360701560974121,
        "max": 0.03724026679992676,
        "median": 0.026424884796142578,
        "running_time": 8.29812741279602
    },
    "host_energy_analysis": {
        "total": 158.35577610298418,
        "per_repetition": 1.5835577610298418e-05
    },
    "host_power_analysis": {
        "mean": 19.112341118589743,
        "std": 5.8556238068397075,
        "min": 5.473393,
        "max": 37.832936,
        "median": 19.120508
    },
    "process_energy_analysis": {
        "total": 2.537564780997373,
        "per_repetition": 2.5375647809973733e-07
    }
}