{
    "timestamp_analysis": {
        "mean": 0.025340592202964737,
        "std": 0.0018978235863584183,
        "min": 0.0217130184173584,
        "max": 0.034401655197143555,
        "median": 0.024966955184936523,
        "running_time": 8.261155128479004
    },
    "host_energy_analysis": {
        "total": 148.7108869613074,
        "per_repetition": 2.974217739226148e-07
    },
    "host_power_analysis": {
        "mean": 18.009745889908256,
        "std": 6.050627873046048,
        "min": 4.729503,
        "max": 38.077384,
        "median": 17.523292
    },
    "process_energy_analysis": {
        "total": 2.245366354862528,
        "per_repetition": 4.490732709725056e-09
    }
}