{
    "timestamp_analysis": {
        "mean": 0.03412785062496312,
        "std": 0.0014792259258730894,
        "min": 0.03043842315673828,
        "max": 0.046257734298706055,
        "median": 0.033876895904541016,
        "running_time": 29.930387496948242
    },
    "host_energy_analysis": {
        "total": 559.4421542328606,
        "per_repetition": 1.864807180776202e-05
    },
    "host_power_analysis": {
        "mean": 18.690125371298404,
        "std": 5.122992437321627,
        "min": 5.67386,
        "max": 35.39168,
        "median": 18.487541999999998
    },
    "process_energy_analysis": {
        "total": 11.59233570587062,
        "per_repetition": 3.8641119019568733e-07
    }
}