{
    "timestamp_analysis": {
        "mean": 0.03536127873552524,
        "std": 0.002711179448722289,
        "min": 0.03168821334838867,
        "max": 0.08289551734924316,
        "median": 0.03479909896850586,
        "running_time": 21.74748158454895
    },
    "host_energy_analysis": {
        "total": 422.9153546546738,
        "per_repetition": 1.4097178488489128e-05
    },
    "host_power_analysis": {
        "mean": 19.440239374999997,
        "std": 5.217172579815309,
        "min": 6.275404,
        "max": 42.65881,
        "median": 19.154753
    },
    "process_energy_analysis": {
        "total": 9.34476886645329,
        "per_repetition": 3.11492295548443e-07
    }
}