{
    "timestamp_analysis": {
        "mean": 0.025917450945748703,
        "std": 0.0018850151866679115,
        "min": 0.022392988204956055,
        "max": 0.03498244285583496,
        "median": 0.02530217170715332,
        "running_time": 11.481586694717407
    },
    "host_energy_analysis": {
        "total": 231.09061332489395,
        "per_repetition": 2.3109061332489396e-05
    },
    "host_power_analysis": {
        "mean": 20.15719806981982,
        "std": 6.142344458676579,
        "min": 5.619757,
        "max": 41.91077,
        "median": 19.846504
    },
    "process_energy_analysis": {
        "total": 3.668725169494096,
        "per_repetition": 3.668725169494096e-07
    }
}