{
    "timestamp_analysis": {
        "mean": 0.025874112043587416,
        "std": 0.001831972704948726,
        "min": 0.02233266830444336,
        "max": 0.034363508224487305,
        "median": 0.0253908634185791,
        "running_time": 8.357454538345337
    },
    "host_energy_analysis": {
        "total": 160.92300921877015,
        "per_repetition": 1.6092300921877014e-05
    },
    "host_power_analysis": {
        "mean": 19.257250666666664,
        "std": 5.663964946474329,
        "min": 7.391685,
        "max": 36.181452,
        "median": 18.840274
    },
    "process_energy_analysis": {
        "total": 2.532565686565703,
        "per_repetition": 2.532565686565703e-07
    }
}