{
    "timestamp_analysis": {
        "mean": 0.03648461311313181,
        "std": 0.0025987992229125267,
        "min": 0.03179121017456055,
        "max": 0.04761385917663574,
        "median": 0.035813093185424805,
        "running_time": 10.252326011657715
    },
    "host_energy_analysis": {
        "total": 255.8946441485932,
        "per_repetition": 0.0008529821471619773
    },
    "host_power_analysis": {
        "mean": 24.87662530851064,
        "std": 6.789696065477164,
        "min": 10.434685,
        "max": 44.468428,
        "median": 24.647926
    },
    "process_energy_analysis": {
        "total": 8.995083699351513,
        "per_repetition": 2.998361233117171e-05
    }
}