{
    "timestamp_analysis": {
        "mean": 0.034576940536499026,
        "std": 0.001296932144547269,
        "min": 0.03255820274353027,
        "max": 0.0390472412109375,
        "median": 0.03471255302429199,
        "running_time": 0.8645443916320801
    },
    "host_energy_analysis": {
        "total": 14.600317375032306,
        "per_repetition": 0.004866772458344102
    },
    "host_power_analysis": {
        "mean": 16.961730000000003,
        "std": 5.226440139725777,
        "min": 8.011596,
        "max": 27.362972,
        "median": 17.475928
    },
    "process_energy_analysis": {
        "total": 0.2912939069578552,
        "per_repetition": 9.709796898595172e-05
    }
}