{
    "timestamp_analysis": {
        "mean": 0.03555174160003662,
        "std": 0.0018315282824626475,
        "min": 0.03285360336303711,
        "max": 0.04457688331604004,
        "median": 0.03513455390930176,
        "running_time": 8.888113260269165
    },
    "host_energy_analysis": {
        "total": 171.26798412849746,
        "per_repetition": 0.0017126798412849746
    },
    "host_power_analysis": {
        "mean": 19.284659462151396,
        "std": 5.310714035908972,
        "min": 6.477162,
        "max": 32.903562,
        "median": 18.796748
    },
    "process_energy_analysis": {
        "total": 3.5597429195813537,
        "per_repetition": 3.559742919581354e-05
    }
}