{
    "timestamp_analysis": {
        "mean": 0.025176827014415256,
        "std": 0.002694961669550934,
        "min": 0.021199464797973633,
        "max": 0.07364344596862793,
        "median": 0.02457284927368164,
        "running_time": 16.264411449432373
    },
    "host_energy_analysis": {
        "total": 281.0371929791992,
        "per_repetition": 5.620743859583983e-09
    },
    "host_power_analysis": {
        "mean": 17.31355033075734,
        "std": 5.547188609951421,
        "min": 3.896578,
        "max": 37.415228,
        "median": 16.935088
    },
    "process_energy_analysis": {
        "total": 4.229735049771749,
        "per_repetition": 8.459470099543498e-11
    }
}