{
    "timestamp_analysis": {
        "mean": 0.025082767103305977,
        "std": 0.0015144764517977327,
        "min": 0.021904945373535156,
        "max": 0.03350710868835449,
        "median": 0.02476215362548828,
        "running_time": 15.977848529815674
    },
    "host_energy_analysis": {
        "total": 287.57107263567,
        "per_repetition": 5.7514214527134e-07
    },
    "host_power_analysis": {
        "mean": 18.029803945141065,
        "std": 5.815650150633504,
        "min": 3.737327,
        "max": 37.19907,
        "median": 18.214942
    },
    "process_energy_analysis": {
        "total": 4.331350408228667,
        "per_repetition": 8.662700816457334e-09
    }
}