{
    "timestamp_analysis": {
        "mean": 0.035946445031599564,
        "std": 0.0019477938347336704,
        "min": 0.03275704383850098,
        "max": 0.041445255279541016,
        "median": 0.03528428077697754,
        "running_time": 1.5817782878875732
    },
    "host_energy_analysis": {
        "total": 28.414158188772323,
        "per_repetition": 5.6828316377544645e-05
    },
    "host_power_analysis": {
        "mean": 17.970723644444448,
        "std": 4.593347615758196,
        "min": 7.223776,
        "max": 29.805168,
        "median": 18.371312
    },
    "process_energy_analysis": {
        "total": 0.6048395746803976,
        "per_repetition": 1.2096791493607953e-06
    }
}