{
    "timestamp_analysis": {
        "mean": 0.026259587825029747,
        "std": 0.002939100043869387,
        "min": 0.022664308547973633,
        "max": 0.07281231880187988,
        "median": 0.02564406394958496,
        "running_time": 11.423096418380737
    },
    "host_energy_analysis": {
        "total": 220.121139797472,
        "per_repetition": 2.2012113979747202e-05
    },
    "host_power_analysis": {
        "mean": 19.288869311926604,
        "std": 6.071103214625347,
        "min": 5.723228,
        "max": 40.894836,
        "median": 19.261321000000002
    },
    "process_energy_analysis": {
        "total": 3.5533421509811296,
        "per_repetition": 3.55334215098113e-07
    }
}