{
    "timestamp_analysis": {
        "mean": 0.03526629010836283,
        "std": 0.0017205410576191583,
        "min": 0.032051801681518555,
        "max": 0.04447007179260254,
        "median": 0.03501248359680176,
        "running_time": 5.078477621078491
    },
    "host_energy_analysis": {
        "total": 91.03922286998295,
        "per_repetition": 3.034640762332765e-06
    },
    "host_power_analysis": {
        "mean": 17.955176855172414,
        "std": 5.040630053162832,
        "min": 8.840413,
        "max": 31.899836,
        "median": 17.419466
    },
    "process_energy_analysis": {
        "total": 2.050057663435438,
        "per_repetition": 6.833525544784793e-08
    }
}