{
    "timestamp_analysis": {
        "mean": 0.03542465209960938,
        "std": 0.001677129678493385,
        "min": 0.03223156929016113,
        "max": 0.03903388977050781,
        "median": 0.03513956069946289,
        "running_time": 0.8857414722442627
    },
    "host_energy_analysis": {
        "total": 17.461795167992115,
        "per_repetition": 0.005820598389330705
    },
    "host_power_analysis": {
        "mean": 19.73644357692308,
        "std": 4.8485570304220715,
        "min": 6.507688,
        "max": 28.053904,
        "median": 20.47226
    },
    "process_energy_analysis": {
        "total": 0.3582352788253379,
        "per_repetition": 0.00011941175960844597
    }
}