{
    "timestamp_analysis": {
        "mean": 0.034456076100468636,
        "std": 0.00162531890663512,
        "min": 0.030800342559814453,
        "max": 0.042641401290893555,
        "median": 0.034177422523498535,
        "running_time": 8.820895671844482
    },
    "host_energy_analysis": {
        "total": 171.37048744568122,
        "per_repetition": 0.0017137048744568122
    },
    "host_power_analysis": {
        "mean": 19.411050050583658,
        "std": 5.34051104500291,
        "min": 6.016249,
        "max": 35.969936,
        "median": 18.896472
    },
    "process_energy_analysis": {
        "total": 3.549635424779546,
        "per_repetition": 3.549635424779546e-05
    }
}