{
    "timestamp_analysis": {
        "mean": 0.03481074245088104,
        "std": 0.0017944905587820342,
        "min": 0.031152009963989258,
        "max": 0.04552292823791504,
        "median": 0.034330129623413086,
        "running_time": 21.478355884552002
    },
    "host_energy_analysis": {
        "total": 435.98259105345335,
        "per_repetition": 1.4532753035115112e-05
    },
    "host_power_analysis": {
        "mean": 20.30537523462783,
        "std": 5.276653125776242,
        "min": 6.723976,
        "max": 36.605296,
        "median": 20.140926
    },
    "process_energy_analysis": {
        "total": 9.567724138003275,
        "per_repetition": 3.189241379334425e-07
    }
}