{
    "timestamp_analysis": {
        "mean": 0.03575167245271674,
        "std": 0.0017670513258533256,
        "min": 0.03284001350402832,
        "max": 0.04330897331237793,
        "median": 0.03533196449279785,
        "running_time": 7.472221612930298
    },
    "host_energy_analysis": {
        "total": 144.80115494681195,
        "per_repetition": 0.0002896023098936239
    },
    "host_power_analysis": {
        "mean": 19.3613839,
        "std": 4.8530191889971475,
        "min": 8.635797,
        "max": 31.38056,
        "median": 19.043038000000003
    },
    "process_energy_analysis": {
        "total": 3.122566962925257,
        "per_repetition": 6.245133925850513e-06
    }
}