{
    "timestamp_analysis": {
        "mean": 0.034021428177476595,
        "std": 0.001308839943808389,
        "min": 0.03072524070739746,
        "max": 0.042052268981933594,
        "median": 0.033779025077819824,
        "running_time": 12.179780721664429
    },
    "host_energy_analysis": {
        "total": 223.73184905002012,
        "per_repetition": 7.457728301667337e-06
    },
    "host_power_analysis": {
        "mean": 18.37191729805014,
        "std": 5.413294742616227,
        "min": 6.345044,
        "max": 33.533324,
        "median": 18.146724
    },
    "process_energy_analysis": {
        "total": 4.638532602612122,
        "per_repetition": 1.5461775342040404e-07
    }
}