{
    "timestamp_analysis": {
        "mean": 0.03537913885983554,
        "std": 0.0010106756262239995,
        "min": 0.0328981876373291,
        "max": 0.03870439529418945,
        "median": 0.035257577896118164,
        "running_time": 1.5569546222686768
    },
    "host_energy_analysis": {
        "total": 28.142338032440424,
        "per_repetition": 5.628467606488085e-05
    },
    "host_power_analysis": {
        "mean": 18.035489533333333,
        "std": 5.757240288022626,
        "min": 9.336918,
        "max": 34.837544,
        "median": 16.977264
    },
    "process_energy_analysis": {
        "total": 0.6133366732970593,
        "per_repetition": 1.2266733465941186e-06
    }
}