{
    "timestamp_analysis": {
        "mean": 0.025002625931140988,
        "std": 0.001632529924672941,
        "min": 0.021694421768188477,
        "max": 0.0354313850402832,
        "median": 0.024646997451782227,
        "running_time": 16.126846313476562
    },
    "host_energy_analysis": {
        "total": 282.158239641793,
        "per_repetition": 5.64316479283586e-09
    },
    "host_power_analysis": {
        "mean": 17.489377964396287,
        "std": 5.182323211773987,
        "min": 3.735254,
        "max": 32.127898,
        "median": 17.620884
    },
    "process_energy_analysis": {
        "total": 4.204354390082404,
        "per_repetition": 8.408708780164808e-11
    }
}