{
    "timestamp_analysis": {
        "mean": 0.024975287581680456,
        "std": 0.0017383772572548367,
        "min": 0.021687984466552734,
        "max": 0.03408670425415039,
        "median": 0.024562358856201172,
        "running_time": 17.008291244506836
    },
    "host_energy_analysis": {
        "total": 310.64927443685684,
        "per_repetition": 6.212985488737136e-07
    },
    "host_power_analysis": {
        "mean": 18.28917917888563,
        "std": 5.632263339010247,
        "min": 3.475909,
        "max": 41.58608,
        "median": 17.968321
    },
    "process_energy_analysis": {
        "total": 4.611247996318408,
        "per_repetition": 9.222495992636816e-09
    }
}