{
    "timestamp_analysis": {
        "mean": 0.025333116883816925,
        "std": 0.0016661539863102569,
        "min": 0.02290797233581543,
        "max": 0.03258705139160156,
        "median": 0.025035500526428223,
        "running_time": 4.661418199539185
    },
    "host_energy_analysis": {
        "total": 87.34896411423027,
        "per_repetition": 8.734896411423027e-08
    },
    "host_power_analysis": {
        "mean": 18.75822037837838,
        "std": 5.631861065775802,
        "min": 4.973876,
        "max": 36.26449,
        "median": 18.491578
    },
    "process_energy_analysis": {
        "total": 1.3291955162871885,
        "per_repetition": 1.3291955162871885e-09
    }
}