{
    "timestamp_analysis": {
        "mean": 0.025398655961721372,
        "std": 0.0018103145992320682,
        "min": 0.022169828414916992,
        "max": 0.03821372985839844,
        "median": 0.02502274513244629,
        "running_time": 15.848881721496582
    },
    "host_energy_analysis": {
        "total": 290.40477795512606,
        "per_repetition": 5.808095559102521e-07
    },
    "host_power_analysis": {
        "mean": 18.3499014768,
        "std": 5.532738050818081,
        "min": 5.08007,
        "max": 35.547772,
        "median": 18.326198
    },
    "process_energy_analysis": {
        "total": 4.448244257493905,
        "per_repetition": 8.89648851498781e-09
    }
}