{
    "timestamp_analysis": {
        "mean": 0.03533719774203007,
        "std": 0.005472753176804224,
        "min": 0.031287431716918945,
        "max": 0.16323208808898926,
        "median": 0.03464210033416748,
        "running_time": 21.83852195739746
    },
    "host_energy_analysis": {
        "total": 418.5206861488608,
        "per_repetition": 1.395068953829536e-05
    },
    "host_power_analysis": {
        "mean": 19.166512602584813,
        "std": 5.2043777434653915,
        "min": 5.763853,
        "max": 34.94616,
        "median": 19.012368
    },
    "process_energy_analysis": {
        "total": 9.163611171649084,
        "per_repetition": 3.0545370572163614e-07
    }
}