{
    "timestamp_analysis": {
        "mean": 0.02514163418449599,
        "std": 0.0018006911489817023,
        "min": 0.021746397018432617,
        "max": 0.03210282325744629,
        "median": 0.024641752243041992,
        "running_time": 6.813504219055176
    },
    "host_energy_analysis": {
        "total": 118.36532830720782,
        "per_repetition": 1.1836532830720781e-07
    },
    "host_power_analysis": {
        "mean": 17.41655948161765,
        "std": 5.352895262231528,
        "min": 4.841112,
        "max": 32.894732,
        "median": 17.234426
    },
    "process_energy_analysis": {
        "total": 1.7790937905104098,
        "per_repetition": 1.7790937905104098e-09
    }
}