{
    "host_energy_total": {
        "0": 227.19632898883222,
        "1": {
            "value": 159.23572661668067,
            "difference": -67.96060237215156,
            "change_perc": 29.91,
            "ttest": {
                "stat": 92.76923551463787,
                "p": 2.4906839787232194e-64
            },
            "cohen_d": 23.952913612572406
        }
    },
    "host_energy_per_repetition": {
        "0": 2.2719632898883218e-05,
        "1": {
            "value": 1.592357266166807e-05,
            "difference": -6.7960602372151494e-06,
            "change_perc": 29.91,
            "ttest": {
                "stat": 92.76923551463778,
                "p": 2.4906839787232896e-64
            },
            "cohen_d": 23.952913612572388
        }
    },
    "process_energy_total": {
        "0": 3.5822785641062516,
        "1": {
            "value": 2.5056151729880165,
            "difference": -1.076663391118235,
            "change_perc": 30.06,
            "ttest": {
                "stat": 75.87346828694713,
                "p": 4.033420206786511e-58
            },
            "cohen_d": 19.59044527295619
        }
    },
    "process_energy_per_repetition": {
        "0": 3.5822785641062517e-07,
        "1": {
            "value": 2.505615172988016e-07,
            "difference": -1.0766633911182356e-07,
            "change_perc": 30.06,
            "ttest": {
                "stat": 75.87346828694713,
                "p": 4.033420206786626e-58
            },
            "cohen_d": 19.59044527295619
        }
    },
    "timestamp_running_time": {
        "0": 11.372030305862427,
        "1": {
            "value": 8.33190442721049,
            "difference": -3.0401258786519367,
            "change_perc": 26.73,
            "ttest": {
                "stat": 135.49932871624904,
                "p": 8.647773335888615e-64
            },
            "cohen_d": 34.98577623602113
        }
    },
    "host_power_mean": {
        "0": 19.999678541536557,
        "1": {
            "value": 19.133208606900077,
            "difference": -0.8664699346364806,
            "change_perc": 4.33,
            "ttest": {
                "stat": 8.948550398074733,
                "p": 2.067405425537861e-12
            },
            "cohen_d": 2.3105057776294124
        }
    }
}