{
    "timestamp_analysis": {
        "mean": 0.025837421417236328,
        "std": 0.0016100318404421298,
        "min": 0.022650480270385742,
        "max": 0.03391265869140625,
        "median": 0.025672435760498047,
        "running_time": 9.404947757720947
    },
    "host_energy_analysis": {
        "total": 168.41125197982166,
        "per_repetition": 3.368225039596433e-07
    },
    "host_power_analysis": {
        "mean": 17.947393789041094,
        "std": 5.752849430946446,
        "min": 3.436988,
        "max": 34.602364,
        "median": 17.736196
    },
    "process_energy_analysis": {
        "total": 2.6191234129446377,
        "per_repetition": 5.238246825889275e-09
    }
}