{
    "timestamp_analysis": {
        "mean": 0.02621549839197203,
        "std": 0.002025046999953474,
        "min": 0.022140979766845703,
        "max": 0.03571200370788574,
        "median": 0.02578139305114746,
        "running_time": 11.27279257774353
    },
    "host_energy_analysis": {
        "total": 229.12973501500096,
        "per_repetition": 2.2912973501500095e-05
    },
    "host_power_analysis": {
        "mean": 20.31943377726218,
        "std": 6.4612111731179285,
        "min": 4.732243,
        "max": 47.952476,
        "median": 20.58298
    },
    "process_energy_analysis": {
        "total": 3.6577577920780224,
        "per_repetition": 3.6577577920780225e-07
    }
}