{
    "host_energy_total_shapiro": {
        "stat": 0.9725557885394013,
        "p": 0.6112081112021767
    },
    "host_energy_per_repetition_shapiro": {
        "stat": 0.9725557885394013,
        "p": 0.611208111202177
    },
    "process_energy_total_shapiro": {
        "stat": 0.9436443174738018,
        "p": 0.11404211820003352
    },
    "process_energy_per_repetition_shapiro": {
        "stat": 0.9436443174738017,
        "p": 0.11404211820003296
    },
    "timestamp_running_time_shapiro": {
        "stat": 0.9215287995057623,
        "p": 0.02939086572635337
    },
    "host_power_mean_shapiro": {
        "stat": 0.9510420433873794,
        "p": 0.180269806292147
    }
}