{
    "timestamp_analysis": {
        "mean": 0.03424541155497233,
        "std": 0.001583035334427787,
        "min": 0.032266855239868164,
        "max": 0.040207862854003906,
        "median": 0.03394460678100586,
        "running_time": 0.7192790508270264
    },
    "host_energy_analysis": {
        "total": 13.105877031293751,
        "per_repetition": 0.00013105877031293752
    },
    "host_power_analysis": {
        "mean": 18.2851465,
        "std": 3.8017371195224845,
        "min": 8.203039,
        "max": 24.239964,
        "median": 18.913512
    },
    "process_energy_analysis": {
        "total": 0.2533345417434228,
        "per_repetition": 2.533345417434228e-06
    }
}