{
    "host_energy_total": {
        "0": 169.93650497418034,
        "1": {
            "value": 153.5727788594797,
            "difference": -16.363726114700626,
            "change_perc": 9.63,
            "ttest": {
                "stat": 18.08541695622107,
                "p": 1.833410648162192e-25
            },
            "cohen_d": 4.669634578710762
        }
    },
    "host_energy_per_repetition": {
        "0": 3.398730099483607e-07,
        "1": {
            "value": 3.071455577189595e-07,
            "difference": -3.272745222940116e-08,
            "change_perc": 9.63,
            "ttest": {
                "stat": 18.085416956221028,
                "p": 1.8334106481624012e-25
            },
            "cohen_d": 4.669634578710752
        }
    },
    "process_energy_total": {
        "0": 2.595597179649847,
        "1": {
            "value": 2.3484403943611345,
            "difference": -0.24715678528871265,
            "change_perc": 9.52,
            "ttest": {
                "stat": 14.771852170011316,
                "p": 4.2549867844421734e-21
            },
            "cohen_d": 3.814075829806115
        }
    },
    "process_energy_per_repetition": {
        "0": 5.191194359299694e-09,
        "1": {
            "value": 4.696880788722269e-09,
            "difference": -4.943135705774247e-10,
            "change_perc": 9.52,
            "ttest": {
                "stat": 14.771852170011297,
                "p": 4.254986784442419e-21
            },
            "cohen_d": 3.8140758298061095
        }
    },
    "timestamp_running_time": {
        "0": 9.43614202340444,
        "1": {
            "value": 8.390379285812378,
            "difference": -1.045762737592062,
            "change_perc": 11.08,
            "mannwhitneyu": {
                "stat": 900.0,
                "p": 3.0198593591621564e-11
            },
            "effect_size": -1.0
        }
    },
    "host_power_mean": {
        "0": 18.034182261953045,
        "1": {
            "value": 18.3234130086986,
            "difference": 0.28923074674555593,
            "change_perc": -1.6,
            "ttest": {
                "stat": -2.622897539872518,
                "p": 0.011272752533618901
            },
            "cohen_d": -0.6772292327156444
        }
    }
}