{
    "timestamp_analysis": {
        "mean": 0.025083263472812933,
        "std": 0.0017636353205475242,
        "min": 0.021747350692749023,
        "max": 0.033687591552734375,
        "median": 0.02471911907196045,
        "running_time": 16.454744577407837
    },
    "host_energy_analysis": {
        "total": 312.8188679007048,
        "per_repetition": 6.256377358014096e-07
    },
    "host_power_analysis": {
        "mean": 19.048316178082192,
        "std": 6.327882240462026,
        "min": 4.194395,
        "max": 43.692212,
        "median": 19.135238
    },
    "process_energy_analysis": {
        "total": 4.716404468716698,
        "per_repetition": 9.432808937433396e-09
    }
}