{
    "timestamp_analysis": {
        "mean": 0.025177228924454443,
        "std": 0.0016524977394694643,
        "min": 0.021685361862182617,
        "max": 0.032906532287597656,
        "median": 0.024956345558166504,
        "running_time": 15.207263469696045
    },
    "host_energy_analysis": {
        "total": 288.23118325414504,
        "per_repetition": 5.7646236650829e-07
    },
    "host_power_analysis": {
        "mean": 18.968746406611572,
        "std": 5.946125392179429,
        "min": 5.562224,
        "max": 40.94069,
        "median": 18.898556
    },
    "process_energy_analysis": {
        "total": 4.392537157547505,
        "per_repetition": 8.78507431509501e-09
    }
}