{
    "timestamp_analysis": {
        "mean": 0.0346701064806306,
        "std": 0.0014804310996131289,
        "min": 0.0317082405090332,
        "max": 0.04313015937805176,
        "median": 0.03440546989440918,
        "running_time": 9.257036209106445
    },
    "host_energy_analysis": {
        "total": 160.60329442543576,
        "per_repetition": 0.0016060329442543577
    },
    "host_power_analysis": {
        "mean": 17.33453055970149,
        "std": 5.088301939452614,
        "min": 6.325985,
        "max": 32.36688,
        "median": 17.358591
    },
    "process_energy_analysis": {
        "total": 3.340308704702916,
        "per_repetition": 3.3403087047029156e-05
    }
}