{
    "timestamp_analysis": {
        "mean": 0.025271025709450817,
        "std": 0.0017028060486940174,
        "min": 0.022106170654296875,
        "max": 0.03657698631286621,
        "median": 0.024824142456054688,
        "running_time": 15.81978440284729
    },
    "host_energy_analysis": {
        "total": 287.09941863483976,
        "per_repetition": 5.741988372696796e-07
    },
    "host_power_analysis": {
        "mean": 18.173710055821374,
        "std": 5.756106121121384,
        "min": 3.522075,
        "max": 37.96282,
        "median": 18.031712
    },
    "process_energy_analysis": {
        "total": 4.392674141707174,
        "per_repetition": 8.78534828341435e-09
    }
}