{
    "timestamp_analysis": {
        "mean": 0.025169284617314575,
        "std": 0.0016201716311358793,
        "min": 0.02180933952331543,
        "max": 0.03403639793395996,
        "median": 0.02485346794128418,
        "running_time": 15.353391647338867
    },
    "host_energy_analysis": {
        "total": 291.0926196553595,
        "per_repetition": 5.82185239310719e-07
    },
    "host_power_analysis": {
        "mean": 18.962900620294597,
        "std": 5.763770897528851,
        "min": 5.51647,
        "max": 42.64373,
        "median": 18.772688
    },
    "process_energy_analysis": {
        "total": 4.461192069836221,
        "per_repetition": 8.922384139672441e-09
    }
}