{
    "timestamp_analysis": {
        "mean": 0.02560954958527953,
        "std": 0.0017344354667008632,
        "min": 0.022808074951171875,
        "max": 0.037392616271972656,
        "median": 0.025255918502807617,
        "running_time": 4.661056041717529
    },
    "host_energy_analysis": {
        "total": 85.60015657477904,
        "per_repetition": 8.560015657477903e-08
    },
    "host_power_analysis": {
        "mean": 18.43364327322404,
        "std": 6.030340331023612,
        "min": 5.324473,
        "max": 39.530452,
        "median": 18.518984
    },
    "process_energy_analysis": {
        "total": 1.3198999102880955,
        "per_repetition": 1.3198999102880954e-09
    }
}