{
    "timestamp_analysis": {
        "mean": 0.03504929184353967,
        "std": 0.0017753606007485736,
        "min": 0.031699419021606445,
        "max": 0.042294979095458984,
        "median": 0.03465437889099121,
        "running_time": 7.465663909912109
    },
    "host_energy_analysis": {
        "total": 144.1849426055577,
        "per_repetition": 0.00028836988521111536
    },
    "host_power_analysis": {
        "mean": 19.312466528037383,
        "std": 5.417257721991963,
        "min": 6.153388,
        "max": 37.090736,
        "median": 19.122549
    },
    "process_energy_analysis": {
        "total": 3.1265727379986226,
        "per_repetition": 6.253145475997245e-06
    }
}