{
    "timestamp_analysis": {
        "mean": 0.03557264804840088,
        "std": 0.0019795634508939382,
        "min": 0.03269386291503906,
        "max": 0.04276704788208008,
        "median": 0.035152554512023926,
        "running_time": 4.90913987159729
    },
    "host_energy_analysis": {
        "total": 98.18217117720093,
        "per_repetition": 3.272739039240031e-06
    },
    "host_power_analysis": {
        "mean": 20.00581471223022,
        "std": 5.258729984932798,
        "min": 9.179829,
        "max": 34.11869,
        "median": 19.175088
    },
    "process_energy_analysis": {
        "total": 2.1549699295414886,
        "per_repetition": 7.183233098471628e-08
    }
}