{
    "timestamp_analysis": {
        "mean": 0.025506213714516227,
        "std": 0.0015045150577541622,
        "min": 0.023200511932373047,
        "max": 0.03294539451599121,
        "median": 0.025263071060180664,
        "running_time": 4.667741537094116
    },
    "host_energy_analysis": {
        "total": 83.87553903916776,
        "per_repetition": 8.387553903916777e-08
    },
    "host_power_analysis": {
        "mean": 17.983524728260868,
        "std": 5.616053254779413,
        "min": 5.681637,
        "max": 34.18314,
        "median": 18.130169000000002
    },
    "process_energy_analysis": {
        "total": 1.2855398628502956,
        "per_repetition": 1.2855398628502957e-09
    }
}