{
    "timestamp_analysis": {
        "mean": 0.02522147883166064,
        "std": 0.0016553389189073956,
        "min": 0.021601438522338867,
        "max": 0.033753395080566406,
        "median": 0.02485513687133789,
        "running_time": 11.19846248626709
    },
    "host_energy_analysis": {
        "total": 227.52387260187294,
        "per_repetition": 2.2752387260187295e-05
    },
    "host_power_analysis": {
        "mean": 20.306498182022473,
        "std": 6.298123830602538,
        "min": 4.382285,
        "max": 42.44589,
        "median": 20.005616
    },
    "process_energy_analysis": {
        "total": 3.4723037883126153,
        "per_repetition": 3.472303788312615e-07
    }
}