{
    "timestamp_analysis": {
        "mean": 0.025681138774495064,
        "std": 0.001553629273771257,
        "min": 0.0230712890625,
        "max": 0.03368520736694336,
        "median": 0.0253756046295166,
        "running_time": 8.320803165435791
    },
    "host_energy_analysis": {
        "total": 149.87394401561653,
        "per_repetition": 2.9974788803123305e-07
    },
    "host_power_analysis": {
        "mean": 18.004279756923076,
        "std": 5.74117955577239,
        "min": 3.864719,
        "max": 35.727868,
        "median": 17.923422
    },
    "process_energy_analysis": {
        "total": 2.339155872651815,
        "per_repetition": 4.67831174530363e-09
    }
}