{
    "timestamp_analysis": {
        "mean": 0.03646535491278778,
        "std": 0.0031385182416914102,
        "min": 0.031937360763549805,
        "max": 0.0519716739654541,
        "median": 0.035388946533203125,
        "running_time": 10.465688943862915
    },
    "host_energy_analysis": {
        "total": 261.0286937617718,
        "per_repetition": 0.0008700956458725727
    },
    "host_power_analysis": {
        "mean": 24.861599118055555,
        "std": 7.2890063781266505,
        "min": 5.783919,
        "max": 51.000264,
        "median": 24.036976
    },
    "process_energy_analysis": {
        "total": 9.912144366276989,
        "per_repetition": 3.3040481220923294e-05
    }
}