{
    "timestamp_analysis": {
        "mean": 0.02500993959642276,
        "std": 0.0018036917682620025,
        "min": 0.021371126174926758,
        "max": 0.036002397537231445,
        "median": 0.024553298950195312,
        "running_time": 15.281241416931152
    },
    "host_energy_analysis": {
        "total": 294.42963129838427,
        "per_repetition": 5.888592625967685e-07
    },
    "host_power_analysis": {
        "mean": 19.30309447058824,
        "std": 6.152779952202105,
        "min": 3.994468,
        "max": 44.78067,
        "median": 19.064449
    },
    "process_energy_analysis": {
        "total": 4.407095884393241,
        "per_repetition": 8.814191768786482e-09
    }
}