{
    "timestamp_analysis": {
        "mean": 0.025765808906344417,
        "std": 0.0020413724767171276,
        "min": 0.023300647735595703,
        "max": 0.03645515441894531,
        "median": 0.025328397750854492,
        "running_time": 4.663731813430786
    },
    "host_energy_analysis": {
        "total": 81.86591404796374,
        "per_repetition": 8.186591404796374e-08
    },
    "host_power_analysis": {
        "mean": 17.55554360989011,
        "std": 5.952588289728642,
        "min": 4.905984,
        "max": 33.68708,
        "median": 17.482302
    },
    "process_energy_analysis": {
        "total": 1.2783728520713207,
        "per_repetition": 1.2783728520713207e-09
    }
}