{
    "host_energy_total_shapiro": {
        "stat": 0.9665691174408786,
        "p": 0.45004719123005904
    },
    "host_energy_per_repetition_shapiro": {
        "stat": 0.9665691174408783,
        "p": 0.45004719123005066
    },
    "process_energy_total_shapiro": {
        "stat": 0.9669094495794981,
        "p": 0.45843208823086073
    },
    "process_energy_per_repetition_shapiro": {
        "stat": 0.9669094495794978,
        "p": 0.45843208823085235
    },
    "timestamp_running_time_shapiro": {
        "stat": 0.9483715247270837,
        "p": 0.15288064254041456
    },
    "host_power_mean_shapiro": {
        "stat": 0.9627672648399486,
        "p": 0.3638254809399232
    }
}