{
    "timestamp_analysis": {
        "mean": 0.03653836837956603,
        "std": 0.002792170667564459,
        "min": 0.03173208236694336,
        "max": 0.04620170593261719,
        "median": 0.03561663627624512,
        "running_time": 10.377104043960571
    },
    "host_energy_analysis": {
        "total": 264.1535520274772,
        "per_repetition": 0.0008805118400915906
    },
    "host_power_analysis": {
        "mean": 25.373610003508773,
        "std": 7.017226889835886,
        "min": 8.823595,
        "max": 44.55403,
        "median": 24.907092
    },
    "process_energy_analysis": {
        "total": 10.169077365554417,
        "per_repetition": 3.389692455184805e-05
    }
}