{
    "timestamp_analysis": {
        "mean": 0.02519511955414526,
        "std": 0.005825233287053527,
        "min": 0.021250009536743164,
        "max": 0.1660163402557373,
        "median": 0.024498701095581055,
        "running_time": 16.30135440826416
    },
    "host_energy_analysis": {
        "total": 309.9216915625211,
        "per_repetition": 6.198433831250422e-07
    },
    "host_power_analysis": {
        "mean": 19.004665631172838,
        "std": 5.995116308271521,
        "min": 5.475663,
        "max": 38.105012,
        "median": 19.076437
    },
    "process_energy_analysis": {
        "total": 4.66903238469321,
        "per_repetition": 9.338064769386421e-09
    }
}