{
    "host_energy_total_shapiro": {
        "stat": 0.9681725345828195,
        "p": 0.49046101615275467
    },
    "host_energy_per_repetition_shapiro": {
        "stat": 0.9681725345828189,
        "p": 0.4904610161527396
    },
    "process_energy_total_shapiro": {
        "stat": 0.949885188502615,
        "p": 0.16786707335840234
    },
    "process_energy_per_repetition_shapiro": {
        "stat": 0.9498851885026156,
        "p": 0.16786707335840856
    },
    "timestamp_running_time_shapiro": {
        "stat": 0.9686757209224833,
        "p": 0.5036057420641309
    },
    "host_power_mean_shapiro": {
        "stat": 0.9752856114875668,
        "p": 0.6911465425192658
    }
}