{
    "timestamp_analysis": {
        "mean": 0.024951944687615142,
        "std": 0.00158397570278408,
        "min": 0.021761655807495117,
        "max": 0.03446507453918457,
        "median": 0.024620413780212402,
        "running_time": 16.268796920776367
    },
    "host_energy_analysis": {
        "total": 284.4407590318841,
        "per_repetition": 5.6888151806376825e-09
    },
    "host_power_analysis": {
        "mean": 17.491547232771826,
        "std": 5.180677372731323,
        "min": 5.016149,
        "max": 32.236998,
        "median": 17.38952
    },
    "process_energy_analysis": {
        "total": 4.287021836298759,
        "per_repetition": 8.574043672597519e-11
    }
}