{
    "timestamp_analysis": {
        "mean": 0.025981034551348006,
        "std": 0.0018943685054735404,
        "min": 0.022989749908447266,
        "max": 0.03965258598327637,
        "median": 0.025595784187316895,
        "running_time": 11.275949954986572
    },
    "host_energy_analysis": {
        "total": 231.82024045998693,
        "per_repetition": 2.3182024045998695e-05
    },
    "host_power_analysis": {
        "mean": 20.555467411494256,
        "std": 6.060783656916598,
        "min": 6.615586,
        "max": 43.338212,
        "median": 20.103334
    },
    "process_energy_analysis": {
        "total": 3.681444461261701,
        "per_repetition": 3.681444461261701e-07
    }
}