{
    "timestamp_analysis": {
        "mean": 0.03610326105709275,
        "std": 0.0025486088489999875,
        "min": 0.031358957290649414,
        "max": 0.0442655086517334,
        "median": 0.035321950912475586,
        "running_time": 10.361785173416138
    },
    "host_energy_analysis": {
        "total": 265.4101379427664,
        "per_repetition": 0.0008847004598092214
    },
    "host_power_analysis": {
        "mean": 25.459906572916665,
        "std": 7.815013448591903,
        "min": 7.541555,
        "max": 49.08532,
        "median": 25.252195999999998
    },
    "process_energy_analysis": {
        "total": 10.434541637824307,
        "per_repetition": 3.478180545941435e-05
    }
}