{
    "timestamp_analysis": {
        "mean": 0.025551328292259805,
        "std": 0.0016589044633007455,
        "min": 0.02297830581665039,
        "max": 0.03363394737243652,
        "median": 0.025129079818725586,
        "running_time": 4.650561809539795
    },
    "host_energy_analysis": {
        "total": 81.24323822837698,
        "per_repetition": 8.124323822837698e-08
    },
    "host_power_analysis": {
        "mean": 17.48009622404372,
        "std": 5.539907704647789,
        "min": 5.414878,
        "max": 34.579204,
        "median": 17.300238
    },
    "process_energy_analysis": {
        "total": 1.2631445289811079,
        "per_repetition": 1.2631445289811078e-09
    }
}