{
    "timestamp_analysis": {
        "mean": 0.03484327825781417,
        "std": 0.0015790666792849484,
        "min": 0.03166031837463379,
        "max": 0.04084515571594238,
        "median": 0.03461122512817383,
        "running_time": 7.630847454071045
    },
    "host_energy_analysis": {
        "total": 139.30971503691268,
        "per_repetition": 0.00027861943007382537
    },
    "host_power_analysis": {
        "mean": 18.321898163636362,
        "std": 5.2556995773827495,
        "min": 7.663735,
        "max": 37.423104,
        "median": 17.719106
    },
    "process_energy_analysis": {
        "total": 3.0148213467912806,
        "per_repetition": 6.029642693582561e-06
    }
}