{
    "timestamp_analysis": {
        "mean": 0.02484976988572341,
        "std": 0.0015048692122525038,
        "min": 0.021572113037109375,
        "max": 0.03310036659240723,
        "median": 0.024503707885742188,
        "running_time": 16.15246319770813
    },
    "host_energy_analysis": {
        "total": 276.841863890842,
        "per_repetition": 5.5368372778168395e-09
    },
    "host_power_analysis": {
        "mean": 17.164290586789555,
        "std": 5.331552801386543,
        "min": 4.357009,
        "max": 34.578148,
        "median": 17.279272
    },
    "process_energy_analysis": {
        "total": 4.099190761233213,
        "per_repetition": 8.198381522466425e-11
    }
}