{
    "timestamp_analysis": {
        "mean": 0.03662337507292578,
        "std": 0.003073684767575433,
        "min": 0.03220033645629883,
        "max": 0.04771089553833008,
        "median": 0.03552579879760742,
        "running_time": 10.950538635253906
    },
    "host_energy_analysis": {
        "total": 275.51911575691486,
        "per_repetition": 0.0009183970525230495
    },
    "host_power_analysis": {
        "mean": 25.09685116333333,
        "std": 6.318806838453683,
        "min": 8.092071,
        "max": 42.92249,
        "median": 24.84921
    },
    "process_energy_analysis": {
        "total": 10.888316338254484,
        "per_repetition": 3.6294387794181615e-05
    }
}