{
    "timestamp_analysis": {
        "mean": 0.02519618096898814,
        "std": 0.0015070512150536807,
        "min": 0.023121356964111328,
        "max": 0.03386735916137695,
        "median": 0.02488994598388672,
        "running_time": 4.611011743545532
    },
    "host_energy_analysis": {
        "total": 84.49764562390638,
        "per_repetition": 8.449764562390638e-08
    },
    "host_power_analysis": {
        "mean": 18.3439285,
        "std": 5.252382034111695,
        "min": 4.803247,
        "max": 34.304332,
        "median": 18.364767999999998
    },
    "process_energy_analysis": {
        "total": 1.2898091919882326,
        "per_repetition": 1.2898091919882326e-09
    }
}