{
    "timestamp_analysis": {
        "mean": 0.0372208873708765,
        "std": 0.0031272420563523405,
        "min": 0.03178048133850098,
        "max": 0.052282094955444336,
        "median": 0.036437153816223145,
        "running_time": 10.64528751373291
    },
    "host_energy_analysis": {
        "total": 259.89668388964105,
        "per_repetition": 0.0008663222796321369
    },
    "host_power_analysis": {
        "mean": 24.349678637630664,
        "std": 6.852583587111973,
        "min": 8.559152,
        "max": 45.959936,
        "median": 23.997804
    },
    "process_energy_analysis": {
        "total": 10.175114112055565,
        "per_repetition": 3.391704704018522e-05
    }
}