{
    "timestamp_analysis": {
        "mean": 0.03405803442001343,
        "std": 0.001047866515696116,
        "min": 0.032050371170043945,
        "max": 0.03655886650085449,
        "median": 0.03417372703552246,
        "running_time": 0.6812758445739746
    },
    "host_energy_analysis": {
        "total": 13.168473705733298,
        "per_repetition": 0.00013168473705733297
    },
    "host_power_analysis": {
        "mean": 19.037211190476192,
        "std": 5.455132374089245,
        "min": 8.99041,
        "max": 28.856904,
        "median": 18.936934
    },
    "process_energy_analysis": {
        "total": 0.2526708559103465,
        "per_repetition": 2.5267085591034648e-06
    }
}