[{"host":{"consumption":0.0,"timestamp":1721774867.8301132,"components":{"disks":[]}},"consumers":[],"sockets":[]},{"host":{"consumption":4798480.0,"timestamp":1721774867.8743188,"components":{"disks":[{"disk_type":"SSD","disk_mount_point":"/etc/hosts","disk_is_removable":false,"disk_file_system":"ext4","disk_total_bytes":"33634926592","disk_available_bytes":"9873985536","disk_name":"/dev/nvme0n1p4"}]}},"consumers":[{"exe":"/usr/local/bin/scaphandre","cmdline":"/usr/local/bin/scaphandrejson-s0--step-nano10000000-f/home/ce-p2-r-1/16/power.json","pid":458676,"resources_usage":null,"consumption":74587.77,"timestamp":1721774867.8741758,"container":null},{"exe":"","cmdline":"","pid":64,"resources_usage":null,"consumption":0.0,"timestamp":1721774867.873987,"container":null},{"exe":"","cmdline":"","pid":121,"resources_usage":null,"consumption":0.0,"timestamp":1721774867.8739889,"container":null},{"exe":"","cmdline":"","pid":63,"resources_usage":null,"consumption":0.0,"timestamp":1721774867.8739896,"container":null},{"exe":"","cmdline":"","pid":61,"resources_usage":null,"consumption":0.0,"timestamp":1721774867.8739903,"container":null},{"exe":"/usr/bin/login","cmdline":"/bin/login-p--","pid":1579,"resources_usage":null,"consumption":0.0,"timestamp":1721774867.873991,"container":null},{"exe":"","cmdline":"","pid":442053,"resources_usage":null,"consumption":0.0,"timestamp":1721774867.8739917,"container":null},{"exe":"","cmdline":"","pid":241,"resources_usage":null,"consumption":0.0,"timestamp":1721774867.8739927,"container":null},{"exe":"/usr/sbin/cron","cmdline":"/usr/sbin/cron-f-P","pid":1115,"resources_usage":null,"consumption":0.0,"timestamp":1721774867.8739934,"container":null},{"exe":"/usr/sbin/sshd","cmdline":"sshd: philipp [priv]","pid":274843,"resources_usage":null,"consumption":0.0,"timestamp":1721774867.8739939,"container":null}],"sockets":[{"id":0,"consumption":5072984.0,"domains":[{"name":"uncore","consumption":0.0,"timestamp":1721774867.8420105},{"name":"core","consumption":3064295.0,"timestamp":1721774867.841889}],"timestamp":1721774867.8415658}]},{"host":{"consumption":4235787.0,"timestamp":1721774867.9204576,"components":{"disks":[{"disk_type":"SSD","disk_mount_point":"/etc/hosts","disk_is_removable":false,"disk_file_system":"ext4","disk_total_bytes":"33634926592","disk_available_bytes":"9873985536","disk_name":"/dev/nvme0n1p4"}]}},"consumers":[{"exe":"/usr/local/bin/scaphandre","cmdline":"/usr/local/bin/scaphandrejson-s0--step-nano10000000-f/home/ce-p2-r-1/16/power.json","pid":458676,"resources_usage":null,"consumption":87788.33,"timestamp":1721774867.9203143,"container":null},{"exe":"","cmdline":"","pid":64,"resources_usage":null,"consumption":0.0,"timestamp":1721774867.9201963,"container":null},{"exe":"","cmdline":"","pid":121,"resources_usage":null,"consumption":0.0,"timestamp":1721774867.9201975,"container":null},{"exe":"","cmdline":"","pid":63,"resources_usage":null,"consumption":0.0,"timestamp":1721774867.9201982,"container":null},{"exe":"","cmdline":"","pid":61,"resources_usage":null,"consumption":0.0,"timestamp":1721774867.9201987,"container":null},{"exe":"/usr/bin/login","cmdline":"/bin/login-p--","pid":1579,"resources_usage":null,"consumption":0.0,"timestamp":1721774867.9201992,"container":null},{"exe":"","cmdline":"","pid":442053,"resources_usage":null,"consumption":0.0,"timestamp":1721774867.9201994,"container":null},{"exe":"","cmdline":"","pid":241,"resources_usage":null,"consumption":0.0,"timestamp":1721774867.9201999,"container":null},{"exe":"/usr/sbin/cron","cmdline":"/usr/sbin/cron-f-P","pid":1115,"resources_usage":null,"consumption":0.0,"timestamp":1721774867.9202006,"container":null},{"exe":"/usr/sbin/sshd","cmdline":"sshd: philipp [priv]","pid":274843,"resources_usage":null,"consumption":0.0,"timestamp":1721774867.9202008,"container":null}],"sockets":[{"id":0,"consumption":4291296.0,"domains":[{"name":"uncore","consumption":0.0,"timestamp":1721774867.8958957},{"name":"core","consumption":2476121.0,"timestamp":1721774867.895822}],"timestamp":1721774867.8954568}]},{"host":{"consumption":4473215.0,"timestamp":1721774867.963629,"components":{"disks":[{"disk_type":"SSD","disk_mount_point":"/etc/hosts","disk_is_removable":false,"disk_file_system":"ext4","disk_total_bytes":"33634926592","disk_available_bytes":"9873985536","disk_name":"/dev/nvme0n1p4"}]}},"consumers":[{"exe":"/usr/local/bin/scaphandre","cmdline":"/usr/local/bin/scaphandrejson-s0--step-nano10000000-f/home/ce-p2-r-1/16/power.json","pid":458676,"resources_usage":null,"consumption":92709.12,"timestamp":1721774867.9635348,"container":null},{"exe":"","cmdline":"","pid":64,"resources_usage":null,"consumption":0.0,"timestamp":1721774867.9634159,"container":null},{"exe":"","cmdline":"","pid":121,"resources_usage":null,"consumption":0.0,"timestamp":1721774867.9634173,"container":null},{"exe":"","cmdline":"","pid":63,"resources_usage":null,"consumption":0.0,"timestamp":1721774867.9634178,"container":null},{"exe":"","cmdline":"","pid":61,"resources_usage":null,"consumption":0.0,"timestamp":1721774867.9634182,"container":null},{"exe":"/usr/bin/login","cmdline":"/bin/login-p--","pid":1579,"resources_usage":null,"consumption":0.0,"timestamp":1721774867.9634187,"container":null},{"exe":"","cmdline":"","pid":442053,"resources_usage":null,"consumption":0.0,"timestamp":1721774867.9634192,"container":null},{"exe":"","cmdline":"","pid":241,"resources_usage":null,"consumption":0.0,"timestamp":1721774867.9634197,"container":null},{"exe":"/usr/sbin/cron","cmdline":"/usr/sbin/cron-f-P","pid":1115,"resources_usage":null,"consumption":0.0,"timestamp":1721774867.9634202,"container":null},{"exe":"/usr/sbin/sshd","cmdline":"sshd: philipp [priv]","pid":274843,"resources_usage":null,"consumption":0.0,"timestamp":1721774867.9634206,"container":null}],"sockets":[{"id":0,"consumption":4261897.0,"domains":[{"name":"uncore","consumption":0.0,"timestamp":1721774867.9392476},{"name":"core","consumption":2385902.0,"timestamp":1721774867.939157}],"timestamp":1721774867.9388783}]},{"host":{"consumption":3664276.0,"timestamp":1721774868.0064702,"components":{"disks":[{"disk_type":"SSD","disk_mount_point":"/etc/hosts","disk_is_removable":false,"disk_file_system":"ext4","disk_total_bytes":"33634926592","disk_available_bytes":"9873981440","disk_name":"/dev/nvme0n1p4"}]}},"consumers":[{"exe":"/usr/local/bin/scaphandre","cmdline":"/usr/local/bin/scaphandrejson-s0--step-nano10000000-f/home/ce-p2-r-1/16/power.json","pid":458676,"resources_usage":null,"consumption":94929.44,"timestamp":1721774868.0062945,"container":null},{"exe":"","cmdline":"","pid":64,"resources_usage":null,"consumption":0.0,"timestamp":1721774868.0060983,"container":null},{"exe":"","cmdline":"","pid":121,"resources_usage":null,"consumption":0.0,"timestamp":1721774868.006101,"container":null},{"exe":"","cmdline":"","pid":63,"resources_usage":null,"consumption":0.0,"timestamp":1721774868.0061018,"container":null},{"exe":"","cmdline":"","pid":61,"resources_usage":null,"consumption":0.0,"timestamp":1721774868.0061028,"container":null},{"exe":"/usr/bin/login","cmdline":"/bin/login-p--","pid":1579,"resources_usage":null,"consumption":0.0,"timestamp":1721774868.0061035,"container":null},{"exe":"","cmdline":"","pid":442053,"resources_usage":null,"consumption":0.0,"timestamp":1721774868.0061045,"container":null},{"exe":"","cmdline":"","pid":241,"resources_usage":null,"consumption":0.0,"timestamp":1721774868.006106,"container":null},{"exe":"/usr/sbin/cron","cmdline":"/usr/sbin/cron-f-P","pid":1115,"resources_usage":null,"consumption":0.0,"timestamp":1721774868.0061069,"container":null},{"exe":"/usr/sbin/sshd","cmdline":"sshd: philipp [priv]","pid":274843,"resources_usage":null,"consumption":0.0,"timestamp":1721774868.0061076,"container":null}],"sockets":[{"id":0,"consumption":4579681.0,"domains":[{"name":"uncore","consumption":0.0,"timestamp":1721774867.9822865},{"name":"core","consumption":2638523.0,"timestamp":1721774867.9821599}],"timestamp":1721774867.981779}]},{"host":{"consumption":3438944.0,"timestamp":1721774868.0543547,"components":{"disks":[{"disk_type":"SSD","disk_mount_point":"/etc/hosts","disk_is_removable":false,"disk_file_system":"ext4","disk_total_bytes":"33634926592","disk_available_bytes":"9873981440","disk_name":"/dev/nvme0n1p4"}]}},"consumers":[{"exe":"/usr/local/bin/scaphandre","cmdline":"/usr/local/bin/scaphandrejson-s0--step-nano10000000-f/home/ce-p2-r-1/16/power.json","pid":458676,"resources_usage":null,"consumption":57315.734,"timestamp":1721774868.0541983,"container":null},{"exe":"","cmdline":"","pid":64,"resources_usage":null,"consumption":0.0,"timestamp":1721774868.0540333,"container":null},{"exe":"","cmdline":"","pid":121,"resources_usage":null,"consumption":0.0,"timestamp":1721774868.0540354,"container":null},{"exe":"","cmdline":"","pid":63,"resources_usage":null,"consumption":0.0,"timestamp":1721774868.0540366,"container":null},{"exe":"","cmdline":"","pid":61,"resources_usage":null,"consumption":0.0,"timestamp":1721774868.0540376,"container":null},{"exe":"/usr/bin/login","cmdline":"/bin/login-p--","pid":1579,"resources_usage":null,"consumption":0.0,"timestamp":1721774868.054038,"container":null},{"exe":"","cmdline":"","pid":442053,"resources_usage":null,"consumption":0.0,"timestamp":1721774868.054039,"container":null},{"exe":"","cmdline":"","pid":241,"resources_usage":null,"consumption":0.0,"timestamp":1721774868.0540395,"container":null},{"exe":"/usr/sbin/cron","cmdline":"/usr/sbin/cron-f-P","pid":1115,"resources_usage":null,"consumption":0.0,"timestamp":1721774868.0540402,"container":null},{"exe":"/usr/sbin/sshd","cmdline":"sshd: philipp [priv]","pid":274843,"resources_usage":null,"consumption":0.0,"timestamp":1721774868.0540411,"container":null}],"sockets":[{"id":0,"consumption":3613189.0,"domains":[{"name":"uncore","consumption":0.0,"timestamp":1721774868.0275517},{"name":"core","consumption":1794577.0,"timestamp":1721774868.0275304}],"timestamp":1721774868.0273037}]},{"host":{"consumption":3545792.0,"timestamp":1721774868.0975258,"components":{"disks":[{"disk_type":"SSD","disk_mount_point":"/etc/hosts","disk_is_removable":false,"disk_file_system":"ext4","disk_total_bytes":"33634926592","disk_available_bytes":"9873977344","disk_name":"/dev/nvme0n1p4"}]}},"consumers":[{"exe":"/usr/local/bin/scaphandre","cmdline":"/usr/local/bin/scaphandrejson-s0--step-nano10000000-f/home/ce-p2-r-1/16/power.json","pid":458676,"resources_usage":null,"consumption":78795.38,"timestamp":1721774868.097306,"container":null},{"exe":"","cmdline":"","pid":64,"resources_usage":null,"consumption":0.0,"timestamp":1721774868.097142,"container":null},{"exe":"","cmdline":"","pid":121,"resources_usage":null,"consumption":0.0,"timestamp":1721774868.0971446,"container":null},{"exe":"","cmdline":"","pid":63,"resources_usage":null,"consumption":0.0,"timestamp":1721774868.0971453,"container":null},{"exe":"","cmdline":"","pid":61,"resources_usage":null,"consumption":0.0,"timestamp":1721774868.0971463,"container":null},{"exe":"/usr/bin/login","cmdline":"/bin/login-p--","pid":1579,"resources_usage":null,"consumption":0.0,"timestamp":1721774868.0971467,"container":null},{"exe":"","cmdline":"","pid":442053,"resources_usage":null,"consumption":0.0,"timestamp":1721774868.0971477,"container":null},{"exe":"","cmdline":"","pid":241,"resources_usage":null,"consumption":0.0,"timestamp":1721774868.0971484,"container":null},{"exe":"/usr/sbin/cron","cmdline":"/usr/sbin/cron-f-P","pid":1115,"resources_usage":null,"consumption":0.0,"timestamp":1721774868.0971491,"container":null},{"exe":"/usr/sbin/sshd","cmdline":"sshd: philipp [priv]","pid":274843,"resources_usage":null,"consumption":0.0,"timestamp":1721774868.09715,"container":null}],"sockets":[{"id":0,"consumption":3784485.0,"domains":[{"name":"uncore","consumption":0.0,"timestamp":1721774868.0731227},{"name":"core","consumption":2049370.0,"timestamp":1721774868.0730078}],"timestamp":1721774868.0727677}]},{"host":{"consumption":3929311.0,"timestamp":1721774868.1447158,"components":{"disks":[{"disk_type":"SSD","disk_mount_point":"/etc/hosts","disk_is_removable":false,"disk_file_system":"ext4","disk_total_bytes":"33634926592","disk_available_bytes":"9873977344","disk_name":"/dev/nvme0n1p4"}]}},"consumers":[{"exe":"/usr/local/bin/scaphandre","cmdline":"/usr/local/bin/scaphandrejson-s0--step-nano10000000-f/home/ce-p2-r-1/16/power.json","pid":458676,"resources_usage":null,"consumption":87318.02,"timestamp":1721774868.144451,"container":null},{"exe":"","cmdline":"","pid":64,"resources_usage":null,"consumption":0.0,"timestamp":1721774868.1442857,"container":null},{"exe":"","cmdline":"","pid":121,"resources_usage":null,"consumption":0.0,"timestamp":1721774868.1442878,"container":null},{"exe":"","cmdline":"","pid":63,"resources_usage":null,"consumption":0.0,"timestamp":1721774868.144289,"container":null},{"exe":"","cmdline":"","pid":61,"resources_usage":null,"consumption":0.0,"timestamp":1721774868.1442897,"container":null},{"exe":"/usr/bin/login","cmdline":"/bin/login-p--","pid":1579,"resources_usage":null,"consumption":0.0,"timestamp":1721774868.1442904,"container":null},{"exe":"","cmdline":"","pid":442053,"resources_usage":null,"consumption":0.0,"timestamp":1721774868.1442919,"container":null},{"exe":"","cmdline":"","pid":241,"resources_usage":null,"consumption":0.0,"timestamp":1721774868.1442924,"container":null},{"exe":"/usr/sbin/cron","cmdline":"/usr/sbin/cron-f-P","pid":1115,"resources_usage":null,"consumption":0.0,"timestamp":1721774868.144293,"container":null},{"exe":"/usr/sbin/sshd","cmdline":"sshd: philipp [priv]","pid":274843,"resources_usage":null,"consumption":0.0,"timestamp":1721774868.144294,"container":null}],"sockets":[{"id":0,"consumption":3268672.0,"domains":[{"name":"uncore","consumption":0.0,"timestamp":1721774868.1158526},{"name":"core","consumption":1398264.0,"timestamp":1721774868.1158295}],"timestamp":1721774868.1155655}]},{"host":{"consumption":4066998.0,"timestamp":1721774868.1884923,"components":{"disks":[{"disk_type":"SSD","disk_mount_point":"/etc/hosts","disk_is_removable":false,"disk_file_system":"ext4","disk_total_bytes":"33634926592","disk_available_bytes":"9873973248","disk_name":"/dev/nvme0n1p4"}]}},"consumers":[{"exe":"/usr/local/bin/scaphandre","cmdline":"/usr/local/bin/scaphandrejson-s0--step-nano10000000-f/home/ce-p2-r-1/16/power.json","pid":458676,"resources_usage":null,"consumption":90377.734,"timestamp":1721774868.18832,"container":null},{"exe":"/usr/bin/python3.10","cmdline":"python3src/experiment/runner.pytest.yaml","pid":458168,"resources_usage":null,"consumption":22594.434,"timestamp":1721774868.1882167,"container":null},{"exe":"","cmdline":"","pid":64,"resources_usage":null,"consumption":0.0,"timestamp":1721774868.1881683,"container":null},{"exe":"","cmdline":"","pid":121,"resources_usage":null,"consumption":0.0,"timestamp":1721774868.1881711,"container":null},{"exe":"","cmdline":"","pid":63,"resources_usage":null,"consumption":0.0,"timestamp":1721774868.188172,"container":null},{"exe":"","cmdline":"","pid":61,"resources_usage":null,"consumption":0.0,"timestamp":1721774868.1881728,"container":null},{"exe":"/usr/bin/login","cmdline":"/bin/login-p--","pid":1579,"resources_usage":null,"consumption":0.0,"timestamp":1721774868.1881733,"container":null},{"exe":"","cmdline":"","pid":442053,"resources_usage":null,"consumption":0.0,"timestamp":1721774868.1881745,"container":null},{"exe":"","cmdline":"","pid":241,"resources_usage":null,"consumption":0.0,"timestamp":1721774868.188175,"container":null},{"exe":"/usr/sbin/cron","cmdline":"/usr/sbin/cron-f-P","pid":1115,"resources_usage":null,"consumption":0.0,"timestamp":1721774868.1881757,"container":null}],"sockets":[{"id":0,"consumption":3814757.0,"domains":[{"name":"uncore","consumption":0.0,"timestamp":1721774868.163336},{"name":"core","consumption":1568206.0,"timestamp":1721774868.1633117}],"timestamp":1721774868.1631486}]},{"host":{"consumption":3338071.0,"timestamp":1721774868.2506962,"components":{"disks":[{"disk_type":"SSD","disk_mount_point":"/etc/hosts","disk_is_removable":false,"disk_file_system":"ext4","disk_total_bytes":"33634926592","disk_available_bytes":"9873973248","disk_name":"/dev/nvme0n1p4"}]}},"consumers":[{"exe":"/usr/local/bin/scaphandre","cmdline":"/usr/local/bin/scaphandrejson-s0--step-nano10000000-f/home/ce-p2-r-1/16/power.json","pid":458676,"resources_usage":null,"consumption":83451.77,"timestamp":1721774868.2505727,"container":null},{"exe":"","cmdline":"","pid":64,"resources_usage":null,"consumption":0.0,"timestamp":1721774868.2504025,"container":null},{"exe":"","cmdline":"","pid":121,"resources_usage":null,"consumption":0.0,"timestamp":1721774868.2504048,"container":null},{"exe":"","cmdline":"","pid":63,"resources_usage":null,"consumption":0.0,"timestamp":1721774868.2504058,"container":null},{"exe":"","cmdline":"","pid":61,"resources_usage":null,"consumption":0.0,"timestamp":1721774868.2504065,"container":null},{"exe":"/usr/bin/login","cmdline":"/bin/login-p--","pid":1579,"resources_usage":null,"consumption":0.0,"timestamp":1721774868.2504072,"container":null},{"exe":"","cmdline":"","pid":442053,"resources_usage":null,"consumption":0.0,"timestamp":1721774868.2504082,"container":null},{"exe":"","cmdline":"","pid":241,"resources_usage":null,"consumption":0.0,"timestamp":1721774868.250409,"container":null},{"exe":"/usr/sbin/cron","cmdline":"/usr/sbin/cron-f-P","pid":1115,"resources_usage":null,"consumption":0.0,"timestamp":1721774868.2504096,"container":null},{"exe":"/usr/sbin/sshd","cmdline":"sshd: philipp [priv]","pid":274843,"resources_usage":null,"consumption":0.0,"timestamp":1721774868.2504106,"container":null}],"sockets":[{"id":0,"consumption":4464497.0,"domains":[{"name":"uncore","consumption":0.0,"timestamp":1721774868.2071128},{"name":"core","consumption":2592027.0,"timestamp":1721774868.2070389}],"timestamp":1721774868.2068691}]},{"host":{"consumption":4221761.0,"timestamp":1721774868.3021207,"components":{"disks":[{"disk_type":"SSD","disk_mount_point":"/etc/hosts","disk_is_removable":false,"disk_file_system":"ext4","disk_total_bytes":"33634926592","disk_available_bytes":"9873969152","disk_name":"/dev/nvme0n1p4"}]}},"consumers":[{"exe":"/usr/local/bin/scaphandre","cmdline":"/usr/local/bin/scaphandrejson-s0--step-nano10000000-f/home/ce-p2-r-1/16/power.json","pid":458676,"resources_usage":null,"consumption":158316.05,"timestamp":1721774868.301962,"container":null},{"exe":"","cmdline":"","pid":64,"resources_usage":null,"consumption":0.0,"timestamp":1721774868.3017998,"container":null},{"exe":"","cmdline":"","pid":121,"resources_usage":null,"consumption":0.0,"timestamp":1721774868.301802,"container":null},{"exe":"","cmdline":"","pid":63,"resources_usage":null,"consumption":0.0,"timestamp":1721774868.3018029,"container":null},{"exe":"","cmdline":"","pid":61,"resources_usage":null,"consumption":0.0,"timestamp":1721774868.3018036,"container":null},{"exe":"/usr/bin/login","cmdline":"/bin/login-p--","pid":1579,"resources_usage":null,"consumption":0.0,"timestamp":1721774868.301804,"container":null},{"exe":"","cmdline":"","pid":442053,"resources_usage":null,"consumption":0.0,"timestamp":1721774868.3018053,"container":null},{"exe":"","cmdline":"","pid":241,"resources_usage":null,"consumption":0.0,"timestamp":1721774868.3018057,"container":null},{"exe":"/usr/sbin/cron","cmdline":"/usr/sbin/cron-f-P","pid":1115,"resources_usage":null,"consumption":0.0,"timestamp":1721774868.3018064,"container":null},{"exe":"/usr/sbin/sshd","cmdline":"sshd: philipp [priv]","pid":274843,"resources_usage":null,"consumption":0.0,"timestamp":1721774868.3018074,"container":null}],"sockets":[{"id":0,"consumption":3459082.0,"domains":[{"name":"uncore","consumption":0.0,"timestamp":1721774868.271015},{"name":"core","consumption":1682954.0,"timestamp":1721774868.2709408}],"timestamp":1721774868.270673}]},{"host":{"consumption":3391781.0,"timestamp":1721774868.35427,"components":{"disks":[{"disk_type":"SSD","disk_mount_point":"/etc/hosts","disk_is_removable":false,"disk_file_system":"ext4","disk_total_bytes":"33634926592","disk_available_bytes":"9873969152","disk_name":"/dev/nvme0n1p4"}]}},"consumers":[{"exe":"/usr/local/bin/scaphandre","cmdline":"/usr/local/bin/scaphandrejson-s0--step-nano10000000-f/home/ce-p2-r-1/16/power.json","pid":458676,"resources_usage":null,"consumption":42397.26,"timestamp":1721774868.354111,"container":null},{"exe":"/usr/bin/containerd","cmdline":"/usr/bin/containerd","pid":893,"resources_usage":null,"consumption":21198.63,"timestamp":1721774868.3540912,"container":null},{"exe":"","cmdline":"","pid":64,"resources_usage":null,"consumption":0.0,"timestamp":1721774868.353947,"container":null},{"exe":"","cmdline":"","pid":121,"resources_usage":null,"consumption":0.0,"timestamp":1721774868.3539488,"container":null},{"exe":"","cmdline":"","pid":63,"resources_usage":null,"consumption":0.0,"timestamp":1721774868.3539498,"container":null},{"exe":"","cmdline":"","pid":61,"resources_usage":null,"consumption":0.0,"timestamp":1721774868.3539505,"container":null},{"exe":"/usr/bin/login","cmdline":"/bin/login-p--","pid":1579,"resources_usage":null,"consumption":0.0,"timestamp":1721774868.353951,"container":null},{"exe":"","cmdline":"","pid":442053,"resources_usage":null,"consumption":0.0,"timestamp":1721774868.3539524,"container":null},{"exe":"","cmdline":"","pid":241,"resources_usage":null,"consumption":0.0,"timestamp":1721774868.353953,"container":null},{"exe":"/usr/sbin/cron","cmdline":"/usr/sbin/cron-f-P","pid":1115,"resources_usage":null,"consumption":0.0,"timestamp":1721774868.3539536,"container":null}],"sockets":[{"id":0,"consumption":3252370.0,"domains":[{"name":"uncore","consumption":0.0,"timestamp":1721774868.32256},{"name":"core","consumption":1400901.0,"timestamp":1721774868.3224826}],"timestamp":1721774868.3220737}]},{"host":{"consumption":3260125.0,"timestamp":1721774868.4248133,"components":{"disks":[{"disk_type":"SSD","disk_mount_point":"/etc/hosts","disk_is_removable":false,"disk_file_system":"ext4","disk_total_bytes":"33634926592","disk_available_bytes":"9873965056","disk_name":"/dev/nvme0n1p4"}]}},"consumers":[{"exe":"/usr/local/bin/scaphandre","cmdline":"/usr/local/bin/scaphandrejson-s0--step-nano10000000-f/home/ce-p2-r-1/16/power.json","pid":458676,"resources_usage":null,"consumption":101878.91,"timestamp":1721774868.424643,"container":null},{"exe":"","cmdline":"","pid":64,"resources_usage":null,"consumption":0.0,"timestamp":1721774868.4244697,"container":null},{"exe":"","cmdline":"","pid":121,"resources_usage":null,"consumption":0.0,"timestamp":1721774868.4244719,"container":null},{"exe":"","cmdline":"","pid":63,"resources_usage":null,"consumption":0.0,"timestamp":1721774868.4244728,"container":null},{"exe":"","cmdline":"","pid":61,"resources_usage":null,"consumption":0.0,"timestamp":1721774868.4244738,"container":null},{"exe":"/usr/bin/login","cmdline":"/bin/login-p--","pid":1579,"resources_usage":null,"consumption":0.0,"timestamp":1721774868.4244745,"container":null},{"exe":"","cmdline":"","pid":442053,"resources_usage":null,"consumption":0.0,"timestamp":1721774868.424476,"container":null},{"exe":"","cmdline":"","pid":241,"resources_usage":null,"consumption":0.0,"timestamp":1721774868.4244764,"container":null},{"exe":"/usr/sbin/cron","cmdline":"/usr/sbin/cron-f-P","pid":1115,"resources_usage":null,"consumption":0.0,"timestamp":1721774868.424477,"container":null},{"exe":"/usr/sbin/sshd","cmdline":"sshd: philipp [priv]","pid":274843,"resources_usage":null,"consumption":0.0,"timestamp":1721774868.4244783,"container":null}],"sockets":[{"id":0,"consumption":4355089.0,"domains":[{"name":"uncore","consumption":0.0,"timestamp":1721774868.3735397},{"name":"core","consumption":2594984.0,"timestamp":1721774868.3734274}],"timestamp":1721774868.3731852}]},{"host":{"consumption":3290495.0,"timestamp":1721774868.4864326,"components":{"disks":[{"disk_type":"SSD","disk_mount_point":"/etc/hosts","disk_is_removable":false,"disk_file_system":"ext4","disk_total_bytes":"33634926592","disk_available_bytes":"9873965056","disk_name":"/dev/nvme0n1p4"}]}},"consumers":[{"exe":"/usr/local/bin/scaphandre","cmdline":"/usr/local/bin/scaphandrejson-s0--step-nano10000000-f/home/ce-p2-r-1/16/power.json","pid":458676,"resources_usage":null,"consumption":109683.17,"timestamp":1721774868.486319,"container":null},{"exe":"","cmdline":"","pid":64,"resources_usage":null,"consumption":0.0,"timestamp":1721774868.4861562,"container":null},{"exe":"","cmdline":"","pid":121,"resources_usage":null,"consumption":0.0,"timestamp":1721774868.486159,"container":null},{"exe":"","cmdline":"","pid":63,"resources_usage":null,"consumption":0.0,"timestamp":1721774868.4861598,"container":null},{"exe":"","cmdline":"","pid":61,"resources_usage":null,"consumption":0.0,"timestamp":1721774868.4861608,"container":null},{"exe":"/usr/bin/login","cmdline":"/bin/login-p--","pid":1579,"resources_usage":null,"consumption":0.0,"timestamp":1721774868.4861612,"container":null},{"exe":"","cmdline":"","pid":442053,"resources_usage":null,"consumption":0.0,"timestamp":1721774868.4861622,"container":null},{"exe":"","cmdline":"","pid":241,"resources_usage":null,"consumption":0.0,"timestamp":1721774868.486163,"container":null},{"exe":"/usr/sbin/cron","cmdline":"/usr/sbin/cron-f-P","pid":1115,"resources_usage":null,"consumption":0.0,"timestamp":1721774868.4861636,"container":null},{"exe":"/usr/sbin/sshd","cmdline":"sshd: philipp [priv]","pid":274843,"resources_usage":null,"consumption":0.0,"timestamp":1721774868.4861646,"container":null}],"sockets":[{"id":0,"consumption":3049952.0,"domains":[{"name":"uncore","consumption":0.0,"timestamp":1721774868.4455771},{"name":"core","consumption":1431582.0,"timestamp":1721774868.4454372}],"timestamp":1721774868.4450276}]},{"host":{"consumption":2815015.0,"timestamp":1721774868.5501125,"components":{"disks":[{"disk_type":"SSD","disk_mount_point":"/etc/hosts","disk_is_removable":false,"disk_file_system":"ext4","disk_total_bytes":"33634926592","disk_available_bytes":"9873960960","disk_name":"/dev/nvme0n1p4"}]}},"consumers":[{"exe":"/usr/local/bin/scaphandre","cmdline":"/usr/local/bin/scaphandrejson-s0--step-nano10000000-f/home/ce-p2-r-1/16/power.json","pid":458676,"resources_usage":null,"consumption":46916.918,"timestamp":1721774868.5499935,"container":null},{"exe":"","cmdline":"","pid":64,"resources_usage":null,"consumption":0.0,"timestamp":1721774868.5498285,"container":null},{"exe":"","cmdline":"","pid":121,"resources_usage":null,"consumption":0.0,"timestamp":1721774868.5498307,"container":null},{"exe":"","cmdline":"","pid":63,"resources_usage":null,"consumption":0.0,"timestamp":1721774868.5498316,"container":null},{"exe":"","cmdline":"","pid":61,"resources_usage":null,"consumption":0.0,"timestamp":1721774868.5498323,"container":null},{"exe":"/usr/bin/login","cmdline":"/bin/login-p--","pid":1579,"resources_usage":null,"consumption":0.0,"timestamp":1721774868.549833,"container":null},{"exe":"","cmdline":"","pid":442053,"resources_usage":null,"consumption":0.0,"timestamp":1721774868.5498343,"container":null},{"exe":"","cmdline":"","pid":241,"resources_usage":null,"consumption":0.0,"timestamp":1721774868.5498352,"container":null},{"exe":"/usr/sbin/cron","cmdline":"/usr/sbin/cron-f-P","pid":1115,"resources_usage":null,"consumption":0.0,"timestamp":1721774868.549836,"container":null},{"exe":"/usr/sbin/sshd","cmdline":"sshd: philipp [priv]","pid":274843,"resources_usage":null,"consumption":0.0,"timestamp":1721774868.549837,"container":null}],"sockets":[{"id":0,"consumption":3273655.0,"domains":[{"name":"uncore","consumption":0.0,"timestamp":1721774868.5063443},{"name":"core","consumption":1513236.0,"timestamp":1721774868.506261}],"timestamp":1721774868.5058825}]},{"host":{"consumption":5305005.0,"timestamp":1721774868.5950058,"components":{"disks":[{"disk_type":"SSD","disk_mount_point":"/etc/hosts","disk_is_removable":false,"disk_file_system":"ext4","disk_total_bytes":"33634926592","disk_available_bytes":"9873899520","disk_name":"/dev/nvme0n1p4"}]}},"consumers":[{"exe":"/usr/local/bin/scaphandre","cmdline":"/usr/local/bin/scaphandrejson-s0--step-nano10000000-f/home/ce-p2-r-1/16/power.json","pid":458676,"resources_usage":null,"consumption":147361.25,"timestamp":1721774868.5949383,"container":null},{"exe":"/usr/lib/systemd/systemd-journald","cmdline":"/lib/systemd/systemd-journald","pid":440,"resources_usage":null,"consumption":29472.252,"timestamp":1721774868.594844,"container":null},{"exe":"/usr/lib/systemd/systemd","cmdline":"/sbin/init","pid":1,"resources_usage":null,"consumption":29472.252,"timestamp":1721774868.594884,"container":null},{"exe":"/usr/lib/systemd/systemd","cmdline":"/lib/systemd/systemd--user","pid":1553,"resources_usage":null,"consumption":29472.252,"timestamp":1721774868.5948894,"container":null},{"exe":"","cmdline":"","pid":64,"resources_usage":null,"consumption":0.0,"timestamp":1721774868.5947888,"container":null},{"exe":"","cmdline":"","pid":121,"resources_usage":null,"consumption":0.0,"timestamp":1721774868.5947905,"container":null},{"exe":"","cmdline":"","pid":63,"resources_usage":null,"consumption":0.0,"timestamp":1721774868.5947914,"container":null},{"exe":"","cmdline":"","pid":61,"resources_usage":null,"consumption":0.0,"timestamp":1721774868.5947921,"container":null},{"exe":"/usr/bin/login","cmdline":"/bin/login-p--","pid":1579,"resources_usage":null,"consumption":0.0,"timestamp":1721774868.5947926,"container":null},{"exe":"","cmdline":"","pid":442053,"resources_usage":null,"consumption":0.0,"timestamp":1721774868.5947936,"container":null}],"sockets":[{"id":0,"consumption":2681381.0,"domains":[{"name":"uncore","consumption":0.0,"timestamp":1721774868.5710092},{"name":"core","consumption":825359.0,"timestamp":1721774868.5709674}],"timestamp":1721774868.5706875}]},{"host":{"consumption":17063400.0,"timestamp":1721774868.6353467,"components":{"disks":[{"disk_type":"SSD","disk_mount_point":"/etc/hosts","disk_is_removable":false,"disk_file_system":"ext4","disk_total_bytes":"33634926592","disk_available_bytes":"9873846272","disk_name":"/dev/nvme0n1p4"}]}},"consumers":[{"exe":"/usr/local/bin/scaphandre","cmdline":"/usr/local/bin/scaphandrejson-s0--step-nano10000000-f/home/ce-p2-r-1/16/power.json","pid":458676,"resources_usage":null,"consumption":379186.72,"timestamp":1721774868.6353006,"container":null},{"exe":"/usr/bin/dbus-daemon","cmdline":"@dbus-daemon--system--address=systemd:--nofork--nopidfile--systemd-activation--syslog-only","pid":809,"resources_usage":null,"consumption":94796.68,"timestamp":1721774868.635237,"container":null},{"exe":"/usr/lib/systemd/systemd","cmdline":"/sbin/init","pid":1,"resources_usage":null,"consumption":94796.68,"timestamp":1721774868.6352732,"container":null},{"exe":"/usr/bin/dockerd","cmdline":"/usr/bin/dockerd-Hfd://--containerd=/run/containerd/containerd.sock","pid":1100,"resources_usage":null,"consumption":94796.68,"timestamp":1721774868.6352983,"container":null},{"exe":"","cmdline":"","pid":64,"resources_usage":null,"consumption":0.0,"timestamp":1721774868.6352255,"container":null},{"exe":"","cmdline":"","pid":121,"resources_usage":null,"consumption":0.0,"timestamp":1721774868.635227,"container":null},{"exe":"","cmdline":"","pid":63,"resources_usage":null,"consumption":0.0,"timestamp":1721774868.6352272,"container":null},{"exe":"","cmdline":"","pid":61,"resources_usage":null,"consumption":0.0,"timestamp":1721774868.6352277,"container":null},{"exe":"/usr/bin/login","cmdline":"/bin/login-p--","pid":1579,"resources_usage":null,"consumption":0.0,"timestamp":1721774868.635228,"container":null},{"exe":"","cmdline":"","pid":442053,"resources_usage":null,"consumption":0.0,"timestamp":1721774868.6352284,"container":null}],"sockets":[{"id":0,"consumption":5526321.0,"domains":[{"name":"uncore","consumption":0.0,"timestamp":1721774868.6135933},{"name":"core","consumption":2700083.0,"timestamp":1721774868.6135776}],"timestamp":1721774868.6132748}]},{"host":{"consumption":7066459.0,"timestamp":1721774868.6835167,"components":{"disks":[{"disk_type":"SSD","disk_mount_point":"/etc/hosts","disk_is_removable":false,"disk_file_system":"ext4","disk_total_bytes":"33634926592","disk_available_bytes":"9873829888","disk_name":"/dev/nvme0n1p4"}]}},"consumers":[{"exe":"/usr/local/bin/scaphandre","cmdline":"/usr/local/bin/scaphandrejson-s0--step-nano10000000-f/home/ce-p2-r-1/16/power.json","pid":458676,"resources_usage":null,"consumption":85654.04,"timestamp":1721774868.6834126,"container":null},{"exe":"","cmdline":"","pid":64,"resources_usage":null,"consumption":0.0,"timestamp":1721774868.683268,"container":null},{"exe":"","cmdline":"","pid":121,"resources_usage":null,"consumption":0.0,"timestamp":1721774868.6832702,"container":null},{"exe":"","cmdline":"","pid":63,"resources_usage":null,"consumption":0.0,"timestamp":1721774868.683271,"container":null},{"exe":"","cmdline":"","pid":61,"resources_usage":null,"consumption":0.0,"timestamp":1721774868.6832714,"container":null},{"exe":"/usr/bin/login","cmdline":"/bin/login-p--","pid":1579,"resources_usage":null,"consumption":0.0,"timestamp":1721774868.6832724,"container":null},{"exe":"","cmdline":"","pid":442053,"resources_usage":null,"consumption":0.0,"timestamp":1721774868.6832733,"container":null},{"exe":"","cmdline":"","pid":241,"resources_usage":null,"consumption":0.0,"timestamp":1721774868.6832738,"container":null},{"exe":"/usr/sbin/cron","cmdline":"/usr/sbin/cron-f-P","pid":1115,"resources_usage":null,"consumption":0.0,"timestamp":1721774868.6832743,"container":null},{"exe":"/usr/sbin/sshd","cmdline":"sshd: philipp [priv]","pid":274843,"resources_usage":null,"consumption":0.0,"timestamp":1721774868.683275,"container":null}],"sockets":[{"id":0,"consumption":20521094.0,"domains":[{"name":"uncore","consumption":0.0,"timestamp":1721774868.6509326},{"name":"core","consumption":17635972.0,"timestamp":1721774868.65092}],"timestamp":1721774868.6507683}]},{"host":{"consumption":8255260.0,"timestamp":1721774868.7212677,"components":{"disks":[{"disk_type":"SSD","disk_mount_point":"/etc/hosts","disk_is_removable":false,"disk_file_system":"ext4","disk_total_bytes":"33634926592","disk_available_bytes":"9873813504","disk_name":"/dev/nvme0n1p4"}]}},"consumers":[{"exe":"/usr/local/bin/scaphandre","cmdline":"/usr/local/bin/scaphandrejson-s0--step-nano10000000-f/home/ce-p2-r-1/16/power.json","pid":458676,"resources_usage":null,"consumption":200127.5,"timestamp":1721774868.7212276,"container":null},{"exe":"/usr/bin/dockerd","cmdline":"/usr/bin/dockerd-Hfd://--containerd=/run/containerd/containerd.sock","pid":1100,"resources_usage":null,"consumption":100063.75,"timestamp":1721774868.7212257,"container":null},{"exe":"/usr/bin/python3.10","cmdline":"python3src/experiment/runner.pytest.yaml","pid":458168,"resources_usage":null,"consumption":50031.875,"timestamp":1721774868.7211673,"container":null},{"exe":"","cmdline":"","pid":64,"resources_usage":null,"consumption":0.0,"timestamp":1721774868.7211385,"container":null},{"exe":"","cmdline":"","pid":121,"resources_usage":null,"consumption":0.0,"timestamp":1721774868.7211397,"container":null},{"exe":"","cmdline":"","pid":63,"resources_usage":null,"consumption":0.0,"timestamp":1721774868.7211401,"container":null},{"exe":"","cmdline":"","pid":61,"resources_usage":null,"consumption":0.0,"timestamp":1721774868.7211404,"container":null},{"exe":"/usr/bin/login","cmdline":"/bin/login-p--","pid":1579,"resources_usage":null,"consumption":0.0,"timestamp":1721774868.7211409,"container":null},{"exe":"","cmdline":"","pid":442053,"resources_usage":null,"consumption":0.0,"timestamp":1721774868.7211413,"container":null},{"exe":"","cmdline":"","pid":241,"resources_usage":null,"consumption":0.0,"timestamp":1721774868.7211416,"container":null}],"sockets":[{"id":0,"consumption":5565878.0,"domains":[{"name":"uncore","consumption":0.0,"timestamp":1721774868.7018037},{"name":"core","consumption":2699729.0,"timestamp":1721774868.7017872}],"timestamp":1721774868.7015843}]},{"host":{"consumption":13176266.0,"timestamp":1721774868.755217,"components":{"disks":[{"disk_type":"SSD","disk_mount_point":"/etc/hosts","disk_is_removable":false,"disk_file_system":"ext4","disk_total_bytes":"33634926592","disk_available_bytes":"9873813504","disk_name":"/dev/nvme0n1p4"}]}},"consumers":[{"exe":"/usr/local/bin/scaphandre","cmdline":"/usr/local/bin/scaphandrejson-s0--step-nano10000000-f/home/ce-p2-r-1/16/power.json","pid":458676,"resources_usage":null,"consumption":239568.47,"timestamp":1721774868.7551346,"container":null},{"exe":"","cmdline":"","pid":64,"resources_usage":null,"consumption":0.0,"timestamp":1721774868.755057,"container":null},{"exe":"","cmdline":"","pid":121,"resources_usage":null,"consumption":0.0,"timestamp":1721774868.7550585,"container":null},{"exe":"","cmdline":"","pid":63,"resources_usage":null,"consumption":0.0,"timestamp":1721774868.7550588,"container":null},{"exe":"","cmdline":"","pid":61,"resources_usage":null,"consumption":0.0,"timestamp":1721774868.755059,"container":null},{"exe":"/usr/bin/login","cmdline":"/bin/login-p--","pid":1579,"resources_usage":null,"consumption":0.0,"timestamp":1721774868.7550592,"container":null},{"exe":"","cmdline":"","pid":442053,"resources_usage":null,"consumption":0.0,"timestamp":1721774868.7550597,"container":null},{"exe":"","cmdline":"","pid":241,"resources_usage":null,"consumption":0.0,"timestamp":1721774868.75506,"container":null},{"exe":"/usr/sbin/cron","cmdline":"/usr/sbin/cron-f-P","pid":1115,"resources_usage":null,"consumption":0.0,"timestamp":1721774868.7550604,"container":null},{"exe":"/usr/sbin/sshd","cmdline":"sshd: philipp [priv]","pid":274843,"resources_usage":null,"consumption":0.0,"timestamp":1721774868.755061,"container":null}],"sockets":[{"id":0,"consumption":10269136.0,"domains":[{"name":"uncore","consumption":0.0,"timestamp":1721774868.737316},{"name":"core","consumption":7010321.0,"timestamp":1721774868.7372487}],"timestamp":1721774868.7370791}]},{"host":{"consumption":5402215.0,"timestamp":1721774868.7937663,"components":{"disks":[{"disk_type":"SSD","disk_mount_point":"/etc/hosts","disk_is_removable":false,"disk_file_system":"ext4","disk_total_bytes":"33634926592","disk_available_bytes":"9873809408","disk_name":"/dev/nvme0n1p4"}]}},"consumers":[{"exe":"/usr/local/bin/scaphandre","cmdline":"/usr/local/bin/scaphandrejson-s0--step-nano10000000-f/home/ce-p2-r-1/16/power.json","pid":458676,"resources_usage":null,"consumption":65481.39,"timestamp":1721774868.7936876,"container":null},{"exe":"/usr/sbin/NetworkManager","cmdline":"/usr/sbin/NetworkManager--no-daemon","pid":810,"resources_usage":null,"consumption":32740.695,"timestamp":1721774868.793604,"container":null},{"exe":"/usr/bin/dockerd","cmdline":"/usr/bin/dockerd-Hfd://--containerd=/run/containerd/containerd.sock","pid":1100,"resources_usage":null,"consumption":32740.695,"timestamp":1721774868.7936828,"container":null},{"exe":"","cmdline":"","pid":64,"resources_usage":null,"consumption":0.0,"timestamp":1721774868.793507,"container":null},{"exe":"","cmdline":"","pid":121,"resources_usage":null,"consumption":0.0,"timestamp":1721774868.7935092,"container":null},{"exe":"","cmdline":"","pid":63,"resources_usage":null,"consumption":0.0,"timestamp":1721774868.79351,"container":null},{"exe":"","cmdline":"","pid":61,"resources_usage":null,"consumption":0.0,"timestamp":1721774868.793511,"container":null},{"exe":"/usr/bin/login","cmdline":"/bin/login-p--","pid":1579,"resources_usage":null,"consumption":0.0,"timestamp":1721774868.7935114,"container":null},{"exe":"","cmdline":"","pid":442053,"resources_usage":null,"consumption":0.0,"timestamp":1721774868.7935126,"container":null},{"exe":"","cmdline":"","pid":241,"resources_usage":null,"consumption":0.0,"timestamp":1721774868.7935133,"container":null}],"sockets":[{"id":0,"consumption":10739328.0,"domains":[{"name":"uncore","consumption":0.0,"timestamp":1721774868.770993},{"name":"core","consumption":7911087.0,"timestamp":1721774868.7709792}],"timestamp":1721774868.7708097}]},{"host":{"consumption":4222649.0,"timestamp":1721774868.8405113,"components":{"disks":[{"disk_type":"SSD","disk_mount_point":"/etc/hosts","disk_is_removable":false,"disk_file_system":"ext4","disk_total_bytes":"33634926592","disk_available_bytes":"9873805312","disk_name":"/dev/nvme0n1p4"}]}},"consumers":[{"exe":"/usr/local/bin/scaphandre","cmdline":"/usr/local/bin/scaphandrejson-s0--step-nano10000000-f/home/ce-p2-r-1/16/power.json","pid":458676,"resources_usage":null,"consumption":102367.24,"timestamp":1721774868.8404305,"container":null},{"exe":"","cmdline":"","pid":64,"resources_usage":null,"consumption":0.0,"timestamp":1721774868.8402662,"container":null},{"exe":"","cmdline":"","pid":121,"resources_usage":null,"consumption":0.0,"timestamp":1721774868.8402684,"container":null},{"exe":"","cmdline":"","pid":63,"resources_usage":null,"consumption":0.0,"timestamp":1721774868.8402693,"container":null},{"exe":"","cmdline":"","pid":61,"resources_usage":null,"consumption":0.0,"timestamp":1721774868.84027,"container":null},{"exe":"/usr/bin/login","cmdline":"/bin/login-p--","pid":1579,"resources_usage":null,"consumption":0.0,"timestamp":1721774868.8402708,"container":null},{"exe":"","cmdline":"","pid":442053,"resources_usage":null,"consumption":0.0,"timestamp":1721774868.8402717,"container":null},{"exe":"","cmdline":"","pid":241,"resources_usage":null,"consumption":0.0,"timestamp":1721774868.8402722,"container":null},{"exe":"/usr/sbin/cron","cmdline":"/usr/sbin/cron-f-P","pid":1115,"resources_usage":null,"consumption":0.0,"timestamp":1721774868.840273,"container":null},{"exe":"/usr/sbin/sshd","cmdline":"sshd: philipp [priv]","pid":274843,"resources_usage":null,"consumption":0.0,"timestamp":1721774868.840274,"container":null}],"sockets":[{"id":0,"consumption":4893024.0,"domains":[{"name":"uncore","consumption":0.0,"timestamp":1721774868.8129208},{"name":"core","consumption":2439445.0,"timestamp":1721774868.8129125}],"timestamp":1721774868.8127592}]},{"host":{"consumption":14087031.0,"timestamp":1721774868.8788254,"components":{"disks":[{"disk_type":"SSD","disk_mount_point":"/etc/hosts","disk_is_removable":false,"disk_file_system":"ext4","disk_total_bytes":"33634926592","disk_available_bytes":"9873788928","disk_name":"/dev/nvme0n1p4"}]}},"consumers":[{"exe":"/usr/local/bin/scaphandre","cmdline":"/usr/local/bin/scaphandrejson-s0--step-nano10000000-f/home/ce-p2-r-1/16/power.json","pid":458676,"resources_usage":null,"consumption":256127.83,"timestamp":1721774868.8787925,"container":null},{"exe":"","cmdline":"","pid":58,"resources_usage":null,"consumption":85375.94,"timestamp":1721774868.878777,"container":null},{"exe":"","cmdline":"","pid":64,"resources_usage":null,"consumption":0.0,"timestamp":1721774868.8787103,"container":null},{"exe":"","cmdline":"","pid":121,"resources_usage":null,"consumption":0.0,"timestamp":1721774868.8787117,"container":null},{"exe":"","cmdline":"","pid":63,"resources_usage":null,"consumption":0.0,"timestamp":1721774868.878712,"container":null},{"exe":"","cmdline":"","pid":61,"resources_usage":null,"consumption":0.0,"timestamp":1721774868.8787124,"container":null},{"exe":"/usr/bin/login","cmdline":"/bin/login-p--","pid":1579,"resources_usage":null,"consumption":0.0,"timestamp":1721774868.878713,"container":null},{"exe":"","cmdline":"","pid":442053,"resources_usage":null,"consumption":0.0,"timestamp":1721774868.8787134,"container":null},{"exe":"","cmdline":"","pid":241,"resources_usage":null,"consumption":0.0,"timestamp":1721774868.8787136,"container":null},{"exe":"/usr/sbin/cron","cmdline":"/usr/sbin/cron-f-P","pid":1115,"resources_usage":null,"consumption":0.0,"timestamp":1721774868.8787143,"container":null}],"sockets":[{"id":0,"consumption":7311959.0,"domains":[{"name":"uncore","consumption":0.0,"timestamp":1721774868.8588367},{"name":"core","consumption":4776305.0,"timestamp":1721774868.8588264}],"timestamp":1721774868.8587027}]},{"host":{"consumption":16283862.0,"timestamp":1721774868.9125254,"components":{"disks":[{"disk_type":"SSD","disk_mount_point":"/etc/hosts","disk_is_removable":false,"disk_file_system":"ext4","disk_total_bytes":"33634926592","disk_available_bytes":"9873797120","disk_name":"/dev/nvme0n1p4"}]}},"consumers":[{"exe":"/","cmdline":"runcinit","pid":458749,"resources_usage":null,"consumption":348317.9,"timestamp":1721774868.912434,"container":null},{"exe":"/usr/local/bin/scaphandre","cmdline":"/usr/local/bin/scaphandrejson-s0--step-nano10000000-f/home/ce-p2-r-1/16/power.json","pid":458676,"resources_usage":null,"consumption":261238.4,"timestamp":1721774868.9124882,"container":null},{"exe":"","cmdline":"","pid":64,"resources_usage":null,"consumption":0.0,"timestamp":1721774868.9124122,"container":null},{"exe":"","cmdline":"","pid":121,"resources_usage":null,"consumption":0.0,"timestamp":1721774868.9124136,"container":null},{"exe":"","cmdline":"","pid":63,"resources_usage":null,"consumption":0.0,"timestamp":1721774868.9124138,"container":null},{"exe":"","cmdline":"","pid":61,"resources_usage":null,"consumption":0.0,"timestamp":1721774868.9124146,"container":null},{"exe":"/usr/bin/login","cmdline":"/bin/login-p--","pid":1579,"resources_usage":null,"consumption":0.0,"timestamp":1721774868.912415,"container":null},{"exe":"","cmdline":"","pid":442053,"resources_usage":null,"consumption":0.0,"timestamp":1721774868.9124155,"container":null},{"exe":"","cmdline":"","pid":241,"resources_usage":null,"consumption":0.0,"timestamp":1721774868.9124157,"container":null},{"exe":"/usr/sbin/cron","cmdline":"/usr/sbin/cron-f-P","pid":1115,"resources_usage":null,"consumption":0.0,"timestamp":1721774868.912416,"container":null}],"sockets":[{"id":0,"consumption":16380163.0,"domains":[{"name":"uncore","consumption":0.0,"timestamp":1721774868.8949633},{"name":"core","consumption":13394435.0,"timestamp":1721774868.8949523}],"timestamp":1721774868.8948314}]},{"host":{"consumption":18936934.0,"timestamp":1721774868.945594,"components":{"disks":[{"disk_type":"SSD","disk_mount_point":"/etc/hosts","disk_is_removable":false,"disk_file_system":"ext4","disk_total_bytes":"33634926592","disk_available_bytes":"9873793024","disk_name":"/dev/nvme0n1p4"}]}},"consumers":[{"exe":"/","cmdline":"runcinit","pid":458749,"resources_usage":null,"consumption":303801.06,"timestamp":1721774868.9454374,"container":null},{"exe":"/usr/local/bin/scaphandre","cmdline":"/usr/local/bin/scaphandrejson-s0--step-nano10000000-f/home/ce-p2-r-1/16/power.json","pid":458676,"resources_usage":null,"consumption":101267.02,"timestamp":1721774868.9455056,"container":null},{"exe":"","cmdline":"","pid":64,"resources_usage":null,"consumption":0.0,"timestamp":1721774868.9454122,"container":null},{"exe":"","cmdline":"","pid":121,"resources_usage":null,"consumption":0.0,"timestamp":1721774868.9454134,"container":null},{"exe":"","cmdline":"","pid":63,"resources_usage":null,"consumption":0.0,"timestamp":1721774868.945414,"container":null},{"exe":"","cmdline":"","pid":61,"resources_usage":null,"consumption":0.0,"timestamp":1721774868.9454148,"container":null},{"exe":"/usr/bin/login","cmdline":"/bin/login-p--","pid":1579,"resources_usage":null,"consumption":0.0,"timestamp":1721774868.9454153,"container":null},{"exe":"","cmdline":"","pid":442053,"resources_usage":null,"consumption":0.0,"timestamp":1721774868.9454157,"container":null},{"exe":"","cmdline":"","pid":241,"resources_usage":null,"consumption":0.0,"timestamp":1721774868.9454162,"container":null},{"exe":"/usr/sbin/cron","cmdline":"/usr/sbin/cron-f-P","pid":1115,"resources_usage":null,"consumption":0.0,"timestamp":1721774868.9454165,"container":null}],"sockets":[{"id":0,"consumption":16750196.0,"domains":[{"name":"uncore","consumption":0.0,"timestamp":1721774868.9274795},{"name":"core","consumption":14045954.0,"timestamp":1721774868.9274688}],"timestamp":1721774868.9273636}]},{"host":{"consumption":13898768.0,"timestamp":1721774868.9794078,"components":{"disks":[{"disk_type":"SSD","disk_mount_point":"/etc/hosts","disk_is_removable":false,"disk_file_system":"ext4","disk_total_bytes":"33634926592","disk_available_bytes":"9873793024","disk_name":"/dev/nvme0n1p4"}]}},"consumers":[{"exe":"/","cmdline":"runcinit","pid":458749,"resources_usage":null,"consumption":222974.88,"timestamp":1721774868.9793205,"container":null},{"exe":"/usr/local/bin/scaphandre","cmdline":"/usr/local/bin/scaphandrejson-s0--step-nano10000000-f/home/ce-p2-r-1/16/power.json","pid":458676,"resources_usage":null,"consumption":148649.92,"timestamp":1721774868.979374,"container":null},{"exe":"","cmdline":"","pid":64,"resources_usage":null,"consumption":0.0,"timestamp":1721774868.9792998,"container":null},{"exe":"","cmdline":"","pid":121,"resources_usage":null,"consumption":0.0,"timestamp":1721774868.9793007,"container":null},{"exe":"","cmdline":"","pid":63,"resources_usage":null,"consumption":0.0,"timestamp":1721774868.979301,"container":null},{"exe":"","cmdline":"","pid":61,"resources_usage":null,"consumption":0.0,"timestamp":1721774868.9793012,"container":null},{"exe":"/usr/bin/login","cmdline":"/bin/login-p--","pid":1579,"resources_usage":null,"consumption":0.0,"timestamp":1721774868.9793017,"container":null},{"exe":"","cmdline":"","pid":442053,"resources_usage":null,"consumption":0.0,"timestamp":1721774868.9793022,"container":null},{"exe":"","cmdline":"","pid":241,"resources_usage":null,"consumption":0.0,"timestamp":1721774868.9793024,"container":null},{"exe":"/usr/sbin/cron","cmdline":"/usr/sbin/cron-f-P","pid":1115,"resources_usage":null,"consumption":0.0,"timestamp":1721774868.9793026,"container":null}],"sockets":[{"id":0,"consumption":17570252.0,"domains":[{"name":"uncore","consumption":0.0,"timestamp":1721774868.962562},{"name":"core","consumption":14799085.0,"timestamp":1721774868.9624877}],"timestamp":1721774868.962275}]},{"host":{"consumption":26609712.0,"timestamp":1721774869.01452,"components":{"disks":[{"disk_type":"SSD","disk_mount_point":"/etc/hosts","disk_is_removable":false,"disk_file_system":"ext4","disk_total_bytes":"33634926592","disk_available_bytes":"9873788928","disk_name":"/dev/nvme0n1p4"}]}},"consumers":[{"exe":"/","cmdline":"runcinit","pid":458749,"resources_usage":null,"consumption":569191.7,"timestamp":1721774869.014438,"container":null},{"exe":"/usr/local/bin/scaphandre","cmdline":"/usr/local/bin/scaphandrejson-s0--step-nano10000000-f/home/ce-p2-r-1/16/power.json","pid":458676,"resources_usage":null,"consumption":284595.84,"timestamp":1721774869.0144882,"container":null},{"exe":"","cmdline":"","pid":64,"resources_usage":null,"consumption":0.0,"timestamp":1721774869.0144176,"container":null},{"exe":"","cmdline":"","pid":121,"resources_usage":null,"consumption":0.0,"timestamp":1721774869.0144186,"container":null},{"exe":"","cmdline":"","pid":63,"resources_usage":null,"consumption":0.0,"timestamp":1721774869.014419,"container":null},{"exe":"","cmdline":"","pid":61,"resources_usage":null,"consumption":0.0,"timestamp":1721774869.0144193,"container":null},{"exe":"/usr/bin/login","cmdline":"/bin/login-p--","pid":1579,"resources_usage":null,"consumption":0.0,"timestamp":1721774869.0144196,"container":null},{"exe":"","cmdline":"","pid":442053,"resources_usage":null,"consumption":0.0,"timestamp":1721774869.01442,"container":null},{"exe":"","cmdline":"","pid":241,"resources_usage":null,"consumption":0.0,"timestamp":1721774869.0144203,"container":null},{"exe":"/usr/sbin/cron","cmdline":"/usr/sbin/cron-f-P","pid":1115,"resources_usage":null,"consumption":0.0,"timestamp":1721774869.0144205,"container":null}],"sockets":[{"id":0,"consumption":22727708.0,"domains":[{"name":"uncore","consumption":0.0,"timestamp":1721774868.994335},{"name":"core","consumption":20291192.0,"timestamp":1721774868.9943209}],"timestamp":1721774868.9941947}]},{"host":{"consumption":8990410.0,"timestamp":1721774869.0465703,"components":{"disks":[{"disk_type":"SSD","disk_mount_point":"/etc/hosts","disk_is_removable":false,"disk_file_system":"ext4","disk_total_bytes":"33634926592","disk_available_bytes":"9873788928","disk_name":"/dev/nvme0n1p4"}]}},"consumers":[{"exe":"/","cmdline":"runcinit","pid":458749,"resources_usage":null,"consumption":144231.17,"timestamp":1721774869.0464857,"container":null},{"exe":"/usr/local/bin/scaphandre","cmdline":"/usr/local/bin/scaphandrejson-s0--step-nano10000000-f/home/ce-p2-r-1/16/power.json","pid":458676,"resources_usage":null,"consumption":96154.12,"timestamp":1721774869.0465372,"container":null},{"exe":"","cmdline":"","pid":64,"resources_usage":null,"consumption":0.0,"timestamp":1721774869.0464659,"container":null},{"exe":"","cmdline":"","pid":121,"resources_usage":null,"consumption":0.0,"timestamp":1721774869.046467,"container":null},{"exe":"","cmdline":"","pid":63,"resources_usage":null,"consumption":0.0,"timestamp":1721774869.0464673,"container":null},{"exe":"","cmdline":"","pid":61,"resources_usage":null,"consumption":0.0,"timestamp":1721774869.0464678,"container":null},{"exe":"/usr/bin/login","cmdline":"/bin/login-p--","pid":1579,"resources_usage":null,"consumption":0.0,"timestamp":1721774869.046468,"container":null},{"exe":"","cmdline":"","pid":442053,"resources_usage":null,"consumption":0.0,"timestamp":1721774869.0464687,"container":null},{"exe":"","cmdline":"","pid":241,"resources_usage":null,"consumption":0.0,"timestamp":1721774869.046469,"container":null},{"exe":"/usr/sbin/cron","cmdline":"/usr/sbin/cron-f-P","pid":1115,"resources_usage":null,"consumption":0.0,"timestamp":1721774869.0464692,"container":null}],"sockets":[{"id":0,"consumption":18286144.0,"domains":[{"name":"uncore","consumption":0.0,"timestamp":1721774869.0296593},{"name":"core","consumption":15842619.0,"timestamp":1721774869.0296452}],"timestamp":1721774869.0295384}]},{"host":{"consumption":20148956.0,"timestamp":1721774869.0786858,"components":{"disks":[{"disk_type":"SSD","disk_mount_point":"/etc/hosts","disk_is_removable":false,"disk_file_system":"ext4","disk_total_bytes":"33634926592","disk_available_bytes":"9873784832","disk_name":"/dev/nvme0n1p4"}]}},"consumers":[{"exe":"/usr/local/bin/scaphandre","cmdline":"/usr/local/bin/scaphandrejson-s0--step-nano10000000-f/home/ce-p2-r-1/16/power.json","pid":458676,"resources_usage":null,"consumption":323245.25,"timestamp":1721774869.0786579,"container":null},{"exe":"/","cmdline":"runcinit","pid":458749,"resources_usage":null,"consumption":323245.25,"timestamp":1721774869.0786076,"container":null},{"exe":"","cmdline":"","pid":64,"resources_usage":null,"consumption":0.0,"timestamp":1721774869.078588,"container":null},{"exe":"","cmdline":"","pid":121,"resources_usage":null,"consumption":0.0,"timestamp":1721774869.078589,"container":null},{"exe":"","cmdline":"","pid":63,"resources_usage":null,"consumption":0.0,"timestamp":1721774869.0785894,"container":null},{"exe":"","cmdline":"","pid":61,"resources_usage":null,"consumption":0.0,"timestamp":1721774869.07859,"container":null},{"exe":"/usr/bin/login","cmdline":"/bin/login-p--","pid":1579,"resources_usage":null,"consumption":0.0,"timestamp":1721774869.0785902,"container":null},{"exe":"","cmdline":"","pid":442053,"resources_usage":null,"consumption":0.0,"timestamp":1721774869.0785906,"container":null},{"exe":"","cmdline":"","pid":241,"resources_usage":null,"consumption":0.0,"timestamp":1721774869.0785909,"container":null},{"exe":"/usr/sbin/cron","cmdline":"/usr/sbin/cron-f-P","pid":1115,"resources_usage":null,"consumption":0.0,"timestamp":1721774869.078591,"container":null}],"sockets":[{"id":0,"consumption":14316217.0,"domains":[{"name":"uncore","consumption":0.0,"timestamp":1721774869.0615077},{"name":"core","consumption":11580687.0,"timestamp":1721774869.0614944}],"timestamp":1721774869.0613856}]},{"host":{"consumption":12630861.0,"timestamp":1721774869.111366,"components":{"disks":[{"disk_type":"SSD","disk_mount_point":"/etc/hosts","disk_is_removable":false,"disk_file_system":"ext4","disk_total_bytes":"33634926592","disk_available_bytes":"9873784832","disk_name":"/dev/nvme0n1p4"}]}},"consumers":[{"exe":"/","cmdline":"runcinit","pid":458749,"resources_usage":null,"consumption":304358.06,"timestamp":1721774869.111222,"container":null},{"exe":"/usr/local/bin/scaphandre","cmdline":"/usr/local/bin/scaphandrejson-s0--step-nano10000000-f/home/ce-p2-r-1/16/power.json","pid":458676,"resources_usage":null,"consumption":76089.516,"timestamp":1721774869.1112752,"container":null},{"exe":"","cmdline":"","pid":64,"resources_usage":null,"consumption":0.0,"timestamp":1721774869.111202,"container":null},{"exe":"","cmdline":"","pid":121,"resources_usage":null,"consumption":0.0,"timestamp":1721774869.1112027,"container":null},{"exe":"","cmdline":"","pid":63,"resources_usage":null,"consumption":0.0,"timestamp":1721774869.1112032,"container":null},{"exe":"","cmdline":"","pid":61,"resources_usage":null,"consumption":0.0,"timestamp":1721774869.1112037,"container":null},{"exe":"/usr/bin/login","cmdline":"/bin/login-p--","pid":1579,"resources_usage":null,"consumption":0.0,"timestamp":1721774869.111204,"container":null},{"exe":"","cmdline":"","pid":442053,"resources_usage":null,"consumption":0.0,"timestamp":1721774869.1112044,"container":null},{"exe":"","cmdline":"","pid":241,"resources_usage":null,"consumption":0.0,"timestamp":1721774869.1112044,"container":null},{"exe":"/usr/sbin/cron","cmdline":"/usr/sbin/cron-f-P","pid":1115,"resources_usage":null,"consumption":0.0,"timestamp":1721774869.1112049,"container":null}],"sockets":[{"id":0,"consumption":12499843.0,"domains":[{"name":"uncore","consumption":0.0,"timestamp":1721774869.0935152},{"name":"core","consumption":9709733.0,"timestamp":1721774869.0935087}],"timestamp":1721774869.0934074}]},{"host":{"consumption":25081692.0,"timestamp":1721774869.145955,"components":{"disks":[{"disk_type":"SSD","disk_mount_point":"/etc/hosts","disk_is_removable":false,"disk_file_system":"ext4","disk_total_bytes":"33634926592","disk_available_bytes":"9873780736","disk_name":"/dev/nvme0n1p4"}]}},"consumers":[{"exe":"/","cmdline":"runcinit","pid":458749,"resources_usage":null,"consumption":453283.6,"timestamp":1721774869.1457145,"container":null},{"exe":"/usr/local/bin/scaphandre","cmdline":"/usr/local/bin/scaphandrejson-s0--step-nano10000000-f/home/ce-p2-r-1/16/power.json","pid":458676,"resources_usage":null,"consumption":302189.06,"timestamp":1721774869.1457658,"container":null},{"exe":"","cmdline":"","pid":64,"resources_usage":null,"consumption":0.0,"timestamp":1721774869.1456945,"container":null},{"exe":"","cmdline":"","pid":121,"resources_usage":null,"consumption":0.0,"timestamp":1721774869.1456962,"container":null},{"exe":"","cmdline":"","pid":63,"resources_usage":null,"consumption":0.0,"timestamp":1721774869.1456966,"container":null},{"exe":"","cmdline":"","pid":61,"resources_usage":null,"consumption":0.0,"timestamp":1721774869.1456969,"container":null},{"exe":"/usr/bin/login","cmdline":"/bin/login-p--","pid":1579,"resources_usage":null,"consumption":0.0,"timestamp":1721774869.145697,"container":null},{"exe":"","cmdline":"","pid":442053,"resources_usage":null,"consumption":0.0,"timestamp":1721774869.1456978,"container":null},{"exe":"","cmdline":"","pid":241,"resources_usage":null,"consumption":0.0,"timestamp":1721774869.145698,"container":null},{"exe":"/usr/sbin/cron","cmdline":"/usr/sbin/cron-f-P","pid":1115,"resources_usage":null,"consumption":0.0,"timestamp":1721774869.1456983,"container":null}],"sockets":[{"id":0,"consumption":24733512.0,"domains":[{"name":"uncore","consumption":0.0,"timestamp":1721774869.1268547},{"name":"core","consumption":22096408.0,"timestamp":1721774869.1267796}],"timestamp":1721774869.1264598}]},{"host":{"consumption":28856904.0,"timestamp":1721774869.180854,"components":{"disks":[{"disk_type":"SSD","disk_mount_point":"/etc/hosts","disk_is_removable":false,"disk_file_system":"ext4","disk_total_bytes":"33634926592","disk_available_bytes":"9873780736","disk_name":"/dev/nvme0n1p4"}]}},"consumers":[{"exe":"/","cmdline":"runcinit","pid":458749,"resources_usage":null,"consumption":521510.28,"timestamp":1721774869.1807036,"container":null},{"exe":"/usr/local/bin/scaphandre","cmdline":"/usr/local/bin/scaphandrejson-s0--step-nano10000000-f/home/ce-p2-r-1/16/power.json","pid":458676,"resources_usage":null,"consumption":347673.53,"timestamp":1721774869.1807573,"container":null},{"exe":"","cmdline":"","pid":64,"resources_usage":null,"consumption":0.0,"timestamp":1721774869.180682,"container":null},{"exe":"","cmdline":"","pid":121,"resources_usage":null,"consumption":0.0,"timestamp":1721774869.1806834,"container":null},{"exe":"","cmdline":"","pid":63,"resources_usage":null,"consumption":0.0,"timestamp":1721774869.1806839,"container":null},{"exe":"","cmdline":"","pid":61,"resources_usage":null,"consumption":0.0,"timestamp":1721774869.1806843,"container":null},{"exe":"/usr/bin/login","cmdline":"/bin/login-p--","pid":1579,"resources_usage":null,"consumption":0.0,"timestamp":1721774869.1806846,"container":null},{"exe":"","cmdline":"","pid":442053,"resources_usage":null,"consumption":0.0,"timestamp":1721774869.1806853,"container":null},{"exe":"","cmdline":"","pid":241,"resources_usage":null,"consumption":0.0,"timestamp":1721774869.1806858,"container":null},{"exe":"/usr/sbin/cron","cmdline":"/usr/sbin/cron-f-P","pid":1115,"resources_usage":null,"consumption":0.0,"timestamp":1721774869.180686,"container":null}],"sockets":[{"id":0,"consumption":19314656.0,"domains":[{"name":"uncore","consumption":0.0,"timestamp":1721774869.1614711},{"name":"core","consumption":17038940.0,"timestamp":1721774869.1612966}],"timestamp":1721774869.160977}]},{"host":{"consumption":16234201.0,"timestamp":1721774869.217413,"components":{"disks":[{"disk_type":"SSD","disk_mount_point":"/etc/hosts","disk_is_removable":false,"disk_file_system":"ext4","disk_total_bytes":"33634926592","disk_available_bytes":"9873776640","disk_name":"/dev/nvme0n1p4"}]}},"consumers":[{"exe":"/","cmdline":"runcinit","pid":458749,"resources_usage":null,"consumption":391185.53,"timestamp":1721774869.2171206,"container":null},{"exe":"/usr/local/bin/scaphandre","cmdline":"/usr/local/bin/scaphandrejson-s0--step-nano10000000-f/home/ce-p2-r-1/16/power.json","pid":458676,"resources_usage":null,"consumption":195592.77,"timestamp":1721774869.2171733,"container":null},{"exe":"","cmdline":"","pid":64,"resources_usage":null,"consumption":0.0,"timestamp":1721774869.2170994,"container":null},{"exe":"","cmdline":"","pid":121,"resources_usage":null,"consumption":0.0,"timestamp":1721774869.2171006,"container":null},{"exe":"","cmdline":"","pid":63,"resources_usage":null,"consumption":0.0,"timestamp":1721774869.217101,"container":null},{"exe":"","cmdline":"","pid":61,"resources_usage":null,"consumption":0.0,"timestamp":1721774869.2171013,"container":null},{"exe":"/usr/bin/login","cmdline":"/bin/login-p--","pid":1579,"resources_usage":null,"consumption":0.0,"timestamp":1721774869.2171018,"container":null},{"exe":"","cmdline":"","pid":442053,"resources_usage":null,"consumption":0.0,"timestamp":1721774869.217102,"container":null},{"exe":"","cmdline":"","pid":241,"resources_usage":null,"consumption":0.0,"timestamp":1721774869.2171028,"container":null},{"exe":"/usr/sbin/cron","cmdline":"/usr/sbin/cron-f-P","pid":1115,"resources_usage":null,"consumption":0.0,"timestamp":1721774869.217103,"container":null}],"sockets":[{"id":0,"consumption":23592168.0,"domains":[{"name":"uncore","consumption":0.0,"timestamp":1721774869.1961045},{"name":"core","consumption":21343368.0,"timestamp":1721774869.196093}],"timestamp":1721774869.1959724}]},{"host":{"consumption":21176704.0,"timestamp":1721774869.2512267,"components":{"disks":[{"disk_type":"SSD","disk_mount_point":"/etc/hosts","disk_is_removable":false,"disk_file_system":"ext4","disk_total_bytes":"33634926592","disk_available_bytes":"9873776640","disk_name":"/dev/nvme0n1p4"}]}},"consumers":[{"exe":"/","cmdline":"runcinit","pid":458749,"resources_usage":null,"consumption":382711.47,"timestamp":1721774869.25108,"container":null},{"exe":"/usr/local/bin/scaphandre","cmdline":"/usr/local/bin/scaphandrejson-s0--step-nano10000000-f/home/ce-p2-r-1/16/power.json","pid":458676,"resources_usage":null,"consumption":255140.98,"timestamp":1721774869.2511322,"container":null},{"exe":"","cmdline":"","pid":64,"resources_usage":null,"consumption":0.0,"timestamp":1721774869.2510602,"container":null},{"exe":"","cmdline":"","pid":121,"resources_usage":null,"consumption":0.0,"timestamp":1721774869.2510614,"container":null},{"exe":"","cmdline":"","pid":63,"resources_usage":null,"consumption":0.0,"timestamp":1721774869.2510617,"container":null},{"exe":"","cmdline":"","pid":61,"resources_usage":null,"consumption":0.0,"timestamp":1721774869.2510622,"container":null},{"exe":"/usr/bin/login","cmdline":"/bin/login-p--","pid":1579,"resources_usage":null,"consumption":0.0,"timestamp":1721774869.2510624,"container":null},{"exe":"","cmdline":"","pid":442053,"resources_usage":null,"consumption":0.0,"timestamp":1721774869.2510629,"container":null},{"exe":"","cmdline":"","pid":241,"resources_usage":null,"consumption":0.0,"timestamp":1721774869.251063,"container":null},{"exe":"/usr/sbin/cron","cmdline":"/usr/sbin/cron-f-P","pid":1115,"resources_usage":null,"consumption":0.0,"timestamp":1721774869.2510633,"container":null}],"sockets":[{"id":0,"consumption":24362850.0,"domains":[{"name":"uncore","consumption":0.0,"timestamp":1721774869.2330194},{"name":"core","consumption":21878694.0,"timestamp":1721774869.2327971}],"timestamp":1721774869.2325315}]},{"host":{"consumption":22232518.0,"timestamp":1721774869.2852767,"components":{"disks":[{"disk_type":"SSD","disk_mount_point":"/etc/hosts","disk_is_removable":false,"disk_file_system":"ext4","disk_total_bytes":"33634926592","disk_available_bytes":"9873776640","disk_name":"/dev/nvme0n1p4"}]}},"consumers":[{"exe":"/","cmdline":"runcinit","pid":458749,"resources_usage":null,"consumption":535723.3,"timestamp":1721774869.285033,"container":null},{"exe":"/usr/local/bin/scaphandre","cmdline":"/usr/local/bin/scaphandrejson-s0--step-nano10000000-f/home/ce-p2-r-1/16/power.json","pid":458676,"resources_usage":null,"consumption":133930.83,"timestamp":1721774869.2850833,"container":null},{"exe":"","cmdline":"","pid":64,"resources_usage":null,"consumption":0.0,"timestamp":1721774869.285013,"container":null},{"exe":"","cmdline":"","pid":121,"resources_usage":null,"consumption":0.0,"timestamp":1721774869.2850142,"container":null},{"exe":"","cmdline":"","pid":63,"resources_usage":null,"consumption":0.0,"timestamp":1721774869.2850144,"container":null},{"exe":"","cmdline":"","pid":61,"resources_usage":null,"consumption":0.0,"timestamp":1721774869.2850149,"container":null},{"exe":"/usr/bin/login","cmdline":"/bin/login-p--","pid":1579,"resources_usage":null,"consumption":0.0,"timestamp":1721774869.285015,"container":null},{"exe":"","cmdline":"","pid":442053,"resources_usage":null,"consumption":0.0,"timestamp":1721774869.2850158,"container":null},{"exe":"","cmdline":"","pid":241,"resources_usage":null,"consumption":0.0,"timestamp":1721774869.285016,"container":null},{"exe":"/usr/sbin/cron","cmdline":"/usr/sbin/cron-f-P","pid":1115,"resources_usage":null,"consumption":0.0,"timestamp":1721774869.2850163,"container":null}],"sockets":[{"id":0,"consumption":17556712.0,"domains":[{"name":"uncore","consumption":0.0,"timestamp":1721774869.266727},{"name":"core","consumption":15312157.0,"timestamp":1721774869.266535}],"timestamp":1721774869.2662148}]},{"host":{"consumption":21258660.0,"timestamp":1721774869.3200366,"components":{"disks":[{"disk_type":"SSD","disk_mount_point":"/etc/hosts","disk_is_removable":false,"disk_file_system":"ext4","disk_total_bytes":"33634926592","disk_available_bytes":"9873772544","disk_name":"/dev/nvme0n1p4"}]}},"consumers":[{"exe":"/","cmdline":"runcinit","pid":458749,"resources_usage":null,"consumption":393678.88,"timestamp":1721774869.3198955,"container":null},{"exe":"/usr/local/bin/scaphandre","cmdline":"/usr/local/bin/scaphandrejson-s0--step-nano10000000-f/home/ce-p2-r-1/16/power.json","pid":458676,"resources_usage":null,"consumption":262452.6,"timestamp":1721774869.319954,"container":null},{"exe":"","cmdline":"","pid":64,"resources_usage":null,"consumption":0.0,"timestamp":1721774869.3198743,"container":null},{"exe":"","cmdline":"","pid":121,"resources_usage":null,"consumption":0.0,"timestamp":1721774869.3198757,"container":null},{"exe":"","cmdline":"","pid":63,"resources_usage":null,"consumption":0.0,"timestamp":1721774869.3198762,"container":null},{"exe":"","cmdline":"","pid":61,"resources_usage":null,"consumption":0.0,"timestamp":1721774869.3198764,"container":null},{"exe":"/usr/bin/login","cmdline":"/bin/login-p--","pid":1579,"resources_usage":null,"consumption":0.0,"timestamp":1721774869.319877,"container":null},{"exe":"","cmdline":"","pid":442053,"resources_usage":null,"consumption":0.0,"timestamp":1721774869.3198771,"container":null},{"exe":"","cmdline":"","pid":241,"resources_usage":null,"consumption":0.0,"timestamp":1721774869.3198774,"container":null},{"exe":"/usr/sbin/cron","cmdline":"/usr/sbin/cron-f-P","pid":1115,"resources_usage":null,"consumption":0.0,"timestamp":1721774869.3198776,"container":null}],"sockets":[{"id":0,"consumption":22144832.0,"domains":[{"name":"uncore","consumption":0.0,"timestamp":1721774869.300692},{"name":"core","consumption":19828512.0,"timestamp":1721774869.3005147}],"timestamp":1721774869.300146}]},{"host":{"consumption":25182730.0,"timestamp":1721774869.354402,"components":{"disks":[{"disk_type":"SSD","disk_mount_point":"/etc/hosts","disk_is_removable":false,"disk_file_system":"ext4","disk_total_bytes":"33634926592","disk_available_bytes":"9873772544","disk_name":"/dev/nvme0n1p4"}]}},"consumers":[{"exe":"/","cmdline":"runcinit","pid":458749,"resources_usage":null,"consumption":466346.84,"timestamp":1721774869.3542573,"container":null},{"exe":"/usr/local/bin/scaphandre","cmdline":"/usr/local/bin/scaphandrejson-s0--step-nano10000000-f/home/ce-p2-r-1/16/power.json","pid":458676,"resources_usage":null,"consumption":310897.9,"timestamp":1721774869.35431,"container":null},{"exe":"","cmdline":"","pid":64,"resources_usage":null,"consumption":0.0,"timestamp":1721774869.354238,"container":null},{"exe":"","cmdline":"","pid":121,"resources_usage":null,"consumption":0.0,"timestamp":1721774869.3542392,"container":null},{"exe":"","cmdline":"","pid":63,"resources_usage":null,"consumption":0.0,"timestamp":1721774869.3542397,"container":null},{"exe":"","cmdline":"","pid":61,"resources_usage":null,"consumption":0.0,"timestamp":1721774869.35424,"container":null},{"exe":"/usr/bin/login","cmdline":"/bin/login-p--","pid":1579,"resources_usage":null,"consumption":0.0,"timestamp":1721774869.3542402,"container":null},{"exe":"","cmdline":"","pid":442053,"resources_usage":null,"consumption":0.0,"timestamp":1721774869.354241,"container":null},{"exe":"","cmdline":"","pid":241,"resources_usage":null,"consumption":0.0,"timestamp":1721774869.3542411,"container":null},{"exe":"/usr/sbin/cron","cmdline":"/usr/sbin/cron-f-P","pid":1115,"resources_usage":null,"consumption":0.0,"timestamp":1721774869.3542414,"container":null}],"sockets":[{"id":0,"consumption":26031252.0,"domains":[{"name":"uncore","consumption":0.0,"timestamp":1721774869.3350952},{"name":"core","consumption":23951612.0,"timestamp":1721774869.3350844}],"timestamp":1721774869.3349693}]},{"host":{"consumption":14873295.0,"timestamp":1721774869.3891273,"components":{"disks":[{"disk_type":"SSD","disk_mount_point":"/etc/hosts","disk_is_removable":false,"disk_file_system":"ext4","disk_total_bytes":"33634926592","disk_available_bytes":"9873768448","disk_name":"/dev/nvme0n1p4"}]}},"consumers":[{"exe":"/","cmdline":"runcinit","pid":458749,"resources_usage":null,"consumption":367241.84,"timestamp":1721774869.3889778,"container":null},{"exe":"/usr/local/bin/scaphandre","cmdline":"/usr/local/bin/scaphandrejson-s0--step-nano10000000-f/home/ce-p2-r-1/16/power.json","pid":458676,"resources_usage":null,"consumption":183620.92,"timestamp":1721774869.389036,"container":null},{"exe":"","cmdline":"","pid":64,"resources_usage":null,"consumption":0.0,"timestamp":1721774869.388958,"container":null},{"exe":"","cmdline":"","pid":121,"resources_usage":null,"consumption":0.0,"timestamp":1721774869.3889592,"container":null},{"exe":"","cmdline":"","pid":63,"resources_usage":null,"consumption":0.0,"timestamp":1721774869.3889594,"container":null},{"exe":"","cmdline":"","pid":61,"resources_usage":null,"consumption":0.0,"timestamp":1721774869.38896,"container":null},{"exe":"/usr/bin/login","cmdline":"/bin/login-p--","pid":1579,"resources_usage":null,"consumption":0.0,"timestamp":1721774869.3889601,"container":null},{"exe":"","cmdline":"","pid":442053,"resources_usage":null,"consumption":0.0,"timestamp":1721774869.3889606,"container":null},{"exe":"","cmdline":"","pid":241,"resources_usage":null,"consumption":0.0,"timestamp":1721774869.3889608,"container":null},{"exe":"/usr/sbin/cron","cmdline":"/usr/sbin/cron-f-P","pid":1115,"resources_usage":null,"consumption":0.0,"timestamp":1721774869.388961,"container":null}],"sockets":[{"id":0,"consumption":15986675.0,"domains":[{"name":"uncore","consumption":0.0,"timestamp":1721774869.3698905},{"name":"core","consumption":13689120.0,"timestamp":1721774869.3696702}],"timestamp":1721774869.369414}]},{"host":{"consumption":14608165.0,"timestamp":1721774869.4234257,"components":{"disks":[{"disk_type":"SSD","disk_mount_point":"/etc/hosts","disk_is_removable":false,"disk_file_system":"ext4","disk_total_bytes":"33634926592","disk_available_bytes":"9873768448","disk_name":"/dev/nvme0n1p4"}]}},"consumers":[{"exe":"/","cmdline":"runcinit","pid":458749,"resources_usage":null,"consumption":360695.44,"timestamp":1721774869.4232814,"container":null},{"exe":"/usr/local/bin/scaphandre","cmdline":"/usr/local/bin/scaphandrejson-s0--step-nano10000000-f/home/ce-p2-r-1/16/power.json","pid":458676,"resources_usage":null,"consumption":180347.72,"timestamp":1721774869.4233334,"container":null},{"exe":"","cmdline":"","pid":64,"resources_usage":null,"consumption":0.0,"timestamp":1721774869.4232621,"container":null},{"exe":"","cmdline":"","pid":121,"resources_usage":null,"consumption":0.0,"timestamp":1721774869.423263,"container":null},{"exe":"","cmdline":"","pid":63,"resources_usage":null,"consumption":0.0,"timestamp":1721774869.4232633,"container":null},{"exe":"","cmdline":"","pid":61,"resources_usage":null,"consumption":0.0,"timestamp":1721774869.4232638,"container":null},{"exe":"/usr/bin/login","cmdline":"/bin/login-p--","pid":1579,"resources_usage":null,"consumption":0.0,"timestamp":1721774869.423264,"container":null},{"exe":"","cmdline":"","pid":442053,"resources_usage":null,"consumption":0.0,"timestamp":1721774869.4232645,"container":null},{"exe":"","cmdline":"","pid":241,"resources_usage":null,"consumption":0.0,"timestamp":1721774869.4232647,"container":null},{"exe":"/usr/sbin/cron","cmdline":"/usr/sbin/cron-f-P","pid":1115,"resources_usage":null,"consumption":0.0,"timestamp":1721774869.423265,"container":null}],"sockets":[{"id":0,"consumption":11054034.0,"domains":[{"name":"uncore","consumption":0.0,"timestamp":1721774869.404113},{"name":"core","consumption":8834518.0,"timestamp":1721774869.404103}],"timestamp":1721774869.4039898}]},{"host":{"consumption":17069246.0,"timestamp":1721774869.457388,"components":{"disks":[{"disk_type":"SSD","disk_mount_point":"/etc/hosts","disk_is_removable":false,"disk_file_system":"ext4","disk_total_bytes":"33634926592","disk_available_bytes":"9873764352","disk_name":"/dev/nvme0n1p4"}]}},"consumers":[{"exe":"/","cmdline":"runcinit","pid":458749,"resources_usage":null,"consumption":316097.16,"timestamp":1721774869.4571464,"container":null},{"exe":"/usr/local/bin/scaphandre","cmdline":"/usr/local/bin/scaphandrejson-s0--step-nano10000000-f/home/ce-p2-r-1/16/power.json","pid":458676,"resources_usage":null,"consumption":210731.42,"timestamp":1721774869.4571974,"container":null},{"exe":"","cmdline":"","pid":64,"resources_usage":null,"consumption":0.0,"timestamp":1721774869.4571264,"container":null},{"exe":"","cmdline":"","pid":121,"resources_usage":null,"consumption":0.0,"timestamp":1721774869.4571276,"container":null},{"exe":"","cmdline":"","pid":63,"resources_usage":null,"consumption":0.0,"timestamp":1721774869.4571278,"container":null},{"exe":"","cmdline":"","pid":61,"resources_usage":null,"consumption":0.0,"timestamp":1721774869.4571285,"container":null},{"exe":"/usr/bin/login","cmdline":"/bin/login-p--","pid":1579,"resources_usage":null,"consumption":0.0,"timestamp":1721774869.4571288,"container":null},{"exe":"","cmdline":"","pid":442053,"resources_usage":null,"consumption":0.0,"timestamp":1721774869.4571292,"container":null},{"exe":"","cmdline":"","pid":241,"resources_usage":null,"consumption":0.0,"timestamp":1721774869.4571295,"container":null},{"exe":"/usr/sbin/cron","cmdline":"/usr/sbin/cron-f-P","pid":1115,"resources_usage":null,"consumption":0.0,"timestamp":1721774869.4571297,"container":null}],"sockets":[{"id":0,"consumption":20342018.0,"domains":[{"name":"uncore","consumption":0.0,"timestamp":1721774869.4386966},{"name":"core","consumption":18116928.0,"timestamp":1721774869.438591}],"timestamp":1721774869.4384139}]},{"host":{"consumption":19555788.0,"timestamp":1721774869.4916854,"components":{"disks":[{"disk_type":"SSD","disk_mount_point":"/etc/hosts","disk_is_removable":false,"disk_file_system":"ext4","disk_total_bytes":"33634926592","disk_available_bytes":"9873764352","disk_name":"/dev/nvme0n1p4"}]}},"consumers":[{"exe":"/","cmdline":"runcinit","pid":458749,"resources_usage":null,"consumption":362144.22,"timestamp":1721774869.4915423,"container":null},{"exe":"/usr/local/bin/scaphandre","cmdline":"/usr/local/bin/scaphandrejson-s0--step-nano10000000-f/home/ce-p2-r-1/16/power.json","pid":458676,"resources_usage":null,"consumption":120714.74,"timestamp":1721774869.4915926,"container":null},{"exe":"","cmdline":"","pid":64,"resources_usage":null,"consumption":0.0,"timestamp":1721774869.491522,"container":null},{"exe":"","cmdline":"","pid":121,"resources_usage":null,"consumption":0.0,"timestamp":1721774869.4915233,"container":null},{"exe":"","cmdline":"","pid":63,"resources_usage":null,"consumption":0.0,"timestamp":1721774869.4915237,"container":null},{"exe":"","cmdline":"","pid":61,"resources_usage":null,"consumption":0.0,"timestamp":1721774869.491524,"container":null},{"exe":"/usr/bin/login","cmdline":"/bin/login-p--","pid":1579,"resources_usage":null,"consumption":0.0,"timestamp":1721774869.4915242,"container":null},{"exe":"","cmdline":"","pid":442053,"resources_usage":null,"consumption":0.0,"timestamp":1721774869.491525,"container":null},{"exe":"","cmdline":"","pid":241,"resources_usage":null,"consumption":0.0,"timestamp":1721774869.4915254,"container":null},{"exe":"/usr/sbin/cron","cmdline":"/usr/sbin/cron-f-P","pid":1115,"resources_usage":null,"consumption":0.0,"timestamp":1721774869.491526,"container":null}],"sockets":[{"id":0,"consumption":19810888.0,"domains":[{"name":"uncore","consumption":0.0,"timestamp":1721774869.472978},{"name":"core","consumption":17536656.0,"timestamp":1721774869.4727583}],"timestamp":1721774869.4724884}]},{"host":{"consumption":27693760.0,"timestamp":1721774869.5253856,"components":{"disks":[{"disk_type":"SSD","disk_mount_point":"/etc/hosts","disk_is_removable":false,"disk_file_system":"ext4","disk_total_bytes":"33634926592","disk_available_bytes":"9873760256","disk_name":"/dev/nvme0n1p4"}]}},"consumers":[{"exe":"/","cmdline":"runcinit","pid":458749,"resources_usage":null,"consumption":667319.44,"timestamp":1721774869.5250988,"container":null},{"exe":"/usr/local/bin/scaphandre","cmdline":"/usr/local/bin/scaphandrejson-s0--step-nano10000000-f/home/ce-p2-r-1/16/power.json","pid":458676,"resources_usage":null,"consumption":333659.72,"timestamp":1721774869.525151,"container":null},{"exe":"","cmdline":"","pid":64,"resources_usage":null,"consumption":0.0,"timestamp":1721774869.5250783,"container":null},{"exe":"","cmdline":"","pid":121,"resources_usage":null,"consumption":0.0,"timestamp":1721774869.5250797,"container":null},{"exe":"","cmdline":"","pid":63,"resources_usage":null,"consumption":0.0,"timestamp":1721774869.5250802,"container":null},{"exe":"","cmdline":"","pid":61,"resources_usage":null,"consumption":0.0,"timestamp":1721774869.5250807,"container":null},{"exe":"/usr/bin/login","cmdline":"/bin/login-p--","pid":1579,"resources_usage":null,"consumption":0.0,"timestamp":1721774869.5250812,"container":null},{"exe":"","cmdline":"","pid":442053,"resources_usage":null,"consumption":0.0,"timestamp":1721774869.5250814,"container":null},{"exe":"","cmdline":"","pid":241,"resources_usage":null,"consumption":0.0,"timestamp":1721774869.5250816,"container":null},{"exe":"/usr/sbin/cron","cmdline":"/usr/sbin/cron-f-P","pid":1115,"resources_usage":null,"consumption":0.0,"timestamp":1721774869.5250819,"container":null}],"sockets":[{"id":0,"consumption":19282974.0,"domains":[{"name":"uncore","consumption":0.0,"timestamp":1721774869.506884},{"name":"core","consumption":17005326.0,"timestamp":1721774869.5068734}],"timestamp":1721774869.5066729}]},{"host":{"consumption":14371238.0,"timestamp":1721774869.559986,"components":{"disks":[{"disk_type":"SSD","disk_mount_point":"/etc/hosts","disk_is_removable":false,"disk_file_system":"ext4","disk_total_bytes":"33634926592","disk_available_bytes":"9873760256","disk_name":"/dev/nvme0n1p4"}]}},"consumers":[{"exe":"/","cmdline":"runcinit","pid":458749,"resources_usage":null,"consumption":259721.16,"timestamp":1721774869.5598335,"container":null},{"exe":"/usr/local/bin/scaphandre","cmdline":"/usr/local/bin/scaphandrejson-s0--step-nano10000000-f/home/ce-p2-r-1/16/power.json","pid":458676,"resources_usage":null,"consumption":173147.44,"timestamp":1721774869.5598862,"container":null},{"exe":"","cmdline":"","pid":64,"resources_usage":null,"consumption":0.0,"timestamp":1721774869.5598147,"container":null},{"exe":"","cmdline":"","pid":121,"resources_usage":null,"consumption":0.0,"timestamp":1721774869.5598156,"container":null},{"exe":"","cmdline":"","pid":63,"resources_usage":null,"consumption":0.0,"timestamp":1721774869.5598161,"container":null},{"exe":"","cmdline":"","pid":61,"resources_usage":null,"consumption":0.0,"timestamp":1721774869.5598164,"container":null},{"exe":"/usr/bin/login","cmdline":"/bin/login-p--","pid":1579,"resources_usage":null,"consumption":0.0,"timestamp":1721774869.5598166,"container":null},{"exe":"","cmdline":"","pid":442053,"resources_usage":null,"consumption":0.0,"timestamp":1721774869.559817,"container":null},{"exe":"","cmdline":"","pid":241,"resources_usage":null,"consumption":0.0,"timestamp":1721774869.5598173,"container":null},{"exe":"/usr/sbin/cron","cmdline":"/usr/sbin/cron-f-P","pid":1115,"resources_usage":null,"consumption":0.0,"timestamp":1721774869.5598176,"container":null}],"sockets":[{"id":0,"consumption":22419306.0,"domains":[{"name":"uncore","consumption":0.0,"timestamp":1721774869.5408072},{"name":"core","consumption":20130178.0,"timestamp":1721774869.5405803}],"timestamp":1721774869.540224}]},{"host":{"consumption":27059888.0,"timestamp":1721774869.594363,"components":{"disks":[{"disk_type":"SSD","disk_mount_point":"/etc/hosts","disk_is_removable":false,"disk_file_system":"ext4","disk_total_bytes":"33634926592","disk_available_bytes":"9873756160","disk_name":"/dev/nvme0n1p4"}]}},"consumers":[{"exe":"/","cmdline":"runcinit","pid":458749,"resources_usage":null,"consumption":489034.1,"timestamp":1721774869.5942192,"container":null},{"exe":"/usr/local/bin/scaphandre","cmdline":"/usr/local/bin/scaphandrejson-s0--step-nano10000000-f/home/ce-p2-r-1/16/power.json","pid":458676,"resources_usage":null,"consumption":326022.72,"timestamp":1721774869.5942714,"container":null},{"exe":"","cmdline":"","pid":64,"resources_usage":null,"consumption":0.0,"timestamp":1721774869.5941987,"container":null},{"exe":"","cmdline":"","pid":121,"resources_usage":null,"consumption":0.0,"timestamp":1721774869.5941997,"container":null},{"exe":"","cmdline":"","pid":63,"resources_usage":null,"consumption":0.0,"timestamp":1721774869.5942001,"container":null},{"exe":"","cmdline":"","pid":61,"resources_usage":null,"consumption":0.0,"timestamp":1721774869.5942006,"container":null},{"exe":"/usr/bin/login","cmdline":"/bin/login-p--","pid":1579,"resources_usage":null,"consumption":0.0,"timestamp":1721774869.5942008,"container":null},{"exe":"","cmdline":"","pid":442053,"resources_usage":null,"consumption":0.0,"timestamp":1721774869.5942018,"container":null},{"exe":"","cmdline":"","pid":241,"resources_usage":null,"consumption":0.0,"timestamp":1721774869.5942023,"container":null},{"exe":"/usr/sbin/cron","cmdline":"/usr/sbin/cron-f-P","pid":1115,"resources_usage":null,"consumption":0.0,"timestamp":1721774869.5942025,"container":null}],"sockets":[{"id":0,"consumption":29089200.0,"domains":[{"name":"uncore","consumption":0.0,"timestamp":1721774869.5751216},{"name":"core","consumption":27016420.0,"timestamp":1721774869.5751119}],"timestamp":1721774869.5749934}]},{"host":{"consumption":14192999.0,"timestamp":1721774869.6286325,"components":{"disks":[{"disk_type":"SSD","disk_mount_point":"/etc/hosts","disk_is_removable":false,"disk_file_system":"ext4","disk_total_bytes":"33634926592","disk_available_bytes":"9873756160","disk_name":"/dev/nvme0n1p4"}]}},"consumers":[{"exe":"/usr/local/bin/scaphandre","cmdline":"/usr/local/bin/scaphandrejson-s0--step-nano10000000-f/home/ce-p2-r-1/16/power.json","pid":458676,"resources_usage":null,"consumption":170999.98,"timestamp":1721774869.6285894,"container":null},{"exe":"","cmdline":"","pid":64,"resources_usage":null,"consumption":0.0,"timestamp":1721774869.6285164,"container":null},{"exe":"","cmdline":"","pid":121,"resources_usage":null,"consumption":0.0,"timestamp":1721774869.6285174,"container":null},{"exe":"","cmdline":"","pid":63,"resources_usage":null,"consumption":0.0,"timestamp":1721774869.6285179,"container":null},{"exe":"","cmdline":"","pid":61,"resources_usage":null,"consumption":0.0,"timestamp":1721774869.6285186,"container":null},{"exe":"/usr/bin/login","cmdline":"/bin/login-p--","pid":1579,"resources_usage":null,"consumption":0.0,"timestamp":1721774869.6285188,"container":null},{"exe":"","cmdline":"","pid":442053,"resources_usage":null,"consumption":0.0,"timestamp":1721774869.6285193,"container":null},{"exe":"","cmdline":"","pid":241,"resources_usage":null,"consumption":0.0,"timestamp":1721774869.6285195,"container":null},{"exe":"/usr/sbin/cron","cmdline":"/usr/sbin/cron-f-P","pid":1115,"resources_usage":null,"consumption":0.0,"timestamp":1721774869.6285198,"container":null},{"exe":"/usr/sbin/sshd","cmdline":"sshd: philipp [priv]","pid":274843,"resources_usage":null,"consumption":0.0,"timestamp":1721774869.6285203,"container":null}],"sockets":[{"id":0,"consumption":11815995.0,"domains":[{"name":"uncore","consumption":0.0,"timestamp":1721774869.6093557},{"name":"core","consumption":9504978.0,"timestamp":1721774869.6093442}],"timestamp":1721774869.6091835}]},{"host":{"consumption":6356180.0,"timestamp":1721774869.6689725,"components":{"disks":[{"disk_type":"SSD","disk_mount_point":"/etc/hosts","disk_is_removable":false,"disk_file_system":"ext4","disk_total_bytes":"33634926592","disk_available_bytes":"9873752064","disk_name":"/dev/nvme0n1p4"}]}},"consumers":[{"exe":"/usr/local/bin/scaphandre","cmdline":"/usr/local/bin/scaphandrejson-s0--step-nano10000000-f/home/ce-p2-r-1/16/power.json","pid":458676,"resources_usage":null,"consumption":76580.48,"timestamp":1721774869.668805,"container":null},{"exe":"/usr/bin/dockerd","cmdline":"/usr/bin/dockerd-Hfd://--containerd=/run/containerd/containerd.sock","pid":1100,"resources_usage":null,"consumption":38290.24,"timestamp":1721774869.6687992,"container":null},{"exe":"","cmdline":"","pid":64,"resources_usage":null,"consumption":0.0,"timestamp":1721774869.6686368,"container":null},{"exe":"","cmdline":"","pid":121,"resources_usage":null,"consumption":0.0,"timestamp":1721774869.6686392,"container":null},{"exe":"","cmdline":"","pid":63,"resources_usage":null,"consumption":0.0,"timestamp":1721774869.66864,"container":null},{"exe":"","cmdline":"","pid":61,"resources_usage":null,"consumption":0.0,"timestamp":1721774869.6686409,"container":null},{"exe":"/usr/bin/login","cmdline":"/bin/login-p--","pid":1579,"resources_usage":null,"consumption":0.0,"timestamp":1721774869.6686413,"container":null},{"exe":"","cmdline":"","pid":442053,"resources_usage":null,"consumption":0.0,"timestamp":1721774869.6686423,"container":null},{"exe":"","cmdline":"","pid":241,"resources_usage":null,"consumption":0.0,"timestamp":1721774869.6686428,"container":null},{"exe":"/usr/sbin/cron","cmdline":"/usr/sbin/cron-f-P","pid":1115,"resources_usage":null,"consumption":0.0,"timestamp":1721774869.6686435,"container":null}],"sockets":[{"id":0,"consumption":13827438.0,"domains":[{"name":"uncore","consumption":0.0,"timestamp":1721774869.6460001},{"name":"core","consumption":10791182.0,"timestamp":1721774869.645933}],"timestamp":1721774869.6456392}]},{"host":{"consumption":6140025.0,"timestamp":1721774869.7083867,"components":{"disks":[{"disk_type":"SSD","disk_mount_point":"/etc/hosts","disk_is_removable":false,"disk_file_system":"ext4","disk_total_bytes":"33634926592","disk_available_bytes":"9873752064","disk_name":"/dev/nvme0n1p4"}]}},"consumers":[{"exe":"/usr/local/bin/scaphandre","cmdline":"/usr/local/bin/scaphandrejson-s0--step-nano10000000-f/home/ce-p2-r-1/16/power.json","pid":458676,"resources_usage":null,"consumption":184940.52,"timestamp":1721774869.7083452,"container":null},{"exe":"/usr/bin/containerd","cmdline":"/usr/bin/containerd","pid":893,"resources_usage":null,"consumption":36988.1,"timestamp":1721774869.7083256,"container":null},{"exe":"","cmdline":"","pid":64,"resources_usage":null,"consumption":0.0,"timestamp":1721774869.708253,"container":null},{"exe":"","cmdline":"","pid":121,"resources_usage":null,"consumption":0.0,"timestamp":1721774869.7082548,"container":null},{"exe":"","cmdline":"","pid":63,"resources_usage":null,"consumption":0.0,"timestamp":1721774869.7082553,"container":null},{"exe":"","cmdline":"","pid":61,"resources_usage":null,"consumption":0.0,"timestamp":1721774869.7082558,"container":null},{"exe":"/usr/bin/login","cmdline":"/bin/login-p--","pid":1579,"resources_usage":null,"consumption":0.0,"timestamp":1721774869.708256,"container":null},{"exe":"","cmdline":"","pid":442053,"resources_usage":null,"consumption":0.0,"timestamp":1721774869.7082567,"container":null},{"exe":"","cmdline":"","pid":241,"resources_usage":null,"consumption":0.0,"timestamp":1721774869.708257,"container":null},{"exe":"/usr/sbin/cron","cmdline":"/usr/sbin/cron-f-P","pid":1115,"resources_usage":null,"consumption":0.0,"timestamp":1721774869.7082572,"container":null}],"sockets":[{"id":0,"consumption":5188258.0,"domains":[{"name":"uncore","consumption":0.0,"timestamp":1721774869.6878536},{"name":"core","consumption":2275454.0,"timestamp":1721774869.687831}],"timestamp":1721774869.6875546}]},{"host":{"consumption":9007572.0,"timestamp":1721774869.7475924,"components":{"disks":[{"disk_type":"SSD","disk_mount_point":"/etc/hosts","disk_is_removable":false,"disk_file_system":"ext4","disk_total_bytes":"33634926592","disk_available_bytes":"9873747968","disk_name":"/dev/nvme0n1p4"}]}},"consumers":[{"exe":"/usr/local/bin/scaphandre","cmdline":"/usr/local/bin/scaphandrejson-s0--step-nano10000000-f/home/ce-p2-r-1/16/power.json","pid":458676,"resources_usage":null,"consumption":162787.44,"timestamp":1721774869.7474813,"container":null},{"exe":"/usr/sbin/ntpd","cmdline":"/usr/sbin/ntpd-p/var/run/ntpd.pid-g-u115:121","pid":902,"resources_usage":null,"consumption":54262.48,"timestamp":1721774869.747421,"container":null},{"exe":"","cmdline":"","pid":64,"resources_usage":null,"consumption":0.0,"timestamp":1721774869.7473307,"container":null},{"exe":"","cmdline":"","pid":121,"resources_usage":null,"consumption":0.0,"timestamp":1721774869.7473326,"container":null},{"exe":"","cmdline":"","pid":63,"resources_usage":null,"consumption":0.0,"timestamp":1721774869.7473335,"container":null},{"exe":"","cmdline":"","pid":61,"resources_usage":null,"consumption":0.0,"timestamp":1721774869.747334,"container":null},{"exe":"/usr/bin/login","cmdline":"/bin/login-p--","pid":1579,"resources_usage":null,"consumption":0.0,"timestamp":1721774869.7473347,"container":null},{"exe":"","cmdline":"","pid":442053,"resources_usage":null,"consumption":0.0,"timestamp":1721774869.7473354,"container":null},{"exe":"","cmdline":"","pid":241,"resources_usage":null,"consumption":0.0,"timestamp":1721774869.747336,"container":null},{"exe":"/usr/sbin/cron","cmdline":"/usr/sbin/cron-f-P","pid":1115,"resources_usage":null,"consumption":0.0,"timestamp":1721774869.7473364,"container":null}],"sockets":[{"id":0,"consumption":10868551.0,"domains":[{"name":"uncore","consumption":0.0,"timestamp":1721774869.7259145},{"name":"core","consumption":8059870.0,"timestamp":1721774869.7257853}],"timestamp":1721774869.725416}]},{"host":{"consumption":6623708.0,"timestamp":1721774869.7893438,"components":{"disks":[{"disk_type":"SSD","disk_mount_point":"/etc/hosts","disk_is_removable":false,"disk_file_system":"ext4","disk_total_bytes":"33634926592","disk_available_bytes":"9873747968","disk_name":"/dev/nvme0n1p4"}]}},"consumers":[{"exe":"/usr/local/bin/scaphandre","cmdline":"/usr/local/bin/scaphandrejson-s0--step-nano10000000-f/home/ce-p2-r-1/16/power.json","pid":458676,"resources_usage":null,"consumption":159607.4,"timestamp":1721774869.7892272,"container":null},{"exe":"/usr/lib/systemd/systemd","cmdline":"/lib/systemd/systemd--user","pid":1553,"resources_usage":null,"consumption":39901.85,"timestamp":1721774869.7891138,"container":null},{"exe":"/usr/bin/dockerd","cmdline":"/usr/bin/dockerd-Hfd://--containerd=/run/containerd/containerd.sock","pid":1100,"resources_usage":null,"consumption":39901.85,"timestamp":1721774869.7892184,"container":null},{"exe":"","cmdline":"","pid":64,"resources_usage":null,"consumption":0.0,"timestamp":1721774869.7889276,"container":null},{"exe":"","cmdline":"","pid":121,"resources_usage":null,"consumption":0.0,"timestamp":1721774869.7889302,"container":null},{"exe":"","cmdline":"","pid":63,"resources_usage":null,"consumption":0.0,"timestamp":1721774869.7889314,"container":null},{"exe":"","cmdline":"","pid":61,"resources_usage":null,"consumption":0.0,"timestamp":1721774869.7889323,"container":null},{"exe":"/usr/bin/login","cmdline":"/bin/login-p--","pid":1579,"resources_usage":null,"consumption":0.0,"timestamp":1721774869.7889335,"container":null},{"exe":"","cmdline":"","pid":442053,"resources_usage":null,"consumption":0.0,"timestamp":1721774869.788935,"container":null},{"exe":"","cmdline":"","pid":241,"resources_usage":null,"consumption":0.0,"timestamp":1721774869.788936,"container":null}],"sockets":[{"id":0,"consumption":6038936.0,"domains":[{"name":"uncore","consumption":0.0,"timestamp":1721774869.7662866},{"name":"core","consumption":3011885.0,"timestamp":1721774869.7662134}],"timestamp":1721774869.765793}]},{"host":{"consumption":6450254.0,"timestamp":1721774869.8309028,"components":{"disks":[{"disk_type":"SSD","disk_mount_point":"/etc/hosts","disk_is_removable":false,"disk_file_system":"ext4","disk_total_bytes":"33634926592","disk_available_bytes":"9873743872","disk_name":"/dev/nvme0n1p4"}]}},"consumers":[{"exe":"/usr/local/bin/scaphandre","cmdline":"/usr/local/bin/scaphandrejson-s0--step-nano10000000-f/home/ce-p2-r-1/16/power.json","pid":458676,"resources_usage":null,"consumption":155427.8,"timestamp":1721774869.8308032,"container":null},{"exe":"/usr/lib/systemd/systemd","cmdline":"/sbin/init","pid":1,"resources_usage":null,"consumption":38856.95,"timestamp":1721774869.8307662,"container":null},{"exe":"/usr/lib/systemd/systemd","cmdline":"/lib/systemd/systemd--user","pid":1553,"resources_usage":null,"consumption":38856.95,"timestamp":1721774869.8307688,"container":null},{"exe":"","cmdline":"","pid":64,"resources_usage":null,"consumption":0.0,"timestamp":1721774869.830718,"container":null},{"exe":"","cmdline":"","pid":121,"resources_usage":null,"consumption":0.0,"timestamp":1721774869.8307195,"container":null},{"exe":"","cmdline":"","pid":63,"resources_usage":null,"consumption":0.0,"timestamp":1721774869.8307202,"container":null},{"exe":"","cmdline":"","pid":61,"resources_usage":null,"consumption":0.0,"timestamp":1721774869.8307204,"container":null},{"exe":"/usr/bin/login","cmdline":"/bin/login-p--","pid":1579,"resources_usage":null,"consumption":0.0,"timestamp":1721774869.830721,"container":null},{"exe":"","cmdline":"","pid":442053,"resources_usage":null,"consumption":0.0,"timestamp":1721774869.8307214,"container":null},{"exe":"","cmdline":"","pid":241,"resources_usage":null,"consumption":0.0,"timestamp":1721774869.8307216,"container":null}],"sockets":[{"id":0,"consumption":5177042.0,"domains":[{"name":"uncore","consumption":0.0,"timestamp":1721774869.8114986},{"name":"core","consumption":2516966.0,"timestamp":1721774869.811487}],"timestamp":1721774869.8113596}]}]