[
    {
        "host": {
            "consumption": 14087031.0,
            "timestamp": 1721774868.8788254,
            "components": {
                "disks": [
                    {
                        "disk_type": "SSD",
                        "disk_mount_point": "/etc/hosts",
                        "disk_is_removable": false,
                        "disk_file_system": "ext4",
                        "disk_total_bytes": "33634926592",
                        "disk_available_bytes": "9873788928",
                        "disk_name": "/dev/nvme0n1p4"
                    }
                ]
            }
        },
        "consumers": [
            {
                "exe": "/usr/local/bin/scaphandre",
                "cmdline": "/usr/local/bin/scaphandrejson-s0--step-nano10000000-f/home/ce-p2-r-1/16/power.json",
                "pid": 458676,
                "resources_usage": null,
                "consumption": 256127.83,
                "timestamp": 1721774868.8787925,
                "container": null
            },
            {
                "exe": "",
                "cmdline": "",
                "pid": 58,
                "resources_usage": null,
                "consumption": 85375.94,
                "timestamp": 1721774868.878777,
                "container": null
            },
            {
                "exe": "",
                "cmdline": "",
                "pid": 64,
                "resources_usage": null,
                "consumption": 0.0,
                "timestamp": 1721774868.8787103,
                "container": null
            },
            {
                "exe": "",
                "cmdline": "",
                "pid": 121,
                "resources_usage": null,
                "consumption": 0.0,
                "timestamp": 1721774868.8787117,
                "container": null
            },
            {
                "exe": "",
                "cmdline": "",
                "pid": 63,
                "resources_usage": null,
                "consumption": 0.0,
                "timestamp": 1721774868.878712,
                "container": null
            },
            {
                "exe": "",
                "cmdline": "",
                "pid": 61,
                "resources_usage": null,
                "consumption": 0.0,
                "timestamp": 1721774868.8787124,
                "container": null
            },
            {
                "exe": "/usr/bin/login",
                "cmdline": "/bin/login-p--",
                "pid": 1579,
                "resources_usage": null,
                "consumption": 0.0,
                "timestamp": 1721774868.878713,
                "container": null
            },
            {
                "exe": "",
                "cmdline": "",
                "pid": 442053,
                "resources_usage": null,
                "consumption": 0.0,
                "timestamp": 1721774868.8787134,
                "container": null
            },
            {
                "exe": "",
                "cmdline": "",
                "pid": 241,
                "resources_usage": null,
                "consumption": 0.0,
                "timestamp": 1721774868.8787136,
                "container": null
            },
            {
                "exe": "/usr/sbin/cron",
                "cmdline": "/usr/sbin/cron-f-P",
                "pid": 1115,
                "resources_usage": null,
                "consumption": 0.0,
                "timestamp": 1721774868.8787143,
                "container": null
            }
        ],
        "sockets": [
            {
                "id": 0,
                "consumption": 7311959.0,
                "domains": [
                    {
                        "name": "uncore",
                        "consumption": 0.0,
                        "timestamp": 1721774868.8588367
                    },
                    {
                        "name": "core",
                        "consumption": 4776305.0,
                        "timestamp": 1721774868.8588264
                    }
                ],
                "timestamp": 1721774868.8587027
            }
        ]
    },
    {
        "host": {
            "consumption": 16283862.0,
            "timestamp": 1721774868.9125254,
            "components": {
                "disks": [
                    {
                        "disk_type": "SSD",
                        "disk_mount_point": "/etc/hosts",
                        "disk_is_removable": false,
                        "disk_file_system": "ext4",
                        "disk_total_bytes": "33634926592",
                        "disk_available_bytes": "9873797120",
                        "disk_name": "/dev/nvme0n1p4"
                    }
                ]
            }
        },
        "consumers": [
            {
                "exe": "/",
                "cmdline": "runcinit",
                "pid": 458749,
                "resources_usage": null,
                "consumption": 348317.9,
                "timestamp": 1721774868.912434,
                "container": null
            },
            {
                "exe": "/usr/local/bin/scaphandre",
                "cmdline": "/usr/local/bin/scaphandrejson-s0--step-nano10000000-f/home/ce-p2-r-1/16/power.json",
                "pid": 458676,
                "resources_usage": null,
                "consumption": 261238.4,
                "timestamp": 1721774868.9124882,
                "container": null
            },
            {
                "exe": "",
                "cmdline": "",
                "pid": 64,
                "resources_usage": null,
                "consumption": 0.0,
                "timestamp": 1721774868.9124122,
                "container": null
            },
            {
                "exe": "",
                "cmdline": "",
                "pid": 121,
                "resources_usage": null,
                "consumption": 0.0,
                "timestamp": 1721774868.9124136,
                "container": null
            },
            {
                "exe": "",
                "cmdline": "",
                "pid": 63,
                "resources_usage": null,
                "consumption": 0.0,
                "timestamp": 1721774868.9124138,
                "container": null
            },
            {
                "exe": "",
                "cmdline": "",
                "pid": 61,
                "resources_usage": null,
                "consumption": 0.0,
                "timestamp": 1721774868.9124146,
                "container": null
            },
            {
                "exe": "/usr/bin/login",
                "cmdline": "/bin/login-p--",
                "pid": 1579,
                "resources_usage": null,
                "consumption": 0.0,
                "timestamp": 1721774868.912415,
                "container": null
            },
            {
                "exe": "",
                "cmdline": "",
                "pid": 442053,
                "resources_usage": null,
                "consumption": 0.0,
                "timestamp": 1721774868.9124155,
                "container": null
            },
            {
                "exe": "",
                "cmdline": "",
                "pid": 241,
                "resources_usage": null,
                "consumption": 0.0,
                "timestamp": 1721774868.9124157,
                "container": null
            },
            {
                "exe": "/usr/sbin/cron",
                "cmdline": "/usr/sbin/cron-f-P",
                "pid": 1115,
                "resources_usage": null,
                "consumption": 0.0,
                "timestamp": 1721774868.912416,
                "container": null
            }
        ],
        "sockets": [
            {
                "id": 0,
                "consumption": 16380163.0,
                "domains": [
                    {
                        "name": "uncore",
                        "consumption": 0.0,
                        "timestamp": 1721774868.8949633
                    },
                    {
                        "name": "core",
                        "consumption": 13394435.0,
                        "timestamp": 1721774868.8949523
                    }
                ],
                "timestamp": 1721774868.8948314
            }
        ]
    },
    {
        "host": {
            "consumption": 18936934.0,
            "timestamp": 1721774868.945594,
            "components": {
                "disks": [
                    {
                        "disk_type": "SSD",
                        "disk_mount_point": "/etc/hosts",
                        "disk_is_removable": false,
                        "disk_file_system": "ext4",
                        "disk_total_bytes": "33634926592",
                        "disk_available_bytes": "9873793024",
                        "disk_name": "/dev/nvme0n1p4"
                    }
                ]
            }
        },
        "consumers": [
            {
                "exe": "/",
                "cmdline": "runcinit",
                "pid": 458749,
                "resources_usage": null,
                "consumption": 303801.06,
                "timestamp": 1721774868.9454374,
                "container": null
            },
            {
                "exe": "/usr/local/bin/scaphandre",
                "cmdline": "/usr/local/bin/scaphandrejson-s0--step-nano10000000-f/home/ce-p2-r-1/16/power.json",
                "pid": 458676,
                "resources_usage": null,
                "consumption": 101267.02,
                "timestamp": 1721774868.9455056,
                "container": null
            },
            {
                "exe": "",
                "cmdline": "",
                "pid": 64,
                "resources_usage": null,
                "consumption": 0.0,
                "timestamp": 1721774868.9454122,
                "container": null
            },
            {
                "exe": "",
                "cmdline": "",
                "pid": 121,
                "resources_usage": null,
                "consumption": 0.0,
                "timestamp": 1721774868.9454134,
                "container": null
            },
            {
                "exe": "",
                "cmdline": "",
                "pid": 63,
                "resources_usage": null,
                "consumption": 0.0,
                "timestamp": 1721774868.945414,
                "container": null
            },
            {
                "exe": "",
                "cmdline": "",
                "pid": 61,
                "resources_usage": null,
                "consumption": 0.0,
                "timestamp": 1721774868.9454148,
                "container": null
            },
            {
                "exe": "/usr/bin/login",
                "cmdline": "/bin/login-p--",
                "pid": 1579,
                "resources_usage": null,
                "consumption": 0.0,
                "timestamp": 1721774868.9454153,
                "container": null
            },
            {
                "exe": "",
                "cmdline": "",
                "pid": 442053,
                "resources_usage": null,
                "consumption": 0.0,
                "timestamp": 1721774868.9454157,
                "container": null
            },
            {
                "exe": "",
                "cmdline": "",
                "pid": 241,
                "resources_usage": null,
                "consumption": 0.0,
                "timestamp": 1721774868.9454162,
                "container": null
            },
            {
                "exe": "/usr/sbin/cron",
                "cmdline": "/usr/sbin/cron-f-P",
                "pid": 1115,
                "resources_usage": null,
                "consumption": 0.0,
                "timestamp": 1721774868.9454165,
                "container": null
            }
        ],
        "sockets": [
            {
                "id": 0,
                "consumption": 16750196.0,
                "domains": [
                    {
                        "name": "uncore",
                        "consumption": 0.0,
                        "timestamp": 1721774868.9274795
                    },
                    {
                        "name": "core",
                        "consumption": 14045954.0,
                        "timestamp": 1721774868.9274688
                    }
                ],
                "timestamp": 1721774868.9273636
            }
        ]
    },
    {
        "host": {
            "consumption": 13898768.0,
            "timestamp": 1721774868.9794078,
            "components": {
                "disks": [
                    {
                        "disk_type": "SSD",
                        "disk_mount_point": "/etc/hosts",
                        "disk_is_removable": false,
                        "disk_file_system": "ext4",
                        "disk_total_bytes": "33634926592",
                        "disk_available_bytes": "9873793024",
                        "disk_name": "/dev/nvme0n1p4"
                    }
                ]
            }
        },
        "consumers": [
            {
                "exe": "/",
                "cmdline": "runcinit",
                "pid": 458749,
                "resources_usage": null,
                "consumption": 222974.88,
                "timestamp": 1721774868.9793205,
                "container": null
            },
            {
                "exe": "/usr/local/bin/scaphandre",
                "cmdline": "/usr/local/bin/scaphandrejson-s0--step-nano10000000-f/home/ce-p2-r-1/16/power.json",
                "pid": 458676,
                "resources_usage": null,
                "consumption": 148649.92,
                "timestamp": 1721774868.979374,
                "container": null
            },
            {
                "exe": "",
                "cmdline": "",
                "pid": 64,
                "resources_usage": null,
                "consumption": 0.0,
                "timestamp": 1721774868.9792998,
                "container": null
            },
            {
                "exe": "",
                "cmdline": "",
                "pid": 121,
                "resources_usage": null,
                "consumption": 0.0,
                "timestamp": 1721774868.9793007,
                "container": null
            },
            {
                "exe": "",
                "cmdline": "",
                "pid": 63,
                "resources_usage": null,
                "consumption": 0.0,
                "timestamp": 1721774868.979301,
                "container": null
            },
            {
                "exe": "",
                "cmdline": "",
                "pid": 61,
                "resources_usage": null,
                "consumption": 0.0,
                "timestamp": 1721774868.9793012,
                "container": null
            },
            {
                "exe": "/usr/bin/login",
                "cmdline": "/bin/login-p--",
                "pid": 1579,
                "resources_usage": null,
                "consumption": 0.0,
                "timestamp": 1721774868.9793017,
                "container": null
            },
            {
                "exe": "",
                "cmdline": "",
                "pid": 442053,
                "resources_usage": null,
                "consumption": 0.0,
                "timestamp": 1721774868.9793022,
                "container": null
            },
            {
                "exe": "",
                "cmdline": "",
                "pid": 241,
                "resources_usage": null,
                "consumption": 0.0,
                "timestamp": 1721774868.9793024,
                "container": null
            },
            {
                "exe": "/usr/sbin/cron",
                "cmdline": "/usr/sbin/cron-f-P",
                "pid": 1115,
                "resources_usage": null,
                "consumption": 0.0,
                "timestamp": 1721774868.9793026,
                "container": null
            }
        ],
        "sockets": [
            {
                "id": 0,
                "consumption": 17570252.0,
                "domains": [
                    {
                        "name": "uncore",
                        "consumption": 0.0,
                        "timestamp": 1721774868.962562
                    },
                    {
                        "name": "core",
                        "consumption": 14799085.0,
                        "timestamp": 1721774868.9624877
                    }
                ],
                "timestamp": 1721774868.962275
            }
        ]
    },
    {
        "host": {
            "consumption": 26609712.0,
            "timestamp": 1721774869.01452,
            "components": {
                "disks": [
                    {
                        "disk_type": "SSD",
                        "disk_mount_point": "/etc/hosts",
                        "disk_is_removable": false,
                        "disk_file_system": "ext4",
                        "disk_total_bytes": "33634926592",
                        "disk_available_bytes": "9873788928",
                        "disk_name": "/dev/nvme0n1p4"
                    }
                ]
            }
        },
        "consumers": [
            {
                "exe": "/",
                "cmdline": "runcinit",
                "pid": 458749,
                "resources_usage": null,
                "consumption": 569191.7,
                "timestamp": 1721774869.014438,
                "container": null
            },
            {
                "exe": "/usr/local/bin/scaphandre",
                "cmdline": "/usr/local/bin/scaphandrejson-s0--step-nano10000000-f/home/ce-p2-r-1/16/power.json",
                "pid": 458676,
                "resources_usage": null,
                "consumption": 284595.84,
                "timestamp": 1721774869.0144882,
                "container": null
            },
            {
                "exe": "",
                "cmdline": "",
                "pid": 64,
                "resources_usage": null,
                "consumption": 0.0,
                "timestamp": 1721774869.0144176,
                "container": null
            },
            {
                "exe": "",
                "cmdline": "",
                "pid": 121,
                "resources_usage": null,
                "consumption": 0.0,
                "timestamp": 1721774869.0144186,
                "container": null
            },
            {
                "exe": "",
                "cmdline": "",
                "pid": 63,
                "resources_usage": null,
                "consumption": 0.0,
                "timestamp": 1721774869.014419,
                "container": null
            },
            {
                "exe": "",
                "cmdline": "",
                "pid": 61,
                "resources_usage": null,
                "consumption": 0.0,
                "timestamp": 1721774869.0144193,
                "container": null
            },
            {
                "exe": "/usr/bin/login",
                "cmdline": "/bin/login-p--",
                "pid": 1579,
                "resources_usage": null,
                "consumption": 0.0,
                "timestamp": 1721774869.0144196,
                "container": null
            },
            {
                "exe": "",
                "cmdline": "",
                "pid": 442053,
                "resources_usage": null,
                "consumption": 0.0,
                "timestamp": 1721774869.01442,
                "container": null
            },
            {
                "exe": "",
                "cmdline": "",
                "pid": 241,
                "resources_usage": null,
                "consumption": 0.0,
                "timestamp": 1721774869.0144203,
                "container": null
            },
            {
                "exe": "/usr/sbin/cron",
                "cmdline": "/usr/sbin/cron-f-P",
                "pid": 1115,
                "resources_usage": null,
                "consumption": 0.0,
                "timestamp": 1721774869.0144205,
                "container": null
            }
        ],
        "sockets": [
            {
                "id": 0,
                "consumption": 22727708.0,
                "domains": [
                    {
                        "name": "uncore",
                        "consumption": 0.0,
                        "timestamp": 1721774868.994335
                    },
                    {
                        "name": "core",
                        "consumption": 20291192.0,
                        "timestamp": 1721774868.9943209
                    }
                ],
                "timestamp": 1721774868.9941947
            }
        ]
    },
    {
        "host": {
            "consumption": 8990410.0,
            "timestamp": 1721774869.0465703,
            "components": {
                "disks": [
                    {
                        "disk_type": "SSD",
                        "disk_mount_point": "/etc/hosts",
                        "disk_is_removable": false,
                        "disk_file_system": "ext4",
                        "disk_total_bytes": "33634926592",
                        "disk_available_bytes": "9873788928",
                        "disk_name": "/dev/nvme0n1p4"
                    }
                ]
            }
        },
        "consumers": [
            {
                "exe": "/",
                "cmdline": "runcinit",
                "pid": 458749,
                "resources_usage": null,
                "consumption": 144231.17,
                "timestamp": 1721774869.0464857,
                "container": null
            },
            {
                "exe": "/usr/local/bin/scaphandre",
                "cmdline": "/usr/local/bin/scaphandrejson-s0--step-nano10000000-f/home/ce-p2-r-1/16/power.json",
                "pid": 458676,
                "resources_usage": null,
                "consumption": 96154.12,
                "timestamp": 1721774869.0465372,
                "container": null
            },
            {
                "exe": "",
                "cmdline": "",
                "pid": 64,
                "resources_usage": null,
                "consumption": 0.0,
                "timestamp": 1721774869.0464659,
                "container": null
            },
            {
                "exe": "",
                "cmdline": "",
                "pid": 121,
                "resources_usage": null,
                "consumption": 0.0,
                "timestamp": 1721774869.046467,
                "container": null
            },
            {
                "exe": "",
                "cmdline": "",
                "pid": 63,
                "resources_usage": null,
                "consumption": 0.0,
                "timestamp": 1721774869.0464673,
                "container": null
            },
            {
                "exe": "",
                "cmdline": "",
                "pid": 61,
                "resources_usage": null,
                "consumption": 0.0,
                "timestamp": 1721774869.0464678,
                "container": null
            },
            {
                "exe": "/usr/bin/login",
                "cmdline": "/bin/login-p--",
                "pid": 1579,
                "resources_usage": null,
                "consumption": 0.0,
                "timestamp": 1721774869.046468,
                "container": null
            },
            {
                "exe": "",
                "cmdline": "",
                "pid": 442053,
                "resources_usage": null,
                "consumption": 0.0,
                "timestamp": 1721774869.0464687,
                "container": null
            },
            {
                "exe": "",
                "cmdline": "",
                "pid": 241,
                "resources_usage": null,
                "consumption": 0.0,
                "timestamp": 1721774869.046469,
                "container": null
            },
            {
                "exe": "/usr/sbin/cron",
                "cmdline": "/usr/sbin/cron-f-P",
                "pid": 1115,
                "resources_usage": null,
                "consumption": 0.0,
                "timestamp": 1721774869.0464692,
                "container": null
            }
        ],
        "sockets": [
            {
                "id": 0,
                "consumption": 18286144.0,
                "domains": [
                    {
                        "name": "uncore",
                        "consumption": 0.0,
                        "timestamp": 1721774869.0296593
                    },
                    {
                        "name": "core",
                        "consumption": 15842619.0,
                        "timestamp": 1721774869.0296452
                    }
                ],
                "timestamp": 1721774869.0295384
            }
        ]
    },
    {
        "host": {
            "consumption": 20148956.0,
            "timestamp": 1721774869.0786858,
            "components": {
                "disks": [
                    {
                        "disk_type": "SSD",
                        "disk_mount_point": "/etc/hosts",
                        "disk_is_removable": false,
                        "disk_file_system": "ext4",
                        "disk_total_bytes": "33634926592",
                        "disk_available_bytes": "9873784832",
                        "disk_name": "/dev/nvme0n1p4"
                    }
                ]
            }
        },
        "consumers": [
            {
                "exe": "/usr/local/bin/scaphandre",
                "cmdline": "/usr/local/bin/scaphandrejson-s0--step-nano10000000-f/home/ce-p2-r-1/16/power.json",
                "pid": 458676,
                "resources_usage": null,
                "consumption": 323245.25,
                "timestamp": 1721774869.0786579,
                "container": null
            },
            {
                "exe": "/",
                "cmdline": "runcinit",
                "pid": 458749,
                "resources_usage": null,
                "consumption": 323245.25,
                "timestamp": 1721774869.0786076,
                "container": null
            },
            {
                "exe": "",
                "cmdline": "",
                "pid": 64,
                "resources_usage": null,
                "consumption": 0.0,
                "timestamp": 1721774869.078588,
                "container": null
            },
            {
                "exe": "",
                "cmdline": "",
                "pid": 121,
                "resources_usage": null,
                "consumption": 0.0,
                "timestamp": 1721774869.078589,
                "container": null
            },
            {
                "exe": "",
                "cmdline": "",
                "pid": 63,
                "resources_usage": null,
                "consumption": 0.0,
                "timestamp": 1721774869.0785894,
                "container": null
            },
            {
                "exe": "",
                "cmdline": "",
                "pid": 61,
                "resources_usage": null,
                "consumption": 0.0,
                "timestamp": 1721774869.07859,
                "container": null
            },
            {
                "exe": "/usr/bin/login",
                "cmdline": "/bin/login-p--",
                "pid": 1579,
                "resources_usage": null,
                "consumption": 0.0,
                "timestamp": 1721774869.0785902,
                "container": null
            },
            {
                "exe": "",
                "cmdline": "",
                "pid": 442053,
                "resources_usage": null,
                "consumption": 0.0,
                "timestamp": 1721774869.0785906,
                "container": null
            },
            {
                "exe": "",
                "cmdline": "",
                "pid": 241,
                "resources_usage": null,
                "consumption": 0.0,
                "timestamp": 1721774869.0785909,
                "container": null
            },
            {
                "exe": "/usr/sbin/cron",
                "cmdline": "/usr/sbin/cron-f-P",
                "pid": 1115,
                "resources_usage": null,
                "consumption": 0.0,
                "timestamp": 1721774869.078591,
                "container": null
            }
        ],
        "sockets": [
            {
                "id": 0,
                "consumption": 14316217.0,
                "domains": [
                    {
                        "name": "uncore",
                        "consumption": 0.0,
                        "timestamp": 1721774869.0615077
                    },
                    {
                        "name": "core",
                        "consumption": 11580687.0,
                        "timestamp": 1721774869.0614944
                    }
                ],
                "timestamp": 1721774869.0613856
            }
        ]
    },
    {
        "host": {
            "consumption": 12630861.0,
            "timestamp": 1721774869.111366,
            "components": {
                "disks": [
                    {
                        "disk_type": "SSD",
                        "disk_mount_point": "/etc/hosts",
                        "disk_is_removable": false,
                        "disk_file_system": "ext4",
                        "disk_total_bytes": "33634926592",
                        "disk_available_bytes": "9873784832",
                        "disk_name": "/dev/nvme0n1p4"
                    }
                ]
            }
        },
        "consumers": [
            {
                "exe": "/",
                "cmdline": "runcinit",
                "pid": 458749,
                "resources_usage": null,
                "consumption": 304358.06,
                "timestamp": 1721774869.111222,
                "container": null
            },
            {
                "exe": "/usr/local/bin/scaphandre",
                "cmdline": "/usr/local/bin/scaphandrejson-s0--step-nano10000000-f/home/ce-p2-r-1/16/power.json",
                "pid": 458676,
                "resources_usage": null,
                "consumption": 76089.516,
                "timestamp": 1721774869.1112752,
                "container": null
            },
            {
                "exe": "",
                "cmdline": "",
                "pid": 64,
                "resources_usage": null,
                "consumption": 0.0,
                "timestamp": 1721774869.111202,
                "container": null
            },
            {
                "exe": "",
                "cmdline": "",
                "pid": 121,
                "resources_usage": null,
                "consumption": 0.0,
                "timestamp": 1721774869.1112027,
                "container": null
            },
            {
                "exe": "",
                "cmdline": "",
                "pid": 63,
                "resources_usage": null,
                "consumption": 0.0,
                "timestamp": 1721774869.1112032,
                "container": null
            },
            {
                "exe": "",
                "cmdline": "",
                "pid": 61,
                "resources_usage": null,
                "consumption": 0.0,
                "timestamp": 1721774869.1112037,
                "container": null
            },
            {
                "exe": "/usr/bin/login",
                "cmdline": "/bin/login-p--",
                "pid": 1579,
                "resources_usage": null,
                "consumption": 0.0,
                "timestamp": 1721774869.111204,
                "container": null
            },
            {
                "exe": "",
                "cmdline": "",
                "pid": 442053,
                "resources_usage": null,
                "consumption": 0.0,
                "timestamp": 1721774869.1112044,
                "container": null
            },
            {
                "exe": "",
                "cmdline": "",
                "pid": 241,
                "resources_usage": null,
                "consumption": 0.0,
                "timestamp": 1721774869.1112044,
                "container": null
            },
            {
                "exe": "/usr/sbin/cron",
                "cmdline": "/usr/sbin/cron-f-P",
                "pid": 1115,
                "resources_usage": null,
                "consumption": 0.0,
                "timestamp": 1721774869.1112049,
                "container": null
            }
        ],
        "sockets": [
            {
                "id": 0,
                "consumption": 12499843.0,
                "domains": [
                    {
                        "name": "uncore",
                        "consumption": 0.0,
                        "timestamp": 1721774869.0935152
                    },
                    {
                        "name": "core",
                        "consumption": 9709733.0,
                        "timestamp": 1721774869.0935087
                    }
                ],
                "timestamp": 1721774869.0934074
            }
        ]
    },
    {
        "host": {
            "consumption": 25081692.0,
            "timestamp": 1721774869.145955,
            "components": {
                "disks": [
                    {
                        "disk_type": "SSD",
                        "disk_mount_point": "/etc/hosts",
                        "disk_is_removable": false,
                        "disk_file_system": "ext4",
                        "disk_total_bytes": "33634926592",
                        "disk_available_bytes": "9873780736",
                        "disk_name": "/dev/nvme0n1p4"
                    }
                ]
            }
        },
        "consumers": [
            {
                "exe": "/",
                "cmdline": "runcinit",
                "pid": 458749,
                "resources_usage": null,
                "consumption": 453283.6,
                "timestamp": 1721774869.1457145,
                "container": null
            },
            {
                "exe": "/usr/local/bin/scaphandre",
                "cmdline": "/usr/local/bin/scaphandrejson-s0--step-nano10000000-f/home/ce-p2-r-1/16/power.json",
                "pid": 458676,
                "resources_usage": null,
                "consumption": 302189.06,
                "timestamp": 1721774869.1457658,
                "container": null
            },
            {
                "exe": "",
                "cmdline": "",
                "pid": 64,
                "resources_usage": null,
                "consumption": 0.0,
                "timestamp": 1721774869.1456945,
                "container": null
            },
            {
                "exe": "",
                "cmdline": "",
                "pid": 121,
                "resources_usage": null,
                "consumption": 0.0,
                "timestamp": 1721774869.1456962,
                "container": null
            },
            {
                "exe": "",
                "cmdline": "",
                "pid": 63,
                "resources_usage": null,
                "consumption": 0.0,
                "timestamp": 1721774869.1456966,
                "container": null
            },
            {
                "exe": "",
                "cmdline": "",
                "pid": 61,
                "resources_usage": null,
                "consumption": 0.0,
                "timestamp": 1721774869.1456969,
                "container": null
            },
            {
                "exe": "/usr/bin/login",
                "cmdline": "/bin/login-p--",
                "pid": 1579,
                "resources_usage": null,
                "consumption": 0.0,
                "timestamp": 1721774869.145697,
                "container": null
            },
            {
                "exe": "",
                "cmdline": "",
                "pid": 442053,
                "resources_usage": null,
                "consumption": 0.0,
                "timestamp": 1721774869.1456978,
                "container": null
            },
            {
                "exe": "",
                "cmdline": "",
                "pid": 241,
                "resources_usage": null,
                "consumption": 0.0,
                "timestamp": 1721774869.145698,
                "container": null
            },
            {
                "exe": "/usr/sbin/cron",
                "cmdline": "/usr/sbin/cron-f-P",
                "pid": 1115,
                "resources_usage": null,
                "consumption": 0.0,
                "timestamp": 1721774869.1456983,
                "container": null
            }
        ],
        "sockets": [
            {
                "id": 0,
                "consumption": 24733512.0,
                "domains": [
                    {
                        "name": "uncore",
                        "consumption": 0.0,
                        "timestamp": 1721774869.1268547
                    },
                    {
                        "name": "core",
                        "consumption": 22096408.0,
                        "timestamp": 1721774869.1267796
                    }
                ],
                "timestamp": 1721774869.1264598
            }
        ]
    },
    {
        "host": {
            "consumption": 28856904.0,
            "timestamp": 1721774869.180854,
            "components": {
                "disks": [
                    {
                        "disk_type": "SSD",
                        "disk_mount_point": "/etc/hosts",
                        "disk_is_removable": false,
                        "disk_file_system": "ext4",
                        "disk_total_bytes": "33634926592",
                        "disk_available_bytes": "9873780736",
                        "disk_name": "/dev/nvme0n1p4"
                    }
                ]
            }
        },
        "consumers": [
            {
                "exe": "/",
                "cmdline": "runcinit",
                "pid": 458749,
                "resources_usage": null,
                "consumption": 521510.28,
                "timestamp": 1721774869.1807036,
                "container": null
            },
            {
                "exe": "/usr/local/bin/scaphandre",
                "cmdline": "/usr/local/bin/scaphandrejson-s0--step-nano10000000-f/home/ce-p2-r-1/16/power.json",
                "pid": 458676,
                "resources_usage": null,
                "consumption": 347673.53,
                "timestamp": 1721774869.1807573,
                "container": null
            },
            {
                "exe": "",
                "cmdline": "",
                "pid": 64,
                "resources_usage": null,
                "consumption": 0.0,
                "timestamp": 1721774869.180682,
                "container": null
            },
            {
                "exe": "",
                "cmdline": "",
                "pid": 121,
                "resources_usage": null,
                "consumption": 0.0,
                "timestamp": 1721774869.1806834,
                "container": null
            },
            {
                "exe": "",
                "cmdline": "",
                "pid": 63,
                "resources_usage": null,
                "consumption": 0.0,
                "timestamp": 1721774869.1806839,
                "container": null
            },
            {
                "exe": "",
                "cmdline": "",
                "pid": 61,
                "resources_usage": null,
                "consumption": 0.0,
                "timestamp": 1721774869.1806843,
                "container": null
            },
            {
                "exe": "/usr/bin/login",
                "cmdline": "/bin/login-p--",
                "pid": 1579,
                "resources_usage": null,
                "consumption": 0.0,
                "timestamp": 1721774869.1806846,
                "container": null
            },
            {
                "exe": "",
                "cmdline": "",
                "pid": 442053,
                "resources_usage": null,
                "consumption": 0.0,
                "timestamp": 1721774869.1806853,
                "container": null
            },
            {
                "exe": "",
                "cmdline": "",
                "pid": 241,
                "resources_usage": null,
                "consumption": 0.0,
                "timestamp": 1721774869.1806858,
                "container": null
            },
            {
                "exe": "/usr/sbin/cron",
                "cmdline": "/usr/sbin/cron-f-P",
                "pid": 1115,
                "resources_usage": null,
                "consumption": 0.0,
                "timestamp": 1721774869.180686,
                "container": null
            }
        ],
        "sockets": [
            {
                "id": 0,
                "consumption": 19314656.0,
                "domains": [
                    {
                        "name": "uncore",
                        "consumption": 0.0,
                        "timestamp": 1721774869.1614711
                    },
                    {
                        "name": "core",
                        "consumption": 17038940.0,
                        "timestamp": 1721774869.1612966
                    }
                ],
                "timestamp": 1721774869.160977
            }
        ]
    },
    {
        "host": {
            "consumption": 16234201.0,
            "timestamp": 1721774869.217413,
            "components": {
                "disks": [
                    {
                        "disk_type": "SSD",
                        "disk_mount_point": "/etc/hosts",
                        "disk_is_removable": false,
                        "disk_file_system": "ext4",
                        "disk_total_bytes": "33634926592",
                        "disk_available_bytes": "9873776640",
                        "disk_name": "/dev/nvme0n1p4"
                    }
                ]
            }
        },
        "consumers": [
            {
                "exe": "/",
                "cmdline": "runcinit",
                "pid": 458749,
                "resources_usage": null,
                "consumption": 391185.53,
                "timestamp": 1721774869.2171206,
                "container": null
            },
            {
                "exe": "/usr/local/bin/scaphandre",
                "cmdline": "/usr/local/bin/scaphandrejson-s0--step-nano10000000-f/home/ce-p2-r-1/16/power.json",
                "pid": 458676,
                "resources_usage": null,
                "consumption": 195592.77,
                "timestamp": 1721774869.2171733,
                "container": null
            },
            {
                "exe": "",
                "cmdline": "",
                "pid": 64,
                "resources_usage": null,
                "consumption": 0.0,
                "timestamp": 1721774869.2170994,
                "container": null
            },
            {
                "exe": "",
                "cmdline": "",
                "pid": 121,
                "resources_usage": null,
                "consumption": 0.0,
                "timestamp": 1721774869.2171006,
                "container": null
            },
            {
                "exe": "",
                "cmdline": "",
                "pid": 63,
                "resources_usage": null,
                "consumption": 0.0,
                "timestamp": 1721774869.217101,
                "container": null
            },
            {
                "exe": "",
                "cmdline": "",
                "pid": 61,
                "resources_usage": null,
                "consumption": 0.0,
                "timestamp": 1721774869.2171013,
                "container": null
            },
            {
                "exe": "/usr/bin/login",
                "cmdline": "/bin/login-p--",
                "pid": 1579,
                "resources_usage": null,
                "consumption": 0.0,
                "timestamp": 1721774869.2171018,
                "container": null
            },
            {
                "exe": "",
                "cmdline": "",
                "pid": 442053,
                "resources_usage": null,
                "consumption": 0.0,
                "timestamp": 1721774869.217102,
                "container": null
            },
            {
                "exe": "",
                "cmdline": "",
                "pid": 241,
                "resources_usage": null,
                "consumption": 0.0,
                "timestamp": 1721774869.2171028,
                "container": null
            },
            {
                "exe": "/usr/sbin/cron",
                "cmdline": "/usr/sbin/cron-f-P",
                "pid": 1115,
                "resources_usage": null,
                "consumption": 0.0,
                "timestamp": 1721774869.217103,
                "container": null
            }
        ],
        "sockets": [
            {
                "id": 0,
                "consumption": 23592168.0,
                "domains": [
                    {
                        "name": "uncore",
                        "consumption": 0.0,
                        "timestamp": 1721774869.1961045
                    },
                    {
                        "name": "core",
                        "consumption": 21343368.0,
                        "timestamp": 1721774869.196093
                    }
                ],
                "timestamp": 1721774869.1959724
            }
        ]
    },
    {
        "host": {
            "consumption": 21176704.0,
            "timestamp": 1721774869.2512267,
            "components": {
                "disks": [
                    {
                        "disk_type": "SSD",
                        "disk_mount_point": "/etc/hosts",
                        "disk_is_removable": false,
                        "disk_file_system": "ext4",
                        "disk_total_bytes": "33634926592",
                        "disk_available_bytes": "9873776640",
                        "disk_name": "/dev/nvme0n1p4"
                    }
                ]
            }
        },
        "consumers": [
            {
                "exe": "/",
                "cmdline": "runcinit",
                "pid": 458749,
                "resources_usage": null,
                "consumption": 382711.47,
                "timestamp": 1721774869.25108,
                "container": null
            },
            {
                "exe": "/usr/local/bin/scaphandre",
                "cmdline": "/usr/local/bin/scaphandrejson-s0--step-nano10000000-f/home/ce-p2-r-1/16/power.json",
                "pid": 458676,
                "resources_usage": null,
                "consumption": 255140.98,
                "timestamp": 1721774869.2511322,
                "container": null
            },
            {
                "exe": "",
                "cmdline": "",
                "pid": 64,
                "resources_usage": null,
                "consumption": 0.0,
                "timestamp": 1721774869.2510602,
                "container": null
            },
            {
                "exe": "",
                "cmdline": "",
                "pid": 121,
                "resources_usage": null,
                "consumption": 0.0,
                "timestamp": 1721774869.2510614,
                "container": null
            },
            {
                "exe": "",
                "cmdline": "",
                "pid": 63,
                "resources_usage": null,
                "consumption": 0.0,
                "timestamp": 1721774869.2510617,
                "container": null
            },
            {
                "exe": "",
                "cmdline": "",
                "pid": 61,
                "resources_usage": null,
                "consumption": 0.0,
                "timestamp": 1721774869.2510622,
                "container": null
            },
            {
                "exe": "/usr/bin/login",
                "cmdline": "/bin/login-p--",
                "pid": 1579,
                "resources_usage": null,
                "consumption": 0.0,
                "timestamp": 1721774869.2510624,
                "container": null
            },
            {
                "exe": "",
                "cmdline": "",
                "pid": 442053,
                "resources_usage": null,
                "consumption": 0.0,
                "timestamp": 1721774869.2510629,
                "container": null
            },
            {
                "exe": "",
                "cmdline": "",
                "pid": 241,
                "resources_usage": null,
                "consumption": 0.0,
                "timestamp": 1721774869.251063,
                "container": null
            },
            {
                "exe": "/usr/sbin/cron",
                "cmdline": "/usr/sbin/cron-f-P",
                "pid": 1115,
                "resources_usage": null,
                "consumption": 0.0,
                "timestamp": 1721774869.2510633,
                "container": null
            }
        ],
        "sockets": [
            {
                "id": 0,
                "consumption": 24362850.0,
                "domains": [
                    {
                        "name": "uncore",
                        "consumption": 0.0,
                        "timestamp": 1721774869.2330194
                    },
                    {
                        "name": "core",
                        "consumption": 21878694.0,
                        "timestamp": 1721774869.2327971
                    }
                ],
                "timestamp": 1721774869.2325315
            }
        ]
    },
    {
        "host": {
            "consumption": 22232518.0,
            "timestamp": 1721774869.2852767,
            "components": {
                "disks": [
                    {
                        "disk_type": "SSD",
                        "disk_mount_point": "/etc/hosts",
                        "disk_is_removable": false,
                        "disk_file_system": "ext4",
                        "disk_total_bytes": "33634926592",
                        "disk_available_bytes": "9873776640",
                        "disk_name": "/dev/nvme0n1p4"
                    }
                ]
            }
        },
        "consumers": [
            {
                "exe": "/",
                "cmdline": "runcinit",
                "pid": 458749,
                "resources_usage": null,
                "consumption": 535723.3,
                "timestamp": 1721774869.285033,
                "container": null
            },
            {
                "exe": "/usr/local/bin/scaphandre",
                "cmdline": "/usr/local/bin/scaphandrejson-s0--step-nano10000000-f/home/ce-p2-r-1/16/power.json",
                "pid": 458676,
                "resources_usage": null,
                "consumption": 133930.83,
                "timestamp": 1721774869.2850833,
                "container": null
            },
            {
                "exe": "",
                "cmdline": "",
                "pid": 64,
                "resources_usage": null,
                "consumption": 0.0,
                "timestamp": 1721774869.285013,
                "container": null
            },
            {
                "exe": "",
                "cmdline": "",
                "pid": 121,
                "resources_usage": null,
                "consumption": 0.0,
                "timestamp": 1721774869.2850142,
                "container": null
            },
            {
                "exe": "",
                "cmdline": "",
                "pid": 63,
                "resources_usage": null,
                "consumption": 0.0,
                "timestamp": 1721774869.2850144,
                "container": null
            },
            {
                "exe": "",
                "cmdline": "",
                "pid": 61,
                "resources_usage": null,
                "consumption": 0.0,
                "timestamp": 1721774869.2850149,
                "container": null
            },
            {
                "exe": "/usr/bin/login",
                "cmdline": "/bin/login-p--",
                "pid": 1579,
                "resources_usage": null,
                "consumption": 0.0,
                "timestamp": 1721774869.285015,
                "container": null
            },
            {
                "exe": "",
                "cmdline": "",
                "pid": 442053,
                "resources_usage": null,
                "consumption": 0.0,
                "timestamp": 1721774869.2850158,
                "container": null
            },
            {
                "exe": "",
                "cmdline": "",
                "pid": 241,
                "resources_usage": null,
                "consumption": 0.0,
                "timestamp": 1721774869.285016,
                "container": null
            },
            {
                "exe": "/usr/sbin/cron",
                "cmdline": "/usr/sbin/cron-f-P",
                "pid": 1115,
                "resources_usage": null,
                "consumption": 0.0,
                "timestamp": 1721774869.2850163,
                "container": null
            }
        ],
        "sockets": [
            {
                "id": 0,
                "consumption": 17556712.0,
                "domains": [
                    {
                        "name": "uncore",
                        "consumption": 0.0,
                        "timestamp": 1721774869.266727
                    },
                    {
                        "name": "core",
                        "consumption": 15312157.0,
                        "timestamp": 1721774869.266535
                    }
                ],
                "timestamp": 1721774869.2662148
            }
        ]
    },
    {
        "host": {
            "consumption": 21258660.0,
            "timestamp": 1721774869.3200366,
            "components": {
                "disks": [
                    {
                        "disk_type": "SSD",
                        "disk_mount_point": "/etc/hosts",
                        "disk_is_removable": false,
                        "disk_file_system": "ext4",
                        "disk_total_bytes": "33634926592",
                        "disk_available_bytes": "9873772544",
                        "disk_name": "/dev/nvme0n1p4"
                    }
                ]
            }
        },
        "consumers": [
            {
                "exe": "/",
                "cmdline": "runcinit",
                "pid": 458749,
                "resources_usage": null,
                "consumption": 393678.88,
                "timestamp": 1721774869.3198955,
                "container": null
            },
            {
                "exe": "/usr/local/bin/scaphandre",
                "cmdline": "/usr/local/bin/scaphandrejson-s0--step-nano10000000-f/home/ce-p2-r-1/16/power.json",
                "pid": 458676,
                "resources_usage": null,
                "consumption": 262452.6,
                "timestamp": 1721774869.319954,
                "container": null
            },
            {
                "exe": "",
                "cmdline": "",
                "pid": 64,
                "resources_usage": null,
                "consumption": 0.0,
                "timestamp": 1721774869.3198743,
                "container": null
            },
            {
                "exe": "",
                "cmdline": "",
                "pid": 121,
                "resources_usage": null,
                "consumption": 0.0,
                "timestamp": 1721774869.3198757,
                "container": null
            },
            {
                "exe": "",
                "cmdline": "",
                "pid": 63,
                "resources_usage": null,
                "consumption": 0.0,
                "timestamp": 1721774869.3198762,
                "container": null
            },
            {
                "exe": "",
                "cmdline": "",
                "pid": 61,
                "resources_usage": null,
                "consumption": 0.0,
                "timestamp": 1721774869.3198764,
                "container": null
            },
            {
                "exe": "/usr/bin/login",
                "cmdline": "/bin/login-p--",
                "pid": 1579,
                "resources_usage": null,
                "consumption": 0.0,
                "timestamp": 1721774869.319877,
                "container": null
            },
            {
                "exe": "",
                "cmdline": "",
                "pid": 442053,
                "resources_usage": null,
                "consumption": 0.0,
                "timestamp": 1721774869.3198771,
                "container": null
            },
            {
                "exe": "",
                "cmdline": "",
                "pid": 241,
                "resources_usage": null,
                "consumption": 0.0,
                "timestamp": 1721774869.3198774,
                "container": null
            },
            {
                "exe": "/usr/sbin/cron",
                "cmdline": "/usr/sbin/cron-f-P",
                "pid": 1115,
                "resources_usage": null,
                "consumption": 0.0,
                "timestamp": 1721774869.3198776,
                "container": null
            }
        ],
        "sockets": [
            {
                "id": 0,
                "consumption": 22144832.0,
                "domains": [
                    {
                        "name": "uncore",
                        "consumption": 0.0,
                        "timestamp": 1721774869.300692
                    },
                    {
                        "name": "core",
                        "consumption": 19828512.0,
                        "timestamp": 1721774869.3005147
                    }
                ],
                "timestamp": 1721774869.300146
            }
        ]
    },
    {
        "host": {
            "consumption": 25182730.0,
            "timestamp": 1721774869.354402,
            "components": {
                "disks": [
                    {
                        "disk_type": "SSD",
                        "disk_mount_point": "/etc/hosts",
                        "disk_is_removable": false,
                        "disk_file_system": "ext4",
                        "disk_total_bytes": "33634926592",
                        "disk_available_bytes": "9873772544",
                        "disk_name": "/dev/nvme0n1p4"
                    }
                ]
            }
        },
        "consumers": [
            {
                "exe": "/",
                "cmdline": "runcinit",
                "pid": 458749,
                "resources_usage": null,
                "consumption": 466346.84,
                "timestamp": 1721774869.3542573,
                "container": null
            },
            {
                "exe": "/usr/local/bin/scaphandre",
                "cmdline": "/usr/local/bin/scaphandrejson-s0--step-nano10000000-f/home/ce-p2-r-1/16/power.json",
                "pid": 458676,
                "resources_usage": null,
                "consumption": 310897.9,
                "timestamp": 1721774869.35431,
                "container": null
            },
            {
                "exe": "",
                "cmdline": "",
                "pid": 64,
                "resources_usage": null,
                "consumption": 0.0,
                "timestamp": 1721774869.354238,
                "container": null
            },
            {
                "exe": "",
                "cmdline": "",
                "pid": 121,
                "resources_usage": null,
                "consumption": 0.0,
                "timestamp": 1721774869.3542392,
                "container": null
            },
            {
                "exe": "",
                "cmdline": "",
                "pid": 63,
                "resources_usage": null,
                "consumption": 0.0,
                "timestamp": 1721774869.3542397,
                "container": null
            },
            {
                "exe": "",
                "cmdline": "",
                "pid": 61,
                "resources_usage": null,
                "consumption": 0.0,
                "timestamp": 1721774869.35424,
                "container": null
            },
            {
                "exe": "/usr/bin/login",
                "cmdline": "/bin/login-p--",
                "pid": 1579,
                "resources_usage": null,
                "consumption": 0.0,
                "timestamp": 1721774869.3542402,
                "container": null
            },
            {
                "exe": "",
                "cmdline": "",
                "pid": 442053,
                "resources_usage": null,
                "consumption": 0.0,
                "timestamp": 1721774869.354241,
                "container": null
            },
            {
                "exe": "",
                "cmdline": "",
                "pid": 241,
                "resources_usage": null,
                "consumption": 0.0,
                "timestamp": 1721774869.3542411,
                "container": null
            },
            {
                "exe": "/usr/sbin/cron",
                "cmdline": "/usr/sbin/cron-f-P",
                "pid": 1115,
                "resources_usage": null,
                "consumption": 0.0,
                "timestamp": 1721774869.3542414,
                "container": null
            }
        ],
        "sockets": [
            {
                "id": 0,
                "consumption": 26031252.0,
                "domains": [
                    {
                        "name": "uncore",
                        "consumption": 0.0,
                        "timestamp": 1721774869.3350952
                    },
                    {
                        "name": "core",
                        "consumption": 23951612.0,
                        "timestamp": 1721774869.3350844
                    }
                ],
                "timestamp": 1721774869.3349693
            }
        ]
    },
    {
        "host": {
            "consumption": 14873295.0,
            "timestamp": 1721774869.3891273,
            "components": {
                "disks": [
                    {
                        "disk_type": "SSD",
                        "disk_mount_point": "/etc/hosts",
                        "disk_is_removable": false,
                        "disk_file_system": "ext4",
                        "disk_total_bytes": "33634926592",
                        "disk_available_bytes": "9873768448",
                        "disk_name": "/dev/nvme0n1p4"
                    }
                ]
            }
        },
        "consumers": [
            {
                "exe": "/",
                "cmdline": "runcinit",
                "pid": 458749,
                "resources_usage": null,
                "consumption": 367241.84,
                "timestamp": 1721774869.3889778,
                "container": null
            },
            {
                "exe": "/usr/local/bin/scaphandre",
                "cmdline": "/usr/local/bin/scaphandrejson-s0--step-nano10000000-f/home/ce-p2-r-1/16/power.json",
                "pid": 458676,
                "resources_usage": null,
                "consumption": 183620.92,
                "timestamp": 1721774869.389036,
                "container": null
            },
            {
                "exe": "",
                "cmdline": "",
                "pid": 64,
                "resources_usage": null,
                "consumption": 0.0,
                "timestamp": 1721774869.388958,
                "container": null
            },
            {
                "exe": "",
                "cmdline": "",
                "pid": 121,
                "resources_usage": null,
                "consumption": 0.0,
                "timestamp": 1721774869.3889592,
                "container": null
            },
            {
                "exe": "",
                "cmdline": "",
                "pid": 63,
                "resources_usage": null,
                "consumption": 0.0,
                "timestamp": 1721774869.3889594,
                "container": null
            },
            {
                "exe": "",
                "cmdline": "",
                "pid": 61,
                "resources_usage": null,
                "consumption": 0.0,
                "timestamp": 1721774869.38896,
                "container": null
            },
            {
                "exe": "/usr/bin/login",
                "cmdline": "/bin/login-p--",
                "pid": 1579,
                "resources_usage": null,
                "consumption": 0.0,
                "timestamp": 1721774869.3889601,
                "container": null
            },
            {
                "exe": "",
                "cmdline": "",
                "pid": 442053,
                "resources_usage": null,
                "consumption": 0.0,
                "timestamp": 1721774869.3889606,
                "container": null
            },
            {
                "exe": "",
                "cmdline": "",
                "pid": 241,
                "resources_usage": null,
                "consumption": 0.0,
                "timestamp": 1721774869.3889608,
                "container": null
            },
            {
                "exe": "/usr/sbin/cron",
                "cmdline": "/usr/sbin/cron-f-P",
                "pid": 1115,
                "resources_usage": null,
                "consumption": 0.0,
                "timestamp": 1721774869.388961,
                "container": null
            }
        ],
        "sockets": [
            {
                "id": 0,
                "consumption": 15986675.0,
                "domains": [
                    {
                        "name": "uncore",
                        "consumption": 0.0,
                        "timestamp": 1721774869.3698905
                    },
                    {
                        "name": "core",
                        "consumption": 13689120.0,
                        "timestamp": 1721774869.3696702
                    }
                ],
                "timestamp": 1721774869.369414
            }
        ]
    },
    {
        "host": {
            "consumption": 14608165.0,
            "timestamp": 1721774869.4234257,
            "components": {
                "disks": [
                    {
                        "disk_type": "SSD",
                        "disk_mount_point": "/etc/hosts",
                        "disk_is_removable": false,
                        "disk_file_system": "ext4",
                        "disk_total_bytes": "33634926592",
                        "disk_available_bytes": "9873768448",
                        "disk_name": "/dev/nvme0n1p4"
                    }
                ]
            }
        },
        "consumers": [
            {
                "exe": "/",
                "cmdline": "runcinit",
                "pid": 458749,
                "resources_usage": null,
                "consumption": 360695.44,
                "timestamp": 1721774869.4232814,
                "container": null
            },
            {
                "exe": "/usr/local/bin/scaphandre",
                "cmdline": "/usr/local/bin/scaphandrejson-s0--step-nano10000000-f/home/ce-p2-r-1/16/power.json",
                "pid": 458676,
                "resources_usage": null,
                "consumption": 180347.72,
                "timestamp": 1721774869.4233334,
                "container": null
            },
            {
                "exe": "",
                "cmdline": "",
                "pid": 64,
                "resources_usage": null,
                "consumption": 0.0,
                "timestamp": 1721774869.4232621,
                "container": null
            },
            {
                "exe": "",
                "cmdline": "",
                "pid": 121,
                "resources_usage": null,
                "consumption": 0.0,
                "timestamp": 1721774869.423263,
                "container": null
            },
            {
                "exe": "",
                "cmdline": "",
                "pid": 63,
                "resources_usage": null,
                "consumption": 0.0,
                "timestamp": 1721774869.4232633,
                "container": null
            },
            {
                "exe": "",
                "cmdline": "",
                "pid": 61,
                "resources_usage": null,
                "consumption": 0.0,
                "timestamp": 1721774869.4232638,
                "container": null
            },
            {
                "exe": "/usr/bin/login",
                "cmdline": "/bin/login-p--",
                "pid": 1579,
                "resources_usage": null,
                "consumption": 0.0,
                "timestamp": 1721774869.423264,
                "container": null
            },
            {
                "exe": "",
                "cmdline": "",
                "pid": 442053,
                "resources_usage": null,
                "consumption": 0.0,
                "timestamp": 1721774869.4232645,
                "container": null
            },
            {
                "exe": "",
                "cmdline": "",
                "pid": 241,
                "resources_usage": null,
                "consumption": 0.0,
                "timestamp": 1721774869.4232647,
                "container": null
            },
            {
                "exe": "/usr/sbin/cron",
                "cmdline": "/usr/sbin/cron-f-P",
                "pid": 1115,
                "resources_usage": null,
                "consumption": 0.0,
                "timestamp": 1721774869.423265,
                "container": null
            }
        ],
        "sockets": [
            {
                "id": 0,
                "consumption": 11054034.0,
                "domains": [
                    {
                        "name": "uncore",
                        "consumption": 0.0,
                        "timestamp": 1721774869.404113
                    },
                    {
                        "name": "core",
                        "consumption": 8834518.0,
                        "timestamp": 1721774869.404103
                    }
                ],
                "timestamp": 1721774869.4039898
            }
        ]
    },
    {
        "host": {
            "consumption": 17069246.0,
            "timestamp": 1721774869.457388,
            "components": {
                "disks": [
                    {
                        "disk_type": "SSD",
                        "disk_mount_point": "/etc/hosts",
                        "disk_is_removable": false,
                        "disk_file_system": "ext4",
                        "disk_total_bytes": "33634926592",
                        "disk_available_bytes": "9873764352",
                        "disk_name": "/dev/nvme0n1p4"
                    }
                ]
            }
        },
        "consumers": [
            {
                "exe": "/",
                "cmdline": "runcinit",
                "pid": 458749,
                "resources_usage": null,
                "consumption": 316097.16,
                "timestamp": 1721774869.4571464,
                "container": null
            },
            {
                "exe": "/usr/local/bin/scaphandre",
                "cmdline": "/usr/local/bin/scaphandrejson-s0--step-nano10000000-f/home/ce-p2-r-1/16/power.json",
                "pid": 458676,
                "resources_usage": null,
                "consumption": 210731.42,
                "timestamp": 1721774869.4571974,
                "container": null
            },
            {
                "exe": "",
                "cmdline": "",
                "pid": 64,
                "resources_usage": null,
                "consumption": 0.0,
                "timestamp": 1721774869.4571264,
                "container": null
            },
            {
                "exe": "",
                "cmdline": "",
                "pid": 121,
                "resources_usage": null,
                "consumption": 0.0,
                "timestamp": 1721774869.4571276,
                "container": null
            },
            {
                "exe": "",
                "cmdline": "",
                "pid": 63,
                "resources_usage": null,
                "consumption": 0.0,
                "timestamp": 1721774869.4571278,
                "container": null
            },
            {
                "exe": "",
                "cmdline": "",
                "pid": 61,
                "resources_usage": null,
                "consumption": 0.0,
                "timestamp": 1721774869.4571285,
                "container": null
            },
            {
                "exe": "/usr/bin/login",
                "cmdline": "/bin/login-p--",
                "pid": 1579,
                "resources_usage": null,
                "consumption": 0.0,
                "timestamp": 1721774869.4571288,
                "container": null
            },
            {
                "exe": "",
                "cmdline": "",
                "pid": 442053,
                "resources_usage": null,
                "consumption": 0.0,
                "timestamp": 1721774869.4571292,
                "container": null
            },
            {
                "exe": "",
                "cmdline": "",
                "pid": 241,
                "resources_usage": null,
                "consumption": 0.0,
                "timestamp": 1721774869.4571295,
                "container": null
            },
            {
                "exe": "/usr/sbin/cron",
                "cmdline": "/usr/sbin/cron-f-P",
                "pid": 1115,
                "resources_usage": null,
                "consumption": 0.0,
                "timestamp": 1721774869.4571297,
                "container": null
            }
        ],
        "sockets": [
            {
                "id": 0,
                "consumption": 20342018.0,
                "domains": [
                    {
                        "name": "uncore",
                        "consumption": 0.0,
                        "timestamp": 1721774869.4386966
                    },
                    {
                        "name": "core",
                        "consumption": 18116928.0,
                        "timestamp": 1721774869.438591
                    }
                ],
                "timestamp": 1721774869.4384139
            }
        ]
    },
    {
        "host": {
            "consumption": 19555788.0,
            "timestamp": 1721774869.4916854,
            "components": {
                "disks": [
                    {
                        "disk_type": "SSD",
                        "disk_mount_point": "/etc/hosts",
                        "disk_is_removable": false,
                        "disk_file_system": "ext4",
                        "disk_total_bytes": "33634926592",
                        "disk_available_bytes": "9873764352",
                        "disk_name": "/dev/nvme0n1p4"
                    }
                ]
            }
        },
        "consumers": [
            {
                "exe": "/",
                "cmdline": "runcinit",
                "pid": 458749,
                "resources_usage": null,
                "consumption": 362144.22,
                "timestamp": 1721774869.4915423,
                "container": null
            },
            {
                "exe": "/usr/local/bin/scaphandre",
                "cmdline": "/usr/local/bin/scaphandrejson-s0--step-nano10000000-f/home/ce-p2-r-1/16/power.json",
                "pid": 458676,
                "resources_usage": null,
                "consumption": 120714.74,
                "timestamp": 1721774869.4915926,
                "container": null
            },
            {
                "exe": "",
                "cmdline": "",
                "pid": 64,
                "resources_usage": null,
                "consumption": 0.0,
                "timestamp": 1721774869.491522,
                "container": null
            },
            {
                "exe": "",
                "cmdline": "",
                "pid": 121,
                "resources_usage": null,
                "consumption": 0.0,
                "timestamp": 1721774869.4915233,
                "container": null
            },
            {
                "exe": "",
                "cmdline": "",
                "pid": 63,
                "resources_usage": null,
                "consumption": 0.0,
                "timestamp": 1721774869.4915237,
                "container": null
            },
            {
                "exe": "",
                "cmdline": "",
                "pid": 61,
                "resources_usage": null,
                "consumption": 0.0,
                "timestamp": 1721774869.491524,
                "container": null
            },
            {
                "exe": "/usr/bin/login",
                "cmdline": "/bin/login-p--",
                "pid": 1579,
                "resources_usage": null,
                "consumption": 0.0,
                "timestamp": 1721774869.4915242,
                "container": null
            },
            {
                "exe": "",
                "cmdline": "",
                "pid": 442053,
                "resources_usage": null,
                "consumption": 0.0,
                "timestamp": 1721774869.491525,
                "container": null
            },
            {
                "exe": "",
                "cmdline": "",
                "pid": 241,
                "resources_usage": null,
                "consumption": 0.0,
                "timestamp": 1721774869.4915254,
                "container": null
            },
            {
                "exe": "/usr/sbin/cron",
                "cmdline": "/usr/sbin/cron-f-P",
                "pid": 1115,
                "resources_usage": null,
                "consumption": 0.0,
                "timestamp": 1721774869.491526,
                "container": null
            }
        ],
        "sockets": [
            {
                "id": 0,
                "consumption": 19810888.0,
                "domains": [
                    {
                        "name": "uncore",
                        "consumption": 0.0,
                        "timestamp": 1721774869.472978
                    },
                    {
                        "name": "core",
                        "consumption": 17536656.0,
                        "timestamp": 1721774869.4727583
                    }
                ],
                "timestamp": 1721774869.4724884
            }
        ]
    },
    {
        "host": {
            "consumption": 27693760.0,
            "timestamp": 1721774869.5253856,
            "components": {
                "disks": [
                    {
                        "disk_type": "SSD",
                        "disk_mount_point": "/etc/hosts",
                        "disk_is_removable": false,
                        "disk_file_system": "ext4",
                        "disk_total_bytes": "33634926592",
                        "disk_available_bytes": "9873760256",
                        "disk_name": "/dev/nvme0n1p4"
                    }
                ]
            }
        },
        "consumers": [
            {
                "exe": "/",
                "cmdline": "runcinit",
                "pid": 458749,
                "resources_usage": null,
                "consumption": 667319.44,
                "timestamp": 1721774869.5250988,
                "container": null
            },
            {
                "exe": "/usr/local/bin/scaphandre",
                "cmdline": "/usr/local/bin/scaphandrejson-s0--step-nano10000000-f/home/ce-p2-r-1/16/power.json",
                "pid": 458676,
                "resources_usage": null,
                "consumption": 333659.72,
                "timestamp": 1721774869.525151,
                "container": null
            },
            {
                "exe": "",
                "cmdline": "",
                "pid": 64,
                "resources_usage": null,
                "consumption": 0.0,
                "timestamp": 1721774869.5250783,
                "container": null
            },
            {
                "exe": "",
                "cmdline": "",
                "pid": 121,
                "resources_usage": null,
                "consumption": 0.0,
                "timestamp": 1721774869.5250797,
                "container": null
            },
            {
                "exe": "",
                "cmdline": "",
                "pid": 63,
                "resources_usage": null,
                "consumption": 0.0,
                "timestamp": 1721774869.5250802,
                "container": null
            },
            {
                "exe": "",
                "cmdline": "",
                "pid": 61,
                "resources_usage": null,
                "consumption": 0.0,
                "timestamp": 1721774869.5250807,
                "container": null
            },
            {
                "exe": "/usr/bin/login",
                "cmdline": "/bin/login-p--",
                "pid": 1579,
                "resources_usage": null,
                "consumption": 0.0,
                "timestamp": 1721774869.5250812,
                "container": null
            },
            {
                "exe": "",
                "cmdline": "",
                "pid": 442053,
                "resources_usage": null,
                "consumption": 0.0,
                "timestamp": 1721774869.5250814,
                "container": null
            },
            {
                "exe": "",
                "cmdline": "",
                "pid": 241,
                "resources_usage": null,
                "consumption": 0.0,
                "timestamp": 1721774869.5250816,
                "container": null
            },
            {
                "exe": "/usr/sbin/cron",
                "cmdline": "/usr/sbin/cron-f-P",
                "pid": 1115,
                "resources_usage": null,
                "consumption": 0.0,
                "timestamp": 1721774869.5250819,
                "container": null
            }
        ],
        "sockets": [
            {
                "id": 0,
                "consumption": 19282974.0,
                "domains": [
                    {
                        "name": "uncore",
                        "consumption": 0.0,
                        "timestamp": 1721774869.506884
                    },
                    {
                        "name": "core",
                        "consumption": 17005326.0,
                        "timestamp": 1721774869.5068734
                    }
                ],
                "timestamp": 1721774869.5066729
            }
        ]
    },
    {
        "host": {
            "consumption": 14371238.0,
            "timestamp": 1721774869.559986,
            "components": {
                "disks": [
                    {
                        "disk_type": "SSD",
                        "disk_mount_point": "/etc/hosts",
                        "disk_is_removable": false,
                        "disk_file_system": "ext4",
                        "disk_total_bytes": "33634926592",
                        "disk_available_bytes": "9873760256",
                        "disk_name": "/dev/nvme0n1p4"
                    }
                ]
            }
        },
        "consumers": [
            {
                "exe": "/",
                "cmdline": "runcinit",
                "pid": 458749,
                "resources_usage": null,
                "consumption": 259721.16,
                "timestamp": 1721774869.5598335,
                "container": null
            },
            {
                "exe": "/usr/local/bin/scaphandre",
                "cmdline": "/usr/local/bin/scaphandrejson-s0--step-nano10000000-f/home/ce-p2-r-1/16/power.json",
                "pid": 458676,
                "resources_usage": null,
                "consumption": 173147.44,
                "timestamp": 1721774869.5598862,
                "container": null
            },
            {
                "exe": "",
                "cmdline": "",
                "pid": 64,
                "resources_usage": null,
                "consumption": 0.0,
                "timestamp": 1721774869.5598147,
                "container": null
            },
            {
                "exe": "",
                "cmdline": "",
                "pid": 121,
                "resources_usage": null,
                "consumption": 0.0,
                "timestamp": 1721774869.5598156,
                "container": null
            },
            {
                "exe": "",
                "cmdline": "",
                "pid": 63,
                "resources_usage": null,
                "consumption": 0.0,
                "timestamp": 1721774869.5598161,
                "container": null
            },
            {
                "exe": "",
                "cmdline": "",
                "pid": 61,
                "resources_usage": null,
                "consumption": 0.0,
                "timestamp": 1721774869.5598164,
                "container": null
            },
            {
                "exe": "/usr/bin/login",
                "cmdline": "/bin/login-p--",
                "pid": 1579,
                "resources_usage": null,
                "consumption": 0.0,
                "timestamp": 1721774869.5598166,
                "container": null
            },
            {
                "exe": "",
                "cmdline": "",
                "pid": 442053,
                "resources_usage": null,
                "consumption": 0.0,
                "timestamp": 1721774869.559817,
                "container": null
            },
            {
                "exe": "",
                "cmdline": "",
                "pid": 241,
                "resources_usage": null,
                "consumption": 0.0,
                "timestamp": 1721774869.5598173,
                "container": null
            },
            {
                "exe": "/usr/sbin/cron",
                "cmdline": "/usr/sbin/cron-f-P",
                "pid": 1115,
                "resources_usage": null,
                "consumption": 0.0,
                "timestamp": 1721774869.5598176,
                "container": null
            }
        ],
        "sockets": [
            {
                "id": 0,
                "consumption": 22419306.0,
                "domains": [
                    {
                        "name": "uncore",
                        "consumption": 0.0,
                        "timestamp": 1721774869.5408072
                    },
                    {
                        "name": "core",
                        "consumption": 20130178.0,
                        "timestamp": 1721774869.5405803
                    }
                ],
                "timestamp": 1721774869.540224
            }
        ]
    }
]