{
    "timestamp_analysis": {
        "mean": 0.025131592383751504,
        "std": 0.0016195318786769248,
        "min": 0.021745681762695312,
        "max": 0.034340858459472656,
        "median": 0.024773597717285156,
        "running_time": 8.494639873504639
    },
    "host_energy_analysis": {
        "total": 159.0342364421897,
        "per_repetition": 3.180684728843794e-07
    },
    "host_power_analysis": {
        "mean": 18.715168932153393,
        "std": 5.648079299638304,
        "min": 3.738773,
        "max": 40.81935,
        "median": 18.659708
    },
    "process_energy_analysis": {
        "total": 2.4197985176573633,
        "per_repetition": 4.839597035314726e-09
    }
}