{
    "timestamp_analysis": {
        "mean": 0.025802398751849778,
        "std": 0.0019601677783629657,
        "min": 0.022034168243408203,
        "max": 0.03506612777709961,
        "median": 0.025295138359069824,
        "running_time": 8.41170358657837
    },
    "host_energy_analysis": {
        "total": 164.20792294509863,
        "per_repetition": 1.6420792294509864e-05
    },
    "host_power_analysis": {
        "mean": 19.562918874617736,
        "std": 5.850293319648593,
        "min": 4.942769,
        "max": 39.746256,
        "median": 19.66229
    },
    "process_energy_analysis": {
        "total": 2.574326659611705,
        "per_repetition": 2.574326659611705e-07
    }
}