{
    "timestamp_analysis": {
        "mean": 0.02572659700194751,
        "std": 0.001650356775242208,
        "min": 0.02264857292175293,
        "max": 0.03453540802001953,
        "median": 0.025443553924560547,
        "running_time": 8.387024641036987
    },
    "host_energy_analysis": {
        "total": 155.73323701675417,
        "per_repetition": 1.5573323701675417e-05
    },
    "host_power_analysis": {
        "mean": 18.580259422018347,
        "std": 5.809245900076447,
        "min": 5.907724,
        "max": 34.14995,
        "median": 18.450334
    },
    "process_energy_analysis": {
        "total": 2.4460385353537566,
        "per_repetition": 2.4460385353537565e-07
    }
}