{
    "timestamp_analysis": {
        "mean": 0.03563739942467731,
        "std": 0.0021179679310132974,
        "min": 0.033312320709228516,
        "max": 0.042722463607788086,
        "median": 0.03495526313781738,
        "running_time": 0.8198344707489014
    },
    "host_energy_analysis": {
        "total": 16.10107523637557,
        "per_repetition": 0.005367025078791857
    },
    "host_power_analysis": {
        "mean": 19.565507583333332,
        "std": 4.506483832638363,
        "min": 10.882072,
        "max": 28.16181,
        "median": 18.942307
    },
    "process_energy_analysis": {
        "total": 0.33599842451047773,
        "per_repetition": 0.00011199947483682592
    }
}