{
    "timestamp_analysis": {
        "mean": 0.03485749959945679,
        "std": 0.0012294890788874522,
        "min": 0.03296947479248047,
        "max": 0.03815412521362305,
        "median": 0.03472316265106201,
        "running_time": 0.6972823143005371
    },
    "host_energy_analysis": {
        "total": 12.533000188383939,
        "per_repetition": 0.00012533000188383938
    },
    "host_power_analysis": {
        "mean": 17.890181523809524,
        "std": 4.416941450176147,
        "min": 8.648705,
        "max": 28.834384,
        "median": 17.164604
    },
    "process_energy_analysis": {
        "total": 0.24535361851080537,
        "per_repetition": 2.4535361851080536e-06
    }
}