[
    {
        "host": {
            "consumption": 17682086.0,
            "timestamp": 1721774877.0860322,
            "components": {
                "disks": [
                    {
                        "disk_type": "SSD",
                        "disk_mount_point": "/etc/hosts",
                        "disk_is_removable": false,
                        "disk_file_system": "ext4",
                        "disk_total_bytes": "33634926592",
                        "disk_available_bytes": "9873629184",
                        "disk_name": "/dev/nvme0n1p4"
                    }
                ]
            }
        },
        "consumers": [
            {
                "exe": "/usr/local/bin/scaphandre",
                "cmdline": "/usr/local/bin/scaphandrejson-s0--step-nano10000000-f/home/ce-p2-r-1/6/power.json",
                "pid": 458958,
                "resources_usage": null,
                "consumption": 222416.17,
                "timestamp": 1721774877.0859303,
                "container": null
            },
            {
                "exe": "/usr/bin/udevadm",
                "cmdline": "/lib/systemd/systemd-udevd",
                "pid": 458904,
                "resources_usage": null,
                "consumption": 0.0,
                "timestamp": 1721774877.0858998,
                "container": null
            },
            {
                "exe": "",
                "cmdline": "",
                "pid": 69,
                "resources_usage": null,
                "consumption": 0.0,
                "timestamp": 1721774877.0859015,
                "container": null
            },
            {
                "exe": "/home/philipp/.vscode-server/cli/servers/Stable-f1e16e1e6214d7c44d078b1f0607b2388f29d729/server/node",
                "cmdline": "/home/philipp/.vscode-server/cli/servers/Stable-f1e16e1e6214d7c44d078b1f0607b2388f29d729/server/node/home/philipp/.vscode-server/cli/servers/Stable-f1e16e1e6214d7c44d078b1f0607b2388f29d729/server/out/bootstrap-fork--type=fileWatcher",
                "pid": 1846,
                "resources_usage": null,
                "consumption": 0.0,
                "timestamp": 1721774877.085902,
                "container": null
            },
            {
                "exe": "",
                "cmdline": "",
                "pid": 38,
                "resources_usage": null,
                "consumption": 0.0,
                "timestamp": 1721774877.085903,
                "container": null
            },
            {
                "exe": "/usr/bin/udevadm",
                "cmdline": "/lib/systemd/systemd-udevd",
                "pid": 458916,
                "resources_usage": null,
                "consumption": 0.0,
                "timestamp": 1721774877.0859032,
                "container": null
            },
            {
                "exe": "/usr/libexec/polkitd",
                "cmdline": "/usr/libexec/polkitd--no-debug",
                "pid": 818,
                "resources_usage": null,
                "consumption": 0.0,
                "timestamp": 1721774877.0859036,
                "container": null
            },
            {
                "exe": "",
                "cmdline": "",
                "pid": 65,
                "resources_usage": null,
                "consumption": 0.0,
                "timestamp": 1721774877.0859096,
                "container": null
            },
            {
                "exe": "/usr/sbin/agetty",
                "cmdline": "/sbin/agetty-o-p -- \\u--nocleartty6linux",
                "pid": 299706,
                "resources_usage": null,
                "consumption": 0.0,
                "timestamp": 1721774877.08591,
                "container": null
            },
            {
                "exe": "",
                "cmdline": "",
                "pid": 135,
                "resources_usage": null,
                "consumption": 0.0,
                "timestamp": 1721774877.0859106,
                "container": null
            }
        ],
        "sockets": [
            {
                "id": 0,
                "consumption": 8605728.0,
                "domains": [
                    {
                        "name": "uncore",
                        "consumption": 0.0,
                        "timestamp": 1721774877.0666745
                    },
                    {
                        "name": "core",
                        "consumption": 5778055.0,
                        "timestamp": 1721774877.0666635
                    }
                ],
                "timestamp": 1721774877.066533
            }
        ]
    },
    {
        "host": {
            "consumption": 19271584.0,
            "timestamp": 1721774877.1190016,
            "components": {
                "disks": [
                    {
                        "disk_type": "SSD",
                        "disk_mount_point": "/etc/hosts",
                        "disk_is_removable": false,
                        "disk_file_system": "ext4",
                        "disk_total_bytes": "33634926592",
                        "disk_available_bytes": "9873633280",
                        "disk_name": "/dev/nvme0n1p4"
                    }
                ]
            }
        },
        "consumers": [
            {
                "exe": "/",
                "cmdline": "runcinit",
                "pid": 459210,
                "resources_usage": null,
                "consumption": 330369.97,
                "timestamp": 1721774877.1189606,
                "container": null
            },
            {
                "exe": "/usr/local/bin/scaphandre",
                "cmdline": "/usr/local/bin/scaphandrejson-s0--step-nano10000000-f/home/ce-p2-r-1/6/power.json",
                "pid": 458958,
                "resources_usage": null,
                "consumption": 220246.66,
                "timestamp": 1721774877.1189177,
                "container": null
            },
            {
                "exe": "/usr/bin/udevadm",
                "cmdline": "/lib/systemd/systemd-udevd",
                "pid": 458904,
                "resources_usage": null,
                "consumption": 0.0,
                "timestamp": 1721774877.118896,
                "container": null
            },
            {
                "exe": "",
                "cmdline": "",
                "pid": 69,
                "resources_usage": null,
                "consumption": 0.0,
                "timestamp": 1721774877.1188972,
                "container": null
            },
            {
                "exe": "/home/philipp/.vscode-server/cli/servers/Stable-f1e16e1e6214d7c44d078b1f0607b2388f29d729/server/node",
                "cmdline": "/home/philipp/.vscode-server/cli/servers/Stable-f1e16e1e6214d7c44d078b1f0607b2388f29d729/server/node/home/philipp/.vscode-server/cli/servers/Stable-f1e16e1e6214d7c44d078b1f0607b2388f29d729/server/out/bootstrap-fork--type=fileWatcher",
                "pid": 1846,
                "resources_usage": null,
                "consumption": 0.0,
                "timestamp": 1721774877.1188977,
                "container": null
            },
            {
                "exe": "",
                "cmdline": "",
                "pid": 38,
                "resources_usage": null,
                "consumption": 0.0,
                "timestamp": 1721774877.1188982,
                "container": null
            },
            {
                "exe": "/usr/bin/udevadm",
                "cmdline": "/lib/systemd/systemd-udevd",
                "pid": 458916,
                "resources_usage": null,
                "consumption": 0.0,
                "timestamp": 1721774877.1188986,
                "container": null
            },
            {
                "exe": "/usr/libexec/polkitd",
                "cmdline": "/usr/libexec/polkitd--no-debug",
                "pid": 818,
                "resources_usage": null,
                "consumption": 0.0,
                "timestamp": 1721774877.1188993,
                "container": null
            },
            {
                "exe": "",
                "cmdline": "",
                "pid": 65,
                "resources_usage": null,
                "consumption": 0.0,
                "timestamp": 1721774877.1188996,
                "container": null
            },
            {
                "exe": "/usr/sbin/agetty",
                "cmdline": "/sbin/agetty-o-p -- \\u--nocleartty6linux",
                "pid": 299706,
                "resources_usage": null,
                "consumption": 0.0,
                "timestamp": 1721774877.1188998,
                "container": null
            }
        ],
        "sockets": [
            {
                "id": 0,
                "consumption": 24978190.0,
                "domains": [
                    {
                        "name": "uncore",
                        "consumption": 0.0,
                        "timestamp": 1721774877.1018615
                    },
                    {
                        "name": "core",
                        "consumption": 22031776.0,
                        "timestamp": 1721774877.1018493
                    }
                ],
                "timestamp": 1721774877.1017346
            }
        ]
    },
    {
        "host": {
            "consumption": 17683812.0,
            "timestamp": 1721774877.1531987,
            "components": {
                "disks": [
                    {
                        "disk_type": "SSD",
                        "disk_mount_point": "/etc/hosts",
                        "disk_is_removable": false,
                        "disk_file_system": "ext4",
                        "disk_total_bytes": "33634926592",
                        "disk_available_bytes": "9873633280",
                        "disk_name": "/dev/nvme0n1p4"
                    }
                ]
            }
        },
        "consumers": [
            {
                "exe": "/",
                "cmdline": "runcinit",
                "pid": 459210,
                "resources_usage": null,
                "consumption": 303151.06,
                "timestamp": 1721774877.1531563,
                "container": null
            },
            {
                "exe": "/usr/local/bin/scaphandre",
                "cmdline": "/usr/local/bin/scaphandrejson-s0--step-nano10000000-f/home/ce-p2-r-1/6/power.json",
                "pid": 458958,
                "resources_usage": null,
                "consumption": 202100.7,
                "timestamp": 1721774877.1531074,
                "container": null
            },
            {
                "exe": "/usr/bin/udevadm",
                "cmdline": "/lib/systemd/systemd-udevd",
                "pid": 458904,
                "resources_usage": null,
                "consumption": 0.0,
                "timestamp": 1721774877.153083,
                "container": null
            },
            {
                "exe": "",
                "cmdline": "",
                "pid": 69,
                "resources_usage": null,
                "consumption": 0.0,
                "timestamp": 1721774877.1530843,
                "container": null
            },
            {
                "exe": "/home/philipp/.vscode-server/cli/servers/Stable-f1e16e1e6214d7c44d078b1f0607b2388f29d729/server/node",
                "cmdline": "/home/philipp/.vscode-server/cli/servers/Stable-f1e16e1e6214d7c44d078b1f0607b2388f29d729/server/node/home/philipp/.vscode-server/cli/servers/Stable-f1e16e1e6214d7c44d078b1f0607b2388f29d729/server/out/bootstrap-fork--type=fileWatcher",
                "pid": 1846,
                "resources_usage": null,
                "consumption": 0.0,
                "timestamp": 1721774877.1530845,
                "container": null
            },
            {
                "exe": "",
                "cmdline": "",
                "pid": 38,
                "resources_usage": null,
                "consumption": 0.0,
                "timestamp": 1721774877.1530852,
                "container": null
            },
            {
                "exe": "/usr/bin/udevadm",
                "cmdline": "/lib/systemd/systemd-udevd",
                "pid": 458916,
                "resources_usage": null,
                "consumption": 0.0,
                "timestamp": 1721774877.1530855,
                "container": null
            },
            {
                "exe": "/usr/libexec/polkitd",
                "cmdline": "/usr/libexec/polkitd--no-debug",
                "pid": 818,
                "resources_usage": null,
                "consumption": 0.0,
                "timestamp": 1721774877.1530864,
                "container": null
            },
            {
                "exe": "",
                "cmdline": "",
                "pid": 65,
                "resources_usage": null,
                "consumption": 0.0,
                "timestamp": 1721774877.1530871,
                "container": null
            },
            {
                "exe": "/usr/sbin/agetty",
                "cmdline": "/sbin/agetty-o-p -- \\u--nocleartty6linux",
                "pid": 299706,
                "resources_usage": null,
                "consumption": 0.0,
                "timestamp": 1721774877.1530874,
                "container": null
            }
        ],
        "sockets": [
            {
                "id": 0,
                "consumption": 11220653.0,
                "domains": [
                    {
                        "name": "uncore",
                        "consumption": 0.0,
                        "timestamp": 1721774877.136342
                    },
                    {
                        "name": "core",
                        "consumption": 8417955.0,
                        "timestamp": 1721774877.136333
                    }
                ],
                "timestamp": 1721774877.136107
            }
        ]
    },
    {
        "host": {
            "consumption": 17006668.0,
            "timestamp": 1721774877.1864605,
            "components": {
                "disks": [
                    {
                        "disk_type": "SSD",
                        "disk_mount_point": "/etc/hosts",
                        "disk_is_removable": false,
                        "disk_file_system": "ext4",
                        "disk_total_bytes": "33634926592",
                        "disk_available_bytes": "9873629184",
                        "disk_name": "/dev/nvme0n1p4"
                    }
                ]
            }
        },
        "consumers": [
            {
                "exe": "/",
                "cmdline": "runcinit",
                "pid": 459210,
                "resources_usage": null,
                "consumption": 388723.8,
                "timestamp": 1721774877.1864216,
                "container": null
            },
            {
                "exe": "/usr/local/bin/scaphandre",
                "cmdline": "/usr/local/bin/scaphandrejson-s0--step-nano10000000-f/home/ce-p2-r-1/6/power.json",
                "pid": 458958,
                "resources_usage": null,
                "consumption": 194361.9,
                "timestamp": 1721774877.1863778,
                "container": null
            },
            {
                "exe": "",
                "cmdline": "",
                "pid": 28,
                "resources_usage": null,
                "consumption": 97180.95,
                "timestamp": 1721774877.1863616,
                "container": null
            },
            {
                "exe": "/usr/bin/udevadm",
                "cmdline": "/lib/systemd/systemd-udevd",
                "pid": 458904,
                "resources_usage": null,
                "consumption": 0.0,
                "timestamp": 1721774877.186356,
                "container": null
            },
            {
                "exe": "",
                "cmdline": "",
                "pid": 69,
                "resources_usage": null,
                "consumption": 0.0,
                "timestamp": 1721774877.1863573,
                "container": null
            },
            {
                "exe": "/home/philipp/.vscode-server/cli/servers/Stable-f1e16e1e6214d7c44d078b1f0607b2388f29d729/server/node",
                "cmdline": "/home/philipp/.vscode-server/cli/servers/Stable-f1e16e1e6214d7c44d078b1f0607b2388f29d729/server/node/home/philipp/.vscode-server/cli/servers/Stable-f1e16e1e6214d7c44d078b1f0607b2388f29d729/server/out/bootstrap-fork--type=fileWatcher",
                "pid": 1846,
                "resources_usage": null,
                "consumption": 0.0,
                "timestamp": 1721774877.1863577,
                "container": null
            },
            {
                "exe": "",
                "cmdline": "",
                "pid": 38,
                "resources_usage": null,
                "consumption": 0.0,
                "timestamp": 1721774877.1863582,
                "container": null
            },
            {
                "exe": "/usr/bin/udevadm",
                "cmdline": "/lib/systemd/systemd-udevd",
                "pid": 458916,
                "resources_usage": null,
                "consumption": 0.0,
                "timestamp": 1721774877.1863585,
                "container": null
            },
            {
                "exe": "/usr/libexec/polkitd",
                "cmdline": "/usr/libexec/polkitd--no-debug",
                "pid": 818,
                "resources_usage": null,
                "consumption": 0.0,
                "timestamp": 1721774877.186359,
                "container": null
            },
            {
                "exe": "",
                "cmdline": "",
                "pid": 65,
                "resources_usage": null,
                "consumption": 0.0,
                "timestamp": 1721774877.18636,
                "container": null
            }
        ],
        "sockets": [
            {
                "id": 0,
                "consumption": 13439008.0,
                "domains": [
                    {
                        "name": "uncore",
                        "consumption": 0.0,
                        "timestamp": 1721774877.1684875
                    },
                    {
                        "name": "core",
                        "consumption": 10757175.0,
                        "timestamp": 1721774877.1684756
                    }
                ],
                "timestamp": 1721774877.1682844
            }
        ]
    },
    {
        "host": {
            "consumption": 11525483.0,
            "timestamp": 1721774877.2211683,
            "components": {
                "disks": [
                    {
                        "disk_type": "SSD",
                        "disk_mount_point": "/etc/hosts",
                        "disk_is_removable": false,
                        "disk_file_system": "ext4",
                        "disk_total_bytes": "33634926592",
                        "disk_available_bytes": "9873629184",
                        "disk_name": "/dev/nvme0n1p4"
                    }
                ]
            }
        },
        "consumers": [
            {
                "exe": "/",
                "cmdline": "runcinit",
                "pid": 459210,
                "resources_usage": null,
                "consumption": 197579.7,
                "timestamp": 1721774877.2211244,
                "container": null
            },
            {
                "exe": "/usr/local/bin/scaphandre",
                "cmdline": "/usr/local/bin/scaphandrejson-s0--step-nano10000000-f/home/ce-p2-r-1/6/power.json",
                "pid": 458958,
                "resources_usage": null,
                "consumption": 131719.8,
                "timestamp": 1721774877.2210798,
                "container": null
            },
            {
                "exe": "/usr/bin/udevadm",
                "cmdline": "/lib/systemd/systemd-udevd",
                "pid": 458904,
                "resources_usage": null,
                "consumption": 0.0,
                "timestamp": 1721774877.2210584,
                "container": null
            },
            {
                "exe": "",
                "cmdline": "",
                "pid": 69,
                "resources_usage": null,
                "consumption": 0.0,
                "timestamp": 1721774877.2210593,
                "container": null
            },
            {
                "exe": "/home/philipp/.vscode-server/cli/servers/Stable-f1e16e1e6214d7c44d078b1f0607b2388f29d729/server/node",
                "cmdline": "/home/philipp/.vscode-server/cli/servers/Stable-f1e16e1e6214d7c44d078b1f0607b2388f29d729/server/node/home/philipp/.vscode-server/cli/servers/Stable-f1e16e1e6214d7c44d078b1f0607b2388f29d729/server/out/bootstrap-fork--type=fileWatcher",
                "pid": 1846,
                "resources_usage": null,
                "consumption": 0.0,
                "timestamp": 1721774877.2210598,
                "container": null
            },
            {
                "exe": "",
                "cmdline": "",
                "pid": 38,
                "resources_usage": null,
                "consumption": 0.0,
                "timestamp": 1721774877.2210605,
                "container": null
            },
            {
                "exe": "/usr/bin/udevadm",
                "cmdline": "/lib/systemd/systemd-udevd",
                "pid": 458916,
                "resources_usage": null,
                "consumption": 0.0,
                "timestamp": 1721774877.2210608,
                "container": null
            },
            {
                "exe": "/usr/libexec/polkitd",
                "cmdline": "/usr/libexec/polkitd--no-debug",
                "pid": 818,
                "resources_usage": null,
                "consumption": 0.0,
                "timestamp": 1721774877.221061,
                "container": null
            },
            {
                "exe": "",
                "cmdline": "",
                "pid": 65,
                "resources_usage": null,
                "consumption": 0.0,
                "timestamp": 1721774877.221062,
                "container": null
            },
            {
                "exe": "/usr/sbin/agetty",
                "cmdline": "/sbin/agetty-o-p -- \\u--nocleartty6linux",
                "pid": 299706,
                "resources_usage": null,
                "consumption": 0.0,
                "timestamp": 1721774877.2210622,
                "container": null
            }
        ],
        "sockets": [
            {
                "id": 0,
                "consumption": 16900084.0,
                "domains": [
                    {
                        "name": "uncore",
                        "consumption": 0.0,
                        "timestamp": 1721774877.2016623
                    },
                    {
                        "name": "core",
                        "consumption": 14490161.0,
                        "timestamp": 1721774877.2016506
                    }
                ],
                "timestamp": 1721774877.2015393
            }
        ]
    },
    {
        "host": {
            "consumption": 28834384.0,
            "timestamp": 1721774877.2562215,
            "components": {
                "disks": [
                    {
                        "disk_type": "SSD",
                        "disk_mount_point": "/etc/hosts",
                        "disk_is_removable": false,
                        "disk_file_system": "ext4",
                        "disk_total_bytes": "33634926592",
                        "disk_available_bytes": "9873625088",
                        "disk_name": "/dev/nvme0n1p4"
                    }
                ]
            }
        },
        "consumers": [
            {
                "exe": "/",
                "cmdline": "runcinit",
                "pid": 459210,
                "resources_usage": null,
                "consumption": 659071.6,
                "timestamp": 1721774877.2561724,
                "container": null
            },
            {
                "exe": "/usr/local/bin/scaphandre",
                "cmdline": "/usr/local/bin/scaphandrejson-s0--step-nano10000000-f/home/ce-p2-r-1/6/power.json",
                "pid": 458958,
                "resources_usage": null,
                "consumption": 164767.9,
                "timestamp": 1721774877.256107,
                "container": null
            },
            {
                "exe": "/usr/bin/udevadm",
                "cmdline": "/lib/systemd/systemd-udevd",
                "pid": 458904,
                "resources_usage": null,
                "consumption": 0.0,
                "timestamp": 1721774877.2560797,
                "container": null
            },
            {
                "exe": "",
                "cmdline": "",
                "pid": 69,
                "resources_usage": null,
                "consumption": 0.0,
                "timestamp": 1721774877.2560813,
                "container": null
            },
            {
                "exe": "/home/philipp/.vscode-server/cli/servers/Stable-f1e16e1e6214d7c44d078b1f0607b2388f29d729/server/node",
                "cmdline": "/home/philipp/.vscode-server/cli/servers/Stable-f1e16e1e6214d7c44d078b1f0607b2388f29d729/server/node/home/philipp/.vscode-server/cli/servers/Stable-f1e16e1e6214d7c44d078b1f0607b2388f29d729/server/out/bootstrap-fork--type=fileWatcher",
                "pid": 1846,
                "resources_usage": null,
                "consumption": 0.0,
                "timestamp": 1721774877.2560818,
                "container": null
            },
            {
                "exe": "",
                "cmdline": "",
                "pid": 38,
                "resources_usage": null,
                "consumption": 0.0,
                "timestamp": 1721774877.2560825,
                "container": null
            },
            {
                "exe": "/usr/bin/udevadm",
                "cmdline": "/lib/systemd/systemd-udevd",
                "pid": 458916,
                "resources_usage": null,
                "consumption": 0.0,
                "timestamp": 1721774877.256083,
                "container": null
            },
            {
                "exe": "/usr/libexec/polkitd",
                "cmdline": "/usr/libexec/polkitd--no-debug",
                "pid": 818,
                "resources_usage": null,
                "consumption": 0.0,
                "timestamp": 1721774877.2560835,
                "container": null
            },
            {
                "exe": "",
                "cmdline": "",
                "pid": 65,
                "resources_usage": null,
                "consumption": 0.0,
                "timestamp": 1721774877.2560837,
                "container": null
            },
            {
                "exe": "/usr/sbin/agetty",
                "cmdline": "/sbin/agetty-o-p -- \\u--nocleartty6linux",
                "pid": 299706,
                "resources_usage": null,
                "consumption": 0.0,
                "timestamp": 1721774877.256084,
                "container": null
            }
        ],
        "sockets": [
            {
                "id": 0,
                "consumption": 28869424.0,
                "domains": [
                    {
                        "name": "uncore",
                        "consumption": 0.0,
                        "timestamp": 1721774877.236407
                    },
                    {
                        "name": "core",
                        "consumption": 26632938.0,
                        "timestamp": 1721774877.236393
                    }
                ],
                "timestamp": 1721774877.236273
            }
        ]
    },
    {
        "host": {
            "consumption": 25042786.0,
            "timestamp": 1721774877.2904549,
            "components": {
                "disks": [
                    {
                        "disk_type": "SSD",
                        "disk_mount_point": "/etc/hosts",
                        "disk_is_removable": false,
                        "disk_file_system": "ext4",
                        "disk_total_bytes": "33634926592",
                        "disk_available_bytes": "9873620992",
                        "disk_name": "/dev/nvme0n1p4"
                    }
                ]
            }
        },
        "consumers": [
            {
                "exe": "/",
                "cmdline": "runcinit",
                "pid": 459210,
                "resources_usage": null,
                "consumption": 429304.88,
                "timestamp": 1721774877.2904134,
                "container": null
            },
            {
                "exe": "/usr/local/bin/scaphandre",
                "cmdline": "/usr/local/bin/scaphandrejson-s0--step-nano10000000-f/home/ce-p2-r-1/6/power.json",
                "pid": 458958,
                "resources_usage": null,
                "consumption": 286203.25,
                "timestamp": 1721774877.2903695,
                "container": null
            },
            {
                "exe": "/usr/bin/udevadm",
                "cmdline": "/lib/systemd/systemd-udevd",
                "pid": 458904,
                "resources_usage": null,
                "consumption": 0.0,
                "timestamp": 1721774877.2903478,
                "container": null
            },
            {
                "exe": "",
                "cmdline": "",
                "pid": 69,
                "resources_usage": null,
                "consumption": 0.0,
                "timestamp": 1721774877.290349,
                "container": null
            },
            {
                "exe": "/home/philipp/.vscode-server/cli/servers/Stable-f1e16e1e6214d7c44d078b1f0607b2388f29d729/server/node",
                "cmdline": "/home/philipp/.vscode-server/cli/servers/Stable-f1e16e1e6214d7c44d078b1f0607b2388f29d729/server/node/home/philipp/.vscode-server/cli/servers/Stable-f1e16e1e6214d7c44d078b1f0607b2388f29d729/server/out/bootstrap-fork--type=fileWatcher",
                "pid": 1846,
                "resources_usage": null,
                "consumption": 0.0,
                "timestamp": 1721774877.2903492,
                "container": null
            },
            {
                "exe": "",
                "cmdline": "",
                "pid": 38,
                "resources_usage": null,
                "consumption": 0.0,
                "timestamp": 1721774877.2903497,
                "container": null
            },
            {
                "exe": "/usr/bin/udevadm",
                "cmdline": "/lib/systemd/systemd-udevd",
                "pid": 458916,
                "resources_usage": null,
                "consumption": 0.0,
                "timestamp": 1721774877.29035,
                "container": null
            },
            {
                "exe": "/usr/libexec/polkitd",
                "cmdline": "/usr/libexec/polkitd--no-debug",
                "pid": 818,
                "resources_usage": null,
                "consumption": 0.0,
                "timestamp": 1721774877.2903507,
                "container": null
            },
            {
                "exe": "",
                "cmdline": "",
                "pid": 65,
                "resources_usage": null,
                "consumption": 0.0,
                "timestamp": 1721774877.2903512,
                "container": null
            },
            {
                "exe": "/usr/sbin/agetty",
                "cmdline": "/sbin/agetty-o-p -- \\u--nocleartty6linux",
                "pid": 299706,
                "resources_usage": null,
                "consumption": 0.0,
                "timestamp": 1721774877.2903516,
                "container": null
            }
        ],
        "sockets": [
            {
                "id": 0,
                "consumption": 26362540.0,
                "domains": [
                    {
                        "name": "uncore",
                        "consumption": 0.0,
                        "timestamp": 1721774877.2712717
                    },
                    {
                        "name": "core",
                        "consumption": 24110652.0,
                        "timestamp": 1721774877.2712612
                    }
                ],
                "timestamp": 1721774877.2711518
            }
        ]
    },
    {
        "host": {
            "consumption": 22207104.0,
            "timestamp": 1721774877.3273637,
            "components": {
                "disks": [
                    {
                        "disk_type": "SSD",
                        "disk_mount_point": "/etc/hosts",
                        "disk_is_removable": false,
                        "disk_file_system": "ext4",
                        "disk_total_bytes": "33634926592",
                        "disk_available_bytes": "9873612800",
                        "disk_name": "/dev/nvme0n1p4"
                    }
                ]
            }
        },
        "consumers": [
            {
                "exe": "/",
                "cmdline": "runcinit",
                "pid": 459210,
                "resources_usage": null,
                "consumption": 411242.66,
                "timestamp": 1721774877.3273072,
                "container": null
            },
            {
                "exe": "/usr/local/bin/scaphandre",
                "cmdline": "/usr/local/bin/scaphandrejson-s0--step-nano10000000-f/home/ce-p2-r-1/6/power.json",
                "pid": 458958,
                "resources_usage": null,
                "consumption": 274161.75,
                "timestamp": 1721774877.327236,
                "container": null
            },
            {
                "exe": "/usr/bin/udevadm",
                "cmdline": "/lib/systemd/systemd-udevd",
                "pid": 458904,
                "resources_usage": null,
                "consumption": 0.0,
                "timestamp": 1721774877.327201,
                "container": null
            },
            {
                "exe": "",
                "cmdline": "",
                "pid": 69,
                "resources_usage": null,
                "consumption": 0.0,
                "timestamp": 1721774877.3272026,
                "container": null
            },
            {
                "exe": "/home/philipp/.vscode-server/cli/servers/Stable-f1e16e1e6214d7c44d078b1f0607b2388f29d729/server/node",
                "cmdline": "/home/philipp/.vscode-server/cli/servers/Stable-f1e16e1e6214d7c44d078b1f0607b2388f29d729/server/node/home/philipp/.vscode-server/cli/servers/Stable-f1e16e1e6214d7c44d078b1f0607b2388f29d729/server/out/bootstrap-fork--type=fileWatcher",
                "pid": 1846,
                "resources_usage": null,
                "consumption": 0.0,
                "timestamp": 1721774877.3272033,
                "container": null
            },
            {
                "exe": "",
                "cmdline": "",
                "pid": 38,
                "resources_usage": null,
                "consumption": 0.0,
                "timestamp": 1721774877.3272045,
                "container": null
            },
            {
                "exe": "/usr/bin/udevadm",
                "cmdline": "/lib/systemd/systemd-udevd",
                "pid": 458916,
                "resources_usage": null,
                "consumption": 0.0,
                "timestamp": 1721774877.327205,
                "container": null
            },
            {
                "exe": "/usr/libexec/polkitd",
                "cmdline": "/usr/libexec/polkitd--no-debug",
                "pid": 818,
                "resources_usage": null,
                "consumption": 0.0,
                "timestamp": 1721774877.3272054,
                "container": null
            },
            {
                "exe": "",
                "cmdline": "",
                "pid": 65,
                "resources_usage": null,
                "consumption": 0.0,
                "timestamp": 1721774877.3272061,
                "container": null
            },
            {
                "exe": "/usr/sbin/agetty",
                "cmdline": "/sbin/agetty-o-p -- \\u--nocleartty6linux",
                "pid": 299706,
                "resources_usage": null,
                "consumption": 0.0,
                "timestamp": 1721774877.3272064,
                "container": null
            }
        ],
        "sockets": [
            {
                "id": 0,
                "consumption": 15364389.0,
                "domains": [
                    {
                        "name": "uncore",
                        "consumption": 0.0,
                        "timestamp": 1721774877.3063745
                    },
                    {
                        "name": "core",
                        "consumption": 12968045.0,
                        "timestamp": 1721774877.306358
                    }
                ],
                "timestamp": 1721774877.3061256
            }
        ]
    },
    {
        "host": {
            "consumption": 16482185.0,
            "timestamp": 1721774877.3638244,
            "components": {
                "disks": [
                    {
                        "disk_type": "SSD",
                        "disk_mount_point": "/etc/hosts",
                        "disk_is_removable": false,
                        "disk_file_system": "ext4",
                        "disk_total_bytes": "33634926592",
                        "disk_available_bytes": "9873608704",
                        "disk_name": "/dev/nvme0n1p4"
                    }
                ]
            }
        },
        "consumers": [
            {
                "exe": "/",
                "cmdline": "runcinit",
                "pid": 459210,
                "resources_usage": null,
                "consumption": 406967.53,
                "timestamp": 1721774877.3637803,
                "container": null
            },
            {
                "exe": "/usr/local/bin/scaphandre",
                "cmdline": "/usr/local/bin/scaphandrejson-s0--step-nano10000000-f/home/ce-p2-r-1/6/power.json",
                "pid": 458958,
                "resources_usage": null,
                "consumption": 305225.66,
                "timestamp": 1721774877.363732,
                "container": null
            },
            {
                "exe": "/usr/bin/udevadm",
                "cmdline": "/lib/systemd/systemd-udevd",
                "pid": 458904,
                "resources_usage": null,
                "consumption": 0.0,
                "timestamp": 1721774877.3637087,
                "container": null
            },
            {
                "exe": "",
                "cmdline": "",
                "pid": 69,
                "resources_usage": null,
                "consumption": 0.0,
                "timestamp": 1721774877.3637097,
                "container": null
            },
            {
                "exe": "/home/philipp/.vscode-server/cli/servers/Stable-f1e16e1e6214d7c44d078b1f0607b2388f29d729/server/node",
                "cmdline": "/home/philipp/.vscode-server/cli/servers/Stable-f1e16e1e6214d7c44d078b1f0607b2388f29d729/server/node/home/philipp/.vscode-server/cli/servers/Stable-f1e16e1e6214d7c44d078b1f0607b2388f29d729/server/out/bootstrap-fork--type=fileWatcher",
                "pid": 1846,
                "resources_usage": null,
                "consumption": 0.0,
                "timestamp": 1721774877.3637102,
                "container": null
            },
            {
                "exe": "",
                "cmdline": "",
                "pid": 38,
                "resources_usage": null,
                "consumption": 0.0,
                "timestamp": 1721774877.3637106,
                "container": null
            },
            {
                "exe": "/usr/bin/udevadm",
                "cmdline": "/lib/systemd/systemd-udevd",
                "pid": 458916,
                "resources_usage": null,
                "consumption": 0.0,
                "timestamp": 1721774877.363711,
                "container": null
            },
            {
                "exe": "/usr/libexec/polkitd",
                "cmdline": "/usr/libexec/polkitd--no-debug",
                "pid": 818,
                "resources_usage": null,
                "consumption": 0.0,
                "timestamp": 1721774877.3637116,
                "container": null
            },
            {
                "exe": "",
                "cmdline": "",
                "pid": 65,
                "resources_usage": null,
                "consumption": 0.0,
                "timestamp": 1721774877.3637125,
                "container": null
            },
            {
                "exe": "/usr/sbin/agetty",
                "cmdline": "/sbin/agetty-o-p -- \\u--nocleartty6linux",
                "pid": 299706,
                "resources_usage": null,
                "consumption": 0.0,
                "timestamp": 1721774877.3637128,
                "container": null
            }
        ],
        "sockets": [
            {
                "id": 0,
                "consumption": 22923384.0,
                "domains": [
                    {
                        "name": "uncore",
                        "consumption": 0.0,
                        "timestamp": 1721774877.3439946
                    },
                    {
                        "name": "core",
                        "consumption": 20415242.0,
                        "timestamp": 1721774877.3439832
                    }
                ],
                "timestamp": 1721774877.3438542
            }
        ]
    },
    {
        "host": {
            "consumption": 12897983.0,
            "timestamp": 1721774877.3986292,
            "components": {
                "disks": [
                    {
                        "disk_type": "SSD",
                        "disk_mount_point": "/etc/hosts",
                        "disk_is_removable": false,
                        "disk_file_system": "ext4",
                        "disk_total_bytes": "33634926592",
                        "disk_available_bytes": "9873608704",
                        "disk_name": "/dev/nvme0n1p4"
                    }
                ]
            }
        },
        "consumers": [
            {
                "exe": "/",
                "cmdline": "runcinit",
                "pid": 459210,
                "resources_usage": null,
                "consumption": 318468.72,
                "timestamp": 1721774877.3985896,
                "container": null
            },
            {
                "exe": "/usr/local/bin/scaphandre",
                "cmdline": "/usr/local/bin/scaphandrejson-s0--step-nano10000000-f/home/ce-p2-r-1/6/power.json",
                "pid": 458958,
                "resources_usage": null,
                "consumption": 79617.18,
                "timestamp": 1721774877.3985445,
                "container": null
            },
            {
                "exe": "/usr/bin/udevadm",
                "cmdline": "/lib/systemd/systemd-udevd",
                "pid": 458904,
                "resources_usage": null,
                "consumption": 0.0,
                "timestamp": 1721774877.398523,
                "container": null
            },
            {
                "exe": "",
                "cmdline": "",
                "pid": 69,
                "resources_usage": null,
                "consumption": 0.0,
                "timestamp": 1721774877.398524,
                "container": null
            },
            {
                "exe": "/home/philipp/.vscode-server/cli/servers/Stable-f1e16e1e6214d7c44d078b1f0607b2388f29d729/server/node",
                "cmdline": "/home/philipp/.vscode-server/cli/servers/Stable-f1e16e1e6214d7c44d078b1f0607b2388f29d729/server/node/home/philipp/.vscode-server/cli/servers/Stable-f1e16e1e6214d7c44d078b1f0607b2388f29d729/server/out/bootstrap-fork--type=fileWatcher",
                "pid": 1846,
                "resources_usage": null,
                "consumption": 0.0,
                "timestamp": 1721774877.3985245,
                "container": null
            },
            {
                "exe": "",
                "cmdline": "",
                "pid": 38,
                "resources_usage": null,
                "consumption": 0.0,
                "timestamp": 1721774877.398525,
                "container": null
            },
            {
                "exe": "/usr/bin/udevadm",
                "cmdline": "/lib/systemd/systemd-udevd",
                "pid": 458916,
                "resources_usage": null,
                "consumption": 0.0,
                "timestamp": 1721774877.3985252,
                "container": null
            },
            {
                "exe": "/usr/libexec/polkitd",
                "cmdline": "/usr/libexec/polkitd--no-debug",
                "pid": 818,
                "resources_usage": null,
                "consumption": 0.0,
                "timestamp": 1721774877.3985257,
                "container": null
            },
            {
                "exe": "",
                "cmdline": "",
                "pid": 65,
                "resources_usage": null,
                "consumption": 0.0,
                "timestamp": 1721774877.3985264,
                "container": null
            },
            {
                "exe": "/usr/sbin/agetty",
                "cmdline": "/sbin/agetty-o-p -- \\u--nocleartty6linux",
                "pid": 299706,
                "resources_usage": null,
                "consumption": 0.0,
                "timestamp": 1721774877.3985267,
                "container": null
            }
        ],
        "sockets": [
            {
                "id": 0,
                "consumption": 18930334.0,
                "domains": [
                    {
                        "name": "uncore",
                        "consumption": 0.0,
                        "timestamp": 1721774877.3791513
                    },
                    {
                        "name": "core",
                        "consumption": 16709690.0,
                        "timestamp": 1721774877.3791401
                    }
                ],
                "timestamp": 1721774877.379027
            }
        ]
    },
    {
        "host": {
            "consumption": 23214760.0,
            "timestamp": 1721774877.4328449,
            "components": {
                "disks": [
                    {
                        "disk_type": "SSD",
                        "disk_mount_point": "/etc/hosts",
                        "disk_is_removable": false,
                        "disk_file_system": "ext4",
                        "disk_total_bytes": "33634926592",
                        "disk_available_bytes": "9873604608",
                        "disk_name": "/dev/nvme0n1p4"
                    }
                ]
            }
        },
        "consumers": [
            {
                "exe": "/",
                "cmdline": "runcinit",
                "pid": 459210,
                "resources_usage": null,
                "consumption": 429902.94,
                "timestamp": 1721774877.4328043,
                "container": null
            },
            {
                "exe": "/usr/local/bin/scaphandre",
                "cmdline": "/usr/local/bin/scaphandrejson-s0--step-nano10000000-f/home/ce-p2-r-1/6/power.json",
                "pid": 458958,
                "resources_usage": null,
                "consumption": 286601.97,
                "timestamp": 1721774877.4327586,
                "container": null
            },
            {
                "exe": "/usr/bin/udevadm",
                "cmdline": "/lib/systemd/systemd-udevd",
                "pid": 458904,
                "resources_usage": null,
                "consumption": 0.0,
                "timestamp": 1721774877.4327362,
                "container": null
            },
            {
                "exe": "",
                "cmdline": "",
                "pid": 69,
                "resources_usage": null,
                "consumption": 0.0,
                "timestamp": 1721774877.4327374,
                "container": null
            },
            {
                "exe": "/home/philipp/.vscode-server/cli/servers/Stable-f1e16e1e6214d7c44d078b1f0607b2388f29d729/server/node",
                "cmdline": "/home/philipp/.vscode-server/cli/servers/Stable-f1e16e1e6214d7c44d078b1f0607b2388f29d729/server/node/home/philipp/.vscode-server/cli/servers/Stable-f1e16e1e6214d7c44d078b1f0607b2388f29d729/server/out/bootstrap-fork--type=fileWatcher",
                "pid": 1846,
                "resources_usage": null,
                "consumption": 0.0,
                "timestamp": 1721774877.4327378,
                "container": null
            },
            {
                "exe": "",
                "cmdline": "",
                "pid": 38,
                "resources_usage": null,
                "consumption": 0.0,
                "timestamp": 1721774877.4327383,
                "container": null
            },
            {
                "exe": "/usr/bin/udevadm",
                "cmdline": "/lib/systemd/systemd-udevd",
                "pid": 458916,
                "resources_usage": null,
                "consumption": 0.0,
                "timestamp": 1721774877.4327385,
                "container": null
            },
            {
                "exe": "/usr/libexec/polkitd",
                "cmdline": "/usr/libexec/polkitd--no-debug",
                "pid": 818,
                "resources_usage": null,
                "consumption": 0.0,
                "timestamp": 1721774877.432739,
                "container": null
            },
            {
                "exe": "",
                "cmdline": "",
                "pid": 65,
                "resources_usage": null,
                "consumption": 0.0,
                "timestamp": 1721774877.4327393,
                "container": null
            },
            {
                "exe": "/usr/sbin/agetty",
                "cmdline": "/sbin/agetty-o-p -- \\u--nocleartty6linux",
                "pid": 299706,
                "resources_usage": null,
                "consumption": 0.0,
                "timestamp": 1721774877.4327397,
                "container": null
            }
        ],
        "sockets": [
            {
                "id": 0,
                "consumption": 14385887.0,
                "domains": [
                    {
                        "name": "uncore",
                        "consumption": 0.0,
                        "timestamp": 1721774877.4138017
                    },
                    {
                        "name": "core",
                        "consumption": 12201113.0,
                        "timestamp": 1721774877.413792
                    }
                ],
                "timestamp": 1721774877.4136813
            }
        ]
    },
    {
        "host": {
            "consumption": 17164604.0,
            "timestamp": 1721774877.4676497,
            "components": {
                "disks": [
                    {
                        "disk_type": "SSD",
                        "disk_mount_point": "/etc/hosts",
                        "disk_is_removable": false,
                        "disk_file_system": "ext4",
                        "disk_total_bytes": "33634926592",
                        "disk_available_bytes": "9873600512",
                        "disk_name": "/dev/nvme0n1p4"
                    }
                ]
            }
        },
        "consumers": [
            {
                "exe": "/",
                "cmdline": "runcinit",
                "pid": 459210,
                "resources_usage": null,
                "consumption": 423817.38,
                "timestamp": 1721774877.467604,
                "container": null
            },
            {
                "exe": "/usr/local/bin/scaphandre",
                "cmdline": "/usr/local/bin/scaphandrejson-s0--step-nano10000000-f/home/ce-p2-r-1/6/power.json",
                "pid": 458958,
                "resources_usage": null,
                "consumption": 211908.69,
                "timestamp": 1721774877.4675498,
                "container": null
            },
            {
                "exe": "/usr/bin/udevadm",
                "cmdline": "/lib/systemd/systemd-udevd",
                "pid": 458904,
                "resources_usage": null,
                "consumption": 0.0,
                "timestamp": 1721774877.467523,
                "container": null
            },
            {
                "exe": "",
                "cmdline": "",
                "pid": 69,
                "resources_usage": null,
                "consumption": 0.0,
                "timestamp": 1721774877.4675243,
                "container": null
            },
            {
                "exe": "/home/philipp/.vscode-server/cli/servers/Stable-f1e16e1e6214d7c44d078b1f0607b2388f29d729/server/node",
                "cmdline": "/home/philipp/.vscode-server/cli/servers/Stable-f1e16e1e6214d7c44d078b1f0607b2388f29d729/server/node/home/philipp/.vscode-server/cli/servers/Stable-f1e16e1e6214d7c44d078b1f0607b2388f29d729/server/out/bootstrap-fork--type=fileWatcher",
                "pid": 1846,
                "resources_usage": null,
                "consumption": 0.0,
                "timestamp": 1721774877.4675248,
                "container": null
            },
            {
                "exe": "",
                "cmdline": "",
                "pid": 38,
                "resources_usage": null,
                "consumption": 0.0,
                "timestamp": 1721774877.4675255,
                "container": null
            },
            {
                "exe": "/usr/bin/udevadm",
                "cmdline": "/lib/systemd/systemd-udevd",
                "pid": 458916,
                "resources_usage": null,
                "consumption": 0.0,
                "timestamp": 1721774877.467526,
                "container": null
            },
            {
                "exe": "/usr/libexec/polkitd",
                "cmdline": "/usr/libexec/polkitd--no-debug",
                "pid": 818,
                "resources_usage": null,
                "consumption": 0.0,
                "timestamp": 1721774877.4675264,
                "container": null
            },
            {
                "exe": "",
                "cmdline": "",
                "pid": 65,
                "resources_usage": null,
                "consumption": 0.0,
                "timestamp": 1721774877.4675272,
                "container": null
            },
            {
                "exe": "/usr/sbin/agetty",
                "cmdline": "/sbin/agetty-o-p -- \\u--nocleartty6linux",
                "pid": 299706,
                "resources_usage": null,
                "consumption": 0.0,
                "timestamp": 1721774877.4675274,
                "container": null
            }
        ],
        "sockets": [
            {
                "id": 0,
                "consumption": 18032060.0,
                "domains": [
                    {
                        "name": "uncore",
                        "consumption": 0.0,
                        "timestamp": 1721774877.448051
                    },
                    {
                        "name": "core",
                        "consumption": 15787444.0,
                        "timestamp": 1721774877.4480412
                    }
                ],
                "timestamp": 1721774877.4479253
            }
        ]
    },
    {
        "host": {
            "consumption": 19246530.0,
            "timestamp": 1721774877.5029676,
            "components": {
                "disks": [
                    {
                        "disk_type": "SSD",
                        "disk_mount_point": "/etc/hosts",
                        "disk_is_removable": false,
                        "disk_file_system": "ext4",
                        "disk_total_bytes": "33634926592",
                        "disk_available_bytes": "9873600512",
                        "disk_name": "/dev/nvme0n1p4"
                    }
                ]
            }
        },
        "consumers": [
            {
                "exe": "/",
                "cmdline": "runcinit",
                "pid": 459210,
                "resources_usage": null,
                "consumption": 356417.22,
                "timestamp": 1721774877.502917,
                "container": null
            },
            {
                "exe": "/usr/local/bin/scaphandre",
                "cmdline": "/usr/local/bin/scaphandrejson-s0--step-nano10000000-f/home/ce-p2-r-1/6/power.json",
                "pid": 458958,
                "resources_usage": null,
                "consumption": 237611.48,
                "timestamp": 1721774877.5028548,
                "container": null
            },
            {
                "exe": "/usr/bin/udevadm",
                "cmdline": "/lib/systemd/systemd-udevd",
                "pid": 458904,
                "resources_usage": null,
                "consumption": 0.0,
                "timestamp": 1721774877.5028272,
                "container": null
            },
            {
                "exe": "",
                "cmdline": "",
                "pid": 69,
                "resources_usage": null,
                "consumption": 0.0,
                "timestamp": 1721774877.5028284,
                "container": null
            },
            {
                "exe": "/home/philipp/.vscode-server/cli/servers/Stable-f1e16e1e6214d7c44d078b1f0607b2388f29d729/server/node",
                "cmdline": "/home/philipp/.vscode-server/cli/servers/Stable-f1e16e1e6214d7c44d078b1f0607b2388f29d729/server/node/home/philipp/.vscode-server/cli/servers/Stable-f1e16e1e6214d7c44d078b1f0607b2388f29d729/server/out/bootstrap-fork--type=fileWatcher",
                "pid": 1846,
                "resources_usage": null,
                "consumption": 0.0,
                "timestamp": 1721774877.502829,
                "container": null
            },
            {
                "exe": "",
                "cmdline": "",
                "pid": 38,
                "resources_usage": null,
                "consumption": 0.0,
                "timestamp": 1721774877.5028298,
                "container": null
            },
            {
                "exe": "/usr/bin/udevadm",
                "cmdline": "/lib/systemd/systemd-udevd",
                "pid": 458916,
                "resources_usage": null,
                "consumption": 0.0,
                "timestamp": 1721774877.50283,
                "container": null
            },
            {
                "exe": "/usr/libexec/polkitd",
                "cmdline": "/usr/libexec/polkitd--no-debug",
                "pid": 818,
                "resources_usage": null,
                "consumption": 0.0,
                "timestamp": 1721774877.5028305,
                "container": null
            },
            {
                "exe": "",
                "cmdline": "",
                "pid": 65,
                "resources_usage": null,
                "consumption": 0.0,
                "timestamp": 1721774877.5028312,
                "container": null
            },
            {
                "exe": "/usr/sbin/agetty",
                "cmdline": "/sbin/agetty-o-p -- \\u--nocleartty6linux",
                "pid": 299706,
                "resources_usage": null,
                "consumption": 0.0,
                "timestamp": 1721774877.5028315,
                "container": null
            }
        ],
        "sockets": [
            {
                "id": 0,
                "consumption": 18185528.0,
                "domains": [
                    {
                        "name": "uncore",
                        "consumption": 0.0,
                        "timestamp": 1721774877.4829218
                    },
                    {
                        "name": "core",
                        "consumption": 15950732.0,
                        "timestamp": 1721774877.4829118
                    }
                ],
                "timestamp": 1721774877.4827933
            }
        ]
    },
    {
        "host": {
            "consumption": 19010788.0,
            "timestamp": 1721774877.5411217,
            "components": {
                "disks": [
                    {
                        "disk_type": "SSD",
                        "disk_mount_point": "/etc/hosts",
                        "disk_is_removable": false,
                        "disk_file_system": "ext4",
                        "disk_total_bytes": "33634926592",
                        "disk_available_bytes": "9873596416",
                        "disk_name": "/dev/nvme0n1p4"
                    }
                ]
            }
        },
        "consumers": [
            {
                "exe": "/",
                "cmdline": "runcinit",
                "pid": 459210,
                "resources_usage": null,
                "consumption": 444696.8,
                "timestamp": 1721774877.541082,
                "container": null
            },
            {
                "exe": "/usr/local/bin/scaphandre",
                "cmdline": "/usr/local/bin/scaphandrejson-s0--step-nano10000000-f/home/ce-p2-r-1/6/power.json",
                "pid": 458958,
                "resources_usage": null,
                "consumption": 222348.4,
                "timestamp": 1721774877.5410354,
                "container": null
            },
            {
                "exe": "/usr/bin/udevadm",
                "cmdline": "/lib/systemd/systemd-udevd",
                "pid": 458904,
                "resources_usage": null,
                "consumption": 0.0,
                "timestamp": 1721774877.5410113,
                "container": null
            },
            {
                "exe": "",
                "cmdline": "",
                "pid": 69,
                "resources_usage": null,
                "consumption": 0.0,
                "timestamp": 1721774877.5410128,
                "container": null
            },
            {
                "exe": "/home/philipp/.vscode-server/cli/servers/Stable-f1e16e1e6214d7c44d078b1f0607b2388f29d729/server/node",
                "cmdline": "/home/philipp/.vscode-server/cli/servers/Stable-f1e16e1e6214d7c44d078b1f0607b2388f29d729/server/node/home/philipp/.vscode-server/cli/servers/Stable-f1e16e1e6214d7c44d078b1f0607b2388f29d729/server/out/bootstrap-fork--type=fileWatcher",
                "pid": 1846,
                "resources_usage": null,
                "consumption": 0.0,
                "timestamp": 1721774877.541013,
                "container": null
            },
            {
                "exe": "",
                "cmdline": "",
                "pid": 38,
                "resources_usage": null,
                "consumption": 0.0,
                "timestamp": 1721774877.5410137,
                "container": null
            },
            {
                "exe": "/usr/bin/udevadm",
                "cmdline": "/lib/systemd/systemd-udevd",
                "pid": 458916,
                "resources_usage": null,
                "consumption": 0.0,
                "timestamp": 1721774877.541014,
                "container": null
            },
            {
                "exe": "/usr/libexec/polkitd",
                "cmdline": "/usr/libexec/polkitd--no-debug",
                "pid": 818,
                "resources_usage": null,
                "consumption": 0.0,
                "timestamp": 1721774877.5410144,
                "container": null
            },
            {
                "exe": "",
                "cmdline": "",
                "pid": 65,
                "resources_usage": null,
                "consumption": 0.0,
                "timestamp": 1721774877.541015,
                "container": null
            },
            {
                "exe": "/usr/sbin/agetty",
                "cmdline": "/sbin/agetty-o-p -- \\u--nocleartty6linux",
                "pid": 299706,
                "resources_usage": null,
                "consumption": 0.0,
                "timestamp": 1721774877.5410154,
                "container": null
            }
        ],
        "sockets": [
            {
                "id": 0,
                "consumption": 22981148.0,
                "domains": [
                    {
                        "name": "uncore",
                        "consumption": 0.0,
                        "timestamp": 1721774877.5208135
                    },
                    {
                        "name": "core",
                        "consumption": 20785030.0,
                        "timestamp": 1721774877.5208013
                    }
                ],
                "timestamp": 1721774877.5206342
            }
        ]
    },
    {
        "host": {
            "consumption": 16512218.0,
            "timestamp": 1721774877.5768654,
            "components": {
                "disks": [
                    {
                        "disk_type": "SSD",
                        "disk_mount_point": "/etc/hosts",
                        "disk_is_removable": false,
                        "disk_file_system": "ext4",
                        "disk_total_bytes": "33634926592",
                        "disk_available_bytes": "9873596416",
                        "disk_name": "/dev/nvme0n1p4"
                    }
                ]
            }
        },
        "consumers": [
            {
                "exe": "/",
                "cmdline": "runcinit",
                "pid": 459210,
                "resources_usage": null,
                "consumption": 386250.75,
                "timestamp": 1721774877.576826,
                "container": null
            },
            {
                "exe": "/usr/local/bin/scaphandre",
                "cmdline": "/usr/local/bin/scaphandrejson-s0--step-nano10000000-f/home/ce-p2-r-1/6/power.json",
                "pid": 458958,
                "resources_usage": null,
                "consumption": 193125.38,
                "timestamp": 1721774877.576781,
                "container": null
            },
            {
                "exe": "/usr/bin/udevadm",
                "cmdline": "/lib/systemd/systemd-udevd",
                "pid": 458904,
                "resources_usage": null,
                "consumption": 0.0,
                "timestamp": 1721774877.5767572,
                "container": null
            },
            {
                "exe": "",
                "cmdline": "",
                "pid": 69,
                "resources_usage": null,
                "consumption": 0.0,
                "timestamp": 1721774877.5767584,
                "container": null
            },
            {
                "exe": "/home/philipp/.vscode-server/cli/servers/Stable-f1e16e1e6214d7c44d078b1f0607b2388f29d729/server/node",
                "cmdline": "/home/philipp/.vscode-server/cli/servers/Stable-f1e16e1e6214d7c44d078b1f0607b2388f29d729/server/node/home/philipp/.vscode-server/cli/servers/Stable-f1e16e1e6214d7c44d078b1f0607b2388f29d729/server/out/bootstrap-fork--type=fileWatcher",
                "pid": 1846,
                "resources_usage": null,
                "consumption": 0.0,
                "timestamp": 1721774877.5767586,
                "container": null
            },
            {
                "exe": "",
                "cmdline": "",
                "pid": 38,
                "resources_usage": null,
                "consumption": 0.0,
                "timestamp": 1721774877.5767593,
                "container": null
            },
            {
                "exe": "/usr/bin/udevadm",
                "cmdline": "/lib/systemd/systemd-udevd",
                "pid": 458916,
                "resources_usage": null,
                "consumption": 0.0,
                "timestamp": 1721774877.5767598,
                "container": null
            },
            {
                "exe": "/usr/libexec/polkitd",
                "cmdline": "/usr/libexec/polkitd--no-debug",
                "pid": 818,
                "resources_usage": null,
                "consumption": 0.0,
                "timestamp": 1721774877.5767603,
                "container": null
            },
            {
                "exe": "",
                "cmdline": "",
                "pid": 65,
                "resources_usage": null,
                "consumption": 0.0,
                "timestamp": 1721774877.576761,
                "container": null
            },
            {
                "exe": "/usr/sbin/agetty",
                "cmdline": "/sbin/agetty-o-p -- \\u--nocleartty6linux",
                "pid": 299706,
                "resources_usage": null,
                "consumption": 0.0,
                "timestamp": 1721774877.5767615,
                "container": null
            }
        ],
        "sockets": [
            {
                "id": 0,
                "consumption": 14013847.0,
                "domains": [
                    {
                        "name": "uncore",
                        "consumption": 0.0,
                        "timestamp": 1721774877.5564353
                    },
                    {
                        "name": "core",
                        "consumption": 11653854.0,
                        "timestamp": 1721774877.5564256
                    }
                ],
                "timestamp": 1721774877.5563087
            }
        ]
    },
    {
        "host": {
            "consumption": 17117292.0,
            "timestamp": 1721774877.610843,
            "components": {
                "disks": [
                    {
                        "disk_type": "SSD",
                        "disk_mount_point": "/etc/hosts",
                        "disk_is_removable": false,
                        "disk_file_system": "ext4",
                        "disk_total_bytes": "33634926592",
                        "disk_available_bytes": "9873592320",
                        "disk_name": "/dev/nvme0n1p4"
                    }
                ]
            }
        },
        "consumers": [
            {
                "exe": "/usr/local/bin/scaphandre",
                "cmdline": "/usr/local/bin/scaphandrejson-s0--step-nano10000000-f/home/ce-p2-r-1/6/power.json",
                "pid": 458958,
                "resources_usage": null,
                "consumption": 300303.38,
                "timestamp": 1721774877.610752,
                "container": null
            },
            {
                "exe": "/",
                "cmdline": "runcinit",
                "pid": 459210,
                "resources_usage": null,
                "consumption": 300303.38,
                "timestamp": 1721774877.6108,
                "container": null
            },
            {
                "exe": "/usr/bin/udevadm",
                "cmdline": "/lib/systemd/systemd-udevd",
                "pid": 458904,
                "resources_usage": null,
                "consumption": 0.0,
                "timestamp": 1721774877.610728,
                "container": null
            },
            {
                "exe": "",
                "cmdline": "",
                "pid": 69,
                "resources_usage": null,
                "consumption": 0.0,
                "timestamp": 1721774877.6107292,
                "container": null
            },
            {
                "exe": "/home/philipp/.vscode-server/cli/servers/Stable-f1e16e1e6214d7c44d078b1f0607b2388f29d729/server/node",
                "cmdline": "/home/philipp/.vscode-server/cli/servers/Stable-f1e16e1e6214d7c44d078b1f0607b2388f29d729/server/node/home/philipp/.vscode-server/cli/servers/Stable-f1e16e1e6214d7c44d078b1f0607b2388f29d729/server/out/bootstrap-fork--type=fileWatcher",
                "pid": 1846,
                "resources_usage": null,
                "consumption": 0.0,
                "timestamp": 1721774877.6107297,
                "container": null
            },
            {
                "exe": "",
                "cmdline": "",
                "pid": 38,
                "resources_usage": null,
                "consumption": 0.0,
                "timestamp": 1721774877.6107304,
                "container": null
            },
            {
                "exe": "/usr/bin/udevadm",
                "cmdline": "/lib/systemd/systemd-udevd",
                "pid": 458916,
                "resources_usage": null,
                "consumption": 0.0,
                "timestamp": 1721774877.6107306,
                "container": null
            },
            {
                "exe": "/usr/libexec/polkitd",
                "cmdline": "/usr/libexec/polkitd--no-debug",
                "pid": 818,
                "resources_usage": null,
                "consumption": 0.0,
                "timestamp": 1721774877.6107311,
                "container": null
            },
            {
                "exe": "",
                "cmdline": "",
                "pid": 65,
                "resources_usage": null,
                "consumption": 0.0,
                "timestamp": 1721774877.6107316,
                "container": null
            },
            {
                "exe": "/usr/sbin/agetty",
                "cmdline": "/sbin/agetty-o-p -- \\u--nocleartty6linux",
                "pid": 299706,
                "resources_usage": null,
                "consumption": 0.0,
                "timestamp": 1721774877.6107318,
                "container": null
            }
        ],
        "sockets": [
            {
                "id": 0,
                "consumption": 15479353.0,
                "domains": [
                    {
                        "name": "uncore",
                        "consumption": 0.0,
                        "timestamp": 1721774877.5920126
                    },
                    {
                        "name": "core",
                        "consumption": 13032011.0,
                        "timestamp": 1721774877.5920012
                    }
                ],
                "timestamp": 1721774877.5918903
            }
        ]
    },
    {
        "host": {
            "consumption": 8648705.0,
            "timestamp": 1721774877.6450417,
            "components": {
                "disks": [
                    {
                        "disk_type": "SSD",
                        "disk_mount_point": "/etc/hosts",
                        "disk_is_removable": false,
                        "disk_file_system": "ext4",
                        "disk_total_bytes": "33634926592",
                        "disk_available_bytes": "9873588224",
                        "disk_name": "/dev/nvme0n1p4"
                    }
                ]
            }
        },
        "consumers": [
            {
                "exe": "/",
                "cmdline": "runcinit",
                "pid": 459210,
                "resources_usage": null,
                "consumption": 151731.67,
                "timestamp": 1721774877.6450002,
                "container": null
            },
            {
                "exe": "/usr/local/bin/scaphandre",
                "cmdline": "/usr/local/bin/scaphandrejson-s0--step-nano10000000-f/home/ce-p2-r-1/6/power.json",
                "pid": 458958,
                "resources_usage": null,
                "consumption": 101154.45,
                "timestamp": 1721774877.6449547,
                "container": null
            },
            {
                "exe": "/usr/bin/udevadm",
                "cmdline": "/lib/systemd/systemd-udevd",
                "pid": 458904,
                "resources_usage": null,
                "consumption": 0.0,
                "timestamp": 1721774877.6449335,
                "container": null
            },
            {
                "exe": "",
                "cmdline": "",
                "pid": 69,
                "resources_usage": null,
                "consumption": 0.0,
                "timestamp": 1721774877.6449347,
                "container": null
            },
            {
                "exe": "/home/philipp/.vscode-server/cli/servers/Stable-f1e16e1e6214d7c44d078b1f0607b2388f29d729/server/node",
                "cmdline": "/home/philipp/.vscode-server/cli/servers/Stable-f1e16e1e6214d7c44d078b1f0607b2388f29d729/server/node/home/philipp/.vscode-server/cli/servers/Stable-f1e16e1e6214d7c44d078b1f0607b2388f29d729/server/out/bootstrap-fork--type=fileWatcher",
                "pid": 1846,
                "resources_usage": null,
                "consumption": 0.0,
                "timestamp": 1721774877.644935,
                "container": null
            },
            {
                "exe": "",
                "cmdline": "",
                "pid": 38,
                "resources_usage": null,
                "consumption": 0.0,
                "timestamp": 1721774877.6449356,
                "container": null
            },
            {
                "exe": "/usr/bin/udevadm",
                "cmdline": "/lib/systemd/systemd-udevd",
                "pid": 458916,
                "resources_usage": null,
                "consumption": 0.0,
                "timestamp": 1721774877.6449358,
                "container": null
            },
            {
                "exe": "/usr/libexec/polkitd",
                "cmdline": "/usr/libexec/polkitd--no-debug",
                "pid": 818,
                "resources_usage": null,
                "consumption": 0.0,
                "timestamp": 1721774877.6449363,
                "container": null
            },
            {
                "exe": "",
                "cmdline": "",
                "pid": 65,
                "resources_usage": null,
                "consumption": 0.0,
                "timestamp": 1721774877.6449368,
                "container": null
            },
            {
                "exe": "/usr/sbin/agetty",
                "cmdline": "/sbin/agetty-o-p -- \\u--nocleartty6linux",
                "pid": 299706,
                "resources_usage": null,
                "consumption": 0.0,
                "timestamp": 1721774877.6449368,
                "container": null
            }
        ],
        "sockets": [
            {
                "id": 0,
                "consumption": 13917860.0,
                "domains": [
                    {
                        "name": "uncore",
                        "consumption": 0.0,
                        "timestamp": 1721774877.626126
                    },
                    {
                        "name": "core",
                        "consumption": 11752463.0,
                        "timestamp": 1721774877.6261165
                    }
                ],
                "timestamp": 1721774877.6260085
            }
        ]
    },
    {
        "host": {
            "consumption": 16248748.0,
            "timestamp": 1721774877.678777,
            "components": {
                "disks": [
                    {
                        "disk_type": "SSD",
                        "disk_mount_point": "/etc/hosts",
                        "disk_is_removable": false,
                        "disk_file_system": "ext4",
                        "disk_total_bytes": "33634926592",
                        "disk_available_bytes": "9873588224",
                        "disk_name": "/dev/nvme0n1p4"
                    }
                ]
            }
        },
        "consumers": [
            {
                "exe": "/",
                "cmdline": "runcinit",
                "pid": 459210,
                "resources_usage": null,
                "consumption": 380087.7,
                "timestamp": 1721774877.678737,
                "container": null
            },
            {
                "exe": "/usr/local/bin/scaphandre",
                "cmdline": "/usr/local/bin/scaphandrejson-s0--step-nano10000000-f/home/ce-p2-r-1/6/power.json",
                "pid": 458958,
                "resources_usage": null,
                "consumption": 95021.92,
                "timestamp": 1721774877.67869,
                "container": null
            },
            {
                "exe": "/usr/bin/udevadm",
                "cmdline": "/lib/systemd/systemd-udevd",
                "pid": 458904,
                "resources_usage": null,
                "consumption": 0.0,
                "timestamp": 1721774877.6786687,
                "container": null
            },
            {
                "exe": "",
                "cmdline": "",
                "pid": 69,
                "resources_usage": null,
                "consumption": 0.0,
                "timestamp": 1721774877.67867,
                "container": null
            },
            {
                "exe": "/home/philipp/.vscode-server/cli/servers/Stable-f1e16e1e6214d7c44d078b1f0607b2388f29d729/server/node",
                "cmdline": "/home/philipp/.vscode-server/cli/servers/Stable-f1e16e1e6214d7c44d078b1f0607b2388f29d729/server/node/home/philipp/.vscode-server/cli/servers/Stable-f1e16e1e6214d7c44d078b1f0607b2388f29d729/server/out/bootstrap-fork--type=fileWatcher",
                "pid": 1846,
                "resources_usage": null,
                "consumption": 0.0,
                "timestamp": 1721774877.6786702,
                "container": null
            },
            {
                "exe": "",
                "cmdline": "",
                "pid": 38,
                "resources_usage": null,
                "consumption": 0.0,
                "timestamp": 1721774877.678671,
                "container": null
            },
            {
                "exe": "/usr/bin/udevadm",
                "cmdline": "/lib/systemd/systemd-udevd",
                "pid": 458916,
                "resources_usage": null,
                "consumption": 0.0,
                "timestamp": 1721774877.6786714,
                "container": null
            },
            {
                "exe": "/usr/libexec/polkitd",
                "cmdline": "/usr/libexec/polkitd--no-debug",
                "pid": 818,
                "resources_usage": null,
                "consumption": 0.0,
                "timestamp": 1721774877.6786718,
                "container": null
            },
            {
                "exe": "",
                "cmdline": "",
                "pid": 65,
                "resources_usage": null,
                "consumption": 0.0,
                "timestamp": 1721774877.678672,
                "container": null
            },
            {
                "exe": "/usr/sbin/agetty",
                "cmdline": "/sbin/agetty-o-p -- \\u--nocleartty6linux",
                "pid": 299706,
                "resources_usage": null,
                "consumption": 0.0,
                "timestamp": 1721774877.6786723,
                "container": null
            }
        ],
        "sockets": [
            {
                "id": 0,
                "consumption": 13216087.0,
                "domains": [
                    {
                        "name": "uncore",
                        "consumption": 0.0,
                        "timestamp": 1721774877.66017
                    },
                    {
                        "name": "core",
                        "consumption": 10944308.0,
                        "timestamp": 1721774877.6601522
                    }
                ],
                "timestamp": 1721774877.660045
            }
        ]
    },
    {
        "host": {
            "consumption": 18071938.0,
            "timestamp": 1721774877.7133102,
            "components": {
                "disks": [
                    {
                        "disk_type": "SSD",
                        "disk_mount_point": "/etc/hosts",
                        "disk_is_removable": false,
                        "disk_file_system": "ext4",
                        "disk_total_bytes": "33634926592",
                        "disk_available_bytes": "9873584128",
                        "disk_name": "/dev/nvme0n1p4"
                    }
                ]
            }
        },
        "consumers": [
            {
                "exe": "/",
                "cmdline": "runcinit",
                "pid": 459210,
                "resources_usage": null,
                "consumption": 317051.53,
                "timestamp": 1721774877.71327,
                "container": null
            },
            {
                "exe": "/usr/local/bin/scaphandre",
                "cmdline": "/usr/local/bin/scaphandrejson-s0--step-nano10000000-f/home/ce-p2-r-1/6/power.json",
                "pid": 458958,
                "resources_usage": null,
                "consumption": 211367.7,
                "timestamp": 1721774877.7132242,
                "container": null
            },
            {
                "exe": "/usr/bin/udevadm",
                "cmdline": "/lib/systemd/systemd-udevd",
                "pid": 458904,
                "resources_usage": null,
                "consumption": 0.0,
                "timestamp": 1721774877.7132022,
                "container": null
            },
            {
                "exe": "",
                "cmdline": "",
                "pid": 69,
                "resources_usage": null,
                "consumption": 0.0,
                "timestamp": 1721774877.7132034,
                "container": null
            },
            {
                "exe": "/home/philipp/.vscode-server/cli/servers/Stable-f1e16e1e6214d7c44d078b1f0607b2388f29d729/server/node",
                "cmdline": "/home/philipp/.vscode-server/cli/servers/Stable-f1e16e1e6214d7c44d078b1f0607b2388f29d729/server/node/home/philipp/.vscode-server/cli/servers/Stable-f1e16e1e6214d7c44d078b1f0607b2388f29d729/server/out/bootstrap-fork--type=fileWatcher",
                "pid": 1846,
                "resources_usage": null,
                "consumption": 0.0,
                "timestamp": 1721774877.7132037,
                "container": null
            },
            {
                "exe": "",
                "cmdline": "",
                "pid": 38,
                "resources_usage": null,
                "consumption": 0.0,
                "timestamp": 1721774877.7132049,
                "container": null
            },
            {
                "exe": "/usr/bin/udevadm",
                "cmdline": "/lib/systemd/systemd-udevd",
                "pid": 458916,
                "resources_usage": null,
                "consumption": 0.0,
                "timestamp": 1721774877.713205,
                "container": null
            },
            {
                "exe": "/usr/libexec/polkitd",
                "cmdline": "/usr/libexec/polkitd--no-debug",
                "pid": 818,
                "resources_usage": null,
                "consumption": 0.0,
                "timestamp": 1721774877.7132056,
                "container": null
            },
            {
                "exe": "",
                "cmdline": "",
                "pid": 65,
                "resources_usage": null,
                "consumption": 0.0,
                "timestamp": 1721774877.713206,
                "container": null
            },
            {
                "exe": "/usr/sbin/agetty",
                "cmdline": "/sbin/agetty-o-p -- \\u--nocleartty6linux",
                "pid": 299706,
                "resources_usage": null,
                "consumption": 0.0,
                "timestamp": 1721774877.7132063,
                "container": null
            }
        ],
        "sockets": [
            {
                "id": 0,
                "consumption": 23420436.0,
                "domains": [
                    {
                        "name": "uncore",
                        "consumption": 0.0,
                        "timestamp": 1721774877.6938508
                    },
                    {
                        "name": "core",
                        "consumption": 21275298.0,
                        "timestamp": 1721774877.693838
                    }
                ],
                "timestamp": 1721774877.6937308
            }
        ]
    },
    {
        "host": {
            "consumption": 15897156.0,
            "timestamp": 1721774877.7480488,
            "components": {
                "disks": [
                    {
                        "disk_type": "SSD",
                        "disk_mount_point": "/etc/hosts",
                        "disk_is_removable": false,
                        "disk_file_system": "ext4",
                        "disk_total_bytes": "33634926592",
                        "disk_available_bytes": "9873584128",
                        "disk_name": "/dev/nvme0n1p4"
                    }
                ]
            }
        },
        "consumers": [
            {
                "exe": "/",
                "cmdline": "runcinit",
                "pid": 459210,
                "resources_usage": null,
                "consumption": 387735.47,
                "timestamp": 1721774877.7480102,
                "container": null
            },
            {
                "exe": "/usr/local/bin/scaphandre",
                "cmdline": "/usr/local/bin/scaphandrejson-s0--step-nano10000000-f/home/ce-p2-r-1/6/power.json",
                "pid": 458958,
                "resources_usage": null,
                "consumption": 193867.73,
                "timestamp": 1721774877.7479641,
                "container": null
            },
            {
                "exe": "/usr/bin/udevadm",
                "cmdline": "/lib/systemd/systemd-udevd",
                "pid": 458904,
                "resources_usage": null,
                "consumption": 0.0,
                "timestamp": 1721774877.7479405,
                "container": null
            },
            {
                "exe": "",
                "cmdline": "",
                "pid": 69,
                "resources_usage": null,
                "consumption": 0.0,
                "timestamp": 1721774877.7479417,
                "container": null
            },
            {
                "exe": "/home/philipp/.vscode-server/cli/servers/Stable-f1e16e1e6214d7c44d078b1f0607b2388f29d729/server/node",
                "cmdline": "/home/philipp/.vscode-server/cli/servers/Stable-f1e16e1e6214d7c44d078b1f0607b2388f29d729/server/node/home/philipp/.vscode-server/cli/servers/Stable-f1e16e1e6214d7c44d078b1f0607b2388f29d729/server/out/bootstrap-fork--type=fileWatcher",
                "pid": 1846,
                "resources_usage": null,
                "consumption": 0.0,
                "timestamp": 1721774877.747942,
                "container": null
            },
            {
                "exe": "",
                "cmdline": "",
                "pid": 38,
                "resources_usage": null,
                "consumption": 0.0,
                "timestamp": 1721774877.7479424,
                "container": null
            },
            {
                "exe": "/usr/bin/udevadm",
                "cmdline": "/lib/systemd/systemd-udevd",
                "pid": 458916,
                "resources_usage": null,
                "consumption": 0.0,
                "timestamp": 1721774877.7479427,
                "container": null
            },
            {
                "exe": "/usr/libexec/polkitd",
                "cmdline": "/usr/libexec/polkitd--no-debug",
                "pid": 818,
                "resources_usage": null,
                "consumption": 0.0,
                "timestamp": 1721774877.7479436,
                "container": null
            },
            {
                "exe": "",
                "cmdline": "",
                "pid": 65,
                "resources_usage": null,
                "consumption": 0.0,
                "timestamp": 1721774877.7479446,
                "container": null
            },
            {
                "exe": "/usr/sbin/agetty",
                "cmdline": "/sbin/agetty-o-p -- \\u--nocleartty6linux",
                "pid": 299706,
                "resources_usage": null,
                "consumption": 0.0,
                "timestamp": 1721774877.7479448,
                "container": null
            }
        ],
        "sockets": [
            {
                "id": 0,
                "consumption": 9797652.0,
                "domains": [
                    {
                        "name": "uncore",
                        "consumption": 0.0,
                        "timestamp": 1721774877.7285705
                    },
                    {
                        "name": "core",
                        "consumption": 7558277.0,
                        "timestamp": 1721774877.7285614
                    }
                ],
                "timestamp": 1721774877.7284544
            }
        ]
    },
    {
        "host": {
            "consumption": 15926998.0,
            "timestamp": 1721774877.7831821,
            "components": {
                "disks": [
                    {
                        "disk_type": "SSD",
                        "disk_mount_point": "/etc/hosts",
                        "disk_is_removable": false,
                        "disk_file_system": "ext4",
                        "disk_total_bytes": "33634926592",
                        "disk_available_bytes": "9873580032",
                        "disk_name": "/dev/nvme0n1p4"
                    }
                ]
            }
        },
        "consumers": [
            {
                "exe": "/",
                "cmdline": "runcinit",
                "pid": 459210,
                "resources_usage": null,
                "consumption": 291347.5,
                "timestamp": 1721774877.7831414,
                "container": null
            },
            {
                "exe": "/usr/local/bin/scaphandre",
                "cmdline": "/usr/local/bin/scaphandrejson-s0--step-nano10000000-f/home/ce-p2-r-1/6/power.json",
                "pid": 458958,
                "resources_usage": null,
                "consumption": 194231.67,
                "timestamp": 1721774877.783094,
                "container": null
            },
            {
                "exe": "/usr/bin/udevadm",
                "cmdline": "/lib/systemd/systemd-udevd",
                "pid": 458904,
                "resources_usage": null,
                "consumption": 0.0,
                "timestamp": 1721774877.7830706,
                "container": null
            },
            {
                "exe": "",
                "cmdline": "",
                "pid": 69,
                "resources_usage": null,
                "consumption": 0.0,
                "timestamp": 1721774877.7830718,
                "container": null
            },
            {
                "exe": "/home/philipp/.vscode-server/cli/servers/Stable-f1e16e1e6214d7c44d078b1f0607b2388f29d729/server/node",
                "cmdline": "/home/philipp/.vscode-server/cli/servers/Stable-f1e16e1e6214d7c44d078b1f0607b2388f29d729/server/node/home/philipp/.vscode-server/cli/servers/Stable-f1e16e1e6214d7c44d078b1f0607b2388f29d729/server/out/bootstrap-fork--type=fileWatcher",
                "pid": 1846,
                "resources_usage": null,
                "consumption": 0.0,
                "timestamp": 1721774877.783072,
                "container": null
            },
            {
                "exe": "",
                "cmdline": "",
                "pid": 38,
                "resources_usage": null,
                "consumption": 0.0,
                "timestamp": 1721774877.7830725,
                "container": null
            },
            {
                "exe": "/usr/bin/udevadm",
                "cmdline": "/lib/systemd/systemd-udevd",
                "pid": 458916,
                "resources_usage": null,
                "consumption": 0.0,
                "timestamp": 1721774877.783073,
                "container": null
            },
            {
                "exe": "/usr/libexec/polkitd",
                "cmdline": "/usr/libexec/polkitd--no-debug",
                "pid": 818,
                "resources_usage": null,
                "consumption": 0.0,
                "timestamp": 1721774877.7830734,
                "container": null
            },
            {
                "exe": "",
                "cmdline": "",
                "pid": 65,
                "resources_usage": null,
                "consumption": 0.0,
                "timestamp": 1721774877.783074,
                "container": null
            },
            {
                "exe": "/usr/sbin/agetty",
                "cmdline": "/sbin/agetty-o-p -- \\u--nocleartty6linux",
                "pid": 299706,
                "resources_usage": null,
                "consumption": 0.0,
                "timestamp": 1721774877.7830741,
                "container": null
            }
        ],
        "sockets": [
            {
                "id": 0,
                "consumption": 19388114.0,
                "domains": [
                    {
                        "name": "uncore",
                        "consumption": 0.0,
                        "timestamp": 1721774877.7634642
                    },
                    {
                        "name": "core",
                        "consumption": 17173684.0,
                        "timestamp": 1721774877.7634544
                    }
                ],
                "timestamp": 1721774877.7633412
            }
        ]
    }
]