{
    "timestamp_analysis": {
        "mean": 0.02482062605584745,
        "std": 0.0016647226646843817,
        "min": 0.02096843719482422,
        "max": 0.03655290603637695,
        "median": 0.02446579933166504,
        "running_time": 16.208040237426758
    },
    "host_energy_analysis": {
        "total": 281.61184959122636,
        "per_repetition": 5.632236991824527e-09
    },
    "host_power_analysis": {
        "mean": 17.39239546941896,
        "std": 5.4407453396447325,
        "min": 4.346365,
        "max": 35.673016,
        "median": 17.080844
    },
    "process_energy_analysis": {
        "total": 4.182579442132292,
        "per_repetition": 8.365158884264584e-11
    }
}