{
    "timestamp_analysis": {
        "mean": 0.036753995077950616,
        "std": 0.003196733342511289,
        "min": 0.032068490982055664,
        "max": 0.04826712608337402,
        "median": 0.0355532169342041,
        "running_time": 11.063137531280518
    },
    "host_energy_analysis": {
        "total": 269.9443893064064,
        "per_repetition": 0.0008998146310213546
    },
    "host_power_analysis": {
        "mean": 24.259188413907285,
        "std": 7.327817641621133,
        "min": 9.331096,
        "max": 51.101812,
        "median": 23.761366000000002
    },
    "process_energy_analysis": {
        "total": 11.538016878671112,
        "per_repetition": 3.846005626223704e-05
    }
}