{
    "timestamp_analysis": {
        "mean": 0.03681927774010635,
        "std": 0.002893640249016522,
        "min": 0.03223609924316406,
        "max": 0.05244612693786621,
        "median": 0.03598785400390625,
        "running_time": 10.567267179489136
    },
    "host_energy_analysis": {
        "total": 261.03183010718897,
        "per_repetition": 0.0008701061003572965
    },
    "host_power_analysis": {
        "mean": 24.58512168402778,
        "std": 6.600598777550191,
        "min": 8.677652,
        "max": 45.85759,
        "median": 23.796205999999998
    },
    "process_energy_analysis": {
        "total": 9.68018299204481,
        "per_repetition": 3.226727664014936e-05
    }
}