{
    "timestamp_analysis": {
        "mean": 0.03548881530761719,
        "std": 0.0018104160239249636,
        "min": 0.03201937675476074,
        "max": 0.03962349891662598,
        "median": 0.035103797912597656,
        "running_time": 0.8876516819000244
    },
    "host_energy_analysis": {
        "total": 17.2758068771317,
        "per_repetition": 0.005758602292377233
    },
    "host_power_analysis": {
        "mean": 19.22603103846154,
        "std": 5.199626434222509,
        "min": 11.081189,
        "max": 29.602934,
        "median": 19.232443
    },
    "process_energy_analysis": {
        "total": 0.33987753500860574,
        "per_repetition": 0.00011329251166953524
    }
}