{
    "timestamp_analysis": {
        "mean": 0.02518347719936219,
        "std": 0.001578562334368763,
        "min": 0.022095680236816406,
        "max": 0.03242135047912598,
        "median": 0.024805307388305664,
        "running_time": 9.49429178237915
    },
    "host_energy_analysis": {
        "total": 172.0294717353251,
        "per_repetition": 3.440589434706502e-07
    },
    "host_power_analysis": {
        "mean": 18.151110582010585,
        "std": 5.562997799763935,
        "min": 4.467805,
        "max": 34.348504,
        "median": 17.914129000000003
    },
    "process_energy_analysis": {
        "total": 2.6150858397167323,
        "per_repetition": 5.230171679433465e-09
    }
}