{
    "timestamp_analysis": {
        "mean": 0.03754356724634609,
        "std": 0.0029631599492431306,
        "min": 0.03323245048522949,
        "max": 0.04747724533081055,
        "median": 0.03663182258605957,
        "running_time": 10.624959468841553
    },
    "host_energy_analysis": {
        "total": 264.81067376102567,
        "per_repetition": 0.0008827022458700855
    },
    "host_power_analysis": {
        "mean": 24.802775169014087,
        "std": 6.7455964644953665,
        "min": 10.118432,
        "max": 44.755636,
        "median": 24.783039000000002
    },
    "process_energy_analysis": {
        "total": 10.959623018719922,
        "per_repetition": 3.653207672906641e-05
    }
}