{
    "timestamp_analysis": {
        "mean": 0.02527506940919095,
        "std": 0.0014565282077919537,
        "min": 0.022253990173339844,
        "max": 0.0322718620300293,
        "median": 0.02490544319152832,
        "running_time": 6.849671125411987
    },
    "host_energy_analysis": {
        "total": 118.80951646070875,
        "per_repetition": 1.1880951646070875e-07
    },
    "host_power_analysis": {
        "mean": 17.370624286764702,
        "std": 5.256919304814576,
        "min": 5.99544,
        "max": 33.736836,
        "median": 17.441167
    },
    "process_energy_analysis": {
        "total": 1.8430295566533974,
        "per_repetition": 1.8430295566533973e-09
    }
}