{
    "timestamp_analysis": {
        "mean": 0.03565313110888844,
        "std": 0.0017577047712276257,
        "min": 0.03210711479187012,
        "max": 0.042522430419921875,
        "median": 0.03552675247192383,
        "running_time": 5.062870264053345
    },
    "host_energy_analysis": {
        "total": 93.48348211002576,
        "per_repetition": 3.116116070334192e-06
    },
    "host_power_analysis": {
        "mean": 18.454474538461533,
        "std": 5.321399831723424,
        "min": 6.082554,
        "max": 39.924536,
        "median": 18.181196
    },
    "process_energy_analysis": {
        "total": 2.114772250014548,
        "per_repetition": 7.049240833381827e-08
    }
}