{
    "timestamp_analysis": {
        "mean": 0.025544248200327902,
        "std": 0.0017960736515229352,
        "min": 0.021988630294799805,
        "max": 0.033568382263183594,
        "median": 0.025084495544433594,
        "running_time": 11.265135288238525
    },
    "host_energy_analysis": {
        "total": 229.18314900034068,
        "per_repetition": 2.2918314900034068e-05
    },
    "host_power_analysis": {
        "mean": 20.350060748868778,
        "std": 6.124349891746797,
        "min": 5.467156,
        "max": 41.458116,
        "median": 20.015992
    },
    "process_energy_analysis": {
        "total": 3.5483531616281274,
        "per_repetition": 3.548353161628127e-07
    }
}