{
    "timestamp_analysis": {
        "mean": 0.025561478915135504,
        "std": 0.0016856270256404644,
        "min": 0.02284717559814453,
        "max": 0.035764217376708984,
        "median": 0.025137662887573242,
        "running_time": 4.626790523529053
    },
    "host_energy_analysis": {
        "total": 81.23898848997962,
        "per_repetition": 8.123898848997962e-08
    },
    "host_power_analysis": {
        "mean": 17.599604670329672,
        "std": 5.492557611700251,
        "min": 5.150509,
        "max": 32.93772,
        "median": 17.217081
    },
    "process_energy_analysis": {
        "total": 1.270359912664949,
        "per_repetition": 1.270359912664949e-09
    }
}