{
    "timestamp_analysis": {
        "mean": 0.025345013691828802,
        "std": 0.001879344391071573,
        "min": 0.021364688873291016,
        "max": 0.035335540771484375,
        "median": 0.024916887283325195,
        "running_time": 8.237240552902222
    },
    "host_energy_analysis": {
        "total": 154.8533675557456,
        "per_repetition": 3.097067351114912e-07
    },
    "host_power_analysis": {
        "mean": 18.835119220858896,
        "std": 5.931935615988076,
        "min": 5.637899,
        "max": 34.5209,
        "median": 18.507341
    },
    "process_energy_analysis": {
        "total": 2.3751951754970135,
        "per_repetition": 4.750390350994027e-09
    }
}