{
    "timestamp_analysis": {
        "mean": 0.033950257000917694,
        "std": 0.0016119155607307208,
        "min": 0.03026294708251953,
        "max": 0.04527091979980469,
        "median": 0.03362131118774414,
        "running_time": 29.638680934906006
    },
    "host_energy_analysis": {
        "total": 580.3578336271844,
        "per_repetition": 1.9345261120906146e-05
    },
    "host_power_analysis": {
        "mean": 19.59258263272311,
        "std": 5.302169766284957,
        "min": 3.855918,
        "max": 37.53426,
        "median": 19.238274
    },
    "process_energy_analysis": {
        "total": 11.941802994127096,
        "per_repetition": 3.9806009980423655e-07
    }
}