{
    "timestamp_analysis": {
        "mean": 0.024978414374479833,
        "std": 0.0015650382848647112,
        "min": 0.021513700485229492,
        "max": 0.036003828048706055,
        "median": 0.024728059768676758,
        "running_time": 9.466933250427246
    },
    "host_energy_analysis": {
        "total": 172.1241717762512,
        "per_repetition": 3.442483435525024e-07
    },
    "host_power_analysis": {
        "mean": 18.192008381578948,
        "std": 5.667755365147032,
        "min": 3.358768,
        "max": 38.463772,
        "median": 17.980209000000002
    },
    "process_energy_analysis": {
        "total": 2.586864736243122,
        "per_repetition": 5.1737294724862435e-09
    }
}