{
    "timestamp_analysis": {
        "mean": 0.03442027785561302,
        "std": 0.0016595705706841,
        "min": 0.03135490417480469,
        "max": 0.04462623596191406,
        "median": 0.03403830528259277,
        "running_time": 9.465696096420288
    },
    "host_energy_analysis": {
        "total": 166.82514332069934,
        "per_repetition": 0.0016682514332069934
    },
    "host_power_analysis": {
        "mean": 17.611053217391305,
        "std": 4.914439780502599,
        "min": 6.205049,
        "max": 34.33199,
        "median": 17.289527
    },
    "process_energy_analysis": {
        "total": 3.4475997660440285,
        "per_repetition": 3.447599766044029e-05
    }
}