{
    "timestamp_analysis": {
        "mean": 0.03491052985191345,
        "std": 0.0016093882071064561,
        "min": 0.03310728073120117,
        "max": 0.041556358337402344,
        "median": 0.034852027893066406,
        "running_time": 0.8379824161529541
    },
    "host_energy_analysis": {
        "total": 16.23366747028875,
        "per_repetition": 0.00541122249009625
    },
    "host_power_analysis": {
        "mean": 19.39757024,
        "std": 4.69141538860918,
        "min": 10.82284,
        "max": 27.62386,
        "median": 18.402966
    },
    "process_energy_analysis": {
        "total": 0.3320069590591312,
        "per_repetition": 0.00011066898635304373
    }
}