{
    "timestamp_analysis": {
        "mean": 0.025010409973959886,
        "std": 0.001646487608760627,
        "min": 0.02111649513244629,
        "max": 0.032422542572021484,
        "median": 0.024616718292236328,
        "running_time": 16.382091760635376
    },
    "host_energy_analysis": {
        "total": 280.2770174314476,
        "per_repetition": 5.605540348628951e-09
    },
    "host_power_analysis": {
        "mean": 17.14151976829268,
        "std": 5.22285647710591,
        "min": 4.554518,
        "max": 32.575112,
        "median": 17.198223
    },
    "process_energy_analysis": {
        "total": 4.18231371719857,
        "per_repetition": 8.36462743439714e-11
    }
}