{
    "timestamp_analysis": {
        "mean": 0.035022735982118976,
        "std": 0.0018863560173845982,
        "min": 0.03151297569274902,
        "max": 0.043010711669921875,
        "median": 0.034531354904174805,
        "running_time": 21.609156131744385
    },
    "host_energy_analysis": {
        "total": 430.62301343465066,
        "per_repetition": 1.4354100447821688e-05
    },
    "host_power_analysis": {
        "mean": 19.938747236245952,
        "std": 5.423109018649982,
        "min": 6.2322,
        "max": 35.961376,
        "median": 19.641679000000003
    },
    "process_energy_analysis": {
        "total": 9.383507596660118,
        "per_repetition": 3.1278358655533726e-07
    }
}