{
    "timestamp_analysis": {
        "mean": 0.02481511693371079,
        "std": 0.0017130267487381052,
        "min": 0.021251440048217773,
        "max": 0.03328418731689453,
        "median": 0.024442672729492188,
        "running_time": 15.658522605895996
    },
    "host_energy_analysis": {
        "total": 293.43944891627024,
        "per_repetition": 5.868788978325405e-07
    },
    "host_power_analysis": {
        "mean": 18.773263125,
        "std": 5.631833615919347,
        "min": 5.259932,
        "max": 37.768264,
        "median": 18.655694
    },
    "process_energy_analysis": {
        "total": 4.359276355583857,
        "per_repetition": 8.718552711167714e-09
    }
}