{
    "timestamp_analysis": {
        "mean": 0.034402018924092136,
        "std": 0.0013447144124991393,
        "min": 0.03133797645568848,
        "max": 0.040978431701660156,
        "median": 0.03421354293823242,
        "running_time": 7.396558523178101
    },
    "host_energy_analysis": {
        "total": 142.03478950247157,
        "per_repetition": 0.00028406957900494313
    },
    "host_power_analysis": {
        "mean": 19.19543745833333,
        "std": 4.88291492915479,
        "min": 9.018511,
        "max": 31.389724,
        "median": 18.848546
    },
    "process_energy_analysis": {
        "total": 3.057007727964291,
        "per_repetition": 6.114015455928582e-06
    }
}