{
    "timestamp_analysis": {
        "mean": 0.036090409755706786,
        "std": 0.002771027107670853,
        "min": 0.0333094596862793,
        "max": 0.043793678283691406,
        "median": 0.03516066074371338,
        "running_time": 0.7219328880310059
    },
    "host_energy_analysis": {
        "total": 12.437660533896448,
        "per_repetition": 0.0001243766053389645
    },
    "host_power_analysis": {
        "mean": 17.10616057142857,
        "std": 3.6003690953479563,
        "min": 10.238326,
        "max": 24.358528,
        "median": 17.344544
    },
    "process_energy_analysis": {
        "total": 0.24901353533309936,
        "per_repetition": 2.4901353533309937e-06
    }
}