[
    {
        "host": {
            "consumption": 10238326.0,
            "timestamp": 1721775008.5566866,
            "components": {
                "disks": [
                    {
                        "disk_type": "SSD",
                        "disk_mount_point": "/etc/hosts",
                        "disk_is_removable": false,
                        "disk_file_system": "ext4",
                        "disk_total_bytes": "33634926592",
                        "disk_available_bytes": "9871106048",
                        "disk_name": "/dev/nvme0n1p4"
                    }
                ]
            }
        },
        "consumers": [
            {
                "exe": "/usr/local/bin/scaphandre",
                "cmdline": "/usr/local/bin/scaphandrejson-s0--step-nano10000000-f/home/ce-p2-r-1/9/power.json",
                "pid": 465086,
                "resources_usage": null,
                "consumption": 245229.39,
                "timestamp": 1721775008.5565927,
                "container": null
            },
            {
                "exe": "/usr/bin/udevadm",
                "cmdline": "/lib/systemd/systemd-udevd",
                "pid": 465051,
                "resources_usage": null,
                "consumption": 0.0,
                "timestamp": 1721775008.556562,
                "container": null
            },
            {
                "exe": "",
                "cmdline": "",
                "pid": 42,
                "resources_usage": null,
                "consumption": 0.0,
                "timestamp": 1721775008.5565634,
                "container": null
            },
            {
                "exe": "",
                "cmdline": "",
                "pid": 8,
                "resources_usage": null,
                "consumption": 0.0,
                "timestamp": 1721775008.556564,
                "container": null
            },
            {
                "exe": "",
                "cmdline": "",
                "pid": 14,
                "resources_usage": null,
                "consumption": 0.0,
                "timestamp": 1721775008.5565643,
                "container": null
            },
            {
                "exe": "",
                "cmdline": "",
                "pid": 371,
                "resources_usage": null,
                "consumption": 0.0,
                "timestamp": 1721775008.5565648,
                "container": null
            },
            {
                "exe": "",
                "cmdline": "",
                "pid": 130,
                "resources_usage": null,
                "consumption": 0.0,
                "timestamp": 1721775008.556565,
                "container": null
            },
            {
                "exe": "",
                "cmdline": "",
                "pid": 65,
                "resources_usage": null,
                "consumption": 0.0,
                "timestamp": 1721775008.5565653,
                "container": null
            },
            {
                "exe": "/usr/lib/systemd/systemd-logind",
                "cmdline": "/lib/systemd/systemd-logind",
                "pid": 825,
                "resources_usage": null,
                "consumption": 0.0,
                "timestamp": 1721775008.5565655,
                "container": null
            },
            {
                "exe": "",
                "cmdline": "",
                "pid": 477,
                "resources_usage": null,
                "consumption": 0.0,
                "timestamp": 1721775008.556566,
                "container": null
            }
        ],
        "sockets": [
            {
                "id": 0,
                "consumption": 7824773.0,
                "domains": [
                    {
                        "name": "uncore",
                        "consumption": 0.0,
                        "timestamp": 1721775008.536876
                    },
                    {
                        "name": "core",
                        "consumption": 5141259.0,
                        "timestamp": 1721775008.5368652
                    }
                ],
                "timestamp": 1721775008.5367384
            }
        ]
    },
    {
        "host": {
            "consumption": 19100990.0,
            "timestamp": 1721775008.5913854,
            "components": {
                "disks": [
                    {
                        "disk_type": "SSD",
                        "disk_mount_point": "/etc/hosts",
                        "disk_is_removable": false,
                        "disk_file_system": "ext4",
                        "disk_total_bytes": "33634926592",
                        "disk_available_bytes": "9871114240",
                        "disk_name": "/dev/nvme0n1p4"
                    }
                ]
            }
        },
        "consumers": [
            {
                "exe": "/",
                "cmdline": "runcinit",
                "pid": 465158,
                "resources_usage": null,
                "consumption": 343131.56,
                "timestamp": 1721775008.5912702,
                "container": null
            },
            {
                "exe": "/usr/local/bin/scaphandre",
                "cmdline": "/usr/local/bin/scaphandrejson-s0--step-nano10000000-f/home/ce-p2-r-1/9/power.json",
                "pid": 465086,
                "resources_usage": null,
                "consumption": 228754.39,
                "timestamp": 1721775008.591284,
                "container": null
            },
            {
                "exe": "/usr/bin/python3.10",
                "cmdline": "python3src/experiment/runner.pytest.yaml",
                "pid": 458168,
                "resources_usage": null,
                "consumption": 114377.195,
                "timestamp": 1721775008.5913014,
                "container": null
            },
            {
                "exe": "/usr/bin/udevadm",
                "cmdline": "/lib/systemd/systemd-udevd",
                "pid": 465051,
                "resources_usage": null,
                "consumption": 0.0,
                "timestamp": 1721775008.5912478,
                "container": null
            },
            {
                "exe": "",
                "cmdline": "",
                "pid": 42,
                "resources_usage": null,
                "consumption": 0.0,
                "timestamp": 1721775008.5912492,
                "container": null
            },
            {
                "exe": "",
                "cmdline": "",
                "pid": 8,
                "resources_usage": null,
                "consumption": 0.0,
                "timestamp": 1721775008.5912497,
                "container": null
            },
            {
                "exe": "",
                "cmdline": "",
                "pid": 14,
                "resources_usage": null,
                "consumption": 0.0,
                "timestamp": 1721775008.59125,
                "container": null
            },
            {
                "exe": "",
                "cmdline": "",
                "pid": 371,
                "resources_usage": null,
                "consumption": 0.0,
                "timestamp": 1721775008.5912504,
                "container": null
            },
            {
                "exe": "",
                "cmdline": "",
                "pid": 130,
                "resources_usage": null,
                "consumption": 0.0,
                "timestamp": 1721775008.5912507,
                "container": null
            },
            {
                "exe": "",
                "cmdline": "",
                "pid": 65,
                "resources_usage": null,
                "consumption": 0.0,
                "timestamp": 1721775008.591251,
                "container": null
            }
        ],
        "sockets": [
            {
                "id": 0,
                "consumption": 15928000.0,
                "domains": [
                    {
                        "name": "uncore",
                        "consumption": 0.0,
                        "timestamp": 1721775008.5732408
                    },
                    {
                        "name": "core",
                        "consumption": 12887311.0,
                        "timestamp": 1721775008.5732286
                    }
                ],
                "timestamp": 1721775008.5731072
            }
        ]
    },
    {
        "host": {
            "consumption": 17344544.0,
            "timestamp": 1721775008.6266525,
            "components": {
                "disks": [
                    {
                        "disk_type": "SSD",
                        "disk_mount_point": "/etc/hosts",
                        "disk_is_removable": false,
                        "disk_file_system": "ext4",
                        "disk_total_bytes": "33634926592",
                        "disk_available_bytes": "9871110144",
                        "disk_name": "/dev/nvme0n1p4"
                    }
                ]
            }
        },
        "consumers": [
            {
                "exe": "/",
                "cmdline": "runcinit",
                "pid": 465158,
                "resources_usage": null,
                "consumption": 415438.2,
                "timestamp": 1721775008.6265392,
                "container": null
            },
            {
                "exe": "/usr/local/bin/scaphandre",
                "cmdline": "/usr/local/bin/scaphandrejson-s0--step-nano10000000-f/home/ce-p2-r-1/9/power.json",
                "pid": 465086,
                "resources_usage": null,
                "consumption": 207719.1,
                "timestamp": 1721775008.6265526,
                "container": null
            },
            {
                "exe": "/usr/bin/udevadm",
                "cmdline": "/lib/systemd/systemd-udevd",
                "pid": 465051,
                "resources_usage": null,
                "consumption": 0.0,
                "timestamp": 1721775008.6265175,
                "container": null
            },
            {
                "exe": "",
                "cmdline": "",
                "pid": 42,
                "resources_usage": null,
                "consumption": 0.0,
                "timestamp": 1721775008.626519,
                "container": null
            },
            {
                "exe": "",
                "cmdline": "",
                "pid": 8,
                "resources_usage": null,
                "consumption": 0.0,
                "timestamp": 1721775008.6265192,
                "container": null
            },
            {
                "exe": "",
                "cmdline": "",
                "pid": 14,
                "resources_usage": null,
                "consumption": 0.0,
                "timestamp": 1721775008.6265194,
                "container": null
            },
            {
                "exe": "",
                "cmdline": "",
                "pid": 371,
                "resources_usage": null,
                "consumption": 0.0,
                "timestamp": 1721775008.62652,
                "container": null
            },
            {
                "exe": "",
                "cmdline": "",
                "pid": 130,
                "resources_usage": null,
                "consumption": 0.0,
                "timestamp": 1721775008.6265202,
                "container": null
            },
            {
                "exe": "",
                "cmdline": "",
                "pid": 65,
                "resources_usage": null,
                "consumption": 0.0,
                "timestamp": 1721775008.6265204,
                "container": null
            },
            {
                "exe": "/usr/lib/systemd/systemd-logind",
                "cmdline": "/lib/systemd/systemd-logind",
                "pid": 825,
                "resources_usage": null,
                "consumption": 0.0,
                "timestamp": 1721775008.6265206,
                "container": null
            }
        ],
        "sockets": [
            {
                "id": 0,
                "consumption": 10888752.0,
                "domains": [
                    {
                        "name": "uncore",
                        "consumption": 0.0,
                        "timestamp": 1721775008.609012
                    },
                    {
                        "name": "core",
                        "consumption": 8092217.0,
                        "timestamp": 1721775008.6090024
                    }
                ],
                "timestamp": 1721775008.6088412
            }
        ]
    },
    {
        "host": {
            "consumption": 22241136.0,
            "timestamp": 1721775008.661422,
            "components": {
                "disks": [
                    {
                        "disk_type": "SSD",
                        "disk_mount_point": "/etc/hosts",
                        "disk_is_removable": false,
                        "disk_file_system": "ext4",
                        "disk_total_bytes": "33634926592",
                        "disk_available_bytes": "9871110144",
                        "disk_name": "/dev/nvme0n1p4"
                    }
                ]
            }
        },
        "consumers": [
            {
                "exe": "/",
                "cmdline": "runcinit",
                "pid": 465158,
                "resources_usage": null,
                "consumption": 399541.4,
                "timestamp": 1721775008.6613305,
                "container": null
            },
            {
                "exe": "/usr/local/bin/scaphandre",
                "cmdline": "/usr/local/bin/scaphandrejson-s0--step-nano10000000-f/home/ce-p2-r-1/9/power.json",
                "pid": 465086,
                "resources_usage": null,
                "consumption": 266360.94,
                "timestamp": 1721775008.66134,
                "container": null
            },
            {
                "exe": "/usr/bin/udevadm",
                "cmdline": "/lib/systemd/systemd-udevd",
                "pid": 465051,
                "resources_usage": null,
                "consumption": 0.0,
                "timestamp": 1721775008.6613128,
                "container": null
            },
            {
                "exe": "",
                "cmdline": "",
                "pid": 42,
                "resources_usage": null,
                "consumption": 0.0,
                "timestamp": 1721775008.661314,
                "container": null
            },
            {
                "exe": "",
                "cmdline": "",
                "pid": 8,
                "resources_usage": null,
                "consumption": 0.0,
                "timestamp": 1721775008.6613142,
                "container": null
            },
            {
                "exe": "",
                "cmdline": "",
                "pid": 14,
                "resources_usage": null,
                "consumption": 0.0,
                "timestamp": 1721775008.6613145,
                "container": null
            },
            {
                "exe": "",
                "cmdline": "",
                "pid": 371,
                "resources_usage": null,
                "consumption": 0.0,
                "timestamp": 1721775008.6613147,
                "container": null
            },
            {
                "exe": "",
                "cmdline": "",
                "pid": 130,
                "resources_usage": null,
                "consumption": 0.0,
                "timestamp": 1721775008.661315,
                "container": null
            },
            {
                "exe": "",
                "cmdline": "",
                "pid": 65,
                "resources_usage": null,
                "consumption": 0.0,
                "timestamp": 1721775008.6613152,
                "container": null
            },
            {
                "exe": "/usr/lib/systemd/systemd-logind",
                "cmdline": "/lib/systemd/systemd-logind",
                "pid": 825,
                "resources_usage": null,
                "consumption": 0.0,
                "timestamp": 1721775008.6613154,
                "container": null
            }
        ],
        "sockets": [
            {
                "id": 0,
                "consumption": 27457602.0,
                "domains": [
                    {
                        "name": "uncore",
                        "consumption": 0.0,
                        "timestamp": 1721775008.6438556
                    },
                    {
                        "name": "core",
                        "consumption": 24781726.0,
                        "timestamp": 1721775008.643845
                    }
                ],
                "timestamp": 1721775008.6437337
            }
        ]
    },
    {
        "host": {
            "consumption": 24358528.0,
            "timestamp": 1721775008.695116,
            "components": {
                "disks": [
                    {
                        "disk_type": "SSD",
                        "disk_mount_point": "/etc/hosts",
                        "disk_is_removable": false,
                        "disk_file_system": "ext4",
                        "disk_total_bytes": "33634926592",
                        "disk_available_bytes": "9871106048",
                        "disk_name": "/dev/nvme0n1p4"
                    }
                ]
            }
        },
        "consumers": [
            {
                "exe": "/",
                "cmdline": "runcinit",
                "pid": 465158,
                "resources_usage": null,
                "consumption": 547382.7,
                "timestamp": 1721775008.6950204,
                "container": null
            },
            {
                "exe": "/usr/local/bin/scaphandre",
                "cmdline": "/usr/local/bin/scaphandrejson-s0--step-nano10000000-f/home/ce-p2-r-1/9/power.json",
                "pid": 465086,
                "resources_usage": null,
                "consumption": 410537.0,
                "timestamp": 1721775008.6950302,
                "container": null
            },
            {
                "exe": "/usr/bin/udevadm",
                "cmdline": "/lib/systemd/systemd-udevd",
                "pid": 465051,
                "resources_usage": null,
                "consumption": 0.0,
                "timestamp": 1721775008.6950018,
                "container": null
            },
            {
                "exe": "",
                "cmdline": "",
                "pid": 42,
                "resources_usage": null,
                "consumption": 0.0,
                "timestamp": 1721775008.695003,
                "container": null
            },
            {
                "exe": "",
                "cmdline": "",
                "pid": 8,
                "resources_usage": null,
                "consumption": 0.0,
                "timestamp": 1721775008.6950033,
                "container": null
            },
            {
                "exe": "",
                "cmdline": "",
                "pid": 14,
                "resources_usage": null,
                "consumption": 0.0,
                "timestamp": 1721775008.6950037,
                "container": null
            },
            {
                "exe": "",
                "cmdline": "",
                "pid": 371,
                "resources_usage": null,
                "consumption": 0.0,
                "timestamp": 1721775008.695004,
                "container": null
            },
            {
                "exe": "",
                "cmdline": "",
                "pid": 130,
                "resources_usage": null,
                "consumption": 0.0,
                "timestamp": 1721775008.6950042,
                "container": null
            },
            {
                "exe": "",
                "cmdline": "",
                "pid": 65,
                "resources_usage": null,
                "consumption": 0.0,
                "timestamp": 1721775008.6950045,
                "container": null
            },
            {
                "exe": "/usr/lib/systemd/systemd-logind",
                "cmdline": "/lib/systemd/systemd-logind",
                "pid": 825,
                "resources_usage": null,
                "consumption": 0.0,
                "timestamp": 1721775008.6950047,
                "container": null
            }
        ],
        "sockets": [
            {
                "id": 0,
                "consumption": 22634624.0,
                "domains": [
                    {
                        "name": "uncore",
                        "consumption": 0.0,
                        "timestamp": 1721775008.6766407
                    },
                    {
                        "name": "core",
                        "consumption": 20140344.0,
                        "timestamp": 1721775008.6766288
                    }
                ],
                "timestamp": 1721775008.6765182
            }
        ]
    },
    {
        "host": {
            "consumption": 17207964.0,
            "timestamp": 1721775008.7389097,
            "components": {
                "disks": [
                    {
                        "disk_type": "SSD",
                        "disk_mount_point": "/etc/hosts",
                        "disk_is_removable": false,
                        "disk_file_system": "ext4",
                        "disk_total_bytes": "33634926592",
                        "disk_available_bytes": "9871106048",
                        "disk_name": "/dev/nvme0n1p4"
                    }
                ]
            }
        },
        "consumers": [
            {
                "exe": "/",
                "cmdline": "runcinit",
                "pid": 465158,
                "resources_usage": null,
                "consumption": 386695.78,
                "timestamp": 1721775008.7388124,
                "container": null
            },
            {
                "exe": "/usr/local/bin/scaphandre",
                "cmdline": "/usr/local/bin/scaphandrejson-s0--step-nano10000000-f/home/ce-p2-r-1/9/power.json",
                "pid": 465086,
                "resources_usage": null,
                "consumption": 96673.945,
                "timestamp": 1721775008.7388232,
                "container": null
            },
            {
                "exe": "/usr/bin/udevadm",
                "cmdline": "/lib/systemd/systemd-udevd",
                "pid": 465051,
                "resources_usage": null,
                "consumption": 0.0,
                "timestamp": 1721775008.738793,
                "container": null
            },
            {
                "exe": "",
                "cmdline": "",
                "pid": 42,
                "resources_usage": null,
                "consumption": 0.0,
                "timestamp": 1721775008.7387938,
                "container": null
            },
            {
                "exe": "",
                "cmdline": "",
                "pid": 8,
                "resources_usage": null,
                "consumption": 0.0,
                "timestamp": 1721775008.7387943,
                "container": null
            },
            {
                "exe": "",
                "cmdline": "",
                "pid": 14,
                "resources_usage": null,
                "consumption": 0.0,
                "timestamp": 1721775008.7387946,
                "container": null
            },
            {
                "exe": "",
                "cmdline": "",
                "pid": 371,
                "resources_usage": null,
                "consumption": 0.0,
                "timestamp": 1721775008.738795,
                "container": null
            },
            {
                "exe": "",
                "cmdline": "",
                "pid": 130,
                "resources_usage": null,
                "consumption": 0.0,
                "timestamp": 1721775008.7387953,
                "container": null
            },
            {
                "exe": "",
                "cmdline": "",
                "pid": 65,
                "resources_usage": null,
                "consumption": 0.0,
                "timestamp": 1721775008.7387955,
                "container": null
            },
            {
                "exe": "/usr/lib/systemd/systemd-logind",
                "cmdline": "/lib/systemd/systemd-logind",
                "pid": 825,
                "resources_usage": null,
                "consumption": 0.0,
                "timestamp": 1721775008.7387958,
                "container": null
            }
        ],
        "sockets": [
            {
                "id": 0,
                "consumption": 15590384.0,
                "domains": [
                    {
                        "name": "uncore",
                        "consumption": 0.0,
                        "timestamp": 1721775008.7104812
                    },
                    {
                        "name": "core",
                        "consumption": 13407955.0,
                        "timestamp": 1721775008.7104695
                    }
                ],
                "timestamp": 1721775008.710347
            }
        ]
    },
    {
        "host": {
            "consumption": 14663838.0,
            "timestamp": 1721775008.7723453,
            "components": {
                "disks": [
                    {
                        "disk_type": "SSD",
                        "disk_mount_point": "/etc/hosts",
                        "disk_is_removable": false,
                        "disk_file_system": "ext4",
                        "disk_total_bytes": "33634926592",
                        "disk_available_bytes": "9871101952",
                        "disk_name": "/dev/nvme0n1p4"
                    }
                ]
            }
        },
        "consumers": [
            {
                "exe": "/",
                "cmdline": "runcinit",
                "pid": 465158,
                "resources_usage": null,
                "consumption": 247143.33,
                "timestamp": 1721775008.7721865,
                "container": null
            },
            {
                "exe": "/usr/local/bin/scaphandre",
                "cmdline": "/usr/local/bin/scaphandrejson-s0--step-nano10000000-f/home/ce-p2-r-1/9/power.json",
                "pid": 465086,
                "resources_usage": null,
                "consumption": 164762.22,
                "timestamp": 1721775008.7722006,
                "container": null
            },
            {
                "exe": "/usr/bin/udevadm",
                "cmdline": "/lib/systemd/systemd-udevd",
                "pid": 465051,
                "resources_usage": null,
                "consumption": 0.0,
                "timestamp": 1721775008.772152,
                "container": null
            },
            {
                "exe": "",
                "cmdline": "",
                "pid": 42,
                "resources_usage": null,
                "consumption": 0.0,
                "timestamp": 1721775008.772153,
                "container": null
            },
            {
                "exe": "",
                "cmdline": "",
                "pid": 8,
                "resources_usage": null,
                "consumption": 0.0,
                "timestamp": 1721775008.7721598,
                "container": null
            },
            {
                "exe": "",
                "cmdline": "",
                "pid": 14,
                "resources_usage": null,
                "consumption": 0.0,
                "timestamp": 1721775008.7721608,
                "container": null
            },
            {
                "exe": "",
                "cmdline": "",
                "pid": 371,
                "resources_usage": null,
                "consumption": 0.0,
                "timestamp": 1721775008.7721612,
                "container": null
            },
            {
                "exe": "",
                "cmdline": "",
                "pid": 130,
                "resources_usage": null,
                "consumption": 0.0,
                "timestamp": 1721775008.7721615,
                "container": null
            },
            {
                "exe": "",
                "cmdline": "",
                "pid": 65,
                "resources_usage": null,
                "consumption": 0.0,
                "timestamp": 1721775008.7721617,
                "container": null
            },
            {
                "exe": "/usr/lib/systemd/systemd-logind",
                "cmdline": "/lib/systemd/systemd-logind",
                "pid": 825,
                "resources_usage": null,
                "consumption": 0.0,
                "timestamp": 1721775008.7721622,
                "container": null
            }
        ],
        "sockets": [
            {
                "id": 0,
                "consumption": 18204396.0,
                "domains": [
                    {
                        "name": "uncore",
                        "consumption": 0.0,
                        "timestamp": 1721775008.7544022
                    },
                    {
                        "name": "core",
                        "consumption": 15628316.0,
                        "timestamp": 1721775008.7543898
                    }
                ],
                "timestamp": 1721775008.7542748
            }
        ]
    },
    {
        "host": {
            "consumption": 19424872.0,
            "timestamp": 1721775008.8056548,
            "components": {
                "disks": [
                    {
                        "disk_type": "SSD",
                        "disk_mount_point": "/etc/hosts",
                        "disk_is_removable": false,
                        "disk_file_system": "ext4",
                        "disk_total_bytes": "33634926592",
                        "disk_available_bytes": "9871101952",
                        "disk_name": "/dev/nvme0n1p4"
                    }
                ]
            }
        },
        "consumers": [
            {
                "exe": "/",
                "cmdline": "runcinit",
                "pid": 465158,
                "resources_usage": null,
                "consumption": 436513.97,
                "timestamp": 1721775008.8055599,
                "container": null
            },
            {
                "exe": "/usr/local/bin/scaphandre",
                "cmdline": "/usr/local/bin/scaphandrejson-s0--step-nano10000000-f/home/ce-p2-r-1/9/power.json",
                "pid": 465086,
                "resources_usage": null,
                "consumption": 218256.98,
                "timestamp": 1721775008.805571,
                "container": null
            },
            {
                "exe": "/usr/bin/udevadm",
                "cmdline": "/lib/systemd/systemd-udevd",
                "pid": 465051,
                "resources_usage": null,
                "consumption": 0.0,
                "timestamp": 1721775008.8055418,
                "container": null
            },
            {
                "exe": "",
                "cmdline": "",
                "pid": 42,
                "resources_usage": null,
                "consumption": 0.0,
                "timestamp": 1721775008.8055432,
                "container": null
            },
            {
                "exe": "",
                "cmdline": "",
                "pid": 8,
                "resources_usage": null,
                "consumption": 0.0,
                "timestamp": 1721775008.8055434,
                "container": null
            },
            {
                "exe": "",
                "cmdline": "",
                "pid": 14,
                "resources_usage": null,
                "consumption": 0.0,
                "timestamp": 1721775008.8055437,
                "container": null
            },
            {
                "exe": "",
                "cmdline": "",
                "pid": 371,
                "resources_usage": null,
                "consumption": 0.0,
                "timestamp": 1721775008.8055441,
                "container": null
            },
            {
                "exe": "",
                "cmdline": "",
                "pid": 130,
                "resources_usage": null,
                "consumption": 0.0,
                "timestamp": 1721775008.8055441,
                "container": null
            },
            {
                "exe": "",
                "cmdline": "",
                "pid": 65,
                "resources_usage": null,
                "consumption": 0.0,
                "timestamp": 1721775008.8055449,
                "container": null
            },
            {
                "exe": "/usr/lib/systemd/systemd-logind",
                "cmdline": "/lib/systemd/systemd-logind",
                "pid": 825,
                "resources_usage": null,
                "consumption": 0.0,
                "timestamp": 1721775008.805545,
                "container": null
            }
        ],
        "sockets": [
            {
                "id": 0,
                "consumption": 20760316.0,
                "domains": [
                    {
                        "name": "uncore",
                        "consumption": 0.0,
                        "timestamp": 1721775008.7877467
                    },
                    {
                        "name": "core",
                        "consumption": 17933848.0,
                        "timestamp": 1721775008.7877357
                    }
                ],
                "timestamp": 1721775008.7876172
            }
        ]
    },
    {
        "host": {
            "consumption": 19658888.0,
            "timestamp": 1721775008.8436532,
            "components": {
                "disks": [
                    {
                        "disk_type": "SSD",
                        "disk_mount_point": "/etc/hosts",
                        "disk_is_removable": false,
                        "disk_file_system": "ext4",
                        "disk_total_bytes": "33634926592",
                        "disk_available_bytes": "9871097856",
                        "disk_name": "/dev/nvme0n1p4"
                    }
                ]
            }
        },
        "consumers": [
            {
                "exe": "/",
                "cmdline": "runcinit",
                "pid": 465158,
                "resources_usage": null,
                "consumption": 441772.72,
                "timestamp": 1721775008.8435562,
                "container": null
            },
            {
                "exe": "/usr/local/bin/scaphandre",
                "cmdline": "/usr/local/bin/scaphandrejson-s0--step-nano10000000-f/home/ce-p2-r-1/9/power.json",
                "pid": 465086,
                "resources_usage": null,
                "consumption": 220886.36,
                "timestamp": 1721775008.8435662,
                "container": null
            },
            {
                "exe": "/usr/bin/udevadm",
                "cmdline": "/lib/systemd/systemd-udevd",
                "pid": 465051,
                "resources_usage": null,
                "consumption": 0.0,
                "timestamp": 1721775008.8435395,
                "container": null
            },
            {
                "exe": "",
                "cmdline": "",
                "pid": 42,
                "resources_usage": null,
                "consumption": 0.0,
                "timestamp": 1721775008.8435407,
                "container": null
            },
            {
                "exe": "",
                "cmdline": "",
                "pid": 8,
                "resources_usage": null,
                "consumption": 0.0,
                "timestamp": 1721775008.843541,
                "container": null
            },
            {
                "exe": "",
                "cmdline": "",
                "pid": 14,
                "resources_usage": null,
                "consumption": 0.0,
                "timestamp": 1721775008.8435411,
                "container": null
            },
            {
                "exe": "",
                "cmdline": "",
                "pid": 371,
                "resources_usage": null,
                "consumption": 0.0,
                "timestamp": 1721775008.8435414,
                "container": null
            },
            {
                "exe": "",
                "cmdline": "",
                "pid": 130,
                "resources_usage": null,
                "consumption": 0.0,
                "timestamp": 1721775008.8435416,
                "container": null
            },
            {
                "exe": "",
                "cmdline": "",
                "pid": 65,
                "resources_usage": null,
                "consumption": 0.0,
                "timestamp": 1721775008.8435419,
                "container": null
            },
            {
                "exe": "/usr/lib/systemd/systemd-logind",
                "cmdline": "/lib/systemd/systemd-logind",
                "pid": 825,
                "resources_usage": null,
                "consumption": 0.0,
                "timestamp": 1721775008.8435423,
                "container": null
            }
        ],
        "sockets": [
            {
                "id": 0,
                "consumption": 16217014.0,
                "domains": [
                    {
                        "name": "uncore",
                        "consumption": 0.0,
                        "timestamp": 1721775008.820833
                    },
                    {
                        "name": "core",
                        "consumption": 13468875.0,
                        "timestamp": 1721775008.8208206
                    }
                ],
                "timestamp": 1721775008.820707
            }
        ]
    },
    {
        "host": {
            "consumption": 21217234.0,
            "timestamp": 1721775008.8779287,
            "components": {
                "disks": [
                    {
                        "disk_type": "SSD",
                        "disk_mount_point": "/etc/hosts",
                        "disk_is_removable": false,
                        "disk_file_system": "ext4",
                        "disk_total_bytes": "33634926592",
                        "disk_available_bytes": "9871097856",
                        "disk_name": "/dev/nvme0n1p4"
                    }
                ]
            }
        },
        "consumers": [
            {
                "exe": "/",
                "cmdline": "runcinit",
                "pid": 465158,
                "resources_usage": null,
                "consumption": 357593.8,
                "timestamp": 1721775008.877755,
                "container": null
            },
            {
                "exe": "/usr/local/bin/scaphandre",
                "cmdline": "/usr/local/bin/scaphandrejson-s0--step-nano10000000-f/home/ce-p2-r-1/9/power.json",
                "pid": 465086,
                "resources_usage": null,
                "consumption": 238395.88,
                "timestamp": 1721775008.8777642,
                "container": null
            },
            {
                "exe": "/usr/bin/udevadm",
                "cmdline": "/lib/systemd/systemd-udevd",
                "pid": 465051,
                "resources_usage": null,
                "consumption": 0.0,
                "timestamp": 1721775008.8777382,
                "container": null
            },
            {
                "exe": "",
                "cmdline": "",
                "pid": 42,
                "resources_usage": null,
                "consumption": 0.0,
                "timestamp": 1721775008.8777392,
                "container": null
            },
            {
                "exe": "",
                "cmdline": "",
                "pid": 8,
                "resources_usage": null,
                "consumption": 0.0,
                "timestamp": 1721775008.8777394,
                "container": null
            },
            {
                "exe": "",
                "cmdline": "",
                "pid": 14,
                "resources_usage": null,
                "consumption": 0.0,
                "timestamp": 1721775008.87774,
                "container": null
            },
            {
                "exe": "",
                "cmdline": "",
                "pid": 371,
                "resources_usage": null,
                "consumption": 0.0,
                "timestamp": 1721775008.8777401,
                "container": null
            },
            {
                "exe": "",
                "cmdline": "",
                "pid": 130,
                "resources_usage": null,
                "consumption": 0.0,
                "timestamp": 1721775008.8777401,
                "container": null
            },
            {
                "exe": "",
                "cmdline": "",
                "pid": 65,
                "resources_usage": null,
                "consumption": 0.0,
                "timestamp": 1721775008.8777404,
                "container": null
            },
            {
                "exe": "/usr/lib/systemd/systemd-logind",
                "cmdline": "/lib/systemd/systemd-logind",
                "pid": 825,
                "resources_usage": null,
                "consumption": 0.0,
                "timestamp": 1721775008.8777406,
                "container": null
            }
        ],
        "sockets": [
            {
                "id": 0,
                "consumption": 25001986.0,
                "domains": [
                    {
                        "name": "uncore",
                        "consumption": 0.0,
                        "timestamp": 1721775008.8591793
                    },
                    {
                        "name": "core",
                        "consumption": 22591038.0,
                        "timestamp": 1721775008.859169
                    }
                ],
                "timestamp": 1721775008.859056
            }
        ]
    },
    {
        "host": {
            "consumption": 19507166.0,
            "timestamp": 1721775008.9129312,
            "components": {
                "disks": [
                    {
                        "disk_type": "SSD",
                        "disk_mount_point": "/etc/hosts",
                        "disk_is_removable": false,
                        "disk_file_system": "ext4",
                        "disk_total_bytes": "33634926592",
                        "disk_available_bytes": "9871093760",
                        "disk_name": "/dev/nvme0n1p4"
                    }
                ]
            }
        },
        "consumers": [
            {
                "exe": "/",
                "cmdline": "runcinit",
                "pid": 465158,
                "resources_usage": null,
                "consumption": 338274.56,
                "timestamp": 1721775008.912769,
                "container": null
            },
            {
                "exe": "/usr/local/bin/scaphandre",
                "cmdline": "/usr/local/bin/scaphandrejson-s0--step-nano10000000-f/home/ce-p2-r-1/9/power.json",
                "pid": 465086,
                "resources_usage": null,
                "consumption": 225516.36,
                "timestamp": 1721775008.9127822,
                "container": null
            },
            {
                "exe": "/usr/bin/udevadm",
                "cmdline": "/lib/systemd/systemd-udevd",
                "pid": 465051,
                "resources_usage": null,
                "consumption": 0.0,
                "timestamp": 1721775008.9127479,
                "container": null
            },
            {
                "exe": "",
                "cmdline": "",
                "pid": 42,
                "resources_usage": null,
                "consumption": 0.0,
                "timestamp": 1721775008.912749,
                "container": null
            },
            {
                "exe": "",
                "cmdline": "",
                "pid": 8,
                "resources_usage": null,
                "consumption": 0.0,
                "timestamp": 1721775008.9127493,
                "container": null
            },
            {
                "exe": "",
                "cmdline": "",
                "pid": 14,
                "resources_usage": null,
                "consumption": 0.0,
                "timestamp": 1721775008.9127498,
                "container": null
            },
            {
                "exe": "",
                "cmdline": "",
                "pid": 371,
                "resources_usage": null,
                "consumption": 0.0,
                "timestamp": 1721775008.9127502,
                "container": null
            },
            {
                "exe": "",
                "cmdline": "",
                "pid": 130,
                "resources_usage": null,
                "consumption": 0.0,
                "timestamp": 1721775008.9127505,
                "container": null
            },
            {
                "exe": "",
                "cmdline": "",
                "pid": 65,
                "resources_usage": null,
                "consumption": 0.0,
                "timestamp": 1721775008.9127507,
                "container": null
            },
            {
                "exe": "/usr/lib/systemd/systemd-logind",
                "cmdline": "/lib/systemd/systemd-logind",
                "pid": 825,
                "resources_usage": null,
                "consumption": 0.0,
                "timestamp": 1721775008.912751,
                "container": null
            }
        ],
        "sockets": [
            {
                "id": 0,
                "consumption": 16018333.0,
                "domains": [
                    {
                        "name": "uncore",
                        "consumption": 0.0,
                        "timestamp": 1721775008.893262
                    },
                    {
                        "name": "core",
                        "consumption": 13756246.0,
                        "timestamp": 1721775008.8932488
                    }
                ],
                "timestamp": 1721775008.8931127
            }
        ]
    },
    {
        "host": {
            "consumption": 17771276.0,
            "timestamp": 1721775008.949426,
            "components": {
                "disks": [
                    {
                        "disk_type": "SSD",
                        "disk_mount_point": "/etc/hosts",
                        "disk_is_removable": false,
                        "disk_file_system": "ext4",
                        "disk_total_bytes": "33634926592",
                        "disk_available_bytes": "9871093760",
                        "disk_name": "/dev/nvme0n1p4"
                    }
                ]
            }
        },
        "consumers": [
            {
                "exe": "/",
                "cmdline": "runcinit",
                "pid": 465158,
                "resources_usage": null,
                "consumption": 410896.56,
                "timestamp": 1721775008.9493341,
                "container": null
            },
            {
                "exe": "/usr/local/bin/scaphandre",
                "cmdline": "/usr/local/bin/scaphandrejson-s0--step-nano10000000-f/home/ce-p2-r-1/9/power.json",
                "pid": 465086,
                "resources_usage": null,
                "consumption": 205448.28,
                "timestamp": 1721775008.949344,
                "container": null
            },
            {
                "exe": "/usr/bin/udevadm",
                "cmdline": "/lib/systemd/systemd-udevd",
                "pid": 465051,
                "resources_usage": null,
                "consumption": 0.0,
                "timestamp": 1721775008.9493155,
                "container": null
            },
            {
                "exe": "",
                "cmdline": "",
                "pid": 42,
                "resources_usage": null,
                "consumption": 0.0,
                "timestamp": 1721775008.949317,
                "container": null
            },
            {
                "exe": "",
                "cmdline": "",
                "pid": 8,
                "resources_usage": null,
                "consumption": 0.0,
                "timestamp": 1721775008.9493172,
                "container": null
            },
            {
                "exe": "",
                "cmdline": "",
                "pid": 14,
                "resources_usage": null,
                "consumption": 0.0,
                "timestamp": 1721775008.9493175,
                "container": null
            },
            {
                "exe": "",
                "cmdline": "",
                "pid": 371,
                "resources_usage": null,
                "consumption": 0.0,
                "timestamp": 1721775008.9493177,
                "container": null
            },
            {
                "exe": "",
                "cmdline": "",
                "pid": 130,
                "resources_usage": null,
                "consumption": 0.0,
                "timestamp": 1721775008.949318,
                "container": null
            },
            {
                "exe": "",
                "cmdline": "",
                "pid": 65,
                "resources_usage": null,
                "consumption": 0.0,
                "timestamp": 1721775008.9493182,
                "container": null
            },
            {
                "exe": "/usr/lib/systemd/systemd-logind",
                "cmdline": "/lib/systemd/systemd-logind",
                "pid": 825,
                "resources_usage": null,
                "consumption": 0.0,
                "timestamp": 1721775008.9493184,
                "container": null
            }
        ],
        "sockets": [
            {
                "id": 0,
                "consumption": 19485308.0,
                "domains": [
                    {
                        "name": "uncore",
                        "consumption": 0.0,
                        "timestamp": 1721775008.9306316
                    },
                    {
                        "name": "core",
                        "consumption": 17246172.0,
                        "timestamp": 1721775008.9306211
                    }
                ],
                "timestamp": 1721775008.9304566
            }
        ]
    },
    {
        "host": {
            "consumption": 12543393.0,
            "timestamp": 1721775008.9840176,
            "components": {
                "disks": [
                    {
                        "disk_type": "SSD",
                        "disk_mount_point": "/etc/hosts",
                        "disk_is_removable": false,
                        "disk_file_system": "ext4",
                        "disk_total_bytes": "33634926592",
                        "disk_available_bytes": "9871089664",
                        "disk_name": "/dev/nvme0n1p4"
                    }
                ]
            }
        },
        "consumers": [
            {
                "exe": "/",
                "cmdline": "runcinit",
                "pid": 465158,
                "resources_usage": null,
                "consumption": 290020.62,
                "timestamp": 1721775008.9839256,
                "container": null
            },
            {
                "exe": "/usr/local/bin/scaphandre",
                "cmdline": "/usr/local/bin/scaphandrejson-s0--step-nano10000000-f/home/ce-p2-r-1/9/power.json",
                "pid": 465086,
                "resources_usage": null,
                "consumption": 145010.31,
                "timestamp": 1721775008.9839356,
                "container": null
            },
            {
                "exe": "/usr/bin/udevadm",
                "cmdline": "/lib/systemd/systemd-udevd",
                "pid": 465051,
                "resources_usage": null,
                "consumption": 0.0,
                "timestamp": 1721775008.9839091,
                "container": null
            },
            {
                "exe": "",
                "cmdline": "",
                "pid": 42,
                "resources_usage": null,
                "consumption": 0.0,
                "timestamp": 1721775008.98391,
                "container": null
            },
            {
                "exe": "",
                "cmdline": "",
                "pid": 8,
                "resources_usage": null,
                "consumption": 0.0,
                "timestamp": 1721775008.9839103,
                "container": null
            },
            {
                "exe": "",
                "cmdline": "",
                "pid": 14,
                "resources_usage": null,
                "consumption": 0.0,
                "timestamp": 1721775008.9839106,
                "container": null
            },
            {
                "exe": "",
                "cmdline": "",
                "pid": 371,
                "resources_usage": null,
                "consumption": 0.0,
                "timestamp": 1721775008.9839108,
                "container": null
            },
            {
                "exe": "",
                "cmdline": "",
                "pid": 130,
                "resources_usage": null,
                "consumption": 0.0,
                "timestamp": 1721775008.983911,
                "container": null
            },
            {
                "exe": "",
                "cmdline": "",
                "pid": 65,
                "resources_usage": null,
                "consumption": 0.0,
                "timestamp": 1721775008.9839113,
                "container": null
            },
            {
                "exe": "/usr/lib/systemd/systemd-logind",
                "cmdline": "/lib/systemd/systemd-logind",
                "pid": 825,
                "resources_usage": null,
                "consumption": 0.0,
                "timestamp": 1721775008.9839115,
                "container": null
            }
        ],
        "sockets": [
            {
                "id": 0,
                "consumption": 11507335.0,
                "domains": [
                    {
                        "name": "uncore",
                        "consumption": 0.0,
                        "timestamp": 1721775008.9647377
                    },
                    {
                        "name": "core",
                        "consumption": 9173821.0,
                        "timestamp": 1721775008.9647253
                    }
                ],
                "timestamp": 1721775008.964604
            }
        ]
    },
    {
        "host": {
            "consumption": 12969912.0,
            "timestamp": 1721775009.0190718,
            "components": {
                "disks": [
                    {
                        "disk_type": "SSD",
                        "disk_mount_point": "/etc/hosts",
                        "disk_is_removable": false,
                        "disk_file_system": "ext4",
                        "disk_total_bytes": "33634926592",
                        "disk_available_bytes": "9871089664",
                        "disk_name": "/dev/nvme0n1p4"
                    }
                ]
            }
        },
        "consumers": [
            {
                "exe": "/usr/local/bin/scaphandre",
                "cmdline": "/usr/local/bin/scaphandrejson-s0--step-nano10000000-f/home/ce-p2-r-1/9/power.json",
                "pid": 465086,
                "resources_usage": null,
                "consumption": 224911.77,
                "timestamp": 1721775009.0189779,
                "container": null
            },
            {
                "exe": "/",
                "cmdline": "runcinit",
                "pid": 465158,
                "resources_usage": null,
                "consumption": 224911.77,
                "timestamp": 1721775009.0189672,
                "container": null
            },
            {
                "exe": "/usr/lib/systemd/systemd",
                "cmdline": "/lib/systemd/systemd--user",
                "pid": 1553,
                "resources_usage": null,
                "consumption": 74970.586,
                "timestamp": 1721775009.0189571,
                "container": null
            },
            {
                "exe": "/usr/lib/systemd/systemd",
                "cmdline": "/sbin/init",
                "pid": 1,
                "resources_usage": null,
                "consumption": 74970.586,
                "timestamp": 1721775009.0189579,
                "container": null
            },
            {
                "exe": "/usr/bin/udevadm",
                "cmdline": "/lib/systemd/systemd-udevd",
                "pid": 465051,
                "resources_usage": null,
                "consumption": 0.0,
                "timestamp": 1721775009.0189474,
                "container": null
            },
            {
                "exe": "",
                "cmdline": "",
                "pid": 42,
                "resources_usage": null,
                "consumption": 0.0,
                "timestamp": 1721775009.0189495,
                "container": null
            },
            {
                "exe": "",
                "cmdline": "",
                "pid": 8,
                "resources_usage": null,
                "consumption": 0.0,
                "timestamp": 1721775009.01895,
                "container": null
            },
            {
                "exe": "",
                "cmdline": "",
                "pid": 14,
                "resources_usage": null,
                "consumption": 0.0,
                "timestamp": 1721775009.0189502,
                "container": null
            },
            {
                "exe": "",
                "cmdline": "",
                "pid": 371,
                "resources_usage": null,
                "consumption": 0.0,
                "timestamp": 1721775009.0189505,
                "container": null
            },
            {
                "exe": "",
                "cmdline": "",
                "pid": 130,
                "resources_usage": null,
                "consumption": 0.0,
                "timestamp": 1721775009.0189507,
                "container": null
            }
        ],
        "sockets": [
            {
                "id": 0,
                "consumption": 14966787.0,
                "domains": [
                    {
                        "name": "uncore",
                        "consumption": 0.0,
                        "timestamp": 1721775008.9995193
                    },
                    {
                        "name": "core",
                        "consumption": 12741179.0,
                        "timestamp": 1721775008.9995081
                    }
                ],
                "timestamp": 1721775008.9993813
            }
        ]
    },
    {
        "host": {
            "consumption": 15703514.0,
            "timestamp": 1721775009.055051,
            "components": {
                "disks": [
                    {
                        "disk_type": "SSD",
                        "disk_mount_point": "/etc/hosts",
                        "disk_is_removable": false,
                        "disk_file_system": "ext4",
                        "disk_total_bytes": "33634926592",
                        "disk_available_bytes": "9871085568",
                        "disk_name": "/dev/nvme0n1p4"
                    }
                ]
            }
        },
        "consumers": [
            {
                "exe": "/",
                "cmdline": "runcinit",
                "pid": 465158,
                "resources_usage": null,
                "consumption": 272315.28,
                "timestamp": 1721775009.054903,
                "container": null
            },
            {
                "exe": "/usr/local/bin/scaphandre",
                "cmdline": "/usr/local/bin/scaphandrejson-s0--step-nano10000000-f/home/ce-p2-r-1/9/power.json",
                "pid": 465086,
                "resources_usage": null,
                "consumption": 90771.75,
                "timestamp": 1721775009.054917,
                "container": null
            },
            {
                "exe": "/usr/bin/udevadm",
                "cmdline": "/lib/systemd/systemd-udevd",
                "pid": 465051,
                "resources_usage": null,
                "consumption": 0.0,
                "timestamp": 1721775009.0548787,
                "container": null
            },
            {
                "exe": "",
                "cmdline": "",
                "pid": 42,
                "resources_usage": null,
                "consumption": 0.0,
                "timestamp": 1721775009.0548801,
                "container": null
            },
            {
                "exe": "",
                "cmdline": "",
                "pid": 8,
                "resources_usage": null,
                "consumption": 0.0,
                "timestamp": 1721775009.0548806,
                "container": null
            },
            {
                "exe": "",
                "cmdline": "",
                "pid": 14,
                "resources_usage": null,
                "consumption": 0.0,
                "timestamp": 1721775009.0548809,
                "container": null
            },
            {
                "exe": "",
                "cmdline": "",
                "pid": 371,
                "resources_usage": null,
                "consumption": 0.0,
                "timestamp": 1721775009.0548813,
                "container": null
            },
            {
                "exe": "",
                "cmdline": "",
                "pid": 130,
                "resources_usage": null,
                "consumption": 0.0,
                "timestamp": 1721775009.0548818,
                "container": null
            },
            {
                "exe": "",
                "cmdline": "",
                "pid": 65,
                "resources_usage": null,
                "consumption": 0.0,
                "timestamp": 1721775009.054882,
                "container": null
            },
            {
                "exe": "/usr/lib/systemd/systemd-logind",
                "cmdline": "/lib/systemd/systemd-logind",
                "pid": 825,
                "resources_usage": null,
                "consumption": 0.0,
                "timestamp": 1721775009.0548825,
                "container": null
            }
        ],
        "sockets": [
            {
                "id": 0,
                "consumption": 16297601.0,
                "domains": [
                    {
                        "name": "uncore",
                        "consumption": 0.0,
                        "timestamp": 1721775009.034517
                    },
                    {
                        "name": "core",
                        "consumption": 14007767.0,
                        "timestamp": 1721775009.0345054
                    }
                ],
                "timestamp": 1721775009.0343823
            }
        ]
    },
    {
        "host": {
            "consumption": 14202860.0,
            "timestamp": 1721775009.0925844,
            "components": {
                "disks": [
                    {
                        "disk_type": "SSD",
                        "disk_mount_point": "/etc/hosts",
                        "disk_is_removable": false,
                        "disk_file_system": "ext4",
                        "disk_total_bytes": "33634926592",
                        "disk_available_bytes": "9871085568",
                        "disk_name": "/dev/nvme0n1p4"
                    }
                ]
            }
        },
        "consumers": [
            {
                "exe": "/",
                "cmdline": "runcinit",
                "pid": 465158,
                "resources_usage": null,
                "consumption": 328389.8,
                "timestamp": 1721775009.0924897,
                "container": null
            },
            {
                "exe": "/usr/local/bin/scaphandre",
                "cmdline": "/usr/local/bin/scaphandrejson-s0--step-nano10000000-f/home/ce-p2-r-1/9/power.json",
                "pid": 465086,
                "resources_usage": null,
                "consumption": 246292.38,
                "timestamp": 1721775009.0925,
                "container": null
            },
            {
                "exe": "/usr/bin/udevadm",
                "cmdline": "/lib/systemd/systemd-udevd",
                "pid": 465051,
                "resources_usage": null,
                "consumption": 0.0,
                "timestamp": 1721775009.0924675,
                "container": null
            },
            {
                "exe": "",
                "cmdline": "",
                "pid": 42,
                "resources_usage": null,
                "consumption": 0.0,
                "timestamp": 1721775009.0924692,
                "container": null
            },
            {
                "exe": "",
                "cmdline": "",
                "pid": 8,
                "resources_usage": null,
                "consumption": 0.0,
                "timestamp": 1721775009.0924697,
                "container": null
            },
            {
                "exe": "",
                "cmdline": "",
                "pid": 14,
                "resources_usage": null,
                "consumption": 0.0,
                "timestamp": 1721775009.0924702,
                "container": null
            },
            {
                "exe": "",
                "cmdline": "",
                "pid": 371,
                "resources_usage": null,
                "consumption": 0.0,
                "timestamp": 1721775009.0924704,
                "container": null
            },
            {
                "exe": "",
                "cmdline": "",
                "pid": 130,
                "resources_usage": null,
                "consumption": 0.0,
                "timestamp": 1721775009.092471,
                "container": null
            },
            {
                "exe": "",
                "cmdline": "",
                "pid": 65,
                "resources_usage": null,
                "consumption": 0.0,
                "timestamp": 1721775009.0924711,
                "container": null
            },
            {
                "exe": "/usr/lib/systemd/systemd-logind",
                "cmdline": "/lib/systemd/systemd-logind",
                "pid": 825,
                "resources_usage": null,
                "consumption": 0.0,
                "timestamp": 1721775009.0924714,
                "container": null
            }
        ],
        "sockets": [
            {
                "id": 0,
                "consumption": 13937921.0,
                "domains": [
                    {
                        "name": "uncore",
                        "consumption": 0.0,
                        "timestamp": 1721775009.073016
                    },
                    {
                        "name": "core",
                        "consumption": 11650333.0,
                        "timestamp": 1721775009.0730062
                    }
                ],
                "timestamp": 1721775009.0728042
            }
        ]
    },
    {
        "host": {
            "consumption": 13167979.0,
            "timestamp": 1721775009.128423,
            "components": {
                "disks": [
                    {
                        "disk_type": "SSD",
                        "disk_mount_point": "/etc/hosts",
                        "disk_is_removable": false,
                        "disk_file_system": "ext4",
                        "disk_total_bytes": "33634926592",
                        "disk_available_bytes": "9871081472",
                        "disk_name": "/dev/nvme0n1p4"
                    }
                ]
            }
        },
        "consumers": [
            {
                "exe": "/",
                "cmdline": "runcinit",
                "pid": 465158,
                "resources_usage": null,
                "consumption": 311668.16,
                "timestamp": 1721775009.1283045,
                "container": null
            },
            {
                "exe": "/usr/local/bin/scaphandre",
                "cmdline": "/usr/local/bin/scaphandrejson-s0--step-nano10000000-f/home/ce-p2-r-1/9/power.json",
                "pid": 465086,
                "resources_usage": null,
                "consumption": 155834.08,
                "timestamp": 1721775009.1283176,
                "container": null
            },
            {
                "exe": "/usr/bin/udevadm",
                "cmdline": "/lib/systemd/systemd-udevd",
                "pid": 465051,
                "resources_usage": null,
                "consumption": 0.0,
                "timestamp": 1721775009.1282814,
                "container": null
            },
            {
                "exe": "",
                "cmdline": "",
                "pid": 42,
                "resources_usage": null,
                "consumption": 0.0,
                "timestamp": 1721775009.128283,
                "container": null
            },
            {
                "exe": "",
                "cmdline": "",
                "pid": 8,
                "resources_usage": null,
                "consumption": 0.0,
                "timestamp": 1721775009.1282833,
                "container": null
            },
            {
                "exe": "",
                "cmdline": "",
                "pid": 14,
                "resources_usage": null,
                "consumption": 0.0,
                "timestamp": 1721775009.1282837,
                "container": null
            },
            {
                "exe": "",
                "cmdline": "",
                "pid": 371,
                "resources_usage": null,
                "consumption": 0.0,
                "timestamp": 1721775009.128284,
                "container": null
            },
            {
                "exe": "",
                "cmdline": "",
                "pid": 130,
                "resources_usage": null,
                "consumption": 0.0,
                "timestamp": 1721775009.1282842,
                "container": null
            },
            {
                "exe": "",
                "cmdline": "",
                "pid": 65,
                "resources_usage": null,
                "consumption": 0.0,
                "timestamp": 1721775009.1282845,
                "container": null
            },
            {
                "exe": "/usr/lib/systemd/systemd-logind",
                "cmdline": "/lib/systemd/systemd-logind",
                "pid": 825,
                "resources_usage": null,
                "consumption": 0.0,
                "timestamp": 1721775009.1282847,
                "container": null
            }
        ],
        "sockets": [
            {
                "id": 0,
                "consumption": 14970333.0,
                "domains": [
                    {
                        "name": "uncore",
                        "consumption": 0.0,
                        "timestamp": 1721775009.1078758
                    },
                    {
                        "name": "core",
                        "consumption": 12781655.0,
                        "timestamp": 1721775009.107865
                    }
                ],
                "timestamp": 1721775009.1077528
            }
        ]
    },
    {
        "host": {
            "consumption": 13375449.0,
            "timestamp": 1721775009.1659417,
            "components": {
                "disks": [
                    {
                        "disk_type": "SSD",
                        "disk_mount_point": "/etc/hosts",
                        "disk_is_removable": false,
                        "disk_file_system": "ext4",
                        "disk_total_bytes": "33634926592",
                        "disk_available_bytes": "9871081472",
                        "disk_name": "/dev/nvme0n1p4"
                    }
                ]
            }
        },
        "consumers": [
            {
                "exe": "/",
                "cmdline": "runcinit",
                "pid": 465158,
                "resources_usage": null,
                "consumption": 316578.7,
                "timestamp": 1721775009.1658285,
                "container": null
            },
            {
                "exe": "/usr/local/bin/scaphandre",
                "cmdline": "/usr/local/bin/scaphandrejson-s0--step-nano10000000-f/home/ce-p2-r-1/9/power.json",
                "pid": 465086,
                "resources_usage": null,
                "consumption": 79144.67,
                "timestamp": 1721775009.1658413,
                "container": null
            },
            {
                "exe": "/usr/bin/udevadm",
                "cmdline": "/lib/systemd/systemd-udevd",
                "pid": 465051,
                "resources_usage": null,
                "consumption": 0.0,
                "timestamp": 1721775009.1658053,
                "container": null
            },
            {
                "exe": "",
                "cmdline": "",
                "pid": 42,
                "resources_usage": null,
                "consumption": 0.0,
                "timestamp": 1721775009.1658065,
                "container": null
            },
            {
                "exe": "",
                "cmdline": "",
                "pid": 8,
                "resources_usage": null,
                "consumption": 0.0,
                "timestamp": 1721775009.1658068,
                "container": null
            },
            {
                "exe": "",
                "cmdline": "",
                "pid": 14,
                "resources_usage": null,
                "consumption": 0.0,
                "timestamp": 1721775009.1658072,
                "container": null
            },
            {
                "exe": "",
                "cmdline": "",
                "pid": 371,
                "resources_usage": null,
                "consumption": 0.0,
                "timestamp": 1721775009.1658075,
                "container": null
            },
            {
                "exe": "",
                "cmdline": "",
                "pid": 130,
                "resources_usage": null,
                "consumption": 0.0,
                "timestamp": 1721775009.1658077,
                "container": null
            },
            {
                "exe": "",
                "cmdline": "",
                "pid": 65,
                "resources_usage": null,
                "consumption": 0.0,
                "timestamp": 1721775009.165808,
                "container": null
            },
            {
                "exe": "/usr/lib/systemd/systemd-logind",
                "cmdline": "/lib/systemd/systemd-logind",
                "pid": 825,
                "resources_usage": null,
                "consumption": 0.0,
                "timestamp": 1721775009.1658084,
                "container": null
            }
        ],
        "sockets": [
            {
                "id": 0,
                "consumption": 13551342.0,
                "domains": [
                    {
                        "name": "uncore",
                        "consumption": 0.0,
                        "timestamp": 1721775009.1462178
                    },
                    {
                        "name": "core",
                        "consumption": 11306622.0,
                        "timestamp": 1721775009.1462083
                    }
                ],
                "timestamp": 1721775009.1460457
            }
        ]
    },
    {
        "host": {
            "consumption": 16592639.0,
            "timestamp": 1721775009.2022626,
            "components": {
                "disks": [
                    {
                        "disk_type": "SSD",
                        "disk_mount_point": "/etc/hosts",
                        "disk_is_removable": false,
                        "disk_file_system": "ext4",
                        "disk_total_bytes": "33634926592",
                        "disk_available_bytes": "9871077376",
                        "disk_name": "/dev/nvme0n1p4"
                    }
                ]
            }
        },
        "consumers": [
            {
                "exe": "/usr/local/bin/scaphandre",
                "cmdline": "/usr/local/bin/scaphandrejson-s0--step-nano10000000-f/home/ce-p2-r-1/9/power.json",
                "pid": 465086,
                "resources_usage": null,
                "consumption": 294543.88,
                "timestamp": 1721775009.2021804,
                "container": null
            },
            {
                "exe": "/",
                "cmdline": "runcinit",
                "pid": 465158,
                "resources_usage": null,
                "consumption": 294543.88,
                "timestamp": 1721775009.2021704,
                "container": null
            },
            {
                "exe": "/usr/bin/udevadm",
                "cmdline": "/lib/systemd/systemd-udevd",
                "pid": 465051,
                "resources_usage": null,
                "consumption": 0.0,
                "timestamp": 1721775009.2021515,
                "container": null
            },
            {
                "exe": "",
                "cmdline": "",
                "pid": 42,
                "resources_usage": null,
                "consumption": 0.0,
                "timestamp": 1721775009.202153,
                "container": null
            },
            {
                "exe": "",
                "cmdline": "",
                "pid": 8,
                "resources_usage": null,
                "consumption": 0.0,
                "timestamp": 1721775009.2021532,
                "container": null
            },
            {
                "exe": "",
                "cmdline": "",
                "pid": 14,
                "resources_usage": null,
                "consumption": 0.0,
                "timestamp": 1721775009.2021537,
                "container": null
            },
            {
                "exe": "",
                "cmdline": "",
                "pid": 371,
                "resources_usage": null,
                "consumption": 0.0,
                "timestamp": 1721775009.202154,
                "container": null
            },
            {
                "exe": "",
                "cmdline": "",
                "pid": 130,
                "resources_usage": null,
                "consumption": 0.0,
                "timestamp": 1721775009.2021542,
                "container": null
            },
            {
                "exe": "",
                "cmdline": "",
                "pid": 65,
                "resources_usage": null,
                "consumption": 0.0,
                "timestamp": 1721775009.2021544,
                "container": null
            },
            {
                "exe": "/usr/lib/systemd/systemd-logind",
                "cmdline": "/lib/systemd/systemd-logind",
                "pid": 825,
                "resources_usage": null,
                "consumption": 0.0,
                "timestamp": 1721775009.2021546,
                "container": null
            }
        ],
        "sockets": [
            {
                "id": 0,
                "consumption": 15171772.0,
                "domains": [
                    {
                        "name": "uncore",
                        "consumption": 0.0,
                        "timestamp": 1721775009.1836262
                    },
                    {
                        "name": "core",
                        "consumption": 12884964.0,
                        "timestamp": 1721775009.1836157
                    }
                ],
                "timestamp": 1721775009.1834428
            }
        ]
    },
    {
        "host": {
            "consumption": 17714436.0,
            "timestamp": 1721775009.2360423,
            "components": {
                "disks": [
                    {
                        "disk_type": "SSD",
                        "disk_mount_point": "/etc/hosts",
                        "disk_is_removable": false,
                        "disk_file_system": "ext4",
                        "disk_total_bytes": "33634926592",
                        "disk_available_bytes": "9871077376",
                        "disk_name": "/dev/nvme0n1p4"
                    }
                ]
            }
        },
        "consumers": [
            {
                "exe": "/",
                "cmdline": "runcinit",
                "pid": 465158,
                "resources_usage": null,
                "consumption": 419276.62,
                "timestamp": 1721775009.2359495,
                "container": null
            },
            {
                "exe": "/usr/local/bin/scaphandre",
                "cmdline": "/usr/local/bin/scaphandrejson-s0--step-nano10000000-f/home/ce-p2-r-1/9/power.json",
                "pid": 465086,
                "resources_usage": null,
                "consumption": 209638.31,
                "timestamp": 1721775009.2359598,
                "container": null
            },
            {
                "exe": "/usr/bin/udevadm",
                "cmdline": "/lib/systemd/systemd-udevd",
                "pid": 465051,
                "resources_usage": null,
                "consumption": 0.0,
                "timestamp": 1721775009.2359307,
                "container": null
            },
            {
                "exe": "",
                "cmdline": "",
                "pid": 42,
                "resources_usage": null,
                "consumption": 0.0,
                "timestamp": 1721775009.2359319,
                "container": null
            },
            {
                "exe": "",
                "cmdline": "",
                "pid": 8,
                "resources_usage": null,
                "consumption": 0.0,
                "timestamp": 1721775009.235932,
                "container": null
            },
            {
                "exe": "",
                "cmdline": "",
                "pid": 14,
                "resources_usage": null,
                "consumption": 0.0,
                "timestamp": 1721775009.2359324,
                "container": null
            },
            {
                "exe": "",
                "cmdline": "",
                "pid": 371,
                "resources_usage": null,
                "consumption": 0.0,
                "timestamp": 1721775009.235933,
                "container": null
            },
            {
                "exe": "",
                "cmdline": "",
                "pid": 130,
                "resources_usage": null,
                "consumption": 0.0,
                "timestamp": 1721775009.2359333,
                "container": null
            },
            {
                "exe": "",
                "cmdline": "",
                "pid": 65,
                "resources_usage": null,
                "consumption": 0.0,
                "timestamp": 1721775009.2359335,
                "container": null
            },
            {
                "exe": "/usr/lib/systemd/systemd-logind",
                "cmdline": "/lib/systemd/systemd-logind",
                "pid": 825,
                "resources_usage": null,
                "consumption": 0.0,
                "timestamp": 1721775009.2359338,
                "container": null
            }
        ],
        "sockets": [
            {
                "id": 0,
                "consumption": 17661912.0,
                "domains": [
                    {
                        "name": "uncore",
                        "consumption": 0.0,
                        "timestamp": 1721775009.2177172
                    },
                    {
                        "name": "core",
                        "consumption": 15462258.0,
                        "timestamp": 1721775009.217705
                    }
                ],
                "timestamp": 1721775009.2175856
            }
        ]
    },
    {
        "host": {
            "consumption": 20224428.0,
            "timestamp": 1721775009.2784948,
            "components": {
                "disks": [
                    {
                        "disk_type": "SSD",
                        "disk_mount_point": "/etc/hosts",
                        "disk_is_removable": false,
                        "disk_file_system": "ext4",
                        "disk_total_bytes": "33634926592",
                        "disk_available_bytes": "9871073280",
                        "disk_name": "/dev/nvme0n1p4"
                    }
                ]
            }
        },
        "consumers": [
            {
                "exe": "/",
                "cmdline": "runcinit",
                "pid": 465158,
                "resources_usage": null,
                "consumption": 478684.7,
                "timestamp": 1721775009.2783995,
                "container": null
            },
            {
                "exe": "/usr/local/bin/scaphandre",
                "cmdline": "/usr/local/bin/scaphandrejson-s0--step-nano10000000-f/home/ce-p2-r-1/9/power.json",
                "pid": 465086,
                "resources_usage": null,
                "consumption": 119671.17,
                "timestamp": 1721775009.2784095,
                "container": null
            },
            {
                "exe": "/usr/bin/udevadm",
                "cmdline": "/lib/systemd/systemd-udevd",
                "pid": 465051,
                "resources_usage": null,
                "consumption": 0.0,
                "timestamp": 1721775009.2783816,
                "container": null
            },
            {
                "exe": "",
                "cmdline": "",
                "pid": 42,
                "resources_usage": null,
                "consumption": 0.0,
                "timestamp": 1721775009.2783828,
                "container": null
            },
            {
                "exe": "",
                "cmdline": "",
                "pid": 8,
                "resources_usage": null,
                "consumption": 0.0,
                "timestamp": 1721775009.278383,
                "container": null
            },
            {
                "exe": "",
                "cmdline": "",
                "pid": 14,
                "resources_usage": null,
                "consumption": 0.0,
                "timestamp": 1721775009.2783833,
                "container": null
            },
            {
                "exe": "",
                "cmdline": "",
                "pid": 371,
                "resources_usage": null,
                "consumption": 0.0,
                "timestamp": 1721775009.2783837,
                "container": null
            },
            {
                "exe": "",
                "cmdline": "",
                "pid": 130,
                "resources_usage": null,
                "consumption": 0.0,
                "timestamp": 1721775009.2783837,
                "container": null
            },
            {
                "exe": "",
                "cmdline": "",
                "pid": 65,
                "resources_usage": null,
                "consumption": 0.0,
                "timestamp": 1721775009.2783842,
                "container": null
            },
            {
                "exe": "/usr/lib/systemd/systemd-logind",
                "cmdline": "/lib/systemd/systemd-logind",
                "pid": 825,
                "resources_usage": null,
                "consumption": 0.0,
                "timestamp": 1721775009.2783844,
                "container": null
            }
        ],
        "sockets": [
            {
                "id": 0,
                "consumption": 18601394.0,
                "domains": [
                    {
                        "name": "uncore",
                        "consumption": 0.0,
                        "timestamp": 1721775009.2514536
                    },
                    {
                        "name": "core",
                        "consumption": 16346294.0,
                        "timestamp": 1721775009.2514443
                    }
                ],
                "timestamp": 1721775009.2513196
            }
        ]
    }
]