{
    "timestamp_analysis": {
        "mean": 0.024952688794227164,
        "std": 0.001717502881385099,
        "min": 0.02134561538696289,
        "max": 0.033926963806152344,
        "median": 0.02463531494140625,
        "running_time": 15.670408248901367
    },
    "host_energy_analysis": {
        "total": 284.93857091180405,
        "per_repetition": 5.698771418236081e-07
    },
    "host_power_analysis": {
        "mean": 18.16495726391097,
        "std": 5.491349044489951,
        "min": 3.408419,
        "max": 39.449504,
        "median": 18.22505
    },
    "process_energy_analysis": {
        "total": 4.293969868168417,
        "per_repetition": 8.587939736336834e-09
    }
}