{
    "timestamp_analysis": {
        "mean": 0.024990954825548622,
        "std": 0.0016435427428010936,
        "min": 0.021880149841308594,
        "max": 0.03620648384094238,
        "median": 0.02463841438293457,
        "running_time": 15.369604110717773
    },
    "host_energy_analysis": {
        "total": 292.65790760622826,
        "per_repetition": 5.853158152124565e-07
    },
    "host_power_analysis": {
        "mean": 19.071688709415582,
        "std": 5.762015629373175,
        "min": 4.4415,
        "max": 35.14973,
        "median": 18.95389
    },
    "process_energy_analysis": {
        "total": 4.379883784914114,
        "per_repetition": 8.759767569828227e-09
    }
}