{
    "timestamp_analysis": {
        "mean": 0.034836487083583494,
        "std": 0.009683955176440951,
        "min": 0.031442880630493164,
        "max": 0.18731260299682617,
        "median": 0.03397345542907715,
        "running_time": 8.953109979629517
    },
    "host_energy_analysis": {
        "total": 171.72926123991647,
        "per_repetition": 0.0017172926123991646
    },
    "host_power_analysis": {
        "mean": 19.185830678294572,
        "std": 5.327712664647313,
        "min": 9.472077,
        "max": 36.60943,
        "median": 18.906726
    },
    "process_energy_analysis": {
        "total": 3.6355435402244076,
        "per_repetition": 3.635543540224408e-05
    }
}