{
    "timestamp_analysis": {
        "mean": 0.03463612794876099,
        "std": 0.0016903543838461196,
        "min": 0.03181195259094238,
        "max": 0.03883624076843262,
        "median": 0.03477740287780762,
        "running_time": 0.692828893661499
    },
    "host_energy_analysis": {
        "total": 11.819984442296267,
        "per_repetition": 0.00011819984442296268
    },
    "host_power_analysis": {
        "mean": 17.004341428571426,
        "std": 3.7432347310387386,
        "min": 9.539883,
        "max": 22.937288,
        "median": 17.735572
    },
    "process_energy_analysis": {
        "total": 0.24015485420195218,
        "per_repetition": 2.401548542019522e-06
    }
}