[
    {
        "host": {
            "consumption": 13250971.0,
            "timestamp": 1721774951.2809372,
            "components": {
                "disks": [
                    {
                        "disk_type": "SSD",
                        "disk_mount_point": "/etc/hosts",
                        "disk_is_removable": false,
                        "disk_file_system": "ext4",
                        "disk_total_bytes": "33634926592",
                        "disk_available_bytes": "9872171008",
                        "disk_name": "/dev/nvme0n1p4"
                    }
                ]
            }
        },
        "consumers": [
            {
                "exe": "/usr/local/bin/scaphandre",
                "cmdline": "/usr/local/bin/scaphandrejson-s0--step-nano10000000-f/home/ce-p2-r-1/0/power.json",
                "pid": 462871,
                "resources_usage": null,
                "consumption": 217229.03,
                "timestamp": 1721774951.2808828,
                "container": null
            },
            {
                "exe": "/",
                "cmdline": "runcinit",
                "pid": 462945,
                "resources_usage": null,
                "consumption": 217229.03,
                "timestamp": 1721774951.2808783,
                "container": null
            },
            {
                "exe": "/usr/bin/python3.10",
                "cmdline": "python3src/experiment/runner.pytest.yaml",
                "pid": 458168,
                "resources_usage": null,
                "consumption": 72409.67,
                "timestamp": 1721774951.280887,
                "container": null
            },
            {
                "exe": "",
                "cmdline": "",
                "pid": 52,
                "resources_usage": null,
                "consumption": 0.0,
                "timestamp": 1721774951.2808309,
                "container": null
            },
            {
                "exe": "",
                "cmdline": "",
                "pid": 242,
                "resources_usage": null,
                "consumption": 0.0,
                "timestamp": 1721774951.2808318,
                "container": null
            },
            {
                "exe": "",
                "cmdline": "",
                "pid": 133,
                "resources_usage": null,
                "consumption": 0.0,
                "timestamp": 1721774951.2808323,
                "container": null
            },
            {
                "exe": "",
                "cmdline": "",
                "pid": 401058,
                "resources_usage": null,
                "consumption": 0.0,
                "timestamp": 1721774951.2808325,
                "container": null
            },
            {
                "exe": "/usr/bin/udevadm",
                "cmdline": "/lib/systemd/systemd-udevd",
                "pid": 462834,
                "resources_usage": null,
                "consumption": 0.0,
                "timestamp": 1721774951.2808328,
                "container": null
            },
            {
                "exe": "",
                "cmdline": "",
                "pid": 141,
                "resources_usage": null,
                "consumption": 0.0,
                "timestamp": 1721774951.2808332,
                "container": null
            },
            {
                "exe": "",
                "cmdline": "",
                "pid": 461688,
                "resources_usage": null,
                "consumption": 0.0,
                "timestamp": 1721774951.2808335,
                "container": null
            }
        ],
        "sockets": [
            {
                "id": 0,
                "consumption": 8322436.0,
                "domains": [
                    {
                        "name": "uncore",
                        "consumption": 0.0,
                        "timestamp": 1721774951.2634044
                    },
                    {
                        "name": "core",
                        "consumption": 5406107.0,
                        "timestamp": 1721774951.2633934
                    }
                ],
                "timestamp": 1721774951.263257
            }
        ]
    },
    {
        "host": {
            "consumption": 19443224.0,
            "timestamp": 1721774951.3132327,
            "components": {
                "disks": [
                    {
                        "disk_type": "SSD",
                        "disk_mount_point": "/etc/hosts",
                        "disk_is_removable": false,
                        "disk_file_system": "ext4",
                        "disk_total_bytes": "33634926592",
                        "disk_available_bytes": "9872171008",
                        "disk_name": "/dev/nvme0n1p4"
                    }
                ]
            }
        },
        "consumers": [
            {
                "exe": "/",
                "cmdline": "runcinit",
                "pid": 462945,
                "resources_usage": null,
                "consumption": 318741.38,
                "timestamp": 1721774951.313172,
                "container": null
            },
            {
                "exe": "/usr/local/bin/scaphandre",
                "cmdline": "/usr/local/bin/scaphandrejson-s0--step-nano10000000-f/home/ce-p2-r-1/0/power.json",
                "pid": 462871,
                "resources_usage": null,
                "consumption": 106247.12,
                "timestamp": 1721774951.3131762,
                "container": null
            },
            {
                "exe": "",
                "cmdline": "",
                "pid": 52,
                "resources_usage": null,
                "consumption": 0.0,
                "timestamp": 1721774951.3131273,
                "container": null
            },
            {
                "exe": "",
                "cmdline": "",
                "pid": 242,
                "resources_usage": null,
                "consumption": 0.0,
                "timestamp": 1721774951.3131285,
                "container": null
            },
            {
                "exe": "",
                "cmdline": "",
                "pid": 133,
                "resources_usage": null,
                "consumption": 0.0,
                "timestamp": 1721774951.3131287,
                "container": null
            },
            {
                "exe": "",
                "cmdline": "",
                "pid": 401058,
                "resources_usage": null,
                "consumption": 0.0,
                "timestamp": 1721774951.313129,
                "container": null
            },
            {
                "exe": "/usr/bin/udevadm",
                "cmdline": "/lib/systemd/systemd-udevd",
                "pid": 462834,
                "resources_usage": null,
                "consumption": 0.0,
                "timestamp": 1721774951.3131292,
                "container": null
            },
            {
                "exe": "",
                "cmdline": "",
                "pid": 141,
                "resources_usage": null,
                "consumption": 0.0,
                "timestamp": 1721774951.3131294,
                "container": null
            },
            {
                "exe": "",
                "cmdline": "",
                "pid": 461688,
                "resources_usage": null,
                "consumption": 0.0,
                "timestamp": 1721774951.3131297,
                "container": null
            },
            {
                "exe": "",
                "cmdline": "",
                "pid": 43,
                "resources_usage": null,
                "consumption": 0.0,
                "timestamp": 1721774951.31313,
                "container": null
            }
        ],
        "sockets": [
            {
                "id": 0,
                "consumption": 16098287.0,
                "domains": [
                    {
                        "name": "uncore",
                        "consumption": 0.0,
                        "timestamp": 1721774951.2959967
                    },
                    {
                        "name": "core",
                        "consumption": 13254365.0,
                        "timestamp": 1721774951.295987
                    }
                ],
                "timestamp": 1721774951.295882
            }
        ]
    },
    {
        "host": {
            "consumption": 16544349.0,
            "timestamp": 1721774951.345775,
            "components": {
                "disks": [
                    {
                        "disk_type": "SSD",
                        "disk_mount_point": "/etc/hosts",
                        "disk_is_removable": false,
                        "disk_file_system": "ext4",
                        "disk_total_bytes": "33634926592",
                        "disk_available_bytes": "9872166912",
                        "disk_name": "/dev/nvme0n1p4"
                    }
                ]
            }
        },
        "consumers": [
            {
                "exe": "/usr/local/bin/scaphandre",
                "cmdline": "/usr/local/bin/scaphandrejson-s0--step-nano10000000-f/home/ce-p2-r-1/0/power.json",
                "pid": 462871,
                "resources_usage": null,
                "consumption": 285247.4,
                "timestamp": 1721774951.3457134,
                "container": null
            },
            {
                "exe": "/",
                "cmdline": "runcinit",
                "pid": 462945,
                "resources_usage": null,
                "consumption": 285247.4,
                "timestamp": 1721774951.3457086,
                "container": null
            },
            {
                "exe": "",
                "cmdline": "",
                "pid": 52,
                "resources_usage": null,
                "consumption": 0.0,
                "timestamp": 1721774951.345662,
                "container": null
            },
            {
                "exe": "",
                "cmdline": "",
                "pid": 242,
                "resources_usage": null,
                "consumption": 0.0,
                "timestamp": 1721774951.3456633,
                "container": null
            },
            {
                "exe": "",
                "cmdline": "",
                "pid": 133,
                "resources_usage": null,
                "consumption": 0.0,
                "timestamp": 1721774951.3456638,
                "container": null
            },
            {
                "exe": "",
                "cmdline": "",
                "pid": 401058,
                "resources_usage": null,
                "consumption": 0.0,
                "timestamp": 1721774951.3456643,
                "container": null
            },
            {
                "exe": "/usr/bin/udevadm",
                "cmdline": "/lib/systemd/systemd-udevd",
                "pid": 462834,
                "resources_usage": null,
                "consumption": 0.0,
                "timestamp": 1721774951.3456645,
                "container": null
            },
            {
                "exe": "",
                "cmdline": "",
                "pid": 141,
                "resources_usage": null,
                "consumption": 0.0,
                "timestamp": 1721774951.3456647,
                "container": null
            },
            {
                "exe": "",
                "cmdline": "",
                "pid": 461688,
                "resources_usage": null,
                "consumption": 0.0,
                "timestamp": 1721774951.3456652,
                "container": null
            },
            {
                "exe": "",
                "cmdline": "",
                "pid": 43,
                "resources_usage": null,
                "consumption": 0.0,
                "timestamp": 1721774951.3456655,
                "container": null
            }
        ],
        "sockets": [
            {
                "id": 0,
                "consumption": 18812072.0,
                "domains": [
                    {
                        "name": "uncore",
                        "consumption": 0.0,
                        "timestamp": 1721774951.3284094
                    },
                    {
                        "name": "core",
                        "consumption": 16077059.0,
                        "timestamp": 1721774951.3283968
                    }
                ],
                "timestamp": 1721774951.328132
            }
        ]
    },
    {
        "host": {
            "consumption": 19541758.0,
            "timestamp": 1721774951.379719,
            "components": {
                "disks": [
                    {
                        "disk_type": "SSD",
                        "disk_mount_point": "/etc/hosts",
                        "disk_is_removable": false,
                        "disk_file_system": "ext4",
                        "disk_total_bytes": "33634926592",
                        "disk_available_bytes": "9872166912",
                        "disk_name": "/dev/nvme0n1p4"
                    }
                ]
            }
        },
        "consumers": [
            {
                "exe": "/",
                "cmdline": "runcinit",
                "pid": 462945,
                "resources_usage": null,
                "consumption": 449235.8,
                "timestamp": 1721774951.3796585,
                "container": null
            },
            {
                "exe": "/home/philipp/.vscode-server/cli/servers/Stable-f1e16e1e6214d7c44d078b1f0607b2388f29d729/server/node",
                "cmdline": "/home/philipp/.vscode-server/cli/servers/Stable-f1e16e1e6214d7c44d078b1f0607b2388f29d729/server/node--dns-result-order=ipv4first/home/philipp/.vscode-server/cli/servers/Stable-f1e16e1e6214d7c44d078b1f0607b2388f29d729/server/out/bootstrap-fork--type=extensionHost--transformURIs--useHostProxy=false",
                "pid": 1834,
                "resources_usage": null,
                "consumption": 112308.95,
                "timestamp": 1721774951.3796554,
                "container": null
            },
            {
                "exe": "/usr/local/bin/scaphandre",
                "cmdline": "/usr/local/bin/scaphandrejson-s0--step-nano10000000-f/home/ce-p2-r-1/0/power.json",
                "pid": 462871,
                "resources_usage": null,
                "consumption": 112308.95,
                "timestamp": 1721774951.3796628,
                "container": null
            },
            {
                "exe": "",
                "cmdline": "",
                "pid": 52,
                "resources_usage": null,
                "consumption": 0.0,
                "timestamp": 1721774951.3796117,
                "container": null
            },
            {
                "exe": "",
                "cmdline": "",
                "pid": 242,
                "resources_usage": null,
                "consumption": 0.0,
                "timestamp": 1721774951.379613,
                "container": null
            },
            {
                "exe": "",
                "cmdline": "",
                "pid": 133,
                "resources_usage": null,
                "consumption": 0.0,
                "timestamp": 1721774951.3796134,
                "container": null
            },
            {
                "exe": "",
                "cmdline": "",
                "pid": 401058,
                "resources_usage": null,
                "consumption": 0.0,
                "timestamp": 1721774951.3796139,
                "container": null
            },
            {
                "exe": "/usr/bin/udevadm",
                "cmdline": "/lib/systemd/systemd-udevd",
                "pid": 462834,
                "resources_usage": null,
                "consumption": 0.0,
                "timestamp": 1721774951.379614,
                "container": null
            },
            {
                "exe": "",
                "cmdline": "",
                "pid": 141,
                "resources_usage": null,
                "consumption": 0.0,
                "timestamp": 1721774951.3796144,
                "container": null
            },
            {
                "exe": "",
                "cmdline": "",
                "pid": 461688,
                "resources_usage": null,
                "consumption": 0.0,
                "timestamp": 1721774951.3796146,
                "container": null
            }
        ],
        "sockets": [
            {
                "id": 0,
                "consumption": 14304268.0,
                "domains": [
                    {
                        "name": "uncore",
                        "consumption": 0.0,
                        "timestamp": 1721774951.3608031
                    },
                    {
                        "name": "core",
                        "consumption": 11585455.0,
                        "timestamp": 1721774951.3607912
                    }
                ],
                "timestamp": 1721774951.3606842
            }
        ]
    },
    {
        "host": {
            "consumption": 19836600.0,
            "timestamp": 1721774951.411531,
            "components": {
                "disks": [
                    {
                        "disk_type": "SSD",
                        "disk_mount_point": "/etc/hosts",
                        "disk_is_removable": false,
                        "disk_file_system": "ext4",
                        "disk_total_bytes": "33634926592",
                        "disk_available_bytes": "9872162816",
                        "disk_name": "/dev/nvme0n1p4"
                    }
                ]
            }
        },
        "consumers": [
            {
                "exe": "/usr/local/bin/scaphandre",
                "cmdline": "/usr/local/bin/scaphandrejson-s0--step-nano10000000-f/home/ce-p2-r-1/0/power.json",
                "pid": 462871,
                "resources_usage": null,
                "consumption": 342010.34,
                "timestamp": 1721774951.4114788,
                "container": null
            },
            {
                "exe": "/",
                "cmdline": "runcinit",
                "pid": 462945,
                "resources_usage": null,
                "consumption": 342010.34,
                "timestamp": 1721774951.4114742,
                "container": null
            },
            {
                "exe": "",
                "cmdline": "",
                "pid": 52,
                "resources_usage": null,
                "consumption": 0.0,
                "timestamp": 1721774951.4114318,
                "container": null
            },
            {
                "exe": "",
                "cmdline": "",
                "pid": 242,
                "resources_usage": null,
                "consumption": 0.0,
                "timestamp": 1721774951.4114327,
                "container": null
            },
            {
                "exe": "",
                "cmdline": "",
                "pid": 133,
                "resources_usage": null,
                "consumption": 0.0,
                "timestamp": 1721774951.4114332,
                "container": null
            },
            {
                "exe": "",
                "cmdline": "",
                "pid": 401058,
                "resources_usage": null,
                "consumption": 0.0,
                "timestamp": 1721774951.4114335,
                "container": null
            },
            {
                "exe": "/usr/bin/udevadm",
                "cmdline": "/lib/systemd/systemd-udevd",
                "pid": 462834,
                "resources_usage": null,
                "consumption": 0.0,
                "timestamp": 1721774951.4114337,
                "container": null
            },
            {
                "exe": "",
                "cmdline": "",
                "pid": 141,
                "resources_usage": null,
                "consumption": 0.0,
                "timestamp": 1721774951.411434,
                "container": null
            },
            {
                "exe": "",
                "cmdline": "",
                "pid": 461688,
                "resources_usage": null,
                "consumption": 0.0,
                "timestamp": 1721774951.4114342,
                "container": null
            },
            {
                "exe": "",
                "cmdline": "",
                "pid": 43,
                "resources_usage": null,
                "consumption": 0.0,
                "timestamp": 1721774951.4114344,
                "container": null
            }
        ],
        "sockets": [
            {
                "id": 0,
                "consumption": 20648264.0,
                "domains": [
                    {
                        "name": "uncore",
                        "consumption": 0.0,
                        "timestamp": 1721774951.394831
                    },
                    {
                        "name": "core",
                        "consumption": 18265924.0,
                        "timestamp": 1721774951.3948207
                    }
                ],
                "timestamp": 1721774951.394713
            }
        ]
    },
    {
        "host": {
            "consumption": 22937288.0,
            "timestamp": 1721774951.4445374,
            "components": {
                "disks": [
                    {
                        "disk_type": "SSD",
                        "disk_mount_point": "/etc/hosts",
                        "disk_is_removable": false,
                        "disk_file_system": "ext4",
                        "disk_total_bytes": "33634926592",
                        "disk_available_bytes": "9872162816",
                        "disk_name": "/dev/nvme0n1p4"
                    }
                ]
            }
        },
        "consumers": [
            {
                "exe": "/",
                "cmdline": "runcinit",
                "pid": 462945,
                "resources_usage": null,
                "consumption": 395470.47,
                "timestamp": 1721774951.4444418,
                "container": null
            },
            {
                "exe": "/usr/local/bin/scaphandre",
                "cmdline": "/usr/local/bin/scaphandrejson-s0--step-nano10000000-f/home/ce-p2-r-1/0/power.json",
                "pid": 462871,
                "resources_usage": null,
                "consumption": 263646.97,
                "timestamp": 1721774951.4444468,
                "container": null
            },
            {
                "exe": "",
                "cmdline": "",
                "pid": 52,
                "resources_usage": null,
                "consumption": 0.0,
                "timestamp": 1721774951.444382,
                "container": null
            },
            {
                "exe": "",
                "cmdline": "",
                "pid": 242,
                "resources_usage": null,
                "consumption": 0.0,
                "timestamp": 1721774951.4443831,
                "container": null
            },
            {
                "exe": "",
                "cmdline": "",
                "pid": 133,
                "resources_usage": null,
                "consumption": 0.0,
                "timestamp": 1721774951.4443836,
                "container": null
            },
            {
                "exe": "",
                "cmdline": "",
                "pid": 401058,
                "resources_usage": null,
                "consumption": 0.0,
                "timestamp": 1721774951.444384,
                "container": null
            },
            {
                "exe": "/usr/bin/udevadm",
                "cmdline": "/lib/systemd/systemd-udevd",
                "pid": 462834,
                "resources_usage": null,
                "consumption": 0.0,
                "timestamp": 1721774951.4443843,
                "container": null
            },
            {
                "exe": "",
                "cmdline": "",
                "pid": 141,
                "resources_usage": null,
                "consumption": 0.0,
                "timestamp": 1721774951.4443848,
                "container": null
            },
            {
                "exe": "",
                "cmdline": "",
                "pid": 461688,
                "resources_usage": null,
                "consumption": 0.0,
                "timestamp": 1721774951.4443853,
                "container": null
            },
            {
                "exe": "",
                "cmdline": "",
                "pid": 43,
                "resources_usage": null,
                "consumption": 0.0,
                "timestamp": 1721774951.4443855,
                "container": null
            }
        ],
        "sockets": [
            {
                "id": 0,
                "consumption": 19139248.0,
                "domains": [
                    {
                        "name": "uncore",
                        "consumption": 0.0,
                        "timestamp": 1721774951.4269047
                    },
                    {
                        "name": "core",
                        "consumption": 16513762.0,
                        "timestamp": 1721774951.4268947
                    }
                ],
                "timestamp": 1721774951.4267879
            }
        ]
    },
    {
        "host": {
            "consumption": 14162995.0,
            "timestamp": 1721774951.4779875,
            "components": {
                "disks": [
                    {
                        "disk_type": "SSD",
                        "disk_mount_point": "/etc/hosts",
                        "disk_is_removable": false,
                        "disk_file_system": "ext4",
                        "disk_total_bytes": "33634926592",
                        "disk_available_bytes": "9872150528",
                        "disk_name": "/dev/nvme0n1p4"
                    }
                ]
            }
        },
        "consumers": [
            {
                "exe": "/",
                "cmdline": "runcinit",
                "pid": 462945,
                "resources_usage": null,
                "consumption": 244189.56,
                "timestamp": 1721774951.4779296,
                "container": null
            },
            {
                "exe": "/usr/local/bin/scaphandre",
                "cmdline": "/usr/local/bin/scaphandrejson-s0--step-nano10000000-f/home/ce-p2-r-1/0/power.json",
                "pid": 462871,
                "resources_usage": null,
                "consumption": 81396.52,
                "timestamp": 1721774951.4779346,
                "container": null
            },
            {
                "exe": "/usr/bin/tmux",
                "cmdline": "tmux",
                "pid": 4705,
                "resources_usage": null,
                "consumption": 81396.52,
                "timestamp": 1721774951.4779403,
                "container": null
            },
            {
                "exe": "",
                "cmdline": "",
                "pid": 52,
                "resources_usage": null,
                "consumption": 0.0,
                "timestamp": 1721774951.4778786,
                "container": null
            },
            {
                "exe": "",
                "cmdline": "",
                "pid": 242,
                "resources_usage": null,
                "consumption": 0.0,
                "timestamp": 1721774951.4778795,
                "container": null
            },
            {
                "exe": "",
                "cmdline": "",
                "pid": 133,
                "resources_usage": null,
                "consumption": 0.0,
                "timestamp": 1721774951.47788,
                "container": null
            },
            {
                "exe": "",
                "cmdline": "",
                "pid": 401058,
                "resources_usage": null,
                "consumption": 0.0,
                "timestamp": 1721774951.4778802,
                "container": null
            },
            {
                "exe": "/usr/bin/udevadm",
                "cmdline": "/lib/systemd/systemd-udevd",
                "pid": 462834,
                "resources_usage": null,
                "consumption": 0.0,
                "timestamp": 1721774951.4778805,
                "container": null
            },
            {
                "exe": "",
                "cmdline": "",
                "pid": 141,
                "resources_usage": null,
                "consumption": 0.0,
                "timestamp": 1721774951.477881,
                "container": null
            },
            {
                "exe": "",
                "cmdline": "",
                "pid": 461688,
                "resources_usage": null,
                "consumption": 0.0,
                "timestamp": 1721774951.4778812,
                "container": null
            }
        ],
        "sockets": [
            {
                "id": 0,
                "consumption": 21995204.0,
                "domains": [
                    {
                        "name": "uncore",
                        "consumption": 0.0,
                        "timestamp": 1721774951.4612036
                    },
                    {
                        "name": "core",
                        "consumption": 19088000.0,
                        "timestamp": 1721774951.4611917
                    }
                ],
                "timestamp": 1721774951.4610581
            }
        ]
    },
    {
        "host": {
            "consumption": 10794087.0,
            "timestamp": 1721774951.5126438,
            "components": {
                "disks": [
                    {
                        "disk_type": "SSD",
                        "disk_mount_point": "/etc/hosts",
                        "disk_is_removable": false,
                        "disk_file_system": "ext4",
                        "disk_total_bytes": "33634926592",
                        "disk_available_bytes": "9872150528",
                        "disk_name": "/dev/nvme0n1p4"
                    }
                ]
            }
        },
        "consumers": [
            {
                "exe": "/",
                "cmdline": "runcinit",
                "pid": 462945,
                "resources_usage": null,
                "consumption": 248139.92,
                "timestamp": 1721774951.5125775,
                "container": null
            },
            {
                "exe": "/usr/local/bin/scaphandre",
                "cmdline": "/usr/local/bin/scaphandrejson-s0--step-nano10000000-f/home/ce-p2-r-1/0/power.json",
                "pid": 462871,
                "resources_usage": null,
                "consumption": 124069.96,
                "timestamp": 1721774951.5125823,
                "container": null
            },
            {
                "exe": "",
                "cmdline": "",
                "pid": 52,
                "resources_usage": null,
                "consumption": 0.0,
                "timestamp": 1721774951.5125275,
                "container": null
            },
            {
                "exe": "",
                "cmdline": "",
                "pid": 242,
                "resources_usage": null,
                "consumption": 0.0,
                "timestamp": 1721774951.5125284,
                "container": null
            },
            {
                "exe": "",
                "cmdline": "",
                "pid": 133,
                "resources_usage": null,
                "consumption": 0.0,
                "timestamp": 1721774951.5125287,
                "container": null
            },
            {
                "exe": "",
                "cmdline": "",
                "pid": 401058,
                "resources_usage": null,
                "consumption": 0.0,
                "timestamp": 1721774951.512529,
                "container": null
            },
            {
                "exe": "/usr/bin/udevadm",
                "cmdline": "/lib/systemd/systemd-udevd",
                "pid": 462834,
                "resources_usage": null,
                "consumption": 0.0,
                "timestamp": 1721774951.5125291,
                "container": null
            },
            {
                "exe": "",
                "cmdline": "",
                "pid": 141,
                "resources_usage": null,
                "consumption": 0.0,
                "timestamp": 1721774951.5125296,
                "container": null
            },
            {
                "exe": "",
                "cmdline": "",
                "pid": 461688,
                "resources_usage": null,
                "consumption": 0.0,
                "timestamp": 1721774951.5125299,
                "container": null
            },
            {
                "exe": "",
                "cmdline": "",
                "pid": 43,
                "resources_usage": null,
                "consumption": 0.0,
                "timestamp": 1721774951.5125325,
                "container": null
            }
        ],
        "sockets": [
            {
                "id": 0,
                "consumption": 15170544.0,
                "domains": [
                    {
                        "name": "uncore",
                        "consumption": 0.0,
                        "timestamp": 1721774951.4939191
                    },
                    {
                        "name": "core",
                        "consumption": 12427052.0,
                        "timestamp": 1721774951.493907
                    }
                ],
                "timestamp": 1721774951.4937954
            }
        ]
    },
    {
        "host": {
            "consumption": 16305005.0,
            "timestamp": 1721774951.5479734,
            "components": {
                "disks": [
                    {
                        "disk_type": "SSD",
                        "disk_mount_point": "/etc/hosts",
                        "disk_is_removable": false,
                        "disk_file_system": "ext4",
                        "disk_total_bytes": "33634926592",
                        "disk_available_bytes": "9872150528",
                        "disk_name": "/dev/nvme0n1p4"
                    }
                ]
            }
        },
        "consumers": [
            {
                "exe": "/usr/local/bin/scaphandre",
                "cmdline": "/usr/local/bin/scaphandrejson-s0--step-nano10000000-f/home/ce-p2-r-1/0/power.json",
                "pid": 462871,
                "resources_usage": null,
                "consumption": 303819.97,
                "timestamp": 1721774951.5479074,
                "container": null
            },
            {
                "exe": "/",
                "cmdline": "runcinit",
                "pid": 462945,
                "resources_usage": null,
                "consumption": 303819.97,
                "timestamp": 1721774951.547902,
                "container": null
            },
            {
                "exe": "",
                "cmdline": "",
                "pid": 52,
                "resources_usage": null,
                "consumption": 0.0,
                "timestamp": 1721774951.5478506,
                "container": null
            },
            {
                "exe": "",
                "cmdline": "",
                "pid": 242,
                "resources_usage": null,
                "consumption": 0.0,
                "timestamp": 1721774951.547852,
                "container": null
            },
            {
                "exe": "",
                "cmdline": "",
                "pid": 133,
                "resources_usage": null,
                "consumption": 0.0,
                "timestamp": 1721774951.5478523,
                "container": null
            },
            {
                "exe": "",
                "cmdline": "",
                "pid": 401058,
                "resources_usage": null,
                "consumption": 0.0,
                "timestamp": 1721774951.5478528,
                "container": null
            },
            {
                "exe": "/usr/bin/udevadm",
                "cmdline": "/lib/systemd/systemd-udevd",
                "pid": 462834,
                "resources_usage": null,
                "consumption": 0.0,
                "timestamp": 1721774951.547853,
                "container": null
            },
            {
                "exe": "",
                "cmdline": "",
                "pid": 141,
                "resources_usage": null,
                "consumption": 0.0,
                "timestamp": 1721774951.5478535,
                "container": null
            },
            {
                "exe": "",
                "cmdline": "",
                "pid": 461688,
                "resources_usage": null,
                "consumption": 0.0,
                "timestamp": 1721774951.5478537,
                "container": null
            },
            {
                "exe": "",
                "cmdline": "",
                "pid": 43,
                "resources_usage": null,
                "consumption": 0.0,
                "timestamp": 1721774951.5478542,
                "container": null
            }
        ],
        "sockets": [
            {
                "id": 0,
                "consumption": 8844606.0,
                "domains": [
                    {
                        "name": "uncore",
                        "consumption": 0.0,
                        "timestamp": 1721774951.5284066
                    },
                    {
                        "name": "core",
                        "consumption": 6525284.0,
                        "timestamp": 1721774951.5283937
                    }
                ],
                "timestamp": 1721774951.52812
            }
        ]
    },
    {
        "host": {
            "consumption": 20168208.0,
            "timestamp": 1721774951.5850425,
            "components": {
                "disks": [
                    {
                        "disk_type": "SSD",
                        "disk_mount_point": "/etc/hosts",
                        "disk_is_removable": false,
                        "disk_file_system": "ext4",
                        "disk_total_bytes": "33634926592",
                        "disk_available_bytes": "9872146432",
                        "disk_name": "/dev/nvme0n1p4"
                    }
                ]
            }
        },
        "consumers": [
            {
                "exe": "/",
                "cmdline": "runcinit",
                "pid": 462945,
                "resources_usage": null,
                "consumption": 501073.5,
                "timestamp": 1721774951.58498,
                "container": null
            },
            {
                "exe": "/usr/local/bin/scaphandre",
                "cmdline": "/usr/local/bin/scaphandrejson-s0--step-nano10000000-f/home/ce-p2-r-1/0/power.json",
                "pid": 462871,
                "resources_usage": null,
                "consumption": 250536.75,
                "timestamp": 1721774951.5849845,
                "container": null
            },
            {
                "exe": "",
                "cmdline": "",
                "pid": 52,
                "resources_usage": null,
                "consumption": 0.0,
                "timestamp": 1721774951.584935,
                "container": null
            },
            {
                "exe": "",
                "cmdline": "",
                "pid": 242,
                "resources_usage": null,
                "consumption": 0.0,
                "timestamp": 1721774951.5849357,
                "container": null
            },
            {
                "exe": "",
                "cmdline": "",
                "pid": 133,
                "resources_usage": null,
                "consumption": 0.0,
                "timestamp": 1721774951.5849361,
                "container": null
            },
            {
                "exe": "",
                "cmdline": "",
                "pid": 401058,
                "resources_usage": null,
                "consumption": 0.0,
                "timestamp": 1721774951.5849366,
                "container": null
            },
            {
                "exe": "/usr/bin/udevadm",
                "cmdline": "/lib/systemd/systemd-udevd",
                "pid": 462834,
                "resources_usage": null,
                "consumption": 0.0,
                "timestamp": 1721774951.5849369,
                "container": null
            },
            {
                "exe": "",
                "cmdline": "",
                "pid": 141,
                "resources_usage": null,
                "consumption": 0.0,
                "timestamp": 1721774951.584937,
                "container": null
            },
            {
                "exe": "",
                "cmdline": "",
                "pid": 461688,
                "resources_usage": null,
                "consumption": 0.0,
                "timestamp": 1721774951.5849376,
                "container": null
            },
            {
                "exe": "",
                "cmdline": "",
                "pid": 43,
                "resources_usage": null,
                "consumption": 0.0,
                "timestamp": 1721774951.5849378,
                "container": null
            }
        ],
        "sockets": [
            {
                "id": 0,
                "consumption": 22951216.0,
                "domains": [
                    {
                        "name": "uncore",
                        "consumption": 0.0,
                        "timestamp": 1721774951.5657167
                    },
                    {
                        "name": "core",
                        "consumption": 20523260.0,
                        "timestamp": 1721774951.5657048
                    }
                ],
                "timestamp": 1721774951.5655768
            }
        ]
    },
    {
        "host": {
            "consumption": 14703861.0,
            "timestamp": 1721774951.6204875,
            "components": {
                "disks": [
                    {
                        "disk_type": "SSD",
                        "disk_mount_point": "/etc/hosts",
                        "disk_is_removable": false,
                        "disk_file_system": "ext4",
                        "disk_total_bytes": "33634926592",
                        "disk_available_bytes": "9872146432",
                        "disk_name": "/dev/nvme0n1p4"
                    }
                ]
            }
        },
        "consumers": [
            {
                "exe": "/",
                "cmdline": "runcinit",
                "pid": 462945,
                "resources_usage": null,
                "consumption": 365313.3,
                "timestamp": 1721774951.6204236,
                "container": null
            },
            {
                "exe": "/usr/local/bin/scaphandre",
                "cmdline": "/usr/local/bin/scaphandrejson-s0--step-nano10000000-f/home/ce-p2-r-1/0/power.json",
                "pid": 462871,
                "resources_usage": null,
                "consumption": 182656.66,
                "timestamp": 1721774951.620428,
                "container": null
            },
            {
                "exe": "",
                "cmdline": "",
                "pid": 52,
                "resources_usage": null,
                "consumption": 0.0,
                "timestamp": 1721774951.6203763,
                "container": null
            },
            {
                "exe": "",
                "cmdline": "",
                "pid": 242,
                "resources_usage": null,
                "consumption": 0.0,
                "timestamp": 1721774951.6203773,
                "container": null
            },
            {
                "exe": "",
                "cmdline": "",
                "pid": 133,
                "resources_usage": null,
                "consumption": 0.0,
                "timestamp": 1721774951.6203778,
                "container": null
            },
            {
                "exe": "",
                "cmdline": "",
                "pid": 401058,
                "resources_usage": null,
                "consumption": 0.0,
                "timestamp": 1721774951.6203783,
                "container": null
            },
            {
                "exe": "/usr/bin/udevadm",
                "cmdline": "/lib/systemd/systemd-udevd",
                "pid": 462834,
                "resources_usage": null,
                "consumption": 0.0,
                "timestamp": 1721774951.6203785,
                "container": null
            },
            {
                "exe": "",
                "cmdline": "",
                "pid": 141,
                "resources_usage": null,
                "consumption": 0.0,
                "timestamp": 1721774951.620379,
                "container": null
            },
            {
                "exe": "",
                "cmdline": "",
                "pid": 461688,
                "resources_usage": null,
                "consumption": 0.0,
                "timestamp": 1721774951.620379,
                "container": null
            },
            {
                "exe": "",
                "cmdline": "",
                "pid": 43,
                "resources_usage": null,
                "consumption": 0.0,
                "timestamp": 1721774951.6203792,
                "container": null
            }
        ],
        "sockets": [
            {
                "id": 0,
                "consumption": 14565208.0,
                "domains": [
                    {
                        "name": "uncore",
                        "consumption": 0.0,
                        "timestamp": 1721774951.6004343
                    },
                    {
                        "name": "core",
                        "consumption": 12346918.0,
                        "timestamp": 1721774951.600422
                    }
                ],
                "timestamp": 1721774951.6003032
            }
        ]
    },
    {
        "host": {
            "consumption": 17824878.0,
            "timestamp": 1721774951.6563349,
            "components": {
                "disks": [
                    {
                        "disk_type": "SSD",
                        "disk_mount_point": "/etc/hosts",
                        "disk_is_removable": false,
                        "disk_file_system": "ext4",
                        "disk_total_bytes": "33634926592",
                        "disk_available_bytes": "9872142336",
                        "disk_name": "/dev/nvme0n1p4"
                    }
                ]
            }
        },
        "consumers": [
            {
                "exe": "/",
                "cmdline": "runcinit",
                "pid": 462945,
                "resources_usage": null,
                "consumption": 332140.6,
                "timestamp": 1721774951.6562138,
                "container": null
            },
            {
                "exe": "/usr/local/bin/scaphandre",
                "cmdline": "/usr/local/bin/scaphandrejson-s0--step-nano10000000-f/home/ce-p2-r-1/0/power.json",
                "pid": 462871,
                "resources_usage": null,
                "consumption": 221427.06,
                "timestamp": 1721774951.6562214,
                "container": null
            },
            {
                "exe": "",
                "cmdline": "",
                "pid": 52,
                "resources_usage": null,
                "consumption": 0.0,
                "timestamp": 1721774951.6561317,
                "container": null
            },
            {
                "exe": "",
                "cmdline": "",
                "pid": 242,
                "resources_usage": null,
                "consumption": 0.0,
                "timestamp": 1721774951.6561332,
                "container": null
            },
            {
                "exe": "",
                "cmdline": "",
                "pid": 133,
                "resources_usage": null,
                "consumption": 0.0,
                "timestamp": 1721774951.656134,
                "container": null
            },
            {
                "exe": "",
                "cmdline": "",
                "pid": 401058,
                "resources_usage": null,
                "consumption": 0.0,
                "timestamp": 1721774951.6561344,
                "container": null
            },
            {
                "exe": "/usr/bin/udevadm",
                "cmdline": "/lib/systemd/systemd-udevd",
                "pid": 462834,
                "resources_usage": null,
                "consumption": 0.0,
                "timestamp": 1721774951.6561346,
                "container": null
            },
            {
                "exe": "",
                "cmdline": "",
                "pid": 141,
                "resources_usage": null,
                "consumption": 0.0,
                "timestamp": 1721774951.6561353,
                "container": null
            },
            {
                "exe": "",
                "cmdline": "",
                "pid": 461688,
                "resources_usage": null,
                "consumption": 0.0,
                "timestamp": 1721774951.656136,
                "container": null
            },
            {
                "exe": "",
                "cmdline": "",
                "pid": 43,
                "resources_usage": null,
                "consumption": 0.0,
                "timestamp": 1721774951.6561363,
                "container": null
            }
        ],
        "sockets": [
            {
                "id": 0,
                "consumption": 18006596.0,
                "domains": [
                    {
                        "name": "uncore",
                        "consumption": 0.0,
                        "timestamp": 1721774951.6359022
                    },
                    {
                        "name": "core",
                        "consumption": 15773556.0,
                        "timestamp": 1721774951.635893
                    }
                ],
                "timestamp": 1721774951.635782
            }
        ]
    },
    {
        "host": {
            "consumption": 17869800.0,
            "timestamp": 1721774951.6928914,
            "components": {
                "disks": [
                    {
                        "disk_type": "SSD",
                        "disk_mount_point": "/etc/hosts",
                        "disk_is_removable": false,
                        "disk_file_system": "ext4",
                        "disk_total_bytes": "33634926592",
                        "disk_available_bytes": "9872142336",
                        "disk_name": "/dev/nvme0n1p4"
                    }
                ]
            }
        },
        "consumers": [
            {
                "exe": "/",
                "cmdline": "runcinit",
                "pid": 462945,
                "resources_usage": null,
                "consumption": 443970.16,
                "timestamp": 1721774951.6928284,
                "container": null
            },
            {
                "exe": "/usr/local/bin/scaphandre",
                "cmdline": "/usr/local/bin/scaphandrejson-s0--step-nano10000000-f/home/ce-p2-r-1/0/power.json",
                "pid": 462871,
                "resources_usage": null,
                "consumption": 221985.08,
                "timestamp": 1721774951.6928332,
                "container": null
            },
            {
                "exe": "",
                "cmdline": "",
                "pid": 52,
                "resources_usage": null,
                "consumption": 0.0,
                "timestamp": 1721774951.6927807,
                "container": null
            },
            {
                "exe": "",
                "cmdline": "",
                "pid": 242,
                "resources_usage": null,
                "consumption": 0.0,
                "timestamp": 1721774951.6927817,
                "container": null
            },
            {
                "exe": "",
                "cmdline": "",
                "pid": 133,
                "resources_usage": null,
                "consumption": 0.0,
                "timestamp": 1721774951.6927824,
                "container": null
            },
            {
                "exe": "",
                "cmdline": "",
                "pid": 401058,
                "resources_usage": null,
                "consumption": 0.0,
                "timestamp": 1721774951.6927829,
                "container": null
            },
            {
                "exe": "/usr/bin/udevadm",
                "cmdline": "/lib/systemd/systemd-udevd",
                "pid": 462834,
                "resources_usage": null,
                "consumption": 0.0,
                "timestamp": 1721774951.692783,
                "container": null
            },
            {
                "exe": "",
                "cmdline": "",
                "pid": 141,
                "resources_usage": null,
                "consumption": 0.0,
                "timestamp": 1721774951.6927836,
                "container": null
            },
            {
                "exe": "",
                "cmdline": "",
                "pid": 461688,
                "resources_usage": null,
                "consumption": 0.0,
                "timestamp": 1721774951.6927838,
                "container": null
            },
            {
                "exe": "",
                "cmdline": "",
                "pid": 43,
                "resources_usage": null,
                "consumption": 0.0,
                "timestamp": 1721774951.692784,
                "container": null
            }
        ],
        "sockets": [
            {
                "id": 0,
                "consumption": 14311880.0,
                "domains": [
                    {
                        "name": "uncore",
                        "consumption": 0.0,
                        "timestamp": 1721774951.6740398
                    },
                    {
                        "name": "core",
                        "consumption": 12142894.0,
                        "timestamp": 1721774951.6740234
                    }
                ],
                "timestamp": 1721774951.6738567
            }
        ]
    },
    {
        "host": {
            "consumption": 20812700.0,
            "timestamp": 1721774951.7317276,
            "components": {
                "disks": [
                    {
                        "disk_type": "SSD",
                        "disk_mount_point": "/etc/hosts",
                        "disk_is_removable": false,
                        "disk_file_system": "ext4",
                        "disk_total_bytes": "33634926592",
                        "disk_available_bytes": "9872138240",
                        "disk_name": "/dev/nvme0n1p4"
                    }
                ]
            }
        },
        "consumers": [
            {
                "exe": "/",
                "cmdline": "runcinit",
                "pid": 462945,
                "resources_usage": null,
                "consumption": 517085.7,
                "timestamp": 1721774951.7316628,
                "container": null
            },
            {
                "exe": "/usr/local/bin/scaphandre",
                "cmdline": "/usr/local/bin/scaphandrejson-s0--step-nano10000000-f/home/ce-p2-r-1/0/power.json",
                "pid": 462871,
                "resources_usage": null,
                "consumption": 258542.84,
                "timestamp": 1721774951.731668,
                "container": null
            },
            {
                "exe": "",
                "cmdline": "",
                "pid": 52,
                "resources_usage": null,
                "consumption": 0.0,
                "timestamp": 1721774951.731613,
                "container": null
            },
            {
                "exe": "",
                "cmdline": "",
                "pid": 242,
                "resources_usage": null,
                "consumption": 0.0,
                "timestamp": 1721774951.7316139,
                "container": null
            },
            {
                "exe": "",
                "cmdline": "",
                "pid": 133,
                "resources_usage": null,
                "consumption": 0.0,
                "timestamp": 1721774951.7316148,
                "container": null
            },
            {
                "exe": "",
                "cmdline": "",
                "pid": 401058,
                "resources_usage": null,
                "consumption": 0.0,
                "timestamp": 1721774951.731615,
                "container": null
            },
            {
                "exe": "/usr/bin/udevadm",
                "cmdline": "/lib/systemd/systemd-udevd",
                "pid": 462834,
                "resources_usage": null,
                "consumption": 0.0,
                "timestamp": 1721774951.7316153,
                "container": null
            },
            {
                "exe": "",
                "cmdline": "",
                "pid": 141,
                "resources_usage": null,
                "consumption": 0.0,
                "timestamp": 1721774951.731616,
                "container": null
            },
            {
                "exe": "",
                "cmdline": "",
                "pid": 461688,
                "resources_usage": null,
                "consumption": 0.0,
                "timestamp": 1721774951.7316163,
                "container": null
            },
            {
                "exe": "",
                "cmdline": "",
                "pid": 43,
                "resources_usage": null,
                "consumption": 0.0,
                "timestamp": 1721774951.7316165,
                "container": null
            }
        ],
        "sockets": [
            {
                "id": 0,
                "consumption": 21944980.0,
                "domains": [
                    {
                        "name": "uncore",
                        "consumption": 0.0,
                        "timestamp": 1721774951.708337
                    },
                    {
                        "name": "core",
                        "consumption": 19731668.0,
                        "timestamp": 1721774951.7083275
                    }
                ],
                "timestamp": 1721774951.7081304
            }
        ]
    },
    {
        "host": {
            "consumption": 10000583.0,
            "timestamp": 1721774951.7666376,
            "components": {
                "disks": [
                    {
                        "disk_type": "SSD",
                        "disk_mount_point": "/etc/hosts",
                        "disk_is_removable": false,
                        "disk_file_system": "ext4",
                        "disk_total_bytes": "33634926592",
                        "disk_available_bytes": "9872138240",
                        "disk_name": "/dev/nvme0n1p4"
                    }
                ]
            }
        },
        "consumers": [
            {
                "exe": "/usr/local/bin/scaphandre",
                "cmdline": "/usr/local/bin/scaphandrejson-s0--step-nano10000000-f/home/ce-p2-r-1/0/power.json",
                "pid": 462871,
                "resources_usage": null,
                "consumption": 171438.56,
                "timestamp": 1721774951.7665827,
                "container": null
            },
            {
                "exe": "/",
                "cmdline": "runcinit",
                "pid": 462945,
                "resources_usage": null,
                "consumption": 171438.56,
                "timestamp": 1721774951.7665784,
                "container": null
            },
            {
                "exe": "",
                "cmdline": "",
                "pid": 52,
                "resources_usage": null,
                "consumption": 0.0,
                "timestamp": 1721774951.7665315,
                "container": null
            },
            {
                "exe": "",
                "cmdline": "",
                "pid": 242,
                "resources_usage": null,
                "consumption": 0.0,
                "timestamp": 1721774951.7665324,
                "container": null
            },
            {
                "exe": "",
                "cmdline": "",
                "pid": 133,
                "resources_usage": null,
                "consumption": 0.0,
                "timestamp": 1721774951.766533,
                "container": null
            },
            {
                "exe": "",
                "cmdline": "",
                "pid": 401058,
                "resources_usage": null,
                "consumption": 0.0,
                "timestamp": 1721774951.7665331,
                "container": null
            },
            {
                "exe": "/usr/bin/udevadm",
                "cmdline": "/lib/systemd/systemd-udevd",
                "pid": 462834,
                "resources_usage": null,
                "consumption": 0.0,
                "timestamp": 1721774951.7665334,
                "container": null
            },
            {
                "exe": "",
                "cmdline": "",
                "pid": 141,
                "resources_usage": null,
                "consumption": 0.0,
                "timestamp": 1721774951.7665336,
                "container": null
            },
            {
                "exe": "",
                "cmdline": "",
                "pid": 461688,
                "resources_usage": null,
                "consumption": 0.0,
                "timestamp": 1721774951.7665339,
                "container": null
            },
            {
                "exe": "",
                "cmdline": "",
                "pid": 43,
                "resources_usage": null,
                "consumption": 0.0,
                "timestamp": 1721774951.766534,
                "container": null
            }
        ],
        "sockets": [
            {
                "id": 0,
                "consumption": 15304018.0,
                "domains": [
                    {
                        "name": "uncore",
                        "consumption": 0.0,
                        "timestamp": 1721774951.747218
                    },
                    {
                        "name": "core",
                        "consumption": 12875393.0,
                        "timestamp": 1721774951.7472086
                    }
                ],
                "timestamp": 1721774951.7471027
            }
        ]
    },
    {
        "host": {
            "consumption": 9539883.0,
            "timestamp": 1721774951.801538,
            "components": {
                "disks": [
                    {
                        "disk_type": "SSD",
                        "disk_mount_point": "/etc/hosts",
                        "disk_is_removable": false,
                        "disk_file_system": "ext4",
                        "disk_total_bytes": "33634926592",
                        "disk_available_bytes": "9872134144",
                        "disk_name": "/dev/nvme0n1p4"
                    }
                ]
            }
        },
        "consumers": [
            {
                "exe": "/",
                "cmdline": "runcinit",
                "pid": 462945,
                "resources_usage": null,
                "consumption": 218054.45,
                "timestamp": 1721774951.8014772,
                "container": null
            },
            {
                "exe": "",
                "cmdline": "",
                "pid": 52,
                "resources_usage": null,
                "consumption": 0.0,
                "timestamp": 1721774951.8014343,
                "container": null
            },
            {
                "exe": "",
                "cmdline": "",
                "pid": 242,
                "resources_usage": null,
                "consumption": 0.0,
                "timestamp": 1721774951.8014352,
                "container": null
            },
            {
                "exe": "",
                "cmdline": "",
                "pid": 133,
                "resources_usage": null,
                "consumption": 0.0,
                "timestamp": 1721774951.8014357,
                "container": null
            },
            {
                "exe": "",
                "cmdline": "",
                "pid": 401058,
                "resources_usage": null,
                "consumption": 0.0,
                "timestamp": 1721774951.801436,
                "container": null
            },
            {
                "exe": "/usr/bin/udevadm",
                "cmdline": "/lib/systemd/systemd-udevd",
                "pid": 462834,
                "resources_usage": null,
                "consumption": 0.0,
                "timestamp": 1721774951.8014362,
                "container": null
            },
            {
                "exe": "",
                "cmdline": "",
                "pid": 141,
                "resources_usage": null,
                "consumption": 0.0,
                "timestamp": 1721774951.8014364,
                "container": null
            },
            {
                "exe": "",
                "cmdline": "",
                "pid": 461688,
                "resources_usage": null,
                "consumption": 0.0,
                "timestamp": 1721774951.8014367,
                "container": null
            },
            {
                "exe": "",
                "cmdline": "",
                "pid": 43,
                "resources_usage": null,
                "consumption": 0.0,
                "timestamp": 1721774951.801437,
                "container": null
            },
            {
                "exe": "",
                "cmdline": "",
                "pid": 121,
                "resources_usage": null,
                "consumption": 0.0,
                "timestamp": 1721774951.8014371,
                "container": null
            }
        ],
        "sockets": [
            {
                "id": 0,
                "consumption": 12663747.0,
                "domains": [
                    {
                        "name": "uncore",
                        "consumption": 0.0,
                        "timestamp": 1721774951.7819772
                    },
                    {
                        "name": "core",
                        "consumption": 10265341.0,
                        "timestamp": 1721774951.7819674
                    }
                ],
                "timestamp": 1721774951.7818525
            }
        ]
    },
    {
        "host": {
            "consumption": 17497300.0,
            "timestamp": 1721774951.8363159,
            "components": {
                "disks": [
                    {
                        "disk_type": "SSD",
                        "disk_mount_point": "/etc/hosts",
                        "disk_is_removable": false,
                        "disk_file_system": "ext4",
                        "disk_total_bytes": "33634926592",
                        "disk_available_bytes": "9872134144",
                        "disk_name": "/dev/nvme0n1p4"
                    }
                ]
            }
        },
        "consumers": [
            {
                "exe": "/usr/local/bin/scaphandre",
                "cmdline": "/usr/local/bin/scaphandrejson-s0--step-nano10000000-f/home/ce-p2-r-1/0/power.json",
                "pid": 462871,
                "resources_usage": null,
                "consumption": 299953.7,
                "timestamp": 1721774951.836222,
                "container": null
            },
            {
                "exe": "/",
                "cmdline": "runcinit",
                "pid": 462945,
                "resources_usage": null,
                "consumption": 299953.7,
                "timestamp": 1721774951.836217,
                "container": null
            },
            {
                "exe": "",
                "cmdline": "",
                "pid": 52,
                "resources_usage": null,
                "consumption": 0.0,
                "timestamp": 1721774951.8361516,
                "container": null
            },
            {
                "exe": "",
                "cmdline": "",
                "pid": 242,
                "resources_usage": null,
                "consumption": 0.0,
                "timestamp": 1721774951.8361528,
                "container": null
            },
            {
                "exe": "",
                "cmdline": "",
                "pid": 133,
                "resources_usage": null,
                "consumption": 0.0,
                "timestamp": 1721774951.8361595,
                "container": null
            },
            {
                "exe": "",
                "cmdline": "",
                "pid": 401058,
                "resources_usage": null,
                "consumption": 0.0,
                "timestamp": 1721774951.83616,
                "container": null
            },
            {
                "exe": "/usr/bin/udevadm",
                "cmdline": "/lib/systemd/systemd-udevd",
                "pid": 462834,
                "resources_usage": null,
                "consumption": 0.0,
                "timestamp": 1721774951.8361607,
                "container": null
            },
            {
                "exe": "",
                "cmdline": "",
                "pid": 141,
                "resources_usage": null,
                "consumption": 0.0,
                "timestamp": 1721774951.8361611,
                "container": null
            },
            {
                "exe": "",
                "cmdline": "",
                "pid": 461688,
                "resources_usage": null,
                "consumption": 0.0,
                "timestamp": 1721774951.8361619,
                "container": null
            },
            {
                "exe": "",
                "cmdline": "",
                "pid": 43,
                "resources_usage": null,
                "consumption": 0.0,
                "timestamp": 1721774951.8361623,
                "container": null
            }
        ],
        "sockets": [
            {
                "id": 0,
                "consumption": 13489413.0,
                "domains": [
                    {
                        "name": "uncore",
                        "consumption": 0.0,
                        "timestamp": 1721774951.816893
                    },
                    {
                        "name": "core",
                        "consumption": 11244185.0,
                        "timestamp": 1721774951.8168812
                    }
                ],
                "timestamp": 1721774951.8167603
            }
        ]
    },
    {
        "host": {
            "consumption": 18701740.0,
            "timestamp": 1721774951.8710928,
            "components": {
                "disks": [
                    {
                        "disk_type": "SSD",
                        "disk_mount_point": "/etc/hosts",
                        "disk_is_removable": false,
                        "disk_file_system": "ext4",
                        "disk_total_bytes": "33634926592",
                        "disk_available_bytes": "9872130048",
                        "disk_name": "/dev/nvme0n1p4"
                    }
                ]
            }
        },
        "consumers": [
            {
                "exe": "/",
                "cmdline": "runcinit",
                "pid": 462945,
                "resources_usage": null,
                "consumption": 427468.28,
                "timestamp": 1721774951.8710237,
                "container": null
            },
            {
                "exe": "/usr/local/bin/scaphandre",
                "cmdline": "/usr/local/bin/scaphandrejson-s0--step-nano10000000-f/home/ce-p2-r-1/0/power.json",
                "pid": 462871,
                "resources_usage": null,
                "consumption": 106867.07,
                "timestamp": 1721774951.871029,
                "container": null
            },
            {
                "exe": "",
                "cmdline": "",
                "pid": 52,
                "resources_usage": null,
                "consumption": 0.0,
                "timestamp": 1721774951.870969,
                "container": null
            },
            {
                "exe": "",
                "cmdline": "",
                "pid": 242,
                "resources_usage": null,
                "consumption": 0.0,
                "timestamp": 1721774951.87097,
                "container": null
            },
            {
                "exe": "",
                "cmdline": "",
                "pid": 133,
                "resources_usage": null,
                "consumption": 0.0,
                "timestamp": 1721774951.8709705,
                "container": null
            },
            {
                "exe": "",
                "cmdline": "",
                "pid": 401058,
                "resources_usage": null,
                "consumption": 0.0,
                "timestamp": 1721774951.8709707,
                "container": null
            },
            {
                "exe": "/usr/bin/udevadm",
                "cmdline": "/lib/systemd/systemd-udevd",
                "pid": 462834,
                "resources_usage": null,
                "consumption": 0.0,
                "timestamp": 1721774951.8709712,
                "container": null
            },
            {
                "exe": "",
                "cmdline": "",
                "pid": 141,
                "resources_usage": null,
                "consumption": 0.0,
                "timestamp": 1721774951.8709717,
                "container": null
            },
            {
                "exe": "",
                "cmdline": "",
                "pid": 461688,
                "resources_usage": null,
                "consumption": 0.0,
                "timestamp": 1721774951.8709722,
                "container": null
            },
            {
                "exe": "",
                "cmdline": "",
                "pid": 43,
                "resources_usage": null,
                "consumption": 0.0,
                "timestamp": 1721774951.8709724,
                "container": null
            }
        ],
        "sockets": [
            {
                "id": 0,
                "consumption": 19313314.0,
                "domains": [
                    {
                        "name": "uncore",
                        "consumption": 0.0,
                        "timestamp": 1721774951.8516688
                    },
                    {
                        "name": "core",
                        "consumption": 17089910.0,
                        "timestamp": 1721774951.8516595
                    }
                ],
                "timestamp": 1721774951.8515515
            }
        ]
    },
    {
        "host": {
            "consumption": 21819452.0,
            "timestamp": 1721774951.9060755,
            "components": {
                "disks": [
                    {
                        "disk_type": "SSD",
                        "disk_mount_point": "/etc/hosts",
                        "disk_is_removable": false,
                        "disk_file_system": "ext4",
                        "disk_total_bytes": "33634926592",
                        "disk_available_bytes": "9872130048",
                        "disk_name": "/dev/nvme0n1p4"
                    }
                ]
            }
        },
        "consumers": [
            {
                "exe": "/",
                "cmdline": "runcinit",
                "pid": 462945,
                "resources_usage": null,
                "consumption": 374047.75,
                "timestamp": 1721774951.906014,
                "container": null
            },
            {
                "exe": "/usr/local/bin/scaphandre",
                "cmdline": "/usr/local/bin/scaphandrejson-s0--step-nano10000000-f/home/ce-p2-r-1/0/power.json",
                "pid": 462871,
                "resources_usage": null,
                "consumption": 249365.16,
                "timestamp": 1721774951.906019,
                "container": null
            },
            {
                "exe": "",
                "cmdline": "",
                "pid": 52,
                "resources_usage": null,
                "consumption": 0.0,
                "timestamp": 1721774951.9059677,
                "container": null
            },
            {
                "exe": "",
                "cmdline": "",
                "pid": 242,
                "resources_usage": null,
                "consumption": 0.0,
                "timestamp": 1721774951.9059684,
                "container": null
            },
            {
                "exe": "",
                "cmdline": "",
                "pid": 133,
                "resources_usage": null,
                "consumption": 0.0,
                "timestamp": 1721774951.905969,
                "container": null
            },
            {
                "exe": "",
                "cmdline": "",
                "pid": 401058,
                "resources_usage": null,
                "consumption": 0.0,
                "timestamp": 1721774951.9059691,
                "container": null
            },
            {
                "exe": "/usr/bin/udevadm",
                "cmdline": "/lib/systemd/systemd-udevd",
                "pid": 462834,
                "resources_usage": null,
                "consumption": 0.0,
                "timestamp": 1721774951.9059694,
                "container": null
            },
            {
                "exe": "",
                "cmdline": "",
                "pid": 141,
                "resources_usage": null,
                "consumption": 0.0,
                "timestamp": 1721774951.9059699,
                "container": null
            },
            {
                "exe": "",
                "cmdline": "",
                "pid": 461688,
                "resources_usage": null,
                "consumption": 0.0,
                "timestamp": 1721774951.9059699,
                "container": null
            },
            {
                "exe": "",
                "cmdline": "",
                "pid": 43,
                "resources_usage": null,
                "consumption": 0.0,
                "timestamp": 1721774951.90597,
                "container": null
            }
        ],
        "sockets": [
            {
                "id": 0,
                "consumption": 22355974.0,
                "domains": [
                    {
                        "name": "uncore",
                        "consumption": 0.0,
                        "timestamp": 1721774951.886349
                    },
                    {
                        "name": "core",
                        "consumption": 20151032.0,
                        "timestamp": 1721774951.8863401
                    }
                ],
                "timestamp": 1721774951.8862352
            }
        ]
    },
    {
        "host": {
            "consumption": 17600916.0,
            "timestamp": 1721774951.9394627,
            "components": {
                "disks": [
                    {
                        "disk_type": "SSD",
                        "disk_mount_point": "/etc/hosts",
                        "disk_is_removable": false,
                        "disk_file_system": "ext4",
                        "disk_total_bytes": "33634926592",
                        "disk_available_bytes": "9872125952",
                        "disk_name": "/dev/nvme0n1p4"
                    }
                ]
            }
        },
        "consumers": [
            {
                "exe": "/",
                "cmdline": "runcinit",
                "pid": 462945,
                "resources_usage": null,
                "consumption": 402306.6,
                "timestamp": 1721774951.9394035,
                "container": null
            },
            {
                "exe": "/usr/local/bin/scaphandre",
                "cmdline": "/usr/local/bin/scaphandrejson-s0--step-nano10000000-f/home/ce-p2-r-1/0/power.json",
                "pid": 462871,
                "resources_usage": null,
                "consumption": 201153.3,
                "timestamp": 1721774951.9394083,
                "container": null
            },
            {
                "exe": "",
                "cmdline": "",
                "pid": 52,
                "resources_usage": null,
                "consumption": 0.0,
                "timestamp": 1721774951.9393575,
                "container": null
            },
            {
                "exe": "",
                "cmdline": "",
                "pid": 242,
                "resources_usage": null,
                "consumption": 0.0,
                "timestamp": 1721774951.9393585,
                "container": null
            },
            {
                "exe": "",
                "cmdline": "",
                "pid": 133,
                "resources_usage": null,
                "consumption": 0.0,
                "timestamp": 1721774951.9393592,
                "container": null
            },
            {
                "exe": "",
                "cmdline": "",
                "pid": 401058,
                "resources_usage": null,
                "consumption": 0.0,
                "timestamp": 1721774951.9393597,
                "container": null
            },
            {
                "exe": "/usr/bin/udevadm",
                "cmdline": "/lib/systemd/systemd-udevd",
                "pid": 462834,
                "resources_usage": null,
                "consumption": 0.0,
                "timestamp": 1721774951.9393597,
                "container": null
            },
            {
                "exe": "",
                "cmdline": "",
                "pid": 141,
                "resources_usage": null,
                "consumption": 0.0,
                "timestamp": 1721774951.9393601,
                "container": null
            },
            {
                "exe": "",
                "cmdline": "",
                "pid": 461688,
                "resources_usage": null,
                "consumption": 0.0,
                "timestamp": 1721774951.9393604,
                "container": null
            },
            {
                "exe": "",
                "cmdline": "",
                "pid": 43,
                "resources_usage": null,
                "consumption": 0.0,
                "timestamp": 1721774951.9393606,
                "container": null
            }
        ],
        "sockets": [
            {
                "id": 0,
                "consumption": 12731254.0,
                "domains": [
                    {
                        "name": "uncore",
                        "consumption": 0.0,
                        "timestamp": 1721774951.9212933
                    },
                    {
                        "name": "core",
                        "consumption": 10509598.0,
                        "timestamp": 1721774951.9212842
                    }
                ],
                "timestamp": 1721774951.9211748
            }
        ]
    },
    {
        "host": {
            "consumption": 17735572.0,
            "timestamp": 1721774951.9736598,
            "components": {
                "disks": [
                    {
                        "disk_type": "SSD",
                        "disk_mount_point": "/etc/hosts",
                        "disk_is_removable": false,
                        "disk_file_system": "ext4",
                        "disk_total_bytes": "33634926592",
                        "disk_available_bytes": "9872125952",
                        "disk_name": "/dev/nvme0n1p4"
                    }
                ]
            }
        },
        "consumers": [
            {
                "exe": "/",
                "cmdline": "runcinit",
                "pid": 462945,
                "resources_usage": null,
                "consumption": 322464.94,
                "timestamp": 1721774951.9735968,
                "container": null
            },
            {
                "exe": "/usr/local/bin/scaphandre",
                "cmdline": "/usr/local/bin/scaphandrejson-s0--step-nano10000000-f/home/ce-p2-r-1/0/power.json",
                "pid": 462871,
                "resources_usage": null,
                "consumption": 214976.61,
                "timestamp": 1721774951.9736016,
                "container": null
            },
            {
                "exe": "",
                "cmdline": "",
                "pid": 52,
                "resources_usage": null,
                "consumption": 0.0,
                "timestamp": 1721774951.9735513,
                "container": null
            },
            {
                "exe": "",
                "cmdline": "",
                "pid": 242,
                "resources_usage": null,
                "consumption": 0.0,
                "timestamp": 1721774951.973553,
                "container": null
            },
            {
                "exe": "",
                "cmdline": "",
                "pid": 133,
                "resources_usage": null,
                "consumption": 0.0,
                "timestamp": 1721774951.9735534,
                "container": null
            },
            {
                "exe": "",
                "cmdline": "",
                "pid": 401058,
                "resources_usage": null,
                "consumption": 0.0,
                "timestamp": 1721774951.9735537,
                "container": null
            },
            {
                "exe": "/usr/bin/udevadm",
                "cmdline": "/lib/systemd/systemd-udevd",
                "pid": 462834,
                "resources_usage": null,
                "consumption": 0.0,
                "timestamp": 1721774951.973554,
                "container": null
            },
            {
                "exe": "",
                "cmdline": "",
                "pid": 141,
                "resources_usage": null,
                "consumption": 0.0,
                "timestamp": 1721774951.9735541,
                "container": null
            },
            {
                "exe": "",
                "cmdline": "",
                "pid": 461688,
                "resources_usage": null,
                "consumption": 0.0,
                "timestamp": 1721774951.9735544,
                "container": null
            },
            {
                "exe": "",
                "cmdline": "",
                "pid": 43,
                "resources_usage": null,
                "consumption": 0.0,
                "timestamp": 1721774951.9735546,
                "container": null
            }
        ],
        "sockets": [
            {
                "id": 0,
                "consumption": 22230560.0,
                "domains": [
                    {
                        "name": "uncore",
                        "consumption": 0.0,
                        "timestamp": 1721774951.9548125
                    },
                    {
                        "name": "core",
                        "consumption": 19948152.0,
                        "timestamp": 1721774951.954803
                    }
                ],
                "timestamp": 1721774951.9546924
            }
        ]
    }
]