{
    "timestamp_analysis": {
        "mean": 0.025460425926291424,
        "std": 0.0018298560739693822,
        "min": 0.02308201789855957,
        "max": 0.03468513488769531,
        "median": 0.02505183219909668,
        "running_time": 4.684842586517334
    },
    "host_energy_analysis": {
        "total": 81.62626812166667,
        "per_repetition": 8.162626812166667e-08
    },
    "host_power_analysis": {
        "mean": 17.437096221621623,
        "std": 5.374090542381261,
        "min": 4.817014,
        "max": 34.046292,
        "median": 17.058624
    },
    "process_energy_analysis": {
        "total": 1.2620080842700192,
        "per_repetition": 1.2620080842700192e-09
    }
}