{
    "timestamp_analysis": {
        "mean": 0.025560969212016123,
        "std": 0.0014529767435748854,
        "min": 0.0228879451751709,
        "max": 0.03162670135498047,
        "median": 0.0251920223236084,
        "running_time": 4.677780628204346
    },
    "host_energy_analysis": {
        "total": 83.47563923921454,
        "per_repetition": 8.347563923921455e-08
    },
    "host_power_analysis": {
        "mean": 17.88242526630435,
        "std": 5.6688288973695,
        "min": 5.956685,
        "max": 37.413304,
        "median": 17.895862
    },
    "process_energy_analysis": {
        "total": 1.283972700740431,
        "per_repetition": 1.283972700740431e-09
    }
}