{
    "timestamp_analysis": {
        "mean": 0.025218400415384545,
        "std": 0.0016768188003937303,
        "min": 0.02180337905883789,
        "max": 0.03627896308898926,
        "median": 0.02500772476196289,
        "running_time": 6.683048248291016
    },
    "host_energy_analysis": {
        "total": 116.46365038367021,
        "per_repetition": 1.1646365038367021e-07
    },
    "host_power_analysis": {
        "mean": 17.430494612781953,
        "std": 5.270620044269014,
        "min": 4.715619,
        "max": 33.81437,
        "median": 17.19822
    },
    "process_energy_analysis": {
        "total": 1.7721687547256515,
        "per_repetition": 1.7721687547256515e-09
    }
}