{
    "timestamp_analysis": {
        "mean": 0.034948094324632126,
        "std": 0.0008195467485777185,
        "min": 0.032958030700683594,
        "max": 0.037735700607299805,
        "median": 0.03490710258483887,
        "running_time": 1.5378901958465576
    },
    "host_energy_analysis": {
        "total": 29.037034866102218,
        "per_repetition": 5.807406973220443e-05
    },
    "host_power_analysis": {
        "mean": 18.75349575555556,
        "std": 4.9204763775364055,
        "min": 9.043211,
        "max": 27.689608,
        "median": 19.040464
    },
    "process_energy_analysis": {
        "total": 0.6169348574530351,
        "per_repetition": 1.2338697149060703e-06
    }
}