{
    "host_energy_total": {
        "0": 279.9146538087691,
        "1": {
            "value": 278.1657001959166,
            "difference": -1.7489536128525174,
            "change_perc": 0.62,
            "ttest": {
                "stat": 2.0464190016926462,
                "p": 0.04525970914127417
            },
            "cohen_d": 0.5283831141945351
        }
    },
    "host_energy_per_repetition": {
        "0": 5.598293076175383e-09,
        "1": {
            "value": 5.5633140039183305e-09,
            "difference": -3.497907225705289e-11,
            "change_perc": 0.62,
            "ttest": {
                "stat": 2.0464190016927946,
                "p": 0.04525970914125909
            },
            "cohen_d": 0.5283831141945733
        }
    },
    "process_energy_total": {
        "0": 4.190400331476503,
        "1": {
            "value": 4.18104364186633,
            "difference": -0.009356689610172886,
            "change_perc": 0.22,
            "ttest": {
                "stat": 0.5415319830034253,
                "p": 0.5902291131196606
            },
            "cohen_d": 0.13982295677406298
        }
    },
    "process_energy_per_repetition": {
        "0": 8.380800662953002e-11,
        "1": {
            "value": 8.362087283732658e-11,
            "difference": -1.8713379220344266e-13,
            "change_perc": 0.22,
            "ttest": {
                "stat": 0.5415319830033813,
                "p": 0.5902291131196907
            },
            "cohen_d": 0.13982295677405163
        }
    },
    "timestamp_running_time": {
        "0": 16.248245890935262,
        "1": {
            "value": 16.170065196355186,
            "difference": -0.0781806945800767,
            "change_perc": 0.48,
            "ttest": {
                "stat": 3.0222043676954797,
                "p": 0.003731997155102554
            },
            "cohen_d": 0.780329812327994
        }
    },
    "host_power_mean": {
        "0": 17.248174290671145,
        "1": {
            "value": 17.21867049573356,
            "difference": -0.029503794937586036,
            "change_perc": 0.17,
            "ttest": {
                "stat": 0.6188042042101459,
                "p": 0.5384686384422015
            },
            "cohen_d": 0.15977455849793526
        }
    }
}