{
    "timestamp_analysis": {
        "mean": 0.034792437439873106,
        "std": 0.001524972258633501,
        "min": 0.03142404556274414,
        "max": 0.041127681732177734,
        "median": 0.03463137149810791,
        "running_time": 8.767815351486206
    },
    "host_energy_analysis": {
        "total": 170.785503591058,
        "per_repetition": 0.00170785503591058
    },
    "host_power_analysis": {
        "mean": 19.481446837944663,
        "std": 5.526706450816124,
        "min": 5.624901,
        "max": 38.296204,
        "median": 19.507308
    },
    "process_energy_analysis": {
        "total": 3.568085216213937,
        "per_repetition": 3.5680852162139366e-05
    }
}