{
    "timestamp_analysis": {
        "mean": 0.035944710607114044,
        "std": 0.0030657406849550896,
        "min": 0.03343558311462402,
        "max": 0.0469202995300293,
        "median": 0.03503704071044922,
        "running_time": 0.8269333839416504
    },
    "host_energy_analysis": {
        "total": 17.118855415350797,
        "per_repetition": 0.005706285138450265
    },
    "host_power_analysis": {
        "mean": 20.818484166666668,
        "std": 5.982006811313833,
        "min": 12.68661,
        "max": 34.207004,
        "median": 21.623701
    },
    "process_energy_analysis": {
        "total": 0.33999791945764546,
        "per_repetition": 0.00011333263981921515
    }
}