{
    "timestamp_analysis": {
        "mean": 0.02509160791890005,
        "std": 0.0015912714758160367,
        "min": 0.021795272827148438,
        "max": 0.03410744667053223,
        "median": 0.024866342544555664,
        "running_time": 6.69957971572876
    },
    "host_energy_analysis": {
        "total": 113.02609439026928,
        "per_repetition": 1.1302609439026928e-07
    },
    "host_power_analysis": {
        "mean": 16.857785007462688,
        "std": 5.275957082035452,
        "min": 4.993164,
        "max": 32.195596,
        "median": 16.4278435
    },
    "process_energy_analysis": {
        "total": 1.7022405623941936,
        "per_repetition": 1.7022405623941935e-09
    }
}