{
    "timestamp_analysis": {
        "mean": 0.035089702833266484,
        "std": 0.0017850882355081182,
        "min": 0.03161263465881348,
        "max": 0.042969703674316406,
        "median": 0.03473401069641113,
        "running_time": 5.895192623138428
    },
    "host_energy_analysis": {
        "total": 106.16271794369936,
        "per_repetition": 3.538757264789979e-06
    },
    "host_power_analysis": {
        "mean": 18.05942879881657,
        "std": 5.201539381979972,
        "min": 8.383492,
        "max": 34.84398,
        "median": 17.457628
    },
    "process_energy_analysis": {
        "total": 2.2892844500951526,
        "per_repetition": 7.630948166983842e-08
    }
}