{
    "timestamp_analysis": {
        "mean": 0.03400717911692713,
        "std": 0.0016334560737086934,
        "min": 0.030098438262939453,
        "max": 0.04273676872253418,
        "median": 0.033669233322143555,
        "running_time": 29.4163179397583
    },
    "host_energy_analysis": {
        "total": 584.9596196452375,
        "per_repetition": 1.949865398817458e-05
    },
    "host_power_analysis": {
        "mean": 19.898033154734406,
        "std": 5.647035449674299,
        "min": 3.648878,
        "max": 38.713136,
        "median": 19.55138
    },
    "process_energy_analysis": {
        "total": 11.978189993823328,
        "per_repetition": 3.9927299979411094e-07
    }
}