{
    "timestamp_analysis": {
        "mean": 0.024677976740811167,
        "std": 0.0014676265832664793,
        "min": 0.021378755569458008,
        "max": 0.03244662284851074,
        "median": 0.024402737617492676,
        "running_time": 16.33694863319397
    },
    "host_energy_analysis": {
        "total": 309.24822453232457,
        "per_repetition": 6.184964490646492e-07
    },
    "host_power_analysis": {
        "mean": 18.94543487179487,
        "std": 6.062210904180308,
        "min": 4.658617,
        "max": 38.729796,
        "median": 18.540124
    },
    "process_energy_analysis": {
        "total": 4.547333584772144,
        "per_repetition": 9.094667169544288e-09
    }
}