{
    "timestamp_analysis": {
        "mean": 0.03414716085883131,
        "std": 0.004237382781310163,
        "min": 0.031110525131225586,
        "max": 0.14971518516540527,
        "median": 0.03358340263366699,
        "running_time": 30.015547275543213
    },
    "host_energy_analysis": {
        "total": 589.1159348054723,
        "per_repetition": 1.9637197826849078e-05
    },
    "host_power_analysis": {
        "mean": 19.632794986363635,
        "std": 5.450971178157351,
        "min": 6.600095,
        "max": 37.968572,
        "median": 19.512953000000003
    },
    "process_energy_analysis": {
        "total": 12.35080299614814,
        "per_repetition": 4.11693433204938e-07
    }
}