{
    "timestamp_analysis": {
        "mean": 0.026170847121249424,
        "std": 0.007669821641286069,
        "min": 0.02259087562561035,
        "max": 0.12543034553527832,
        "median": 0.02530956268310547,
        "running_time": 4.658517599105835
    },
    "host_energy_analysis": {
        "total": 80.48373013325048,
        "per_repetition": 8.048373013325048e-08
    },
    "host_power_analysis": {
        "mean": 17.433754871508377,
        "std": 6.262795956054702,
        "min": 3.220348,
        "max": 35.45001,
        "median": 17.052834
    },
    "process_energy_analysis": {
        "total": 1.2669496349592817,
        "per_repetition": 1.2669496349592816e-09
    }
}