{
    "timestamp_analysis": {
        "mean": 0.02496724033793848,
        "std": 0.0017873326989916725,
        "min": 0.021567344665527344,
        "max": 0.03423786163330078,
        "median": 0.024486303329467773,
        "running_time": 16.303743600845337
    },
    "host_energy_analysis": {
        "total": 319.52862158836314,
        "per_repetition": 6.390572431767263e-07
    },
    "host_power_analysis": {
        "mean": 19.620115515290518,
        "std": 5.998595647190963,
        "min": 5.464106,
        "max": 40.153004,
        "median": 19.264122999999998
    },
    "process_energy_analysis": {
        "total": 4.812761073249948,
        "per_repetition": 9.625522146499896e-09
    }
}