{
    "timestamp_analysis": {
        "mean": 0.025456396348637306,
        "std": 0.001570489170631141,
        "min": 0.022173404693603516,
        "max": 0.034189462661743164,
        "median": 0.025153398513793945,
        "running_time": 8.299048662185669
    },
    "host_energy_analysis": {
        "total": 151.95710053462207,
        "per_repetition": 3.0391420106924417e-07
    },
    "host_power_analysis": {
        "mean": 18.326961146788992,
        "std": 5.809313177219717,
        "min": 4.407013,
        "max": 38.59435,
        "median": 18.234892
    },
    "process_energy_analysis": {
        "total": 2.3181471176854935,
        "per_repetition": 4.636294235370987e-09
    }
}