{
    "timestamp_analysis": {
        "mean": 0.03473273058918035,
        "std": 0.0014421033126613791,
        "min": 0.03130030632019043,
        "max": 0.042284488677978516,
        "median": 0.03457951545715332,
        "running_time": 7.432922601699829
    },
    "host_energy_analysis": {
        "total": 141.08258187463366,
        "per_repetition": 0.0002821651637492673
    },
    "host_power_analysis": {
        "mean": 18.980008283720927,
        "std": 5.686511444694471,
        "min": 5.706046,
        "max": 35.452212,
        "median": 19.199456
    },
    "process_energy_analysis": {
        "total": 2.9847699494090496,
        "per_repetition": 5.969539898818099e-06
    }
}