{
    "timestamp_analysis": {
        "mean": 0.02590320887190572,
        "std": 0.001630671658606074,
        "min": 0.023836851119995117,
        "max": 0.034082889556884766,
        "median": 0.0254666805267334,
        "running_time": 4.6108903884887695
    },
    "host_energy_analysis": {
        "total": 80.61906749690806,
        "per_repetition": 8.061906749690806e-08
    },
    "host_power_analysis": {
        "mean": 17.535714709497206,
        "std": 5.7699408693125145,
        "min": 5.056897,
        "max": 36.96997,
        "median": 17.011974
    },
    "process_energy_analysis": {
        "total": 1.2690667548848726,
        "per_repetition": 1.2690667548848725e-09
    }
}