{
    "timestamp_analysis": {
        "mean": 0.02550873942881323,
        "std": 0.0014750593055607856,
        "min": 0.02362537384033203,
        "max": 0.03284955024719238,
        "median": 0.02522110939025879,
        "running_time": 4.566240549087524
    },
    "host_energy_analysis": {
        "total": 79.80716787872731,
        "per_repetition": 7.980716787872731e-08
    },
    "host_power_analysis": {
        "mean": 17.51592070555555,
        "std": 5.415639807688873,
        "min": 4.189484,
        "max": 34.813944,
        "median": 17.403263
    },
    "process_energy_analysis": {
        "total": 1.2307979581113777,
        "per_repetition": 1.2307979581113776e-09
    }
}