{
    "timestamp_analysis": {
        "mean": 0.03436516203790141,
        "std": 0.0015400975355763793,
        "min": 0.03113532066345215,
        "max": 0.04410910606384277,
        "median": 0.03406691551208496,
        "running_time": 30.894442319869995
    },
    "host_energy_analysis": {
        "total": 544.8593766019638,
        "per_repetition": 1.816197922006546e-05
    },
    "host_power_analysis": {
        "mean": 17.650668562222222,
        "std": 4.963980615177676,
        "min": 4.932512,
        "max": 36.54736,
        "median": 17.326969
    },
    "process_energy_analysis": {
        "total": 11.28483974922979,
        "per_repetition": 3.761613249743263e-07
    }
}