{
    "timestamp_analysis": {
        "mean": 0.03413641870503798,
        "std": 0.0016669003279741652,
        "min": 0.030722618103027344,
        "max": 0.041835784912109375,
        "median": 0.03374052047729492,
        "running_time": 12.664728164672852
    },
    "host_energy_analysis": {
        "total": 210.19077151423585,
        "per_repetition": 7.006359050474528e-06
    },
    "host_power_analysis": {
        "mean": 16.607070938172043,
        "std": 4.319722964402897,
        "min": 6.701753,
        "max": 31.086688,
        "median": 16.5819275
    },
    "process_energy_analysis": {
        "total": 4.364479355433345,
        "per_repetition": 1.4548264518111152e-07
    }
}