{
    "timestamp_analysis": {
        "mean": 0.03411172273996714,
        "std": 0.001452340528541388,
        "min": 0.03122878074645996,
        "max": 0.04073977470397949,
        "median": 0.033869147300720215,
        "running_time": 12.621650218963623
    },
    "host_energy_analysis": {
        "total": 222.3950140785688,
        "per_repetition": 7.413167135952293e-06
    },
    "host_power_analysis": {
        "mean": 17.629346177897574,
        "std": 4.9817431404094314,
        "min": 5.565596,
        "max": 32.362036,
        "median": 17.593996
    },
    "process_energy_analysis": {
        "total": 4.620745501823336,
        "per_repetition": 1.5402485006077786e-07
    }
}