{
    "timestamp_analysis": {
        "mean": 0.02500711605225727,
        "std": 0.001572660172982118,
        "min": 0.021544456481933594,
        "max": 0.032218217849731445,
        "median": 0.024748802185058594,
        "running_time": 6.8271567821502686
    },
    "host_energy_analysis": {
        "total": 116.2496703648274,
        "per_repetition": 1.1624967036482739e-07
    },
    "host_power_analysis": {
        "mean": 17.030049459854013,
        "std": 5.174178964572923,
        "min": 4.873551,
        "max": 34.263416,
        "median": 16.996273000000002
    },
    "process_energy_analysis": {
        "total": 1.7558637051295365,
        "per_repetition": 1.7558637051295365e-09
    }
}