{
    "timestamp_analysis": {
        "mean": 0.025213709445582662,
        "std": 0.0016870080014976456,
        "min": 0.021796703338623047,
        "max": 0.03395271301269531,
        "median": 0.02483820915222168,
        "running_time": 16.086507081985474
    },
    "host_energy_analysis": {
        "total": 283.47259036957223,
        "per_repetition": 5.669451807391445e-09
    },
    "host_power_analysis": {
        "mean": 17.649898079812207,
        "std": 5.296762679657356,
        "min": 4.743121,
        "max": 37.635044,
        "median": 17.556992
    },
    "process_energy_analysis": {
        "total": 4.294164732708563,
        "per_repetition": 8.588329465417126e-11
    }
}