{
    "timestamp_analysis": {
        "mean": 0.03435359630629281,
        "std": 0.0037244060285517413,
        "min": 0.03049182891845703,
        "max": 0.13288307189941406,
        "median": 0.033928751945495605,
        "running_time": 29.40678119659424
    },
    "host_energy_analysis": {
        "total": 588.8819239389009,
        "per_repetition": 1.9629397464630027e-05
    },
    "host_power_analysis": {
        "mean": 20.03043454142357,
        "std": 5.593834183655639,
        "min": 4.20379,
        "max": 44.292356,
        "median": 19.975392
    },
    "process_energy_analysis": {
        "total": 12.27598945494534,
        "per_repetition": 4.0919964849817796e-07
    }
}