{
    "timestamp_analysis": {
        "mean": 0.0365410339501169,
        "std": 0.0029974699919244462,
        "min": 0.03225255012512207,
        "max": 0.05040621757507324,
        "median": 0.03550589084625244,
        "running_time": 10.52399492263794
    },
    "host_energy_analysis": {
        "total": 262.6462273200261,
        "per_repetition": 0.0008754874244000871
    },
    "host_power_analysis": {
        "mean": 24.86095061937716,
        "std": 6.373980366329864,
        "min": 10.271339,
        "max": 40.625696,
        "median": 24.290008
    },
    "process_energy_analysis": {
        "total": 10.058333723043614,
        "per_repetition": 3.352777907681205e-05
    }
}