{
    "timestamp_analysis": {
        "mean": 0.03530214741116478,
        "std": 0.0018406105400615793,
        "min": 0.03274250030517578,
        "max": 0.04306793212890625,
        "median": 0.03496289253234863,
        "running_time": 7.413634777069092
    },
    "host_energy_analysis": {
        "total": 143.77137102101267,
        "per_repetition": 0.0002875427420420253
    },
    "host_power_analysis": {
        "mean": 19.424879905213267,
        "std": 5.028064404191295,
        "min": 6.921737,
        "max": 34.32412,
        "median": 19.084926
    },
    "process_energy_analysis": {
        "total": 3.143939151039609,
        "per_repetition": 6.287878302079218e-06
    }
}