{
    "timestamp_analysis": {
        "mean": 0.026296385507734995,
        "std": 0.0032263418400088873,
        "min": 0.02274298667907715,
        "max": 0.07256245613098145,
        "median": 0.02579474449157715,
        "running_time": 8.28348970413208
    },
    "host_energy_analysis": {
        "total": 157.90295612923597,
        "per_repetition": 1.5790295612923598e-05
    },
    "host_power_analysis": {
        "mean": 19.108679148734176,
        "std": 5.668219462405359,
        "min": 4.87761,
        "max": 35.06992,
        "median": 18.716682
    },
    "process_energy_analysis": {
        "total": 2.519609035273385,
        "per_repetition": 2.519609035273385e-07
    }
}