{
    "timestamp_analysis": {
        "mean": 0.03561619520187378,
        "std": 0.0013870010349442204,
        "min": 0.03421616554260254,
        "max": 0.039064645767211914,
        "median": 0.03521597385406494,
        "running_time": 0.712477445602417
    },
    "host_energy_analysis": {
        "total": 12.95864691399145,
        "per_repetition": 4.319548971330483e-07
    },
    "host_power_analysis": {
        "mean": 18.152397095238094,
        "std": 4.070922077562305,
        "min": 7.7956,
        "max": 26.52841,
        "median": 18.40182
    },
    "process_energy_analysis": {
        "total": 0.2578989409582937,
        "per_repetition": 8.596631365276456e-09
    }
}