[
    {
        "host": {
            "consumption": 15579573.0,
            "timestamp": 1721775090.9129174,
            "components": {
                "disks": [
                    {
                        "disk_type": "SSD",
                        "disk_mount_point": "/etc/hosts",
                        "disk_is_removable": false,
                        "disk_file_system": "ext4",
                        "disk_total_bytes": "33634926592",
                        "disk_available_bytes": "9861165056",
                        "disk_name": "/dev/nvme0n1p4"
                    }
                ]
            }
        },
        "consumers": [
            {
                "exe": "/usr/local/bin/scaphandre",
                "cmdline": "/usr/local/bin/scaphandrejson-s0--step-nano10000000-f/home/ce-p2-r-1/7/power.json",
                "pid": 468190,
                "resources_usage": null,
                "consumption": 262577.06,
                "timestamp": 1721775090.9128196,
                "container": null
            },
            {
                "exe": "/usr/sbin/NetworkManager",
                "cmdline": "/usr/sbin/NetworkManager--no-daemon",
                "pid": 810,
                "resources_usage": null,
                "consumption": 87525.69,
                "timestamp": 1721775090.9128304,
                "container": null
            },
            {
                "exe": "",
                "cmdline": "",
                "pid": 371,
                "resources_usage": null,
                "consumption": 0.0,
                "timestamp": 1721775090.9127638,
                "container": null
            },
            {
                "exe": "/usr/sbin/rsyslogd",
                "cmdline": "/usr/sbin/rsyslogd-n-iNONE",
                "pid": 819,
                "resources_usage": null,
                "consumption": 0.0,
                "timestamp": 1721775090.9127653,
                "container": null
            },
            {
                "exe": "/usr/bin/bash",
                "cmdline": "-bash",
                "pid": 274978,
                "resources_usage": null,
                "consumption": 0.0,
                "timestamp": 1721775090.912766,
                "container": null
            },
            {
                "exe": "",
                "cmdline": "",
                "pid": 20,
                "resources_usage": null,
                "consumption": 0.0,
                "timestamp": 1721775090.9127665,
                "container": null
            },
            {
                "exe": "/usr/sbin/ntpd",
                "cmdline": "/usr/sbin/ntpd-p/var/run/ntpd.pid-g-u115:121",
                "pid": 902,
                "resources_usage": null,
                "consumption": 0.0,
                "timestamp": 1721775090.9127667,
                "container": null
            },
            {
                "exe": "/usr/bin/udevadm",
                "cmdline": "/lib/systemd/systemd-udevd",
                "pid": 468158,
                "resources_usage": null,
                "consumption": 0.0,
                "timestamp": 1721775090.9127674,
                "container": null
            },
            {
                "exe": "",
                "cmdline": "",
                "pid": 449391,
                "resources_usage": null,
                "consumption": 0.0,
                "timestamp": 1721775090.912768,
                "container": null
            },
            {
                "exe": "",
                "cmdline": "",
                "pid": 13,
                "resources_usage": null,
                "consumption": 0.0,
                "timestamp": 1721775090.9127681,
                "container": null
            }
        ],
        "sockets": [
            {
                "id": 0,
                "consumption": 6355648.0,
                "domains": [
                    {
                        "name": "uncore",
                        "consumption": 0.0,
                        "timestamp": 1721775090.8918917
                    },
                    {
                        "name": "core",
                        "consumption": 3572637.0,
                        "timestamp": 1721775090.8918803
                    }
                ],
                "timestamp": 1721775090.8917556
            }
        ]
    },
    {
        "host": {
            "consumption": 16453431.0,
            "timestamp": 1721775090.9501243,
            "components": {
                "disks": [
                    {
                        "disk_type": "SSD",
                        "disk_mount_point": "/etc/hosts",
                        "disk_is_removable": false,
                        "disk_file_system": "ext4",
                        "disk_total_bytes": "33634926592",
                        "disk_available_bytes": "9861169152",
                        "disk_name": "/dev/nvme0n1p4"
                    }
                ]
            }
        },
        "consumers": [
            {
                "exe": "/",
                "cmdline": "runcinit",
                "pid": 468261,
                "resources_usage": null,
                "consumption": 295570.62,
                "timestamp": 1721775090.9499881,
                "container": null
            },
            {
                "exe": "/usr/local/bin/scaphandre",
                "cmdline": "/usr/local/bin/scaphandrejson-s0--step-nano10000000-f/home/ce-p2-r-1/7/power.json",
                "pid": 468190,
                "resources_usage": null,
                "consumption": 197047.1,
                "timestamp": 1721775090.9499795,
                "container": null
            },
            {
                "exe": "",
                "cmdline": "",
                "pid": 371,
                "resources_usage": null,
                "consumption": 0.0,
                "timestamp": 1721775090.9499168,
                "container": null
            },
            {
                "exe": "/usr/sbin/rsyslogd",
                "cmdline": "/usr/sbin/rsyslogd-n-iNONE",
                "pid": 819,
                "resources_usage": null,
                "consumption": 0.0,
                "timestamp": 1721775090.9499185,
                "container": null
            },
            {
                "exe": "/usr/bin/bash",
                "cmdline": "-bash",
                "pid": 274978,
                "resources_usage": null,
                "consumption": 0.0,
                "timestamp": 1721775090.9499195,
                "container": null
            },
            {
                "exe": "",
                "cmdline": "",
                "pid": 20,
                "resources_usage": null,
                "consumption": 0.0,
                "timestamp": 1721775090.94992,
                "container": null
            },
            {
                "exe": "/usr/sbin/ntpd",
                "cmdline": "/usr/sbin/ntpd-p/var/run/ntpd.pid-g-u115:121",
                "pid": 902,
                "resources_usage": null,
                "consumption": 0.0,
                "timestamp": 1721775090.9499202,
                "container": null
            },
            {
                "exe": "/usr/bin/udevadm",
                "cmdline": "/lib/systemd/systemd-udevd",
                "pid": 468158,
                "resources_usage": null,
                "consumption": 0.0,
                "timestamp": 1721775090.9499211,
                "container": null
            },
            {
                "exe": "",
                "cmdline": "",
                "pid": 449391,
                "resources_usage": null,
                "consumption": 0.0,
                "timestamp": 1721775090.9499216,
                "container": null
            },
            {
                "exe": "",
                "cmdline": "",
                "pid": 13,
                "resources_usage": null,
                "consumption": 0.0,
                "timestamp": 1721775090.9499218,
                "container": null
            }
        ],
        "sockets": [
            {
                "id": 0,
                "consumption": 18880080.0,
                "domains": [
                    {
                        "name": "uncore",
                        "consumption": 0.0,
                        "timestamp": 1721775090.9314039
                    },
                    {
                        "name": "core",
                        "consumption": 15795089.0,
                        "timestamp": 1721775090.9313915
                    }
                ],
                "timestamp": 1721775090.9312212
            }
        ]
    },
    {
        "host": {
            "consumption": 7795600.0,
            "timestamp": 1721775090.985709,
            "components": {
                "disks": [
                    {
                        "disk_type": "SSD",
                        "disk_mount_point": "/etc/hosts",
                        "disk_is_removable": false,
                        "disk_file_system": "ext4",
                        "disk_total_bytes": "33634926592",
                        "disk_available_bytes": "9861169152",
                        "disk_name": "/dev/nvme0n1p4"
                    }
                ]
            }
        },
        "consumers": [
            {
                "exe": "/",
                "cmdline": "runcinit",
                "pid": 468261,
                "resources_usage": null,
                "consumption": 186720.97,
                "timestamp": 1721775090.9855876,
                "container": null
            },
            {
                "exe": "/usr/local/bin/scaphandre",
                "cmdline": "/usr/local/bin/scaphandrejson-s0--step-nano10000000-f/home/ce-p2-r-1/7/power.json",
                "pid": 468190,
                "resources_usage": null,
                "consumption": 93360.484,
                "timestamp": 1721775090.9855795,
                "container": null
            },
            {
                "exe": "",
                "cmdline": "",
                "pid": 371,
                "resources_usage": null,
                "consumption": 0.0,
                "timestamp": 1721775090.9855258,
                "container": null
            },
            {
                "exe": "/usr/sbin/rsyslogd",
                "cmdline": "/usr/sbin/rsyslogd-n-iNONE",
                "pid": 819,
                "resources_usage": null,
                "consumption": 0.0,
                "timestamp": 1721775090.9855268,
                "container": null
            },
            {
                "exe": "/usr/bin/bash",
                "cmdline": "-bash",
                "pid": 274978,
                "resources_usage": null,
                "consumption": 0.0,
                "timestamp": 1721775090.9855275,
                "container": null
            },
            {
                "exe": "",
                "cmdline": "",
                "pid": 20,
                "resources_usage": null,
                "consumption": 0.0,
                "timestamp": 1721775090.985528,
                "container": null
            },
            {
                "exe": "/usr/sbin/ntpd",
                "cmdline": "/usr/sbin/ntpd-p/var/run/ntpd.pid-g-u115:121",
                "pid": 902,
                "resources_usage": null,
                "consumption": 0.0,
                "timestamp": 1721775090.9855282,
                "container": null
            },
            {
                "exe": "/usr/bin/udevadm",
                "cmdline": "/lib/systemd/systemd-udevd",
                "pid": 468158,
                "resources_usage": null,
                "consumption": 0.0,
                "timestamp": 1721775090.985529,
                "container": null
            },
            {
                "exe": "",
                "cmdline": "",
                "pid": 449391,
                "resources_usage": null,
                "consumption": 0.0,
                "timestamp": 1721775090.9855294,
                "container": null
            },
            {
                "exe": "",
                "cmdline": "",
                "pid": 13,
                "resources_usage": null,
                "consumption": 0.0,
                "timestamp": 1721775090.98553,
                "container": null
            }
        ],
        "sockets": [
            {
                "id": 0,
                "consumption": 14685634.0,
                "domains": [
                    {
                        "name": "uncore",
                        "consumption": 0.0,
                        "timestamp": 1721775090.9676547
                    },
                    {
                        "name": "core",
                        "consumption": 11900357.0,
                        "timestamp": 1721775090.967642
                    }
                ],
                "timestamp": 1721775090.9674833
            }
        ]
    },
    {
        "host": {
            "consumption": 16583957.0,
            "timestamp": 1721775091.0218575,
            "components": {
                "disks": [
                    {
                        "disk_type": "SSD",
                        "disk_mount_point": "/etc/hosts",
                        "disk_is_removable": false,
                        "disk_file_system": "ext4",
                        "disk_total_bytes": "33634926592",
                        "disk_available_bytes": "9861165056",
                        "disk_name": "/dev/nvme0n1p4"
                    }
                ]
            }
        },
        "consumers": [
            {
                "exe": "/usr/local/bin/scaphandre",
                "cmdline": "/usr/local/bin/scaphandrejson-s0--step-nano10000000-f/home/ce-p2-r-1/7/power.json",
                "pid": 468190,
                "resources_usage": null,
                "consumption": 297915.4,
                "timestamp": 1721775091.0217228,
                "container": null
            },
            {
                "exe": "/",
                "cmdline": "runcinit",
                "pid": 468261,
                "resources_usage": null,
                "consumption": 297915.4,
                "timestamp": 1721775091.0217311,
                "container": null
            },
            {
                "exe": "",
                "cmdline": "",
                "pid": 371,
                "resources_usage": null,
                "consumption": 0.0,
                "timestamp": 1721775091.0216687,
                "container": null
            },
            {
                "exe": "/usr/sbin/rsyslogd",
                "cmdline": "/usr/sbin/rsyslogd-n-iNONE",
                "pid": 819,
                "resources_usage": null,
                "consumption": 0.0,
                "timestamp": 1721775091.0216696,
                "container": null
            },
            {
                "exe": "/usr/bin/bash",
                "cmdline": "-bash",
                "pid": 274978,
                "resources_usage": null,
                "consumption": 0.0,
                "timestamp": 1721775091.0216706,
                "container": null
            },
            {
                "exe": "",
                "cmdline": "",
                "pid": 20,
                "resources_usage": null,
                "consumption": 0.0,
                "timestamp": 1721775091.021671,
                "container": null
            },
            {
                "exe": "/usr/sbin/ntpd",
                "cmdline": "/usr/sbin/ntpd-p/var/run/ntpd.pid-g-u115:121",
                "pid": 902,
                "resources_usage": null,
                "consumption": 0.0,
                "timestamp": 1721775091.0216713,
                "container": null
            },
            {
                "exe": "/usr/bin/udevadm",
                "cmdline": "/lib/systemd/systemd-udevd",
                "pid": 468158,
                "resources_usage": null,
                "consumption": 0.0,
                "timestamp": 1721775091.0216718,
                "container": null
            },
            {
                "exe": "",
                "cmdline": "",
                "pid": 449391,
                "resources_usage": null,
                "consumption": 0.0,
                "timestamp": 1721775091.0216722,
                "container": null
            },
            {
                "exe": "",
                "cmdline": "",
                "pid": 13,
                "resources_usage": null,
                "consumption": 0.0,
                "timestamp": 1721775091.0216725,
                "container": null
            }
        ],
        "sockets": [
            {
                "id": 0,
                "consumption": 9249436.0,
                "domains": [
                    {
                        "name": "uncore",
                        "consumption": 0.0,
                        "timestamp": 1721775091.0031934
                    },
                    {
                        "name": "core",
                        "consumption": 6433383.0,
                        "timestamp": 1721775091.0031812
                    }
                ],
                "timestamp": 1721775091.0030177
            }
        ]
    },
    {
        "host": {
            "consumption": 20858644.0,
            "timestamp": 1721775091.0599966,
            "components": {
                "disks": [
                    {
                        "disk_type": "SSD",
                        "disk_mount_point": "/etc/hosts",
                        "disk_is_removable": false,
                        "disk_file_system": "ext4",
                        "disk_total_bytes": "33634926592",
                        "disk_available_bytes": "9861165056",
                        "disk_name": "/dev/nvme0n1p4"
                    }
                ]
            }
        },
        "consumers": [
            {
                "exe": "/",
                "cmdline": "runcinit",
                "pid": 468261,
                "resources_usage": null,
                "consumption": 499608.25,
                "timestamp": 1721775091.0598805,
                "container": null
            },
            {
                "exe": "/usr/local/bin/scaphandre",
                "cmdline": "/usr/local/bin/scaphandrejson-s0--step-nano10000000-f/home/ce-p2-r-1/7/power.json",
                "pid": 468190,
                "resources_usage": null,
                "consumption": 249804.12,
                "timestamp": 1721775091.0598724,
                "container": null
            },
            {
                "exe": "",
                "cmdline": "",
                "pid": 371,
                "resources_usage": null,
                "consumption": 0.0,
                "timestamp": 1721775091.059817,
                "container": null
            },
            {
                "exe": "/usr/sbin/rsyslogd",
                "cmdline": "/usr/sbin/rsyslogd-n-iNONE",
                "pid": 819,
                "resources_usage": null,
                "consumption": 0.0,
                "timestamp": 1721775091.059818,
                "container": null
            },
            {
                "exe": "/usr/bin/bash",
                "cmdline": "-bash",
                "pid": 274978,
                "resources_usage": null,
                "consumption": 0.0,
                "timestamp": 1721775091.0598187,
                "container": null
            },
            {
                "exe": "",
                "cmdline": "",
                "pid": 20,
                "resources_usage": null,
                "consumption": 0.0,
                "timestamp": 1721775091.0598192,
                "container": null
            },
            {
                "exe": "/usr/sbin/ntpd",
                "cmdline": "/usr/sbin/ntpd-p/var/run/ntpd.pid-g-u115:121",
                "pid": 902,
                "resources_usage": null,
                "consumption": 0.0,
                "timestamp": 1721775091.0598195,
                "container": null
            },
            {
                "exe": "/usr/bin/udevadm",
                "cmdline": "/lib/systemd/systemd-udevd",
                "pid": 468158,
                "resources_usage": null,
                "consumption": 0.0,
                "timestamp": 1721775091.0598204,
                "container": null
            },
            {
                "exe": "",
                "cmdline": "",
                "pid": 449391,
                "resources_usage": null,
                "consumption": 0.0,
                "timestamp": 1721775091.059821,
                "container": null
            },
            {
                "exe": "",
                "cmdline": "",
                "pid": 13,
                "resources_usage": null,
                "consumption": 0.0,
                "timestamp": 1721775091.0598211,
                "container": null
            }
        ],
        "sockets": [
            {
                "id": 0,
                "consumption": 22028282.0,
                "domains": [
                    {
                        "name": "uncore",
                        "consumption": 0.0,
                        "timestamp": 1721775091.0396686
                    },
                    {
                        "name": "core",
                        "consumption": 19498150.0,
                        "timestamp": 1721775091.0396554
                    }
                ],
                "timestamp": 1721775091.039478
            }
        ]
    },
    {
        "host": {
            "consumption": 13709493.0,
            "timestamp": 1721775091.0951543,
            "components": {
                "disks": [
                    {
                        "disk_type": "SSD",
                        "disk_mount_point": "/etc/hosts",
                        "disk_is_removable": false,
                        "disk_file_system": "ext4",
                        "disk_total_bytes": "33634926592",
                        "disk_available_bytes": "9861160960",
                        "disk_name": "/dev/nvme0n1p4"
                    }
                ]
            }
        },
        "consumers": [
            {
                "exe": "/",
                "cmdline": "runcinit",
                "pid": 468261,
                "resources_usage": null,
                "consumption": 328371.12,
                "timestamp": 1721775091.0950346,
                "container": null
            },
            {
                "exe": "/usr/local/bin/scaphandre",
                "cmdline": "/usr/local/bin/scaphandrejson-s0--step-nano10000000-f/home/ce-p2-r-1/7/power.json",
                "pid": 468190,
                "resources_usage": null,
                "consumption": 164185.56,
                "timestamp": 1721775091.095028,
                "container": null
            },
            {
                "exe": "",
                "cmdline": "",
                "pid": 371,
                "resources_usage": null,
                "consumption": 0.0,
                "timestamp": 1721775091.0949824,
                "container": null
            },
            {
                "exe": "/usr/sbin/rsyslogd",
                "cmdline": "/usr/sbin/rsyslogd-n-iNONE",
                "pid": 819,
                "resources_usage": null,
                "consumption": 0.0,
                "timestamp": 1721775091.0949833,
                "container": null
            },
            {
                "exe": "/usr/bin/bash",
                "cmdline": "-bash",
                "pid": 274978,
                "resources_usage": null,
                "consumption": 0.0,
                "timestamp": 1721775091.094984,
                "container": null
            },
            {
                "exe": "",
                "cmdline": "",
                "pid": 20,
                "resources_usage": null,
                "consumption": 0.0,
                "timestamp": 1721775091.0949843,
                "container": null
            },
            {
                "exe": "/usr/sbin/ntpd",
                "cmdline": "/usr/sbin/ntpd-p/var/run/ntpd.pid-g-u115:121",
                "pid": 902,
                "resources_usage": null,
                "consumption": 0.0,
                "timestamp": 1721775091.0949848,
                "container": null
            },
            {
                "exe": "/usr/bin/udevadm",
                "cmdline": "/lib/systemd/systemd-udevd",
                "pid": 468158,
                "resources_usage": null,
                "consumption": 0.0,
                "timestamp": 1721775091.0949852,
                "container": null
            },
            {
                "exe": "",
                "cmdline": "",
                "pid": 449391,
                "resources_usage": null,
                "consumption": 0.0,
                "timestamp": 1721775091.0949857,
                "container": null
            },
            {
                "exe": "",
                "cmdline": "",
                "pid": 13,
                "resources_usage": null,
                "consumption": 0.0,
                "timestamp": 1721775091.094986,
                "container": null
            }
        ],
        "sockets": [
            {
                "id": 0,
                "consumption": 14872044.0,
                "domains": [
                    {
                        "name": "uncore",
                        "consumption": 0.0,
                        "timestamp": 1721775091.0751977
                    },
                    {
                        "name": "core",
                        "consumption": 12607085.0,
                        "timestamp": 1721775091.0751908
                    }
                ],
                "timestamp": 1721775091.0750885
            }
        ]
    },
    {
        "host": {
            "consumption": 18401820.0,
            "timestamp": 1721775091.130886,
            "components": {
                "disks": [
                    {
                        "disk_type": "SSD",
                        "disk_mount_point": "/etc/hosts",
                        "disk_is_removable": false,
                        "disk_file_system": "ext4",
                        "disk_total_bytes": "33634926592",
                        "disk_available_bytes": "9861160960",
                        "disk_name": "/dev/nvme0n1p4"
                    }
                ]
            }
        },
        "consumers": [
            {
                "exe": "/",
                "cmdline": "runcinit",
                "pid": 468261,
                "resources_usage": null,
                "consumption": 330571.6,
                "timestamp": 1721775091.1307676,
                "container": null
            },
            {
                "exe": "/usr/local/bin/scaphandre",
                "cmdline": "/usr/local/bin/scaphandrejson-s0--step-nano10000000-f/home/ce-p2-r-1/7/power.json",
                "pid": 468190,
                "resources_usage": null,
                "consumption": 220381.08,
                "timestamp": 1721775091.1307614,
                "container": null
            },
            {
                "exe": "",
                "cmdline": "",
                "pid": 371,
                "resources_usage": null,
                "consumption": 0.0,
                "timestamp": 1721775091.1307187,
                "container": null
            },
            {
                "exe": "/usr/sbin/rsyslogd",
                "cmdline": "/usr/sbin/rsyslogd-n-iNONE",
                "pid": 819,
                "resources_usage": null,
                "consumption": 0.0,
                "timestamp": 1721775091.1307197,
                "container": null
            },
            {
                "exe": "/usr/bin/bash",
                "cmdline": "-bash",
                "pid": 274978,
                "resources_usage": null,
                "consumption": 0.0,
                "timestamp": 1721775091.1307201,
                "container": null
            },
            {
                "exe": "",
                "cmdline": "",
                "pid": 20,
                "resources_usage": null,
                "consumption": 0.0,
                "timestamp": 1721775091.1307206,
                "container": null
            },
            {
                "exe": "/usr/sbin/ntpd",
                "cmdline": "/usr/sbin/ntpd-p/var/run/ntpd.pid-g-u115:121",
                "pid": 902,
                "resources_usage": null,
                "consumption": 0.0,
                "timestamp": 1721775091.1307209,
                "container": null
            },
            {
                "exe": "/usr/bin/udevadm",
                "cmdline": "/lib/systemd/systemd-udevd",
                "pid": 468158,
                "resources_usage": null,
                "consumption": 0.0,
                "timestamp": 1721775091.1307216,
                "container": null
            },
            {
                "exe": "",
                "cmdline": "",
                "pid": 449391,
                "resources_usage": null,
                "consumption": 0.0,
                "timestamp": 1721775091.1307218,
                "container": null
            },
            {
                "exe": "",
                "cmdline": "",
                "pid": 13,
                "resources_usage": null,
                "consumption": 0.0,
                "timestamp": 1721775091.1307225,
                "container": null
            }
        ],
        "sockets": [
            {
                "id": 0,
                "consumption": 18434690.0,
                "domains": [
                    {
                        "name": "uncore",
                        "consumption": 0.0,
                        "timestamp": 1721775091.110785
                    },
                    {
                        "name": "core",
                        "consumption": 16123162.0,
                        "timestamp": 1721775091.1107674
                    }
                ],
                "timestamp": 1721775091.1104918
            }
        ]
    },
    {
        "host": {
            "consumption": 22950924.0,
            "timestamp": 1721775091.1660163,
            "components": {
                "disks": [
                    {
                        "disk_type": "SSD",
                        "disk_mount_point": "/etc/hosts",
                        "disk_is_removable": false,
                        "disk_file_system": "ext4",
                        "disk_total_bytes": "33634926592",
                        "disk_available_bytes": "9861156864",
                        "disk_name": "/dev/nvme0n1p4"
                    }
                ]
            }
        },
        "consumers": [
            {
                "exe": "/",
                "cmdline": "runcinit",
                "pid": 468261,
                "resources_usage": null,
                "consumption": 530657.2,
                "timestamp": 1721775091.1658995,
                "container": null
            },
            {
                "exe": "/usr/local/bin/scaphandre",
                "cmdline": "/usr/local/bin/scaphandrejson-s0--step-nano10000000-f/home/ce-p2-r-1/7/power.json",
                "pid": 468190,
                "resources_usage": null,
                "consumption": 265328.6,
                "timestamp": 1721775091.1658936,
                "container": null
            },
            {
                "exe": "",
                "cmdline": "",
                "pid": 371,
                "resources_usage": null,
                "consumption": 0.0,
                "timestamp": 1721775091.1658506,
                "container": null
            },
            {
                "exe": "/usr/sbin/rsyslogd",
                "cmdline": "/usr/sbin/rsyslogd-n-iNONE",
                "pid": 819,
                "resources_usage": null,
                "consumption": 0.0,
                "timestamp": 1721775091.1658516,
                "container": null
            },
            {
                "exe": "/usr/bin/bash",
                "cmdline": "-bash",
                "pid": 274978,
                "resources_usage": null,
                "consumption": 0.0,
                "timestamp": 1721775091.1658523,
                "container": null
            },
            {
                "exe": "",
                "cmdline": "",
                "pid": 20,
                "resources_usage": null,
                "consumption": 0.0,
                "timestamp": 1721775091.1658528,
                "container": null
            },
            {
                "exe": "/usr/sbin/ntpd",
                "cmdline": "/usr/sbin/ntpd-p/var/run/ntpd.pid-g-u115:121",
                "pid": 902,
                "resources_usage": null,
                "consumption": 0.0,
                "timestamp": 1721775091.165853,
                "container": null
            },
            {
                "exe": "/usr/bin/udevadm",
                "cmdline": "/lib/systemd/systemd-udevd",
                "pid": 468158,
                "resources_usage": null,
                "consumption": 0.0,
                "timestamp": 1721775091.1658535,
                "container": null
            },
            {
                "exe": "",
                "cmdline": "",
                "pid": 449391,
                "resources_usage": null,
                "consumption": 0.0,
                "timestamp": 1721775091.1658537,
                "container": null
            },
            {
                "exe": "",
                "cmdline": "",
                "pid": 13,
                "resources_usage": null,
                "consumption": 0.0,
                "timestamp": 1721775091.165854,
                "container": null
            }
        ],
        "sockets": [
            {
                "id": 0,
                "consumption": 16032287.0,
                "domains": [
                    {
                        "name": "uncore",
                        "consumption": 0.0,
                        "timestamp": 1721775091.1467693
                    },
                    {
                        "name": "core",
                        "consumption": 13708851.0,
                        "timestamp": 1721775091.14655
                    }
                ],
                "timestamp": 1721775091.146228
            }
        ]
    },
    {
        "host": {
            "consumption": 22985282.0,
            "timestamp": 1721775091.2012906,
            "components": {
                "disks": [
                    {
                        "disk_type": "SSD",
                        "disk_mount_point": "/etc/hosts",
                        "disk_is_removable": false,
                        "disk_file_system": "ext4",
                        "disk_total_bytes": "33634926592",
                        "disk_available_bytes": "9861156864",
                        "disk_name": "/dev/nvme0n1p4"
                    }
                ]
            }
        },
        "consumers": [
            {
                "exe": "/",
                "cmdline": "runcinit",
                "pid": 468261,
                "resources_usage": null,
                "consumption": 398588.72,
                "timestamp": 1721775091.2011635,
                "container": null
            },
            {
                "exe": "/usr/local/bin/scaphandre",
                "cmdline": "/usr/local/bin/scaphandrejson-s0--step-nano10000000-f/home/ce-p2-r-1/7/power.json",
                "pid": 468190,
                "resources_usage": null,
                "consumption": 265725.78,
                "timestamp": 1721775091.201158,
                "container": null
            },
            {
                "exe": "",
                "cmdline": "",
                "pid": 371,
                "resources_usage": null,
                "consumption": 0.0,
                "timestamp": 1721775091.2011156,
                "container": null
            },
            {
                "exe": "/usr/sbin/rsyslogd",
                "cmdline": "/usr/sbin/rsyslogd-n-iNONE",
                "pid": 819,
                "resources_usage": null,
                "consumption": 0.0,
                "timestamp": 1721775091.2011168,
                "container": null
            },
            {
                "exe": "/usr/bin/bash",
                "cmdline": "-bash",
                "pid": 274978,
                "resources_usage": null,
                "consumption": 0.0,
                "timestamp": 1721775091.2011175,
                "container": null
            },
            {
                "exe": "",
                "cmdline": "",
                "pid": 20,
                "resources_usage": null,
                "consumption": 0.0,
                "timestamp": 1721775091.201118,
                "container": null
            },
            {
                "exe": "/usr/sbin/ntpd",
                "cmdline": "/usr/sbin/ntpd-p/var/run/ntpd.pid-g-u115:121",
                "pid": 902,
                "resources_usage": null,
                "consumption": 0.0,
                "timestamp": 1721775091.2011182,
                "container": null
            },
            {
                "exe": "/usr/bin/udevadm",
                "cmdline": "/lib/systemd/systemd-udevd",
                "pid": 468158,
                "resources_usage": null,
                "consumption": 0.0,
                "timestamp": 1721775091.2011187,
                "container": null
            },
            {
                "exe": "",
                "cmdline": "",
                "pid": 449391,
                "resources_usage": null,
                "consumption": 0.0,
                "timestamp": 1721775091.2011192,
                "container": null
            },
            {
                "exe": "",
                "cmdline": "",
                "pid": 13,
                "resources_usage": null,
                "consumption": 0.0,
                "timestamp": 1721775091.2011197,
                "container": null
            }
        ],
        "sockets": [
            {
                "id": 0,
                "consumption": 23555030.0,
                "domains": [
                    {
                        "name": "uncore",
                        "consumption": 0.0,
                        "timestamp": 1721775091.1818454
                    },
                    {
                        "name": "core",
                        "consumption": 21233932.0,
                        "timestamp": 1721775091.1816206
                    }
                ],
                "timestamp": 1721775091.1812866
            }
        ]
    },
    {
        "host": {
            "consumption": 13738886.0,
            "timestamp": 1721775091.2355068,
            "components": {
                "disks": [
                    {
                        "disk_type": "SSD",
                        "disk_mount_point": "/etc/hosts",
                        "disk_is_removable": false,
                        "disk_file_system": "ext4",
                        "disk_total_bytes": "33634926592",
                        "disk_available_bytes": "9861152768",
                        "disk_name": "/dev/nvme0n1p4"
                    }
                ]
            }
        },
        "consumers": [
            {
                "exe": "/",
                "cmdline": "runcinit",
                "pid": 468261,
                "resources_usage": null,
                "consumption": 317662.1,
                "timestamp": 1721775091.2353907,
                "container": null
            },
            {
                "exe": "/usr/local/bin/scaphandre",
                "cmdline": "/usr/local/bin/scaphandrejson-s0--step-nano10000000-f/home/ce-p2-r-1/7/power.json",
                "pid": 468190,
                "resources_usage": null,
                "consumption": 158831.05,
                "timestamp": 1721775091.235385,
                "container": null
            },
            {
                "exe": "",
                "cmdline": "",
                "pid": 371,
                "resources_usage": null,
                "consumption": 0.0,
                "timestamp": 1721775091.2353423,
                "container": null
            },
            {
                "exe": "/usr/sbin/rsyslogd",
                "cmdline": "/usr/sbin/rsyslogd-n-iNONE",
                "pid": 819,
                "resources_usage": null,
                "consumption": 0.0,
                "timestamp": 1721775091.2353432,
                "container": null
            },
            {
                "exe": "/usr/bin/bash",
                "cmdline": "-bash",
                "pid": 274978,
                "resources_usage": null,
                "consumption": 0.0,
                "timestamp": 1721775091.235344,
                "container": null
            },
            {
                "exe": "",
                "cmdline": "",
                "pid": 20,
                "resources_usage": null,
                "consumption": 0.0,
                "timestamp": 1721775091.2353442,
                "container": null
            },
            {
                "exe": "/usr/sbin/ntpd",
                "cmdline": "/usr/sbin/ntpd-p/var/run/ntpd.pid-g-u115:121",
                "pid": 902,
                "resources_usage": null,
                "consumption": 0.0,
                "timestamp": 1721775091.2353444,
                "container": null
            },
            {
                "exe": "/usr/bin/udevadm",
                "cmdline": "/lib/systemd/systemd-udevd",
                "pid": 468158,
                "resources_usage": null,
                "consumption": 0.0,
                "timestamp": 1721775091.235345,
                "container": null
            },
            {
                "exe": "",
                "cmdline": "",
                "pid": 449391,
                "resources_usage": null,
                "consumption": 0.0,
                "timestamp": 1721775091.2353454,
                "container": null
            },
            {
                "exe": "",
                "cmdline": "",
                "pid": 13,
                "resources_usage": null,
                "consumption": 0.0,
                "timestamp": 1721775091.2353456,
                "container": null
            }
        ],
        "sockets": [
            {
                "id": 0,
                "consumption": 23051882.0,
                "domains": [
                    {
                        "name": "uncore",
                        "consumption": 0.0,
                        "timestamp": 1721775091.2171483
                    },
                    {
                        "name": "core",
                        "consumption": 20723480.0,
                        "timestamp": 1721775091.2168689
                    }
                ],
                "timestamp": 1721775091.2165463
            }
        ]
    },
    {
        "host": {
            "consumption": 16279358.0,
            "timestamp": 1721775091.2697334,
            "components": {
                "disks": [
                    {
                        "disk_type": "SSD",
                        "disk_mount_point": "/etc/hosts",
                        "disk_is_removable": false,
                        "disk_file_system": "ext4",
                        "disk_total_bytes": "33634926592",
                        "disk_available_bytes": "9861152768",
                        "disk_name": "/dev/nvme0n1p4"
                    }
                ]
            }
        },
        "consumers": [
            {
                "exe": "/",
                "cmdline": "runcinit",
                "pid": 468261,
                "resources_usage": null,
                "consumption": 282301.0,
                "timestamp": 1721775091.269611,
                "container": null
            },
            {
                "exe": "/usr/local/bin/scaphandre",
                "cmdline": "/usr/local/bin/scaphandrejson-s0--step-nano10000000-f/home/ce-p2-r-1/7/power.json",
                "pid": 468190,
                "resources_usage": null,
                "consumption": 188200.66,
                "timestamp": 1721775091.269605,
                "container": null
            },
            {
                "exe": "",
                "cmdline": "",
                "pid": 371,
                "resources_usage": null,
                "consumption": 0.0,
                "timestamp": 1721775091.269561,
                "container": null
            },
            {
                "exe": "/usr/sbin/rsyslogd",
                "cmdline": "/usr/sbin/rsyslogd-n-iNONE",
                "pid": 819,
                "resources_usage": null,
                "consumption": 0.0,
                "timestamp": 1721775091.269562,
                "container": null
            },
            {
                "exe": "/usr/bin/bash",
                "cmdline": "-bash",
                "pid": 274978,
                "resources_usage": null,
                "consumption": 0.0,
                "timestamp": 1721775091.269563,
                "container": null
            },
            {
                "exe": "",
                "cmdline": "",
                "pid": 20,
                "resources_usage": null,
                "consumption": 0.0,
                "timestamp": 1721775091.2695634,
                "container": null
            },
            {
                "exe": "/usr/sbin/ntpd",
                "cmdline": "/usr/sbin/ntpd-p/var/run/ntpd.pid-g-u115:121",
                "pid": 902,
                "resources_usage": null,
                "consumption": 0.0,
                "timestamp": 1721775091.269564,
                "container": null
            },
            {
                "exe": "/usr/bin/udevadm",
                "cmdline": "/lib/systemd/systemd-udevd",
                "pid": 468158,
                "resources_usage": null,
                "consumption": 0.0,
                "timestamp": 1721775091.2695644,
                "container": null
            },
            {
                "exe": "",
                "cmdline": "",
                "pid": 449391,
                "resources_usage": null,
                "consumption": 0.0,
                "timestamp": 1721775091.2695649,
                "container": null
            },
            {
                "exe": "",
                "cmdline": "",
                "pid": 13,
                "resources_usage": null,
                "consumption": 0.0,
                "timestamp": 1721775091.2695653,
                "container": null
            }
        ],
        "sockets": [
            {
                "id": 0,
                "consumption": 12623023.0,
                "domains": [
                    {
                        "name": "uncore",
                        "consumption": 0.0,
                        "timestamp": 1721775091.251122
                    },
                    {
                        "name": "core",
                        "consumption": 10265226.0,
                        "timestamp": 1721775091.2511108
                    }
                ],
                "timestamp": 1721775091.2509005
            }
        ]
    },
    {
        "host": {
            "consumption": 17859516.0,
            "timestamp": 1721775091.3040862,
            "components": {
                "disks": [
                    {
                        "disk_type": "SSD",
                        "disk_mount_point": "/etc/hosts",
                        "disk_is_removable": false,
                        "disk_file_system": "ext4",
                        "disk_total_bytes": "33634926592",
                        "disk_available_bytes": "9861148672",
                        "disk_name": "/dev/nvme0n1p4"
                    }
                ]
            }
        },
        "consumers": [
            {
                "exe": "/",
                "cmdline": "runcinit",
                "pid": 468261,
                "resources_usage": null,
                "consumption": 412936.72,
                "timestamp": 1721775091.303961,
                "container": null
            },
            {
                "exe": "/usr/local/bin/scaphandre",
                "cmdline": "/usr/local/bin/scaphandrejson-s0--step-nano10000000-f/home/ce-p2-r-1/7/power.json",
                "pid": 468190,
                "resources_usage": null,
                "consumption": 103234.18,
                "timestamp": 1721775091.3039548,
                "container": null
            },
            {
                "exe": "",
                "cmdline": "",
                "pid": 371,
                "resources_usage": null,
                "consumption": 0.0,
                "timestamp": 1721775091.3039088,
                "container": null
            },
            {
                "exe": "/usr/sbin/rsyslogd",
                "cmdline": "/usr/sbin/rsyslogd-n-iNONE",
                "pid": 819,
                "resources_usage": null,
                "consumption": 0.0,
                "timestamp": 1721775091.3039098,
                "container": null
            },
            {
                "exe": "/usr/bin/bash",
                "cmdline": "-bash",
                "pid": 274978,
                "resources_usage": null,
                "consumption": 0.0,
                "timestamp": 1721775091.3039105,
                "container": null
            },
            {
                "exe": "",
                "cmdline": "",
                "pid": 20,
                "resources_usage": null,
                "consumption": 0.0,
                "timestamp": 1721775091.3039114,
                "container": null
            },
            {
                "exe": "/usr/sbin/ntpd",
                "cmdline": "/usr/sbin/ntpd-p/var/run/ntpd.pid-g-u115:121",
                "pid": 902,
                "resources_usage": null,
                "consumption": 0.0,
                "timestamp": 1721775091.3039117,
                "container": null
            },
            {
                "exe": "/usr/bin/udevadm",
                "cmdline": "/lib/systemd/systemd-udevd",
                "pid": 468158,
                "resources_usage": null,
                "consumption": 0.0,
                "timestamp": 1721775091.3039124,
                "container": null
            },
            {
                "exe": "",
                "cmdline": "",
                "pid": 449391,
                "resources_usage": null,
                "consumption": 0.0,
                "timestamp": 1721775091.3039129,
                "container": null
            },
            {
                "exe": "",
                "cmdline": "",
                "pid": 13,
                "resources_usage": null,
                "consumption": 0.0,
                "timestamp": 1721775091.303913,
                "container": null
            }
        ],
        "sockets": [
            {
                "id": 0,
                "consumption": 13747542.0,
                "domains": [
                    {
                        "name": "uncore",
                        "consumption": 0.0,
                        "timestamp": 1721775091.2855814
                    },
                    {
                        "name": "core",
                        "consumption": 11415408.0,
                        "timestamp": 1721775091.2853565
                    }
                ],
                "timestamp": 1721775091.2850418
            }
        ]
    },
    {
        "host": {
            "consumption": 20633116.0,
            "timestamp": 1721775091.3383884,
            "components": {
                "disks": [
                    {
                        "disk_type": "SSD",
                        "disk_mount_point": "/etc/hosts",
                        "disk_is_removable": false,
                        "disk_file_system": "ext4",
                        "disk_total_bytes": "33634926592",
                        "disk_available_bytes": "9861148672",
                        "disk_name": "/dev/nvme0n1p4"
                    }
                ]
            }
        },
        "consumers": [
            {
                "exe": "/",
                "cmdline": "runcinit",
                "pid": 468261,
                "resources_usage": null,
                "consumption": 357799.7,
                "timestamp": 1721775091.3382704,
                "container": null
            },
            {
                "exe": "/usr/local/bin/scaphandre",
                "cmdline": "/usr/local/bin/scaphandrejson-s0--step-nano10000000-f/home/ce-p2-r-1/7/power.json",
                "pid": 468190,
                "resources_usage": null,
                "consumption": 238533.11,
                "timestamp": 1721775091.3382645,
                "container": null
            },
            {
                "exe": "",
                "cmdline": "",
                "pid": 371,
                "resources_usage": null,
                "consumption": 0.0,
                "timestamp": 1721775091.33822,
                "container": null
            },
            {
                "exe": "/usr/sbin/rsyslogd",
                "cmdline": "/usr/sbin/rsyslogd-n-iNONE",
                "pid": 819,
                "resources_usage": null,
                "consumption": 0.0,
                "timestamp": 1721775091.3382208,
                "container": null
            },
            {
                "exe": "/usr/bin/bash",
                "cmdline": "-bash",
                "pid": 274978,
                "resources_usage": null,
                "consumption": 0.0,
                "timestamp": 1721775091.3382213,
                "container": null
            },
            {
                "exe": "",
                "cmdline": "",
                "pid": 20,
                "resources_usage": null,
                "consumption": 0.0,
                "timestamp": 1721775091.3382218,
                "container": null
            },
            {
                "exe": "/usr/sbin/ntpd",
                "cmdline": "/usr/sbin/ntpd-p/var/run/ntpd.pid-g-u115:121",
                "pid": 902,
                "resources_usage": null,
                "consumption": 0.0,
                "timestamp": 1721775091.338222,
                "container": null
            },
            {
                "exe": "/usr/bin/udevadm",
                "cmdline": "/lib/systemd/systemd-udevd",
                "pid": 468158,
                "resources_usage": null,
                "consumption": 0.0,
                "timestamp": 1721775091.3382227,
                "container": null
            },
            {
                "exe": "",
                "cmdline": "",
                "pid": 449391,
                "resources_usage": null,
                "consumption": 0.0,
                "timestamp": 1721775091.3382232,
                "container": null
            },
            {
                "exe": "",
                "cmdline": "",
                "pid": 13,
                "resources_usage": null,
                "consumption": 0.0,
                "timestamp": 1721775091.338224,
                "container": null
            }
        ],
        "sockets": [
            {
                "id": 0,
                "consumption": 23478456.0,
                "domains": [
                    {
                        "name": "uncore",
                        "consumption": 0.0,
                        "timestamp": 1721775091.31957
                    },
                    {
                        "name": "core",
                        "consumption": 21360344.0,
                        "timestamp": 1721775091.3195596
                    }
                ],
                "timestamp": 1721775091.3194451
            }
        ]
    },
    {
        "host": {
            "consumption": 13850233.0,
            "timestamp": 1721775091.3736691,
            "components": {
                "disks": [
                    {
                        "disk_type": "SSD",
                        "disk_mount_point": "/etc/hosts",
                        "disk_is_removable": false,
                        "disk_file_system": "ext4",
                        "disk_total_bytes": "33634926592",
                        "disk_available_bytes": "9861144576",
                        "disk_name": "/dev/nvme0n1p4"
                    }
                ]
            }
        },
        "consumers": [
            {
                "exe": "/",
                "cmdline": "runcinit",
                "pid": 468261,
                "resources_usage": null,
                "consumption": 333740.53,
                "timestamp": 1721775091.3735945,
                "container": null
            },
            {
                "exe": "/usr/local/bin/scaphandre",
                "cmdline": "/usr/local/bin/scaphandrejson-s0--step-nano10000000-f/home/ce-p2-r-1/7/power.json",
                "pid": 468190,
                "resources_usage": null,
                "consumption": 166870.27,
                "timestamp": 1721775091.3735874,
                "container": null
            },
            {
                "exe": "",
                "cmdline": "",
                "pid": 371,
                "resources_usage": null,
                "consumption": 0.0,
                "timestamp": 1721775091.3735414,
                "container": null
            },
            {
                "exe": "/usr/sbin/rsyslogd",
                "cmdline": "/usr/sbin/rsyslogd-n-iNONE",
                "pid": 819,
                "resources_usage": null,
                "consumption": 0.0,
                "timestamp": 1721775091.3735425,
                "container": null
            },
            {
                "exe": "/usr/bin/bash",
                "cmdline": "-bash",
                "pid": 274978,
                "resources_usage": null,
                "consumption": 0.0,
                "timestamp": 1721775091.3735433,
                "container": null
            },
            {
                "exe": "",
                "cmdline": "",
                "pid": 20,
                "resources_usage": null,
                "consumption": 0.0,
                "timestamp": 1721775091.3735437,
                "container": null
            },
            {
                "exe": "/usr/sbin/ntpd",
                "cmdline": "/usr/sbin/ntpd-p/var/run/ntpd.pid-g-u115:121",
                "pid": 902,
                "resources_usage": null,
                "consumption": 0.0,
                "timestamp": 1721775091.373544,
                "container": null
            },
            {
                "exe": "/usr/bin/udevadm",
                "cmdline": "/lib/systemd/systemd-udevd",
                "pid": 468158,
                "resources_usage": null,
                "consumption": 0.0,
                "timestamp": 1721775091.3735447,
                "container": null
            },
            {
                "exe": "",
                "cmdline": "",
                "pid": 449391,
                "resources_usage": null,
                "consumption": 0.0,
                "timestamp": 1721775091.373545,
                "container": null
            },
            {
                "exe": "",
                "cmdline": "",
                "pid": 13,
                "resources_usage": null,
                "consumption": 0.0,
                "timestamp": 1721775091.3735452,
                "container": null
            }
        ],
        "sockets": [
            {
                "id": 0,
                "consumption": 14873004.0,
                "domains": [
                    {
                        "name": "uncore",
                        "consumption": 0.0,
                        "timestamp": 1721775091.3542042
                    },
                    {
                        "name": "core",
                        "consumption": 12478159.0,
                        "timestamp": 1721775091.3541267
                    }
                ],
                "timestamp": 1721775091.3538263
            }
        ]
    },
    {
        "host": {
            "consumption": 26528410.0,
            "timestamp": 1721775091.410902,
            "components": {
                "disks": [
                    {
                        "disk_type": "SSD",
                        "disk_mount_point": "/etc/hosts",
                        "disk_is_removable": false,
                        "disk_file_system": "ext4",
                        "disk_total_bytes": "33634926592",
                        "disk_available_bytes": "9861140480",
                        "disk_name": "/dev/nvme0n1p4"
                    }
                ]
            }
        },
        "consumers": [
            {
                "exe": "/",
                "cmdline": "runcinit",
                "pid": 468261,
                "resources_usage": null,
                "consumption": 479429.06,
                "timestamp": 1721775091.410786,
                "container": null
            },
            {
                "exe": "/usr/local/bin/scaphandre",
                "cmdline": "/usr/local/bin/scaphandrejson-s0--step-nano10000000-f/home/ce-p2-r-1/7/power.json",
                "pid": 468190,
                "resources_usage": null,
                "consumption": 319619.38,
                "timestamp": 1721775091.41078,
                "container": null
            },
            {
                "exe": "",
                "cmdline": "",
                "pid": 371,
                "resources_usage": null,
                "consumption": 0.0,
                "timestamp": 1721775091.41074,
                "container": null
            },
            {
                "exe": "/usr/sbin/rsyslogd",
                "cmdline": "/usr/sbin/rsyslogd-n-iNONE",
                "pid": 819,
                "resources_usage": null,
                "consumption": 0.0,
                "timestamp": 1721775091.4107409,
                "container": null
            },
            {
                "exe": "/usr/bin/bash",
                "cmdline": "-bash",
                "pid": 274978,
                "resources_usage": null,
                "consumption": 0.0,
                "timestamp": 1721775091.4107413,
                "container": null
            },
            {
                "exe": "",
                "cmdline": "",
                "pid": 20,
                "resources_usage": null,
                "consumption": 0.0,
                "timestamp": 1721775091.4107418,
                "container": null
            },
            {
                "exe": "/usr/sbin/ntpd",
                "cmdline": "/usr/sbin/ntpd-p/var/run/ntpd.pid-g-u115:121",
                "pid": 902,
                "resources_usage": null,
                "consumption": 0.0,
                "timestamp": 1721775091.410742,
                "container": null
            },
            {
                "exe": "/usr/bin/udevadm",
                "cmdline": "/lib/systemd/systemd-udevd",
                "pid": 468158,
                "resources_usage": null,
                "consumption": 0.0,
                "timestamp": 1721775091.4107425,
                "container": null
            },
            {
                "exe": "",
                "cmdline": "",
                "pid": 449391,
                "resources_usage": null,
                "consumption": 0.0,
                "timestamp": 1721775091.410743,
                "container": null
            },
            {
                "exe": "",
                "cmdline": "",
                "pid": 13,
                "resources_usage": null,
                "consumption": 0.0,
                "timestamp": 1721775091.4107432,
                "container": null
            }
        ],
        "sockets": [
            {
                "id": 0,
                "consumption": 19904472.0,
                "domains": [
                    {
                        "name": "uncore",
                        "consumption": 0.0,
                        "timestamp": 1721775091.3894067
                    },
                    {
                        "name": "core",
                        "consumption": 17463308.0,
                        "timestamp": 1721775091.3893917
                    }
                ],
                "timestamp": 1721775091.3892708
            }
        ]
    },
    {
        "host": {
            "consumption": 21321960.0,
            "timestamp": 1721775091.4454672,
            "components": {
                "disks": [
                    {
                        "disk_type": "SSD",
                        "disk_mount_point": "/etc/hosts",
                        "disk_is_removable": false,
                        "disk_file_system": "ext4",
                        "disk_total_bytes": "33634926592",
                        "disk_available_bytes": "9861140480",
                        "disk_name": "/dev/nvme0n1p4"
                    }
                ]
            }
        },
        "consumers": [
            {
                "exe": "/",
                "cmdline": "runcinit",
                "pid": 468261,
                "resources_usage": null,
                "consumption": 513782.12,
                "timestamp": 1721775091.445351,
                "container": null
            },
            {
                "exe": "/usr/local/bin/scaphandre",
                "cmdline": "/usr/local/bin/scaphandrejson-s0--step-nano10000000-f/home/ce-p2-r-1/7/power.json",
                "pid": 468190,
                "resources_usage": null,
                "consumption": 256891.06,
                "timestamp": 1721775091.4453442,
                "container": null
            },
            {
                "exe": "",
                "cmdline": "",
                "pid": 371,
                "resources_usage": null,
                "consumption": 0.0,
                "timestamp": 1721775091.4453003,
                "container": null
            },
            {
                "exe": "/usr/sbin/rsyslogd",
                "cmdline": "/usr/sbin/rsyslogd-n-iNONE",
                "pid": 819,
                "resources_usage": null,
                "consumption": 0.0,
                "timestamp": 1721775091.4453015,
                "container": null
            },
            {
                "exe": "/usr/bin/bash",
                "cmdline": "-bash",
                "pid": 274978,
                "resources_usage": null,
                "consumption": 0.0,
                "timestamp": 1721775091.4453022,
                "container": null
            },
            {
                "exe": "",
                "cmdline": "",
                "pid": 20,
                "resources_usage": null,
                "consumption": 0.0,
                "timestamp": 1721775091.4453027,
                "container": null
            },
            {
                "exe": "/usr/sbin/ntpd",
                "cmdline": "/usr/sbin/ntpd-p/var/run/ntpd.pid-g-u115:121",
                "pid": 902,
                "resources_usage": null,
                "consumption": 0.0,
                "timestamp": 1721775091.445303,
                "container": null
            },
            {
                "exe": "/usr/bin/udevadm",
                "cmdline": "/lib/systemd/systemd-udevd",
                "pid": 468158,
                "resources_usage": null,
                "consumption": 0.0,
                "timestamp": 1721775091.4453037,
                "container": null
            },
            {
                "exe": "",
                "cmdline": "",
                "pid": 449391,
                "resources_usage": null,
                "consumption": 0.0,
                "timestamp": 1721775091.4453042,
                "container": null
            },
            {
                "exe": "",
                "cmdline": "",
                "pid": 13,
                "resources_usage": null,
                "consumption": 0.0,
                "timestamp": 1721775091.4453046,
                "container": null
            }
        ],
        "sockets": [
            {
                "id": 0,
                "consumption": 28525284.0,
                "domains": [
                    {
                        "name": "uncore",
                        "consumption": 0.0,
                        "timestamp": 1721775091.4264631
                    },
                    {
                        "name": "core",
                        "consumption": 25763596.0,
                        "timestamp": 1721775091.426389
                    }
                ],
                "timestamp": 1721775091.4260561
            }
        ]
    },
    {
        "host": {
            "consumption": 21105674.0,
            "timestamp": 1721775091.4802854,
            "components": {
                "disks": [
                    {
                        "disk_type": "SSD",
                        "disk_mount_point": "/etc/hosts",
                        "disk_is_removable": false,
                        "disk_file_system": "ext4",
                        "disk_total_bytes": "33634926592",
                        "disk_available_bytes": "9861136384",
                        "disk_name": "/dev/nvme0n1p4"
                    }
                ]
            }
        },
        "consumers": [
            {
                "exe": "/",
                "cmdline": "runcinit",
                "pid": 468261,
                "resources_usage": null,
                "consumption": 381427.8,
                "timestamp": 1721775091.4800434,
                "container": null
            },
            {
                "exe": "/usr/local/bin/scaphandre",
                "cmdline": "/usr/local/bin/scaphandrejson-s0--step-nano10000000-f/home/ce-p2-r-1/7/power.json",
                "pid": 468190,
                "resources_usage": null,
                "consumption": 127142.61,
                "timestamp": 1721775091.4800372,
                "container": null
            },
            {
                "exe": "",
                "cmdline": "",
                "pid": 449356,
                "resources_usage": null,
                "consumption": 127142.61,
                "timestamp": 1721775091.4800642,
                "container": null
            },
            {
                "exe": "",
                "cmdline": "",
                "pid": 371,
                "resources_usage": null,
                "consumption": 0.0,
                "timestamp": 1721775091.4799929,
                "container": null
            },
            {
                "exe": "/usr/sbin/rsyslogd",
                "cmdline": "/usr/sbin/rsyslogd-n-iNONE",
                "pid": 819,
                "resources_usage": null,
                "consumption": 0.0,
                "timestamp": 1721775091.4799938,
                "container": null
            },
            {
                "exe": "/usr/bin/bash",
                "cmdline": "-bash",
                "pid": 274978,
                "resources_usage": null,
                "consumption": 0.0,
                "timestamp": 1721775091.4799943,
                "container": null
            },
            {
                "exe": "",
                "cmdline": "",
                "pid": 20,
                "resources_usage": null,
                "consumption": 0.0,
                "timestamp": 1721775091.4799953,
                "container": null
            },
            {
                "exe": "/usr/sbin/ntpd",
                "cmdline": "/usr/sbin/ntpd-p/var/run/ntpd.pid-g-u115:121",
                "pid": 902,
                "resources_usage": null,
                "consumption": 0.0,
                "timestamp": 1721775091.4799955,
                "container": null
            },
            {
                "exe": "/usr/bin/udevadm",
                "cmdline": "/lib/systemd/systemd-udevd",
                "pid": 468158,
                "resources_usage": null,
                "consumption": 0.0,
                "timestamp": 1721775091.479996,
                "container": null
            },
            {
                "exe": "",
                "cmdline": "",
                "pid": 449391,
                "resources_usage": null,
                "consumption": 0.0,
                "timestamp": 1721775091.4799964,
                "container": null
            }
        ],
        "sockets": [
            {
                "id": 0,
                "consumption": 18720848.0,
                "domains": [
                    {
                        "name": "uncore",
                        "consumption": 0.0,
                        "timestamp": 1721775091.4610999
                    },
                    {
                        "name": "core",
                        "consumption": 16350135.0,
                        "timestamp": 1721775091.4609118
                    }
                ],
                "timestamp": 1721775091.460589
            }
        ]
    },
    {
        "host": {
            "consumption": 19261696.0,
            "timestamp": 1721775091.514644,
            "components": {
                "disks": [
                    {
                        "disk_type": "SSD",
                        "disk_mount_point": "/etc/hosts",
                        "disk_is_removable": false,
                        "disk_file_system": "ext4",
                        "disk_total_bytes": "33634926592",
                        "disk_available_bytes": "9861136384",
                        "disk_name": "/dev/nvme0n1p4"
                    }
                ]
            }
        },
        "consumers": [
            {
                "exe": "/",
                "cmdline": "runcinit",
                "pid": 468261,
                "resources_usage": null,
                "consumption": 464137.2,
                "timestamp": 1721775091.5145187,
                "container": null
            },
            {
                "exe": "/usr/local/bin/scaphandre",
                "cmdline": "/usr/local/bin/scaphandrejson-s0--step-nano10000000-f/home/ce-p2-r-1/7/power.json",
                "pid": 468190,
                "resources_usage": null,
                "consumption": 348102.9,
                "timestamp": 1721775091.5145123,
                "container": null
            },
            {
                "exe": "",
                "cmdline": "",
                "pid": 371,
                "resources_usage": null,
                "consumption": 0.0,
                "timestamp": 1721775091.5144687,
                "container": null
            },
            {
                "exe": "/usr/sbin/rsyslogd",
                "cmdline": "/usr/sbin/rsyslogd-n-iNONE",
                "pid": 819,
                "resources_usage": null,
                "consumption": 0.0,
                "timestamp": 1721775091.5144696,
                "container": null
            },
            {
                "exe": "/usr/bin/bash",
                "cmdline": "-bash",
                "pid": 274978,
                "resources_usage": null,
                "consumption": 0.0,
                "timestamp": 1721775091.51447,
                "container": null
            },
            {
                "exe": "",
                "cmdline": "",
                "pid": 20,
                "resources_usage": null,
                "consumption": 0.0,
                "timestamp": 1721775091.5144706,
                "container": null
            },
            {
                "exe": "/usr/sbin/ntpd",
                "cmdline": "/usr/sbin/ntpd-p/var/run/ntpd.pid-g-u115:121",
                "pid": 902,
                "resources_usage": null,
                "consumption": 0.0,
                "timestamp": 1721775091.5144708,
                "container": null
            },
            {
                "exe": "/usr/bin/udevadm",
                "cmdline": "/lib/systemd/systemd-udevd",
                "pid": 468158,
                "resources_usage": null,
                "consumption": 0.0,
                "timestamp": 1721775091.5144713,
                "container": null
            },
            {
                "exe": "",
                "cmdline": "",
                "pid": 449391,
                "resources_usage": null,
                "consumption": 0.0,
                "timestamp": 1721775091.5144718,
                "container": null
            },
            {
                "exe": "",
                "cmdline": "",
                "pid": 13,
                "resources_usage": null,
                "consumption": 0.0,
                "timestamp": 1721775091.514472,
                "container": null
            }
        ],
        "sockets": [
            {
                "id": 0,
                "consumption": 20833258.0,
                "domains": [
                    {
                        "name": "uncore",
                        "consumption": 0.0,
                        "timestamp": 1721775091.495559
                    },
                    {
                        "name": "core",
                        "consumption": 18643756.0,
                        "timestamp": 1721775091.495548
                    }
                ],
                "timestamp": 1721775091.4954288
            }
        ]
    },
    {
        "host": {
            "consumption": 18940622.0,
            "timestamp": 1721775091.5495172,
            "components": {
                "disks": [
                    {
                        "disk_type": "SSD",
                        "disk_mount_point": "/etc/hosts",
                        "disk_is_removable": false,
                        "disk_file_system": "ext4",
                        "disk_total_bytes": "33634926592",
                        "disk_available_bytes": "9861132288",
                        "disk_name": "/dev/nvme0n1p4"
                    }
                ]
            }
        },
        "consumers": [
            {
                "exe": "/",
                "cmdline": "runcinit",
                "pid": 468261,
                "resources_usage": null,
                "consumption": 342300.38,
                "timestamp": 1721775091.5494182,
                "container": null
            },
            {
                "exe": "/usr/local/bin/scaphandre",
                "cmdline": "/usr/local/bin/scaphandrejson-s0--step-nano10000000-f/home/ce-p2-r-1/7/power.json",
                "pid": 468190,
                "resources_usage": null,
                "consumption": 228200.25,
                "timestamp": 1721775091.5494115,
                "container": null
            },
            {
                "exe": "",
                "cmdline": "",
                "pid": 371,
                "resources_usage": null,
                "consumption": 0.0,
                "timestamp": 1721775091.549367,
                "container": null
            },
            {
                "exe": "/usr/sbin/rsyslogd",
                "cmdline": "/usr/sbin/rsyslogd-n-iNONE",
                "pid": 819,
                "resources_usage": null,
                "consumption": 0.0,
                "timestamp": 1721775091.5493684,
                "container": null
            },
            {
                "exe": "/usr/bin/bash",
                "cmdline": "-bash",
                "pid": 274978,
                "resources_usage": null,
                "consumption": 0.0,
                "timestamp": 1721775091.5493689,
                "container": null
            },
            {
                "exe": "",
                "cmdline": "",
                "pid": 20,
                "resources_usage": null,
                "consumption": 0.0,
                "timestamp": 1721775091.5493693,
                "container": null
            },
            {
                "exe": "/usr/sbin/ntpd",
                "cmdline": "/usr/sbin/ntpd-p/var/run/ntpd.pid-g-u115:121",
                "pid": 902,
                "resources_usage": null,
                "consumption": 0.0,
                "timestamp": 1721775091.5493696,
                "container": null
            },
            {
                "exe": "/usr/bin/udevadm",
                "cmdline": "/lib/systemd/systemd-udevd",
                "pid": 468158,
                "resources_usage": null,
                "consumption": 0.0,
                "timestamp": 1721775091.5493703,
                "container": null
            },
            {
                "exe": "",
                "cmdline": "",
                "pid": 449391,
                "resources_usage": null,
                "consumption": 0.0,
                "timestamp": 1721775091.5493705,
                "container": null
            },
            {
                "exe": "",
                "cmdline": "",
                "pid": 13,
                "resources_usage": null,
                "consumption": 0.0,
                "timestamp": 1721775091.549371,
                "container": null
            }
        ],
        "sockets": [
            {
                "id": 0,
                "consumption": 15783491.0,
                "domains": [
                    {
                        "name": "uncore",
                        "consumption": 0.0,
                        "timestamp": 1721775091.5304492
                    },
                    {
                        "name": "core",
                        "consumption": 13363608.0,
                        "timestamp": 1721775091.5303733
                    }
                ],
                "timestamp": 1721775091.530054
            }
        ]
    },
    {
        "host": {
            "consumption": 17867876.0,
            "timestamp": 1721775091.5861766,
            "components": {
                "disks": [
                    {
                        "disk_type": "SSD",
                        "disk_mount_point": "/etc/hosts",
                        "disk_is_removable": false,
                        "disk_file_system": "ext4",
                        "disk_total_bytes": "33634926592",
                        "disk_available_bytes": "9861132288",
                        "disk_name": "/dev/nvme0n1p4"
                    }
                ]
            }
        },
        "consumers": [
            {
                "exe": "/",
                "cmdline": "runcinit",
                "pid": 468261,
                "resources_usage": null,
                "consumption": 427973.1,
                "timestamp": 1721775091.5860343,
                "container": null
            },
            {
                "exe": "/usr/local/bin/scaphandre",
                "cmdline": "/usr/local/bin/scaphandrejson-s0--step-nano10000000-f/home/ce-p2-r-1/7/power.json",
                "pid": 468190,
                "resources_usage": null,
                "consumption": 213986.55,
                "timestamp": 1721775091.5860255,
                "container": null
            },
            {
                "exe": "",
                "cmdline": "",
                "pid": 371,
                "resources_usage": null,
                "consumption": 0.0,
                "timestamp": 1721775091.5859632,
                "container": null
            },
            {
                "exe": "/usr/sbin/rsyslogd",
                "cmdline": "/usr/sbin/rsyslogd-n-iNONE",
                "pid": 819,
                "resources_usage": null,
                "consumption": 0.0,
                "timestamp": 1721775091.5859642,
                "container": null
            },
            {
                "exe": "/usr/bin/bash",
                "cmdline": "-bash",
                "pid": 274978,
                "resources_usage": null,
                "consumption": 0.0,
                "timestamp": 1721775091.585965,
                "container": null
            },
            {
                "exe": "",
                "cmdline": "",
                "pid": 20,
                "resources_usage": null,
                "consumption": 0.0,
                "timestamp": 1721775091.5859654,
                "container": null
            },
            {
                "exe": "/usr/sbin/ntpd",
                "cmdline": "/usr/sbin/ntpd-p/var/run/ntpd.pid-g-u115:121",
                "pid": 902,
                "resources_usage": null,
                "consumption": 0.0,
                "timestamp": 1721775091.5859656,
                "container": null
            },
            {
                "exe": "/usr/bin/udevadm",
                "cmdline": "/lib/systemd/systemd-udevd",
                "pid": 468158,
                "resources_usage": null,
                "consumption": 0.0,
                "timestamp": 1721775091.585967,
                "container": null
            },
            {
                "exe": "",
                "cmdline": "",
                "pid": 449391,
                "resources_usage": null,
                "consumption": 0.0,
                "timestamp": 1721775091.5859675,
                "container": null
            },
            {
                "exe": "",
                "cmdline": "",
                "pid": 13,
                "resources_usage": null,
                "consumption": 0.0,
                "timestamp": 1721775091.5859678,
                "container": null
            }
        ],
        "sockets": [
            {
                "id": 0,
                "consumption": 19782126.0,
                "domains": [
                    {
                        "name": "uncore",
                        "consumption": 0.0,
                        "timestamp": 1721775091.5653808
                    },
                    {
                        "name": "core",
                        "consumption": 17429128.0,
                        "timestamp": 1721775091.5652032
                    }
                ],
                "timestamp": 1721775091.564897
            }
        ]
    },
    {
        "host": {
            "consumption": 18494268.0,
            "timestamp": 1721775091.6252413,
            "components": {
                "disks": [
                    {
                        "disk_type": "SSD",
                        "disk_mount_point": "/etc/hosts",
                        "disk_is_removable": false,
                        "disk_file_system": "ext4",
                        "disk_total_bytes": "33634926592",
                        "disk_available_bytes": "9861128192",
                        "disk_name": "/dev/nvme0n1p4"
                    }
                ]
            }
        },
        "consumers": [
            {
                "exe": "/",
                "cmdline": "runcinit",
                "pid": 468261,
                "resources_usage": null,
                "consumption": 442976.5,
                "timestamp": 1721775091.6251633,
                "container": null
            },
            {
                "exe": "/usr/local/bin/scaphandre",
                "cmdline": "/usr/local/bin/scaphandrejson-s0--step-nano10000000-f/home/ce-p2-r-1/7/power.json",
                "pid": 468190,
                "resources_usage": null,
                "consumption": 221488.25,
                "timestamp": 1721775091.6251564,
                "container": null
            },
            {
                "exe": "",
                "cmdline": "",
                "pid": 371,
                "resources_usage": null,
                "consumption": 0.0,
                "timestamp": 1721775091.6250968,
                "container": null
            },
            {
                "exe": "/usr/sbin/rsyslogd",
                "cmdline": "/usr/sbin/rsyslogd-n-iNONE",
                "pid": 819,
                "resources_usage": null,
                "consumption": 0.0,
                "timestamp": 1721775091.6250987,
                "container": null
            },
            {
                "exe": "/usr/bin/bash",
                "cmdline": "-bash",
                "pid": 274978,
                "resources_usage": null,
                "consumption": 0.0,
                "timestamp": 1721775091.6251,
                "container": null
            },
            {
                "exe": "",
                "cmdline": "",
                "pid": 20,
                "resources_usage": null,
                "consumption": 0.0,
                "timestamp": 1721775091.6251006,
                "container": null
            },
            {
                "exe": "/usr/sbin/ntpd",
                "cmdline": "/usr/sbin/ntpd-p/var/run/ntpd.pid-g-u115:121",
                "pid": 902,
                "resources_usage": null,
                "consumption": 0.0,
                "timestamp": 1721775091.6251016,
                "container": null
            },
            {
                "exe": "/usr/bin/udevadm",
                "cmdline": "/lib/systemd/systemd-udevd",
                "pid": 468158,
                "resources_usage": null,
                "consumption": 0.0,
                "timestamp": 1721775091.6251025,
                "container": null
            },
            {
                "exe": "",
                "cmdline": "",
                "pid": 449391,
                "resources_usage": null,
                "consumption": 0.0,
                "timestamp": 1721775091.625103,
                "container": null
            },
            {
                "exe": "",
                "cmdline": "",
                "pid": 13,
                "resources_usage": null,
                "consumption": 0.0,
                "timestamp": 1721775091.6251035,
                "container": null
            }
        ],
        "sockets": [
            {
                "id": 0,
                "consumption": 16213711.0,
                "domains": [
                    {
                        "name": "uncore",
                        "consumption": 0.0,
                        "timestamp": 1721775091.6039634
                    },
                    {
                        "name": "core",
                        "consumption": 13953346.0,
                        "timestamp": 1721775091.60395
                    }
                ],
                "timestamp": 1721775091.6037645
            }
        ]
    }
]