{
    "timestamp_analysis": {
        "mean": 0.03696683219500951,
        "std": 0.004290147621489208,
        "min": 0.03249788284301758,
        "max": 0.08351612091064453,
        "median": 0.035718560218811035,
        "running_time": 10.35084342956543
    },
    "host_energy_analysis": {
        "total": 255.31988215134118,
        "per_repetition": 0.0008510662738378039
    },
    "host_power_analysis": {
        "mean": 24.60667434163701,
        "std": 6.585346954326418,
        "min": 8.856686,
        "max": 43.124624,
        "median": 24.059672
    },
    "process_energy_analysis": {
        "total": 10.122213456323816,
        "per_repetition": 3.3740711521079386e-05
    }
}