{
    "timestamp_analysis": {
        "mean": 0.034131312774399576,
        "std": 0.001818993460813153,
        "min": 0.03096151351928711,
        "max": 0.04350924491882324,
        "median": 0.033597350120544434,
        "running_time": 12.0825936794281
    },
    "host_energy_analysis": {
        "total": 255.85176241986431,
        "per_repetition": 8.528392080662144e-06
    },
    "host_power_analysis": {
        "mean": 21.166728814084507,
        "std": 5.679655804990712,
        "min": 7.708229,
        "max": 43.898004,
        "median": 20.966028
    },
    "process_energy_analysis": {
        "total": 5.263863964729087,
        "per_repetition": 1.754621321576362e-07
    }
}