{
    "timestamp_analysis": {
        "mean": 0.03430246171497163,
        "std": 0.001599550969442002,
        "min": 0.03228902816772461,
        "max": 0.03978991508483887,
        "median": 0.03419351577758789,
        "running_time": 0.7204749584197998
    },
    "host_energy_analysis": {
        "total": 13.853043521960736,
        "per_repetition": 0.00013853043521960736
    },
    "host_power_analysis": {
        "mean": 19.2258495,
        "std": 5.340598581088844,
        "min": 7.443696,
        "max": 29.393678,
        "median": 18.730515
    },
    "process_energy_analysis": {
        "total": 0.2809986244628441,
        "per_repetition": 2.809986244628441e-06
    }
}