{
    "timestamp_analysis": {
        "mean": 0.035050340320753014,
        "std": 0.0013038788515568644,
        "min": 0.03248119354248047,
        "max": 0.03838920593261719,
        "median": 0.034952640533447266,
        "running_time": 0.8062722682952881
    },
    "host_energy_analysis": {
        "total": 14.834374810222625,
        "per_repetition": 0.004944791603407541
    },
    "host_power_analysis": {
        "mean": 18.399569083333333,
        "std": 4.207316087834586,
        "min": 9.6046,
        "max": 27.034372,
        "median": 18.274987
    },
    "process_energy_analysis": {
        "total": 0.30118181417054535,
        "per_repetition": 0.00010039393805684845
    }
}