{
    "timestamp_analysis": {
        "mean": 0.03462434342866454,
        "std": 0.0016627623769289316,
        "min": 0.031777143478393555,
        "max": 0.04291963577270508,
        "median": 0.03429532051086426,
        "running_time": 9.383308410644531
    },
    "host_energy_analysis": {
        "total": 169.91373659509705,
        "per_repetition": 0.0016991373659509706
    },
    "host_power_analysis": {
        "mean": 18.089225900735293,
        "std": 5.056336286110524,
        "min": 4.959122,
        "max": 38.941104,
        "median": 18.111362
    },
    "process_energy_analysis": {
        "total": 3.5215988367429807,
        "per_repetition": 3.5215988367429804e-05
    }
}