{
    "timestamp_analysis": {
        "mean": 0.025626644525336795,
        "std": 0.0018427092983111836,
        "min": 0.022327661514282227,
        "max": 0.03592944145202637,
        "median": 0.02523326873779297,
        "running_time": 11.506505727767944
    },
    "host_energy_analysis": {
        "total": 225.1861696789877,
        "per_repetition": 2.251861696789877e-05
    },
    "host_power_analysis": {
        "mean": 19.59615126222222,
        "std": 5.846145074332145,
        "min": 5.568705,
        "max": 37.100292,
        "median": 19.199578
    },
    "process_energy_analysis": {
        "total": 3.5344840222304903,
        "per_repetition": 3.5344840222304903e-07
    }
}