{
    "timestamp_analysis": {
        "mean": 0.034172467213179514,
        "std": 0.0015287286599993944,
        "min": 0.030965805053710938,
        "max": 0.043121337890625,
        "median": 0.033834218978881836,
        "running_time": 29.832725763320923
    },
    "host_energy_analysis": {
        "total": 564.4126503346988,
        "per_repetition": 1.8813755011156626e-05
    },
    "host_power_analysis": {
        "mean": 18.916109178489705,
        "std": 5.414060653216946,
        "min": 4.950457,
        "max": 38.041684,
        "median": 18.51654
    },
    "process_energy_analysis": {
        "total": 11.705931992036462,
        "per_repetition": 3.9019773306788204e-07
    }
}