{
    "timestamp_analysis": {
        "mean": 0.03700475107159531,
        "std": 0.0031399571694305344,
        "min": 0.032804250717163086,
        "max": 0.05504965782165527,
        "median": 0.03591585159301758,
        "running_time": 10.546470403671265
    },
    "host_energy_analysis": {
        "total": 257.026744796711,
        "per_repetition": 0.0008567558159890367
    },
    "host_power_analysis": {
        "mean": 24.252970255244755,
        "std": 7.044587912501073,
        "min": 8.347591,
        "max": 45.91393,
        "median": 24.420721
    },
    "process_energy_analysis": {
        "total": 9.694816656245289,
        "per_repetition": 3.2316055520817626e-05
    }
}