{
    "timestamp_analysis": {
        "mean": 0.03714829641031035,
        "std": 0.0031855257679858128,
        "min": 0.03227114677429199,
        "max": 0.051457881927490234,
        "median": 0.03595471382141113,
        "running_time": 10.476009845733643
    },
    "host_energy_analysis": {
        "total": 261.6165384356573,
        "per_repetition": 0.0008720551281188576
    },
    "host_power_analysis": {
        "mean": 24.891790526501765,
        "std": 7.572499331027638,
        "min": 6.254357,
        "max": 46.87074,
        "median": 23.985256
    },
    "process_energy_analysis": {
        "total": 10.519722677660472,
        "per_repetition": 3.506574225886824e-05
    }
}