{
    "timestamp_analysis": {
        "mean": 0.025602025412470916,
        "std": 0.0017124210087602384,
        "min": 0.02305769920349121,
        "max": 0.03406667709350586,
        "median": 0.025336265563964844,
        "running_time": 9.370519876480103
    },
    "host_energy_analysis": {
        "total": 173.83841222738968,
        "per_repetition": 3.4767682445477937e-07
    },
    "host_power_analysis": {
        "mean": 18.568561100817437,
        "std": 5.795851238685139,
        "min": 3.72325,
        "max": 37.93974,
        "median": 18.204558
    },
    "process_energy_analysis": {
        "total": 2.6984230845774695,
        "per_repetition": 5.396846169154939e-09
    }
}