{
    "timestamp_analysis": {
        "mean": 0.035179853439331055,
        "std": 0.0017938504280482586,
        "min": 0.03330874443054199,
        "max": 0.038599491119384766,
        "median": 0.034291744232177734,
        "running_time": 0.8093240261077881
    },
    "host_energy_analysis": {
        "total": 13.048425819190381,
        "per_repetition": 0.0001304842581919038
    },
    "host_power_analysis": {
        "mean": 16.100049458333334,
        "std": 5.081483911935448,
        "min": 6.70832,
        "max": 25.4195,
        "median": 15.800512
    },
    "process_energy_analysis": {
        "total": 0.2570030646481907,
        "per_repetition": 2.570030646481907e-06
    }
}