{
    "host_energy_total_shapiro": {
        "stat": 0.974738193040162,
        "p": 0.6750147973493921
    },
    "host_energy_per_repetition_shapiro": {
        "stat": 0.9747381930401625,
        "p": 0.6750147973494085
    },
    "process_energy_total_shapiro": {
        "stat": 0.9651624422333287,
        "p": 0.41653535912627776
    },
    "process_energy_per_repetition_shapiro": {
        "stat": 0.9651624422333289,
        "p": 0.4165353591262842
    },
    "timestamp_running_time_shapiro": {
        "stat": 0.9164032490554739,
        "p": 0.0216578652215512
    },
    "host_power_mean_shapiro": {
        "stat": 0.9295301067744058,
        "p": 0.04771270821323773
    }
}