{
    "timestamp_analysis": {
        "mean": 0.03410594565604664,
        "std": 0.0015313135260111412,
        "min": 0.031043291091918945,
        "max": 0.04272770881652832,
        "median": 0.0337674617767334,
        "running_time": 30.21796488761902
    },
    "host_energy_analysis": {
        "total": 565.7611007371823,
        "per_repetition": 1.885870335790608e-05
    },
    "host_power_analysis": {
        "mean": 18.730020640360767,
        "std": 5.181306720538295,
        "min": 4.928951,
        "max": 36.0968,
        "median": 18.372168
    },
    "process_energy_analysis": {
        "total": 11.703982955957013,
        "per_repetition": 3.901327651985671e-07
    }
}