{
    "timestamp_analysis": {
        "mean": 0.025095804556973578,
        "std": 0.0015355326792333326,
        "min": 0.021666765213012695,
        "max": 0.03454446792602539,
        "median": 0.024789929389953613,
        "running_time": 16.211997509002686
    },
    "host_energy_analysis": {
        "total": 281.0927387393632,
        "per_repetition": 5.621854774787264e-09
    },
    "host_power_analysis": {
        "mean": 17.35741217774343,
        "std": 5.343197869123616,
        "min": 4.015541,
        "max": 34.648444,
        "median": 17.3233
    },
    "process_energy_analysis": {
        "total": 4.245701566795606,
        "per_repetition": 8.491403133591213e-11
    }
}