{
    "timestamp_analysis": {
        "mean": 0.034288942006222276,
        "std": 0.0015388359358330763,
        "min": 0.031197309494018555,
        "max": 0.043058156967163086,
        "median": 0.03398776054382324,
        "running_time": 12.65273380279541
    },
    "host_energy_analysis": {
        "total": 215.62199210749267,
        "per_repetition": 7.187399736916423e-06
    },
    "host_power_analysis": {
        "mean": 17.039183845945946,
        "std": 4.6573106758007965,
        "min": 7.026166,
        "max": 32.238552,
        "median": 16.830921
    },
    "process_energy_analysis": {
        "total": 4.483035992768752,
        "per_repetition": 1.4943453309229172e-07
    }
}