{
    "host_energy_total_shapiro": {
        "stat": 0.9220219877343312,
        "p": 0.03027372984027632
    },
    "host_energy_per_repetition_shapiro": {
        "stat": 0.9220219877343306,
        "p": 0.030273729840275376
    },
    "process_energy_total_shapiro": {
        "stat": 0.9590767704620349,
        "p": 0.29333408490198687
    },
    "process_energy_per_repetition_shapiro": {
        "stat": 0.9590767704620349,
        "p": 0.2933340849019872
    },
    "timestamp_running_time_shapiro": {
        "stat": 0.9560005972689363,
        "p": 0.24398700503798387
    },
    "host_power_mean_shapiro": {
        "stat": 0.9238555302654533,
        "p": 0.033805877518944656
    }
}