{
    "timestamp_analysis": {
        "mean": 0.03530767995135515,
        "std": 0.0017889108987791003,
        "min": 0.031699419021606445,
        "max": 0.046022653579711914,
        "median": 0.034867286682128906,
        "running_time": 12.817007303237915
    },
    "host_energy_analysis": {
        "total": 219.74191937684702,
        "per_repetition": 7.324730645894901e-06
    },
    "host_power_analysis": {
        "mean": 17.13879184065934,
        "std": 4.819765777499981,
        "min": 5.448069,
        "max": 33.78613,
        "median": 16.983752000000003
    },
    "process_energy_analysis": {
        "total": 4.600564018653939,
        "per_repetition": 1.533521339551313e-07
    }
}