{
    "timestamp_analysis": {
        "mean": 0.036597609519958496,
        "std": 0.002203024835554449,
        "min": 0.03361821174621582,
        "max": 0.0415647029876709,
        "median": 0.03584575653076172,
        "running_time": 0.7320821285247803
    },
    "host_energy_analysis": {
        "total": 12.638496553975108,
        "per_repetition": 4.2128321846583694e-07
    },
    "host_power_analysis": {
        "mean": 17.27906495238095,
        "std": 4.383838855746656,
        "min": 9.413602,
        "max": 27.59942,
        "median": 16.828764
    },
    "process_energy_analysis": {
        "total": 0.25979629568503254,
        "per_repetition": 8.659876522834418e-09
    }
}