{
    "timestamp_analysis": {
        "mean": 0.03433710475300634,
        "std": 0.0015390336726196258,
        "min": 0.03130507469177246,
        "max": 0.04221487045288086,
        "median": 0.033982276916503906,
        "running_time": 31.00651240348816
    },
    "host_energy_analysis": {
        "total": 537.9915949921844,
        "per_repetition": 1.793305316640615e-05
    },
    "host_power_analysis": {
        "mean": 17.35767769579646,
        "std": 5.085162699303782,
        "min": 5.792975,
        "max": 35.563104,
        "median": 17.112054
    },
    "process_energy_analysis": {
        "total": 11.26266495776295,
        "per_repetition": 3.7542216525876505e-07
    }
}