{
    "timestamp_analysis": {
        "mean": 0.035672080497304665,
        "std": 0.001866556899040922,
        "min": 0.032366037368774414,
        "max": 0.04684042930603027,
        "median": 0.035275936126708984,
        "running_time": 21.79576826095581
    },
    "host_energy_analysis": {
        "total": 415.83235374052305,
        "per_repetition": 1.3861078458017435e-05
    },
    "host_power_analysis": {
        "mean": 19.074852044117645,
        "std": 5.439726883115139,
        "min": 5.925437,
        "max": 37.118176,
        "median": 18.544583
    },
    "process_energy_analysis": {
        "total": 9.216486960776962,
        "per_repetition": 3.0721623202589873e-07
    }
}