{
    "timestamp_analysis": {
        "mean": 0.02501645985509893,
        "std": 0.0016448841713928432,
        "min": 0.021497726440429688,
        "max": 0.03470563888549805,
        "median": 0.024677515029907227,
        "running_time": 16.085753202438354
    },
    "host_energy_analysis": {
        "total": 278.9003960011696,
        "per_repetition": 5.578007920023392e-09
    },
    "host_power_analysis": {
        "mean": 17.326397725155278,
        "std": 5.3350354386055505,
        "min": 4.518361,
        "max": 36.611876,
        "median": 17.368836
    },
    "process_energy_analysis": {
        "total": 4.1670525344084695,
        "per_repetition": 8.334105068816939e-11
    }
}