{
    "timestamp_analysis": {
        "mean": 0.02531698524277892,
        "std": 0.0016810428117809424,
        "min": 0.022115707397460938,
        "max": 0.03374433517456055,
        "median": 0.024957895278930664,
        "running_time": 15.671321392059326
    },
    "host_energy_analysis": {
        "total": 284.8203203020234,
        "per_repetition": 5.696406406040468e-07
    },
    "host_power_analysis": {
        "mean": 18.17521023387097,
        "std": 5.631642883612482,
        "min": 5.861512,
        "max": 33.7977,
        "median": 18.120060000000002
    },
    "process_energy_analysis": {
        "total": 4.299613753790933,
        "per_repetition": 8.599227507581866e-09
    }
}