{
    "timestamp_analysis": {
        "mean": 0.02534455715156183,
        "std": 0.0016894172261974307,
        "min": 0.021506071090698242,
        "max": 0.03398919105529785,
        "median": 0.02496635913848877,
        "running_time": 8.313181161880493
    },
    "host_energy_analysis": {
        "total": 153.6254798481251,
        "per_repetition": 3.072509596962502e-07
    },
    "host_power_analysis": {
        "mean": 18.495725249240124,
        "std": 5.605751586914398,
        "min": 4.620494,
        "max": 35.683504,
        "median": 18.352292
    },
    "process_energy_analysis": {
        "total": 2.3512329005735664,
        "per_repetition": 4.7024658011471325e-09
    }
}