{
    "timestamp_analysis": {
        "mean": 0.025445638122139395,
        "std": 0.0015386109256423492,
        "min": 0.022743940353393555,
        "max": 0.032758235931396484,
        "median": 0.0251615047454834,
        "running_time": 4.6312103271484375
    },
    "host_energy_analysis": {
        "total": 84.28085474248684,
        "per_repetition": 8.428085474248683e-08
    },
    "host_power_analysis": {
        "mean": 18.22849931147541,
        "std": 5.620728781086873,
        "min": 4.651947,
        "max": 34.616276,
        "median": 17.548076
    },
    "process_energy_analysis": {
        "total": 1.3221728238531556,
        "per_repetition": 1.3221728238531555e-09
    }
}