{
    "timestamp_analysis": {
        "mean": 0.025507735942608745,
        "std": 0.0018369370823596032,
        "min": 0.022876501083374023,
        "max": 0.03507542610168457,
        "median": 0.025156021118164062,
        "running_time": 4.617173194885254
    },
    "host_energy_analysis": {
        "total": 85.3661427313875,
        "per_repetition": 8.53661427313875e-08
    },
    "host_power_analysis": {
        "mean": 18.501263714285717,
        "std": 5.829206300056821,
        "min": 4.618093,
        "max": 36.73896,
        "median": 18.571432
    },
    "process_energy_analysis": {
        "total": 1.3174966118486142,
        "per_repetition": 1.3174966118486143e-09
    }
}