{
    "timestamp_analysis": {
        "mean": 0.03550766746778995,
        "std": 0.0015484015124545085,
        "min": 0.03215527534484863,
        "max": 0.0431981086730957,
        "median": 0.035401105880737305,
        "running_time": 7.350204706192017
    },
    "host_energy_analysis": {
        "total": 135.57671274109697,
        "per_repetition": 0.00027115342548219396
    },
    "host_power_analysis": {
        "mean": 18.440856485576923,
        "std": 5.065107565447003,
        "min": 5.155466,
        "max": 32.391084,
        "median": 18.531326
    },
    "process_energy_analysis": {
        "total": 2.9618345544578473,
        "per_repetition": 5.923669108915694e-06
    }
}