{
    "timestamp_analysis": {
        "mean": 0.036147412799653555,
        "std": 0.0021317088019895637,
        "min": 0.03440570831298828,
        "max": 0.04356789588928223,
        "median": 0.035819053649902344,
        "running_time": 0.7593097686767578
    },
    "host_energy_analysis": {
        "total": 13.905810734370469,
        "per_repetition": 0.00013905810734370468
    },
    "host_power_analysis": {
        "mean": 18.091399272727273,
        "std": 5.231946153257734,
        "min": 9.739084,
        "max": 28.15472,
        "median": 17.576374
    },
    "process_energy_analysis": {
        "total": 0.28348552105662705,
        "per_repetition": 2.8348552105662704e-06
    }
}