[
    {
        "host": {
            "consumption": 9739084.0,
            "timestamp": 1721775049.7817743,
            "components": {
                "disks": [
                    {
                        "disk_type": "SSD",
                        "disk_mount_point": "/etc/hosts",
                        "disk_is_removable": false,
                        "disk_file_system": "ext4",
                        "disk_total_bytes": "33634926592",
                        "disk_available_bytes": "9870315520",
                        "disk_name": "/dev/nvme0n1p4"
                    }
                ]
            }
        },
        "consumers": [
            {
                "exe": "/usr/local/bin/scaphandre",
                "cmdline": "/usr/local/bin/scaphandrejson-s0--step-nano10000000-f/home/ce-p2-r-1/13/power.json",
                "pid": 466602,
                "resources_usage": null,
                "consumption": 306260.53,
                "timestamp": 1721775049.781579,
                "container": null
            },
            {
                "exe": "",
                "cmdline": "",
                "pid": 63,
                "resources_usage": null,
                "consumption": 0.0,
                "timestamp": 1721775049.7815602,
                "container": null
            },
            {
                "exe": "/usr/bin/udevadm",
                "cmdline": "/lib/systemd/systemd-udevd",
                "pid": 466547,
                "resources_usage": null,
                "consumption": 0.0,
                "timestamp": 1721775049.7815616,
                "container": null
            },
            {
                "exe": "/usr/bin/sleep",
                "cmdline": "sleep180",
                "pid": 465730,
                "resources_usage": null,
                "consumption": 0.0,
                "timestamp": 1721775049.7815623,
                "container": null
            },
            {
                "exe": "",
                "cmdline": "",
                "pid": 15,
                "resources_usage": null,
                "consumption": 0.0,
                "timestamp": 1721775049.7815633,
                "container": null
            },
            {
                "exe": "/usr/bin/bash",
                "cmdline": "-bash",
                "pid": 1560,
                "resources_usage": null,
                "consumption": 0.0,
                "timestamp": 1721775049.7815635,
                "container": null
            },
            {
                "exe": "/usr/bin/udevadm",
                "cmdline": "/lib/systemd/systemd-udevd",
                "pid": 466555,
                "resources_usage": null,
                "consumption": 0.0,
                "timestamp": 1721775049.781564,
                "container": null
            },
            {
                "exe": "",
                "cmdline": "",
                "pid": 562,
                "resources_usage": null,
                "consumption": 0.0,
                "timestamp": 1721775049.7815645,
                "container": null
            },
            {
                "exe": "/usr/bin/udevadm",
                "cmdline": "/lib/systemd/systemd-udevd",
                "pid": 466548,
                "resources_usage": null,
                "consumption": 0.0,
                "timestamp": 1721775049.7815647,
                "container": null
            },
            {
                "exe": "",
                "cmdline": "",
                "pid": 229,
                "resources_usage": null,
                "consumption": 0.0,
                "timestamp": 1721775049.7815652,
                "container": null
            }
        ],
        "sockets": [
            {
                "id": 0,
                "consumption": 7439477.0,
                "domains": [
                    {
                        "name": "uncore",
                        "consumption": 0.0,
                        "timestamp": 1721775049.7610843
                    },
                    {
                        "name": "core",
                        "consumption": 4668156.0,
                        "timestamp": 1721775049.7610703
                    }
                ],
                "timestamp": 1721775049.76087
            }
        ]
    },
    {
        "host": {
            "consumption": 26918526.0,
            "timestamp": 1721775049.818157,
            "components": {
                "disks": [
                    {
                        "disk_type": "SSD",
                        "disk_mount_point": "/etc/hosts",
                        "disk_is_removable": false,
                        "disk_file_system": "ext4",
                        "disk_total_bytes": "33634926592",
                        "disk_available_bytes": "9870319616",
                        "disk_name": "/dev/nvme0n1p4"
                    }
                ]
            }
        },
        "consumers": [
            {
                "exe": "/",
                "cmdline": "runcinit",
                "pid": 466676,
                "resources_usage": null,
                "consumption": 507896.72,
                "timestamp": 1721775049.8180668,
                "container": null
            },
            {
                "exe": "/usr/local/bin/scaphandre",
                "cmdline": "/usr/local/bin/scaphandrejson-s0--step-nano10000000-f/home/ce-p2-r-1/13/power.json",
                "pid": 466602,
                "resources_usage": null,
                "consumption": 169298.9,
                "timestamp": 1721775049.8179886,
                "container": null
            },
            {
                "exe": "/usr/bin/sudo",
                "cmdline": "sudo-EenvPATH=/home/philipp/.local/bin:/home/linuxbrew/.linuxbrew/bin:/home/linuxbrew/.linuxbrew/sbin:~/programs/scaphandre/target/release:/usr/local/sbin:/usr/local/bin:/usr/sbin:/usr/bin:/sbin:/bin:/usr/games:/usr/local/games:/snap/binPYTHONPATH=:/home/philipp/cb/calabash/src:/home/philipp/cb/calabash/srcpython3src/experiment/runner.pytest.yaml",
                "pid": 458103,
                "resources_usage": null,
                "consumption": 169298.9,
                "timestamp": 1721775049.8180413,
                "container": null
            },
            {
                "exe": "",
                "cmdline": "",
                "pid": 63,
                "resources_usage": null,
                "consumption": 0.0,
                "timestamp": 1721775049.8179684,
                "container": null
            },
            {
                "exe": "/usr/bin/udevadm",
                "cmdline": "/lib/systemd/systemd-udevd",
                "pid": 466547,
                "resources_usage": null,
                "consumption": 0.0,
                "timestamp": 1721775049.81797,
                "container": null
            },
            {
                "exe": "/usr/bin/sleep",
                "cmdline": "sleep180",
                "pid": 465730,
                "resources_usage": null,
                "consumption": 0.0,
                "timestamp": 1721775049.8179705,
                "container": null
            },
            {
                "exe": "",
                "cmdline": "",
                "pid": 15,
                "resources_usage": null,
                "consumption": 0.0,
                "timestamp": 1721775049.8179712,
                "container": null
            },
            {
                "exe": "/usr/bin/bash",
                "cmdline": "-bash",
                "pid": 1560,
                "resources_usage": null,
                "consumption": 0.0,
                "timestamp": 1721775049.8179715,
                "container": null
            },
            {
                "exe": "/usr/bin/udevadm",
                "cmdline": "/lib/systemd/systemd-udevd",
                "pid": 466555,
                "resources_usage": null,
                "consumption": 0.0,
                "timestamp": 1721775049.817972,
                "container": null
            },
            {
                "exe": "",
                "cmdline": "",
                "pid": 562,
                "resources_usage": null,
                "consumption": 0.0,
                "timestamp": 1721775049.8179724,
                "container": null
            }
        ],
        "sockets": [
            {
                "id": 0,
                "consumption": 14453471.0,
                "domains": [
                    {
                        "name": "uncore",
                        "consumption": 0.0,
                        "timestamp": 1721775049.798473
                    },
                    {
                        "name": "core",
                        "consumption": 11312047.0,
                        "timestamp": 1721775049.7983968
                    }
                ],
                "timestamp": 1721775049.798124
            }
        ]
    },
    {
        "host": {
            "consumption": 14267950.0,
            "timestamp": 1721775049.8542356,
            "components": {
                "disks": [
                    {
                        "disk_type": "SSD",
                        "disk_mount_point": "/etc/hosts",
                        "disk_is_removable": false,
                        "disk_file_system": "ext4",
                        "disk_total_bytes": "33634926592",
                        "disk_available_bytes": "9870319616",
                        "disk_name": "/dev/nvme0n1p4"
                    }
                ]
            }
        },
        "consumers": [
            {
                "exe": "/",
                "cmdline": "runcinit",
                "pid": 466676,
                "resources_usage": null,
                "consumption": 358942.12,
                "timestamp": 1721775049.8541431,
                "container": null
            },
            {
                "exe": "/usr/local/bin/scaphandre",
                "cmdline": "/usr/local/bin/scaphandrejson-s0--step-nano10000000-f/home/ce-p2-r-1/13/power.json",
                "pid": 466602,
                "resources_usage": null,
                "consumption": 179471.06,
                "timestamp": 1721775049.8540642,
                "container": null
            },
            {
                "exe": "",
                "cmdline": "",
                "pid": 63,
                "resources_usage": null,
                "consumption": 0.0,
                "timestamp": 1721775049.8540437,
                "container": null
            },
            {
                "exe": "/usr/bin/udevadm",
                "cmdline": "/lib/systemd/systemd-udevd",
                "pid": 466547,
                "resources_usage": null,
                "consumption": 0.0,
                "timestamp": 1721775049.854045,
                "container": null
            },
            {
                "exe": "/usr/bin/sleep",
                "cmdline": "sleep180",
                "pid": 465730,
                "resources_usage": null,
                "consumption": 0.0,
                "timestamp": 1721775049.8540454,
                "container": null
            },
            {
                "exe": "",
                "cmdline": "",
                "pid": 15,
                "resources_usage": null,
                "consumption": 0.0,
                "timestamp": 1721775049.8540466,
                "container": null
            },
            {
                "exe": "/usr/bin/bash",
                "cmdline": "-bash",
                "pid": 1560,
                "resources_usage": null,
                "consumption": 0.0,
                "timestamp": 1721775049.854047,
                "container": null
            },
            {
                "exe": "/usr/bin/udevadm",
                "cmdline": "/lib/systemd/systemd-udevd",
                "pid": 466555,
                "resources_usage": null,
                "consumption": 0.0,
                "timestamp": 1721775049.8540475,
                "container": null
            },
            {
                "exe": "",
                "cmdline": "",
                "pid": 562,
                "resources_usage": null,
                "consumption": 0.0,
                "timestamp": 1721775049.854048,
                "container": null
            },
            {
                "exe": "/usr/bin/udevadm",
                "cmdline": "/lib/systemd/systemd-udevd",
                "pid": 466548,
                "resources_usage": null,
                "consumption": 0.0,
                "timestamp": 1721775049.8540483,
                "container": null
            }
        ],
        "sockets": [
            {
                "id": 0,
                "consumption": 22110032.0,
                "domains": [
                    {
                        "name": "uncore",
                        "consumption": 0.0,
                        "timestamp": 1721775049.8355794
                    },
                    {
                        "name": "core",
                        "consumption": 19345988.0,
                        "timestamp": 1721775049.8354955
                    }
                ],
                "timestamp": 1721775049.8352778
            }
        ]
    },
    {
        "host": {
            "consumption": 15335050.0,
            "timestamp": 1721775049.8910913,
            "components": {
                "disks": [
                    {
                        "disk_type": "SSD",
                        "disk_mount_point": "/etc/hosts",
                        "disk_is_removable": false,
                        "disk_file_system": "ext4",
                        "disk_total_bytes": "33634926592",
                        "disk_available_bytes": "9870315520",
                        "disk_name": "/dev/nvme0n1p4"
                    }
                ]
            }
        },
        "consumers": [
            {
                "exe": "/",
                "cmdline": "runcinit",
                "pid": 466676,
                "resources_usage": null,
                "consumption": 385787.4,
                "timestamp": 1721775049.8910007,
                "container": null
            },
            {
                "exe": "/usr/local/bin/scaphandre",
                "cmdline": "/usr/local/bin/scaphandrejson-s0--step-nano10000000-f/home/ce-p2-r-1/13/power.json",
                "pid": 466602,
                "resources_usage": null,
                "consumption": 289340.56,
                "timestamp": 1721775049.8909228,
                "container": null
            },
            {
                "exe": "",
                "cmdline": "",
                "pid": 63,
                "resources_usage": null,
                "consumption": 0.0,
                "timestamp": 1721775049.8909025,
                "container": null
            },
            {
                "exe": "/usr/bin/udevadm",
                "cmdline": "/lib/systemd/systemd-udevd",
                "pid": 466547,
                "resources_usage": null,
                "consumption": 0.0,
                "timestamp": 1721775049.8909037,
                "container": null
            },
            {
                "exe": "/usr/bin/sleep",
                "cmdline": "sleep180",
                "pid": 465730,
                "resources_usage": null,
                "consumption": 0.0,
                "timestamp": 1721775049.8909047,
                "container": null
            },
            {
                "exe": "",
                "cmdline": "",
                "pid": 15,
                "resources_usage": null,
                "consumption": 0.0,
                "timestamp": 1721775049.8909051,
                "container": null
            },
            {
                "exe": "/usr/bin/bash",
                "cmdline": "-bash",
                "pid": 1560,
                "resources_usage": null,
                "consumption": 0.0,
                "timestamp": 1721775049.8909056,
                "container": null
            },
            {
                "exe": "/usr/bin/udevadm",
                "cmdline": "/lib/systemd/systemd-udevd",
                "pid": 466555,
                "resources_usage": null,
                "consumption": 0.0,
                "timestamp": 1721775049.8909059,
                "container": null
            },
            {
                "exe": "",
                "cmdline": "",
                "pid": 562,
                "resources_usage": null,
                "consumption": 0.0,
                "timestamp": 1721775049.8909063,
                "container": null
            },
            {
                "exe": "/usr/bin/udevadm",
                "cmdline": "/lib/systemd/systemd-udevd",
                "pid": 466548,
                "resources_usage": null,
                "consumption": 0.0,
                "timestamp": 1721775049.8909066,
                "container": null
            }
        ],
        "sockets": [
            {
                "id": 0,
                "consumption": 11195459.0,
                "domains": [
                    {
                        "name": "uncore",
                        "consumption": 0.0,
                        "timestamp": 1721775049.871668
                    },
                    {
                        "name": "core",
                        "consumption": 8478626.0,
                        "timestamp": 1721775049.8716545
                    }
                ],
                "timestamp": 1721775049.8714938
            }
        ]
    },
    {
        "host": {
            "consumption": 14493859.0,
            "timestamp": 1721775049.9287596,
            "components": {
                "disks": [
                    {
                        "disk_type": "SSD",
                        "disk_mount_point": "/etc/hosts",
                        "disk_is_removable": false,
                        "disk_file_system": "ext4",
                        "disk_total_bytes": "33634926592",
                        "disk_available_bytes": "9870315520",
                        "disk_name": "/dev/nvme0n1p4"
                    }
                ]
            }
        },
        "consumers": [
            {
                "exe": "/",
                "cmdline": "runcinit",
                "pid": 466676,
                "resources_usage": null,
                "consumption": 364625.38,
                "timestamp": 1721775049.9286811,
                "container": null
            },
            {
                "exe": "/usr/local/bin/scaphandre",
                "cmdline": "/usr/local/bin/scaphandrejson-s0--step-nano10000000-f/home/ce-p2-r-1/13/power.json",
                "pid": 466602,
                "resources_usage": null,
                "consumption": 182312.69,
                "timestamp": 1721775049.9286022,
                "container": null
            },
            {
                "exe": "",
                "cmdline": "",
                "pid": 63,
                "resources_usage": null,
                "consumption": 0.0,
                "timestamp": 1721775049.9285824,
                "container": null
            },
            {
                "exe": "/usr/bin/udevadm",
                "cmdline": "/lib/systemd/systemd-udevd",
                "pid": 466547,
                "resources_usage": null,
                "consumption": 0.0,
                "timestamp": 1721775049.9285836,
                "container": null
            },
            {
                "exe": "/usr/bin/sleep",
                "cmdline": "sleep180",
                "pid": 465730,
                "resources_usage": null,
                "consumption": 0.0,
                "timestamp": 1721775049.9285843,
                "container": null
            },
            {
                "exe": "",
                "cmdline": "",
                "pid": 15,
                "resources_usage": null,
                "consumption": 0.0,
                "timestamp": 1721775049.9285846,
                "container": null
            },
            {
                "exe": "/usr/bin/bash",
                "cmdline": "-bash",
                "pid": 1560,
                "resources_usage": null,
                "consumption": 0.0,
                "timestamp": 1721775049.928585,
                "container": null
            },
            {
                "exe": "/usr/bin/udevadm",
                "cmdline": "/lib/systemd/systemd-udevd",
                "pid": 466555,
                "resources_usage": null,
                "consumption": 0.0,
                "timestamp": 1721775049.9285853,
                "container": null
            },
            {
                "exe": "",
                "cmdline": "",
                "pid": 562,
                "resources_usage": null,
                "consumption": 0.0,
                "timestamp": 1721775049.9285858,
                "container": null
            },
            {
                "exe": "/usr/bin/udevadm",
                "cmdline": "/lib/systemd/systemd-udevd",
                "pid": 466548,
                "resources_usage": null,
                "consumption": 0.0,
                "timestamp": 1721775049.928586,
                "container": null
            }
        ],
        "sockets": [
            {
                "id": 0,
                "consumption": 14689599.0,
                "domains": [
                    {
                        "name": "uncore",
                        "consumption": 0.0,
                        "timestamp": 1721775049.9085865
                    },
                    {
                        "name": "core",
                        "consumption": 12232104.0,
                        "timestamp": 1721775049.9085038
                    }
                ],
                "timestamp": 1721775049.908253
            }
        ]
    },
    {
        "host": {
            "consumption": 17340092.0,
            "timestamp": 1721775049.9659436,
            "components": {
                "disks": [
                    {
                        "disk_type": "SSD",
                        "disk_mount_point": "/etc/hosts",
                        "disk_is_removable": false,
                        "disk_file_system": "ext4",
                        "disk_total_bytes": "33634926592",
                        "disk_available_bytes": "9870311424",
                        "disk_name": "/dev/nvme0n1p4"
                    }
                ]
            }
        },
        "consumers": [
            {
                "exe": "/usr/local/bin/scaphandre",
                "cmdline": "/usr/local/bin/scaphandrejson-s0--step-nano10000000-f/home/ce-p2-r-1/13/power.json",
                "pid": 466602,
                "resources_usage": null,
                "consumption": 327171.53,
                "timestamp": 1721775049.9656973,
                "container": null
            },
            {
                "exe": "/",
                "cmdline": "runcinit",
                "pid": 466676,
                "resources_usage": null,
                "consumption": 327171.53,
                "timestamp": 1721775049.9657598,
                "container": null
            },
            {
                "exe": "",
                "cmdline": "",
                "pid": 63,
                "resources_usage": null,
                "consumption": 0.0,
                "timestamp": 1721775049.9656808,
                "container": null
            },
            {
                "exe": "/usr/bin/udevadm",
                "cmdline": "/lib/systemd/systemd-udevd",
                "pid": 466547,
                "resources_usage": null,
                "consumption": 0.0,
                "timestamp": 1721775049.9656818,
                "container": null
            },
            {
                "exe": "/usr/bin/sleep",
                "cmdline": "sleep180",
                "pid": 465730,
                "resources_usage": null,
                "consumption": 0.0,
                "timestamp": 1721775049.9656823,
                "container": null
            },
            {
                "exe": "",
                "cmdline": "",
                "pid": 15,
                "resources_usage": null,
                "consumption": 0.0,
                "timestamp": 1721775049.9656832,
                "container": null
            },
            {
                "exe": "/usr/bin/bash",
                "cmdline": "-bash",
                "pid": 1560,
                "resources_usage": null,
                "consumption": 0.0,
                "timestamp": 1721775049.9656835,
                "container": null
            },
            {
                "exe": "/usr/bin/udevadm",
                "cmdline": "/lib/systemd/systemd-udevd",
                "pid": 466555,
                "resources_usage": null,
                "consumption": 0.0,
                "timestamp": 1721775049.9656837,
                "container": null
            },
            {
                "exe": "",
                "cmdline": "",
                "pid": 562,
                "resources_usage": null,
                "consumption": 0.0,
                "timestamp": 1721775049.9656842,
                "container": null
            },
            {
                "exe": "/usr/bin/udevadm",
                "cmdline": "/lib/systemd/systemd-udevd",
                "pid": 466548,
                "resources_usage": null,
                "consumption": 0.0,
                "timestamp": 1721775049.9656844,
                "container": null
            }
        ],
        "sockets": [
            {
                "id": 0,
                "consumption": 22369940.0,
                "domains": [
                    {
                        "name": "uncore",
                        "consumption": 0.0,
                        "timestamp": 1721775049.9460196
                    },
                    {
                        "name": "core",
                        "consumption": 20244990.0,
                        "timestamp": 1721775049.9459448
                    }
                ],
                "timestamp": 1721775049.945728
            }
        ]
    },
    {
        "host": {
            "consumption": 15668638.0,
            "timestamp": 1721775050.0056179,
            "components": {
                "disks": [
                    {
                        "disk_type": "SSD",
                        "disk_mount_point": "/etc/hosts",
                        "disk_is_removable": false,
                        "disk_file_system": "ext4",
                        "disk_total_bytes": "33634926592",
                        "disk_available_bytes": "9870311424",
                        "disk_name": "/dev/nvme0n1p4"
                    }
                ]
            }
        },
        "consumers": [
            {
                "exe": "/",
                "cmdline": "runcinit",
                "pid": 466676,
                "resources_usage": null,
                "consumption": 358140.28,
                "timestamp": 1721775050.0054264,
                "container": null
            },
            {
                "exe": "/usr/local/bin/scaphandre",
                "cmdline": "/usr/local/bin/scaphandrejson-s0--step-nano10000000-f/home/ce-p2-r-1/13/power.json",
                "pid": 466602,
                "resources_usage": null,
                "consumption": 89535.07,
                "timestamp": 1721775050.0053687,
                "container": null
            },
            {
                "exe": "",
                "cmdline": "",
                "pid": 63,
                "resources_usage": null,
                "consumption": 0.0,
                "timestamp": 1721775050.0053527,
                "container": null
            },
            {
                "exe": "/usr/bin/udevadm",
                "cmdline": "/lib/systemd/systemd-udevd",
                "pid": 466547,
                "resources_usage": null,
                "consumption": 0.0,
                "timestamp": 1721775050.005354,
                "container": null
            },
            {
                "exe": "/usr/bin/sleep",
                "cmdline": "sleep180",
                "pid": 465730,
                "resources_usage": null,
                "consumption": 0.0,
                "timestamp": 1721775050.0053544,
                "container": null
            },
            {
                "exe": "",
                "cmdline": "",
                "pid": 15,
                "resources_usage": null,
                "consumption": 0.0,
                "timestamp": 1721775050.0053554,
                "container": null
            },
            {
                "exe": "/usr/bin/bash",
                "cmdline": "-bash",
                "pid": 1560,
                "resources_usage": null,
                "consumption": 0.0,
                "timestamp": 1721775050.0053556,
                "container": null
            },
            {
                "exe": "/usr/bin/udevadm",
                "cmdline": "/lib/systemd/systemd-udevd",
                "pid": 466555,
                "resources_usage": null,
                "consumption": 0.0,
                "timestamp": 1721775050.005356,
                "container": null
            },
            {
                "exe": "",
                "cmdline": "",
                "pid": 562,
                "resources_usage": null,
                "consumption": 0.0,
                "timestamp": 1721775050.0053563,
                "container": null
            },
            {
                "exe": "/usr/bin/udevadm",
                "cmdline": "/lib/systemd/systemd-udevd",
                "pid": 466548,
                "resources_usage": null,
                "consumption": 0.0,
                "timestamp": 1721775050.0053566,
                "container": null
            }
        ],
        "sockets": [
            {
                "id": 0,
                "consumption": 17446600.0,
                "domains": [
                    {
                        "name": "uncore",
                        "consumption": 0.0,
                        "timestamp": 1721775049.9815383
                    },
                    {
                        "name": "core",
                        "consumption": 15213983.0,
                        "timestamp": 1721775049.9812965
                    }
                ],
                "timestamp": 1721775049.9809918
            }
        ]
    },
    {
        "host": {
            "consumption": 21383332.0,
            "timestamp": 1721775050.041588,
            "components": {
                "disks": [
                    {
                        "disk_type": "SSD",
                        "disk_mount_point": "/etc/hosts",
                        "disk_is_removable": false,
                        "disk_file_system": "ext4",
                        "disk_total_bytes": "33634926592",
                        "disk_available_bytes": "9870307328",
                        "disk_name": "/dev/nvme0n1p4"
                    }
                ]
            }
        },
        "consumers": [
            {
                "exe": "/",
                "cmdline": "runcinit",
                "pid": 466676,
                "resources_usage": null,
                "consumption": 488761.84,
                "timestamp": 1721775050.041398,
                "container": null
            },
            {
                "exe": "/usr/local/bin/scaphandre",
                "cmdline": "/usr/local/bin/scaphandrejson-s0--step-nano10000000-f/home/ce-p2-r-1/13/power.json",
                "pid": 466602,
                "resources_usage": null,
                "consumption": 244380.92,
                "timestamp": 1721775050.0413375,
                "container": null
            },
            {
                "exe": "",
                "cmdline": "",
                "pid": 63,
                "resources_usage": null,
                "consumption": 0.0,
                "timestamp": 1721775050.0413208,
                "container": null
            },
            {
                "exe": "/usr/bin/udevadm",
                "cmdline": "/lib/systemd/systemd-udevd",
                "pid": 466547,
                "resources_usage": null,
                "consumption": 0.0,
                "timestamp": 1721775050.041322,
                "container": null
            },
            {
                "exe": "/usr/bin/sleep",
                "cmdline": "sleep180",
                "pid": 465730,
                "resources_usage": null,
                "consumption": 0.0,
                "timestamp": 1721775050.0413227,
                "container": null
            },
            {
                "exe": "",
                "cmdline": "",
                "pid": 15,
                "resources_usage": null,
                "consumption": 0.0,
                "timestamp": 1721775050.0413232,
                "container": null
            },
            {
                "exe": "/usr/bin/bash",
                "cmdline": "-bash",
                "pid": 1560,
                "resources_usage": null,
                "consumption": 0.0,
                "timestamp": 1721775050.0413234,
                "container": null
            },
            {
                "exe": "/usr/bin/udevadm",
                "cmdline": "/lib/systemd/systemd-udevd",
                "pid": 466555,
                "resources_usage": null,
                "consumption": 0.0,
                "timestamp": 1721775050.041324,
                "container": null
            },
            {
                "exe": "",
                "cmdline": "",
                "pid": 562,
                "resources_usage": null,
                "consumption": 0.0,
                "timestamp": 1721775050.0413241,
                "container": null
            },
            {
                "exe": "/usr/bin/udevadm",
                "cmdline": "/lib/systemd/systemd-udevd",
                "pid": 466548,
                "resources_usage": null,
                "consumption": 0.0,
                "timestamp": 1721775050.0413244,
                "container": null
            }
        ],
        "sockets": [
            {
                "id": 0,
                "consumption": 18337338.0,
                "domains": [
                    {
                        "name": "uncore",
                        "consumption": 0.0,
                        "timestamp": 1721775050.0213416
                    },
                    {
                        "name": "core",
                        "consumption": 15797585.0,
                        "timestamp": 1721775050.0211105
                    }
                ],
                "timestamp": 1721775050.0208035
            }
        ]
    },
    {
        "host": {
            "consumption": 13736062.0,
            "timestamp": 1721775050.0775886,
            "components": {
                "disks": [
                    {
                        "disk_type": "SSD",
                        "disk_mount_point": "/etc/hosts",
                        "disk_is_removable": false,
                        "disk_file_system": "ext4",
                        "disk_total_bytes": "33634926592",
                        "disk_available_bytes": "9870307328",
                        "disk_name": "/dev/nvme0n1p4"
                    }
                ]
            }
        },
        "consumers": [
            {
                "exe": "/",
                "cmdline": "runcinit",
                "pid": 466676,
                "resources_usage": null,
                "consumption": 235475.33,
                "timestamp": 1721775050.077354,
                "container": null
            },
            {
                "exe": "/usr/local/bin/scaphandre",
                "cmdline": "/usr/local/bin/scaphandrejson-s0--step-nano10000000-f/home/ce-p2-r-1/13/power.json",
                "pid": 466602,
                "resources_usage": null,
                "consumption": 156983.56,
                "timestamp": 1721775050.0772943,
                "container": null
            },
            {
                "exe": "",
                "cmdline": "",
                "pid": 63,
                "resources_usage": null,
                "consumption": 0.0,
                "timestamp": 1721775050.077278,
                "container": null
            },
            {
                "exe": "/usr/bin/udevadm",
                "cmdline": "/lib/systemd/systemd-udevd",
                "pid": 466547,
                "resources_usage": null,
                "consumption": 0.0,
                "timestamp": 1721775050.0772789,
                "container": null
            },
            {
                "exe": "/usr/bin/sleep",
                "cmdline": "sleep180",
                "pid": 465730,
                "resources_usage": null,
                "consumption": 0.0,
                "timestamp": 1721775050.0772793,
                "container": null
            },
            {
                "exe": "",
                "cmdline": "",
                "pid": 15,
                "resources_usage": null,
                "consumption": 0.0,
                "timestamp": 1721775050.0772798,
                "container": null
            },
            {
                "exe": "/usr/bin/bash",
                "cmdline": "-bash",
                "pid": 1560,
                "resources_usage": null,
                "consumption": 0.0,
                "timestamp": 1721775050.0772803,
                "container": null
            },
            {
                "exe": "/usr/bin/udevadm",
                "cmdline": "/lib/systemd/systemd-udevd",
                "pid": 466555,
                "resources_usage": null,
                "consumption": 0.0,
                "timestamp": 1721775050.0772805,
                "container": null
            },
            {
                "exe": "",
                "cmdline": "",
                "pid": 562,
                "resources_usage": null,
                "consumption": 0.0,
                "timestamp": 1721775050.0772808,
                "container": null
            },
            {
                "exe": "/usr/bin/udevadm",
                "cmdline": "/lib/systemd/systemd-udevd",
                "pid": 466548,
                "resources_usage": null,
                "consumption": 0.0,
                "timestamp": 1721775050.0772812,
                "container": null
            }
        ],
        "sockets": [
            {
                "id": 0,
                "consumption": 15324989.0,
                "domains": [
                    {
                        "name": "uncore",
                        "consumption": 0.0,
                        "timestamp": 1721775050.0571647
                    },
                    {
                        "name": "core",
                        "consumption": 12904278.0,
                        "timestamp": 1721775050.0570383
                    }
                ],
                "timestamp": 1721775050.0567076
            }
        ]
    },
    {
        "host": {
            "consumption": 18039592.0,
            "timestamp": 1721775050.1119943,
            "components": {
                "disks": [
                    {
                        "disk_type": "SSD",
                        "disk_mount_point": "/etc/hosts",
                        "disk_is_removable": false,
                        "disk_file_system": "ext4",
                        "disk_total_bytes": "33634926592",
                        "disk_available_bytes": "9870303232",
                        "disk_name": "/dev/nvme0n1p4"
                    }
                ]
            }
        },
        "consumers": [
            {
                "exe": "/",
                "cmdline": "runcinit",
                "pid": 466676,
                "resources_usage": null,
                "consumption": 412333.53,
                "timestamp": 1721775050.111962,
                "container": null
            },
            {
                "exe": "/usr/local/bin/scaphandre",
                "cmdline": "/usr/local/bin/scaphandrejson-s0--step-nano10000000-f/home/ce-p2-r-1/13/power.json",
                "pid": 466602,
                "resources_usage": null,
                "consumption": 206166.77,
                "timestamp": 1721775050.1119032,
                "container": null
            },
            {
                "exe": "",
                "cmdline": "",
                "pid": 63,
                "resources_usage": null,
                "consumption": 0.0,
                "timestamp": 1721775050.1118867,
                "container": null
            },
            {
                "exe": "/usr/bin/udevadm",
                "cmdline": "/lib/systemd/systemd-udevd",
                "pid": 466547,
                "resources_usage": null,
                "consumption": 0.0,
                "timestamp": 1721775050.1118877,
                "container": null
            },
            {
                "exe": "/usr/bin/sleep",
                "cmdline": "sleep180",
                "pid": 465730,
                "resources_usage": null,
                "consumption": 0.0,
                "timestamp": 1721775050.1118882,
                "container": null
            },
            {
                "exe": "",
                "cmdline": "",
                "pid": 15,
                "resources_usage": null,
                "consumption": 0.0,
                "timestamp": 1721775050.1118886,
                "container": null
            },
            {
                "exe": "/usr/bin/bash",
                "cmdline": "-bash",
                "pid": 1560,
                "resources_usage": null,
                "consumption": 0.0,
                "timestamp": 1721775050.1118891,
                "container": null
            },
            {
                "exe": "/usr/bin/udevadm",
                "cmdline": "/lib/systemd/systemd-udevd",
                "pid": 466555,
                "resources_usage": null,
                "consumption": 0.0,
                "timestamp": 1721775050.1118896,
                "container": null
            },
            {
                "exe": "",
                "cmdline": "",
                "pid": 562,
                "resources_usage": null,
                "consumption": 0.0,
                "timestamp": 1721775050.11189,
                "container": null
            },
            {
                "exe": "/usr/bin/udevadm",
                "cmdline": "/lib/systemd/systemd-udevd",
                "pid": 466548,
                "resources_usage": null,
                "consumption": 0.0,
                "timestamp": 1721775050.1118903,
                "container": null
            }
        ],
        "sockets": [
            {
                "id": 0,
                "consumption": 16888436.0,
                "domains": [
                    {
                        "name": "uncore",
                        "consumption": 0.0,
                        "timestamp": 1721775050.092841
                    },
                    {
                        "name": "core",
                        "consumption": 14694604.0,
                        "timestamp": 1721775050.0928338
                    }
                ],
                "timestamp": 1721775050.0926995
            }
        ]
    },
    {
        "host": {
            "consumption": 25256332.0,
            "timestamp": 1721775050.1466317,
            "components": {
                "disks": [
                    {
                        "disk_type": "SSD",
                        "disk_mount_point": "/etc/hosts",
                        "disk_is_removable": false,
                        "disk_file_system": "ext4",
                        "disk_total_bytes": "33634926592",
                        "disk_available_bytes": "9870303232",
                        "disk_name": "/dev/nvme0n1p4"
                    }
                ]
            }
        },
        "consumers": [
            {
                "exe": "/",
                "cmdline": "runcinit",
                "pid": 466676,
                "resources_usage": null,
                "consumption": 432965.66,
                "timestamp": 1721775050.1465983,
                "container": null
            },
            {
                "exe": "/usr/local/bin/scaphandre",
                "cmdline": "/usr/local/bin/scaphandrejson-s0--step-nano10000000-f/home/ce-p2-r-1/13/power.json",
                "pid": 466602,
                "resources_usage": null,
                "consumption": 288643.78,
                "timestamp": 1721775050.1465392,
                "container": null
            },
            {
                "exe": "",
                "cmdline": "",
                "pid": 63,
                "resources_usage": null,
                "consumption": 0.0,
                "timestamp": 1721775050.1465235,
                "container": null
            },
            {
                "exe": "/usr/bin/udevadm",
                "cmdline": "/lib/systemd/systemd-udevd",
                "pid": 466547,
                "resources_usage": null,
                "consumption": 0.0,
                "timestamp": 1721775050.1465244,
                "container": null
            },
            {
                "exe": "/usr/bin/sleep",
                "cmdline": "sleep180",
                "pid": 465730,
                "resources_usage": null,
                "consumption": 0.0,
                "timestamp": 1721775050.146525,
                "container": null
            },
            {
                "exe": "",
                "cmdline": "",
                "pid": 15,
                "resources_usage": null,
                "consumption": 0.0,
                "timestamp": 1721775050.1465254,
                "container": null
            },
            {
                "exe": "/usr/bin/bash",
                "cmdline": "-bash",
                "pid": 1560,
                "resources_usage": null,
                "consumption": 0.0,
                "timestamp": 1721775050.1465256,
                "container": null
            },
            {
                "exe": "/usr/bin/udevadm",
                "cmdline": "/lib/systemd/systemd-udevd",
                "pid": 466555,
                "resources_usage": null,
                "consumption": 0.0,
                "timestamp": 1721775050.146526,
                "container": null
            },
            {
                "exe": "",
                "cmdline": "",
                "pid": 562,
                "resources_usage": null,
                "consumption": 0.0,
                "timestamp": 1721775050.1465263,
                "container": null
            },
            {
                "exe": "/usr/bin/udevadm",
                "cmdline": "/lib/systemd/systemd-udevd",
                "pid": 466548,
                "resources_usage": null,
                "consumption": 0.0,
                "timestamp": 1721775050.1465266,
                "container": null
            }
        ],
        "sockets": [
            {
                "id": 0,
                "consumption": 16784042.0,
                "domains": [
                    {
                        "name": "uncore",
                        "consumption": 0.0,
                        "timestamp": 1721775050.1272488
                    },
                    {
                        "name": "core",
                        "consumption": 14480429.0,
                        "timestamp": 1721775050.1272366
                    }
                ],
                "timestamp": 1721775050.1271262
            }
        ]
    },
    {
        "host": {
            "consumption": 22902136.0,
            "timestamp": 1721775050.1810746,
            "components": {
                "disks": [
                    {
                        "disk_type": "SSD",
                        "disk_mount_point": "/etc/hosts",
                        "disk_is_removable": false,
                        "disk_file_system": "ext4",
                        "disk_total_bytes": "33634926592",
                        "disk_available_bytes": "9870299136",
                        "disk_name": "/dev/nvme0n1p4"
                    }
                ]
            }
        },
        "consumers": [
            {
                "exe": "/",
                "cmdline": "runcinit",
                "pid": 466676,
                "resources_usage": null,
                "consumption": 523477.34,
                "timestamp": 1721775050.1810393,
                "container": null
            },
            {
                "exe": "/usr/local/bin/scaphandre",
                "cmdline": "/usr/local/bin/scaphandrejson-s0--step-nano10000000-f/home/ce-p2-r-1/13/power.json",
                "pid": 466602,
                "resources_usage": null,
                "consumption": 130869.336,
                "timestamp": 1721775050.180978,
                "container": null
            },
            {
                "exe": "",
                "cmdline": "",
                "pid": 63,
                "resources_usage": null,
                "consumption": 0.0,
                "timestamp": 1721775050.1809614,
                "container": null
            },
            {
                "exe": "/usr/bin/udevadm",
                "cmdline": "/lib/systemd/systemd-udevd",
                "pid": 466547,
                "resources_usage": null,
                "consumption": 0.0,
                "timestamp": 1721775050.1809626,
                "container": null
            },
            {
                "exe": "/usr/bin/sleep",
                "cmdline": "sleep180",
                "pid": 465730,
                "resources_usage": null,
                "consumption": 0.0,
                "timestamp": 1721775050.180963,
                "container": null
            },
            {
                "exe": "",
                "cmdline": "",
                "pid": 15,
                "resources_usage": null,
                "consumption": 0.0,
                "timestamp": 1721775050.1809635,
                "container": null
            },
            {
                "exe": "/usr/bin/bash",
                "cmdline": "-bash",
                "pid": 1560,
                "resources_usage": null,
                "consumption": 0.0,
                "timestamp": 1721775050.1809638,
                "container": null
            },
            {
                "exe": "/usr/bin/udevadm",
                "cmdline": "/lib/systemd/systemd-udevd",
                "pid": 466555,
                "resources_usage": null,
                "consumption": 0.0,
                "timestamp": 1721775050.180965,
                "container": null
            },
            {
                "exe": "",
                "cmdline": "",
                "pid": 562,
                "resources_usage": null,
                "consumption": 0.0,
                "timestamp": 1721775050.1809652,
                "container": null
            },
            {
                "exe": "/usr/bin/udevadm",
                "cmdline": "/lib/systemd/systemd-udevd",
                "pid": 466548,
                "resources_usage": null,
                "consumption": 0.0,
                "timestamp": 1721775050.1809654,
                "container": null
            }
        ],
        "sockets": [
            {
                "id": 0,
                "consumption": 27990932.0,
                "domains": [
                    {
                        "name": "uncore",
                        "consumption": 0.0,
                        "timestamp": 1721775050.1616938
                    },
                    {
                        "name": "core",
                        "consumption": 25801044.0,
                        "timestamp": 1721775050.1616797
                    }
                ],
                "timestamp": 1721775050.1615698
            }
        ]
    },
    {
        "host": {
            "consumption": 22267644.0,
            "timestamp": 1721775050.2168937,
            "components": {
                "disks": [
                    {
                        "disk_type": "SSD",
                        "disk_mount_point": "/etc/hosts",
                        "disk_is_removable": false,
                        "disk_file_system": "ext4",
                        "disk_total_bytes": "33634926592",
                        "disk_available_bytes": "9870299136",
                        "disk_name": "/dev/nvme0n1p4"
                    }
                ]
            }
        },
        "consumers": [
            {
                "exe": "/usr/local/bin/scaphandre",
                "cmdline": "/usr/local/bin/scaphandrejson-s0--step-nano10000000-f/home/ce-p2-r-1/13/power.json",
                "pid": 466602,
                "resources_usage": null,
                "consumption": 407334.94,
                "timestamp": 1721775050.2165928,
                "container": null
            },
            {
                "exe": "/",
                "cmdline": "runcinit",
                "pid": 466676,
                "resources_usage": null,
                "consumption": 407334.94,
                "timestamp": 1721775050.216653,
                "container": null
            },
            {
                "exe": "",
                "cmdline": "",
                "pid": 63,
                "resources_usage": null,
                "consumption": 0.0,
                "timestamp": 1721775050.2165759,
                "container": null
            },
            {
                "exe": "/usr/bin/udevadm",
                "cmdline": "/lib/systemd/systemd-udevd",
                "pid": 466547,
                "resources_usage": null,
                "consumption": 0.0,
                "timestamp": 1721775050.2165768,
                "container": null
            },
            {
                "exe": "/usr/bin/sleep",
                "cmdline": "sleep180",
                "pid": 465730,
                "resources_usage": null,
                "consumption": 0.0,
                "timestamp": 1721775050.2165778,
                "container": null
            },
            {
                "exe": "",
                "cmdline": "",
                "pid": 15,
                "resources_usage": null,
                "consumption": 0.0,
                "timestamp": 1721775050.2165785,
                "container": null
            },
            {
                "exe": "/usr/bin/bash",
                "cmdline": "-bash",
                "pid": 1560,
                "resources_usage": null,
                "consumption": 0.0,
                "timestamp": 1721775050.2165787,
                "container": null
            },
            {
                "exe": "/usr/bin/udevadm",
                "cmdline": "/lib/systemd/systemd-udevd",
                "pid": 466555,
                "resources_usage": null,
                "consumption": 0.0,
                "timestamp": 1721775050.216579,
                "container": null
            },
            {
                "exe": "",
                "cmdline": "",
                "pid": 562,
                "resources_usage": null,
                "consumption": 0.0,
                "timestamp": 1721775050.2165792,
                "container": null
            },
            {
                "exe": "/usr/bin/udevadm",
                "cmdline": "/lib/systemd/systemd-udevd",
                "pid": 466548,
                "resources_usage": null,
                "consumption": 0.0,
                "timestamp": 1721775050.2165794,
                "container": null
            }
        ],
        "sockets": [
            {
                "id": 0,
                "consumption": 24066670.0,
                "domains": [
                    {
                        "name": "uncore",
                        "consumption": 0.0,
                        "timestamp": 1721775050.1961274
                    },
                    {
                        "name": "core",
                        "consumption": 21745826.0,
                        "timestamp": 1721775050.1961157
                    }
                ],
                "timestamp": 1721775050.1960073
            }
        ]
    },
    {
        "host": {
            "consumption": 11343234.0,
            "timestamp": 1721775050.2521052,
            "components": {
                "disks": [
                    {
                        "disk_type": "SSD",
                        "disk_mount_point": "/etc/hosts",
                        "disk_is_removable": false,
                        "disk_file_system": "ext4",
                        "disk_total_bytes": "33634926592",
                        "disk_available_bytes": "9870295040",
                        "disk_name": "/dev/nvme0n1p4"
                    }
                ]
            }
        },
        "consumers": [
            {
                "exe": "/",
                "cmdline": "runcinit",
                "pid": 466676,
                "resources_usage": null,
                "consumption": 276664.22,
                "timestamp": 1721775050.2520113,
                "container": null
            },
            {
                "exe": "/usr/local/bin/scaphandre",
                "cmdline": "/usr/local/bin/scaphandrejson-s0--step-nano10000000-f/home/ce-p2-r-1/13/power.json",
                "pid": 466602,
                "resources_usage": null,
                "consumption": 138332.11,
                "timestamp": 1721775050.251952,
                "container": null
            },
            {
                "exe": "",
                "cmdline": "",
                "pid": 63,
                "resources_usage": null,
                "consumption": 0.0,
                "timestamp": 1721775050.251935,
                "container": null
            },
            {
                "exe": "/usr/bin/udevadm",
                "cmdline": "/lib/systemd/systemd-udevd",
                "pid": 466547,
                "resources_usage": null,
                "consumption": 0.0,
                "timestamp": 1721775050.251936,
                "container": null
            },
            {
                "exe": "/usr/bin/sleep",
                "cmdline": "sleep180",
                "pid": 465730,
                "resources_usage": null,
                "consumption": 0.0,
                "timestamp": 1721775050.2519367,
                "container": null
            },
            {
                "exe": "",
                "cmdline": "",
                "pid": 15,
                "resources_usage": null,
                "consumption": 0.0,
                "timestamp": 1721775050.2519372,
                "container": null
            },
            {
                "exe": "/usr/bin/bash",
                "cmdline": "-bash",
                "pid": 1560,
                "resources_usage": null,
                "consumption": 0.0,
                "timestamp": 1721775050.2519374,
                "container": null
            },
            {
                "exe": "/usr/bin/udevadm",
                "cmdline": "/lib/systemd/systemd-udevd",
                "pid": 466555,
                "resources_usage": null,
                "consumption": 0.0,
                "timestamp": 1721775050.2519379,
                "container": null
            },
            {
                "exe": "",
                "cmdline": "",
                "pid": 562,
                "resources_usage": null,
                "consumption": 0.0,
                "timestamp": 1721775050.2519388,
                "container": null
            },
            {
                "exe": "/usr/bin/udevadm",
                "cmdline": "/lib/systemd/systemd-udevd",
                "pid": 466548,
                "resources_usage": null,
                "consumption": 0.0,
                "timestamp": 1721775050.251939,
                "container": null
            }
        ],
        "sockets": [
            {
                "id": 0,
                "consumption": 11167110.0,
                "domains": [
                    {
                        "name": "uncore",
                        "consumption": 0.0,
                        "timestamp": 1721775050.232063
                    },
                    {
                        "name": "core",
                        "consumption": 12180901.0,
                        "timestamp": 1721775050.2320526
                    }
                ],
                "timestamp": 1721775050.2319381
            }
        ]
    },
    {
        "host": {
            "consumption": 21133496.0,
            "timestamp": 1721775050.2872646,
            "components": {
                "disks": [
                    {
                        "disk_type": "SSD",
                        "disk_mount_point": "/etc/hosts",
                        "disk_is_removable": false,
                        "disk_file_system": "ext4",
                        "disk_total_bytes": "33634926592",
                        "disk_available_bytes": "9870295040",
                        "disk_name": "/dev/nvme0n1p4"
                    }
                ]
            }
        },
        "consumers": [
            {
                "exe": "/",
                "cmdline": "runcinit",
                "pid": 466676,
                "resources_usage": null,
                "consumption": 515451.1,
                "timestamp": 1721775050.2871757,
                "container": null
            },
            {
                "exe": "/usr/local/bin/scaphandre",
                "cmdline": "/usr/local/bin/scaphandrejson-s0--step-nano10000000-f/home/ce-p2-r-1/13/power.json",
                "pid": 466602,
                "resources_usage": null,
                "consumption": 257725.55,
                "timestamp": 1721775050.2871158,
                "container": null
            },
            {
                "exe": "",
                "cmdline": "",
                "pid": 63,
                "resources_usage": null,
                "consumption": 0.0,
                "timestamp": 1721775050.2870998,
                "container": null
            },
            {
                "exe": "/usr/bin/udevadm",
                "cmdline": "/lib/systemd/systemd-udevd",
                "pid": 466547,
                "resources_usage": null,
                "consumption": 0.0,
                "timestamp": 1721775050.287101,
                "container": null
            },
            {
                "exe": "/usr/bin/sleep",
                "cmdline": "sleep180",
                "pid": 465730,
                "resources_usage": null,
                "consumption": 0.0,
                "timestamp": 1721775050.2871015,
                "container": null
            },
            {
                "exe": "",
                "cmdline": "",
                "pid": 15,
                "resources_usage": null,
                "consumption": 0.0,
                "timestamp": 1721775050.287102,
                "container": null
            },
            {
                "exe": "/usr/bin/bash",
                "cmdline": "-bash",
                "pid": 1560,
                "resources_usage": null,
                "consumption": 0.0,
                "timestamp": 1721775050.2871022,
                "container": null
            },
            {
                "exe": "/usr/bin/udevadm",
                "cmdline": "/lib/systemd/systemd-udevd",
                "pid": 466555,
                "resources_usage": null,
                "consumption": 0.0,
                "timestamp": 1721775050.2871027,
                "container": null
            },
            {
                "exe": "",
                "cmdline": "",
                "pid": 562,
                "resources_usage": null,
                "consumption": 0.0,
                "timestamp": 1721775050.2871037,
                "container": null
            },
            {
                "exe": "/usr/bin/udevadm",
                "cmdline": "/lib/systemd/systemd-udevd",
                "pid": 466548,
                "resources_usage": null,
                "consumption": 0.0,
                "timestamp": 1721775050.287104,
                "container": null
            }
        ],
        "sockets": [
            {
                "id": 0,
                "consumption": 21427072.0,
                "domains": [
                    {
                        "name": "uncore",
                        "consumption": 0.0,
                        "timestamp": 1721775050.2672513
                    },
                    {
                        "name": "core",
                        "consumption": 15817178.0,
                        "timestamp": 1721775050.2672408
                    }
                ],
                "timestamp": 1721775050.2671285
            }
        ]
    },
    {
        "host": {
            "consumption": 20210154.0,
            "timestamp": 1721775050.3231816,
            "components": {
                "disks": [
                    {
                        "disk_type": "SSD",
                        "disk_mount_point": "/etc/hosts",
                        "disk_is_removable": false,
                        "disk_file_system": "ext4",
                        "disk_total_bytes": "33634926592",
                        "disk_available_bytes": "9870290944",
                        "disk_name": "/dev/nvme0n1p4"
                    }
                ]
            }
        },
        "consumers": [
            {
                "exe": "/",
                "cmdline": "runcinit",
                "pid": 466676,
                "resources_usage": null,
                "consumption": 369697.94,
                "timestamp": 1721775050.3231504,
                "container": null
            },
            {
                "exe": "/usr/local/bin/scaphandre",
                "cmdline": "/usr/local/bin/scaphandrejson-s0--step-nano10000000-f/home/ce-p2-r-1/13/power.json",
                "pid": 466602,
                "resources_usage": null,
                "consumption": 246465.28,
                "timestamp": 1721775050.3230891,
                "container": null
            },
            {
                "exe": "",
                "cmdline": "",
                "pid": 63,
                "resources_usage": null,
                "consumption": 0.0,
                "timestamp": 1721775050.3230734,
                "container": null
            },
            {
                "exe": "/usr/bin/udevadm",
                "cmdline": "/lib/systemd/systemd-udevd",
                "pid": 466547,
                "resources_usage": null,
                "consumption": 0.0,
                "timestamp": 1721775050.3230743,
                "container": null
            },
            {
                "exe": "/usr/bin/sleep",
                "cmdline": "sleep180",
                "pid": 465730,
                "resources_usage": null,
                "consumption": 0.0,
                "timestamp": 1721775050.323075,
                "container": null
            },
            {
                "exe": "",
                "cmdline": "",
                "pid": 15,
                "resources_usage": null,
                "consumption": 0.0,
                "timestamp": 1721775050.3230755,
                "container": null
            },
            {
                "exe": "/usr/bin/bash",
                "cmdline": "-bash",
                "pid": 1560,
                "resources_usage": null,
                "consumption": 0.0,
                "timestamp": 1721775050.3230758,
                "container": null
            },
            {
                "exe": "/usr/bin/udevadm",
                "cmdline": "/lib/systemd/systemd-udevd",
                "pid": 466555,
                "resources_usage": null,
                "consumption": 0.0,
                "timestamp": 1721775050.3230762,
                "container": null
            },
            {
                "exe": "",
                "cmdline": "",
                "pid": 562,
                "resources_usage": null,
                "consumption": 0.0,
                "timestamp": 1721775050.3230765,
                "container": null
            },
            {
                "exe": "/usr/bin/udevadm",
                "cmdline": "/lib/systemd/systemd-udevd",
                "pid": 466548,
                "resources_usage": null,
                "consumption": 0.0,
                "timestamp": 1721775050.3230767,
                "container": null
            }
        ],
        "sockets": [
            {
                "id": 0,
                "consumption": 23505524.0,
                "domains": [
                    {
                        "name": "uncore",
                        "consumption": 0.0,
                        "timestamp": 1721775050.3030736
                    },
                    {
                        "name": "core",
                        "consumption": 21143046.0,
                        "timestamp": 1721775050.3029904
                    }
                ],
                "timestamp": 1721775050.302684
            }
        ]
    },
    {
        "host": {
            "consumption": 11969969.0,
            "timestamp": 1721775050.3583138,
            "components": {
                "disks": [
                    {
                        "disk_type": "SSD",
                        "disk_mount_point": "/etc/hosts",
                        "disk_is_removable": false,
                        "disk_file_system": "ext4",
                        "disk_total_bytes": "33634926592",
                        "disk_available_bytes": "9870290944",
                        "disk_name": "/dev/nvme0n1p4"
                    }
                ]
            }
        },
        "consumers": [
            {
                "exe": "/",
                "cmdline": "runcinit",
                "pid": 466676,
                "resources_usage": null,
                "consumption": 218962.84,
                "timestamp": 1721775050.3580782,
                "container": null
            },
            {
                "exe": "/usr/local/bin/scaphandre",
                "cmdline": "/usr/local/bin/scaphandrejson-s0--step-nano10000000-f/home/ce-p2-r-1/13/power.json",
                "pid": 466602,
                "resources_usage": null,
                "consumption": 72987.61,
                "timestamp": 1721775050.3580177,
                "container": null
            },
            {
                "exe": "",
                "cmdline": "",
                "pid": 63,
                "resources_usage": null,
                "consumption": 0.0,
                "timestamp": 1721775050.357995,
                "container": null
            },
            {
                "exe": "/usr/bin/udevadm",
                "cmdline": "/lib/systemd/systemd-udevd",
                "pid": 466547,
                "resources_usage": null,
                "consumption": 0.0,
                "timestamp": 1721775050.3579962,
                "container": null
            },
            {
                "exe": "/usr/bin/sleep",
                "cmdline": "sleep180",
                "pid": 465730,
                "resources_usage": null,
                "consumption": 0.0,
                "timestamp": 1721775050.3579967,
                "container": null
            },
            {
                "exe": "",
                "cmdline": "",
                "pid": 15,
                "resources_usage": null,
                "consumption": 0.0,
                "timestamp": 1721775050.3579974,
                "container": null
            },
            {
                "exe": "/usr/bin/bash",
                "cmdline": "-bash",
                "pid": 1560,
                "resources_usage": null,
                "consumption": 0.0,
                "timestamp": 1721775050.3579977,
                "container": null
            },
            {
                "exe": "/usr/bin/udevadm",
                "cmdline": "/lib/systemd/systemd-udevd",
                "pid": 466555,
                "resources_usage": null,
                "consumption": 0.0,
                "timestamp": 1721775050.3579981,
                "container": null
            },
            {
                "exe": "",
                "cmdline": "",
                "pid": 562,
                "resources_usage": null,
                "consumption": 0.0,
                "timestamp": 1721775050.3579986,
                "container": null
            },
            {
                "exe": "/usr/bin/udevadm",
                "cmdline": "/lib/systemd/systemd-udevd",
                "pid": 466548,
                "resources_usage": null,
                "consumption": 0.0,
                "timestamp": 1721775050.3580046,
                "container": null
            }
        ],
        "sockets": [
            {
                "id": 0,
                "consumption": 11770348.0,
                "domains": [
                    {
                        "name": "uncore",
                        "consumption": 0.0,
                        "timestamp": 1721775050.3382893
                    },
                    {
                        "name": "core",
                        "consumption": 9560336.0,
                        "timestamp": 1721775050.338276
                    }
                ],
                "timestamp": 1721775050.3381631
            }
        ]
    },
    {
        "host": {
            "consumption": 22806112.0,
            "timestamp": 1721775050.393279,
            "components": {
                "disks": [
                    {
                        "disk_type": "SSD",
                        "disk_mount_point": "/etc/hosts",
                        "disk_is_removable": false,
                        "disk_file_system": "ext4",
                        "disk_total_bytes": "33634926592",
                        "disk_available_bytes": "9870286848",
                        "disk_name": "/dev/nvme0n1p4"
                    }
                ]
            }
        },
        "consumers": [
            {
                "exe": "/",
                "cmdline": "runcinit",
                "pid": 466676,
                "resources_usage": null,
                "consumption": 556246.56,
                "timestamp": 1721775050.3930538,
                "container": null
            },
            {
                "exe": "/usr/local/bin/scaphandre",
                "cmdline": "/usr/local/bin/scaphandrejson-s0--step-nano10000000-f/home/ce-p2-r-1/13/power.json",
                "pid": 466602,
                "resources_usage": null,
                "consumption": 278123.28,
                "timestamp": 1721775050.3929915,
                "container": null
            },
            {
                "exe": "",
                "cmdline": "",
                "pid": 63,
                "resources_usage": null,
                "consumption": 0.0,
                "timestamp": 1721775050.392974,
                "container": null
            },
            {
                "exe": "/usr/bin/udevadm",
                "cmdline": "/lib/systemd/systemd-udevd",
                "pid": 466547,
                "resources_usage": null,
                "consumption": 0.0,
                "timestamp": 1721775050.3929749,
                "container": null
            },
            {
                "exe": "/usr/bin/sleep",
                "cmdline": "sleep180",
                "pid": 465730,
                "resources_usage": null,
                "consumption": 0.0,
                "timestamp": 1721775050.3929753,
                "container": null
            },
            {
                "exe": "",
                "cmdline": "",
                "pid": 15,
                "resources_usage": null,
                "consumption": 0.0,
                "timestamp": 1721775050.3929758,
                "container": null
            },
            {
                "exe": "/usr/bin/bash",
                "cmdline": "-bash",
                "pid": 1560,
                "resources_usage": null,
                "consumption": 0.0,
                "timestamp": 1721775050.3929763,
                "container": null
            },
            {
                "exe": "/usr/bin/udevadm",
                "cmdline": "/lib/systemd/systemd-udevd",
                "pid": 466555,
                "resources_usage": null,
                "consumption": 0.0,
                "timestamp": 1721775050.3929772,
                "container": null
            },
            {
                "exe": "",
                "cmdline": "",
                "pid": 562,
                "resources_usage": null,
                "consumption": 0.0,
                "timestamp": 1721775050.3929775,
                "container": null
            },
            {
                "exe": "/usr/bin/udevadm",
                "cmdline": "/lib/systemd/systemd-udevd",
                "pid": 466548,
                "resources_usage": null,
                "consumption": 0.0,
                "timestamp": 1721775050.3929777,
                "container": null
            }
        ],
        "sockets": [
            {
                "id": 0,
                "consumption": 11525994.0,
                "domains": [
                    {
                        "name": "uncore",
                        "consumption": 0.0,
                        "timestamp": 1721775050.3739378
                    },
                    {
                        "name": "core",
                        "consumption": 9243594.0,
                        "timestamp": 1721775050.3737338
                    }
                ],
                "timestamp": 1721775050.3734677
            }
        ]
    },
    {
        "host": {
            "consumption": 14929579.0,
            "timestamp": 1721775050.428319,
            "components": {
                "disks": [
                    {
                        "disk_type": "SSD",
                        "disk_mount_point": "/etc/hosts",
                        "disk_is_removable": false,
                        "disk_file_system": "ext4",
                        "disk_total_bytes": "33634926592",
                        "disk_available_bytes": "9870286848",
                        "disk_name": "/dev/nvme0n1p4"
                    }
                ]
            }
        },
        "consumers": [
            {
                "exe": "/",
                "cmdline": "runcinit",
                "pid": 466676,
                "resources_usage": null,
                "consumption": 353362.8,
                "timestamp": 1721775050.4282923,
                "container": null
            },
            {
                "exe": "/usr/local/bin/scaphandre",
                "cmdline": "/usr/local/bin/scaphandrejson-s0--step-nano10000000-f/home/ce-p2-r-1/13/power.json",
                "pid": 466602,
                "resources_usage": null,
                "consumption": 176681.4,
                "timestamp": 1721775050.4281971,
                "container": null
            },
            {
                "exe": "",
                "cmdline": "",
                "pid": 63,
                "resources_usage": null,
                "consumption": 0.0,
                "timestamp": 1721775050.4281685,
                "container": null
            },
            {
                "exe": "/usr/bin/udevadm",
                "cmdline": "/lib/systemd/systemd-udevd",
                "pid": 466547,
                "resources_usage": null,
                "consumption": 0.0,
                "timestamp": 1721775050.4281702,
                "container": null
            },
            {
                "exe": "/usr/bin/sleep",
                "cmdline": "sleep180",
                "pid": 465730,
                "resources_usage": null,
                "consumption": 0.0,
                "timestamp": 1721775050.428171,
                "container": null
            },
            {
                "exe": "",
                "cmdline": "",
                "pid": 15,
                "resources_usage": null,
                "consumption": 0.0,
                "timestamp": 1721775050.428172,
                "container": null
            },
            {
                "exe": "/usr/bin/bash",
                "cmdline": "-bash",
                "pid": 1560,
                "resources_usage": null,
                "consumption": 0.0,
                "timestamp": 1721775050.4281726,
                "container": null
            },
            {
                "exe": "/usr/bin/udevadm",
                "cmdline": "/lib/systemd/systemd-udevd",
                "pid": 466555,
                "resources_usage": null,
                "consumption": 0.0,
                "timestamp": 1721775050.428173,
                "container": null
            },
            {
                "exe": "",
                "cmdline": "",
                "pid": 562,
                "resources_usage": null,
                "consumption": 0.0,
                "timestamp": 1721775050.4281738,
                "container": null
            },
            {
                "exe": "/usr/bin/udevadm",
                "cmdline": "/lib/systemd/systemd-udevd",
                "pid": 466548,
                "resources_usage": null,
                "consumption": 0.0,
                "timestamp": 1721775050.4281743,
                "container": null
            }
        ],
        "sockets": [
            {
                "id": 0,
                "consumption": 24071658.0,
                "domains": [
                    {
                        "name": "uncore",
                        "consumption": 0.0,
                        "timestamp": 1721775050.408962
                    },
                    {
                        "name": "core",
                        "consumption": 21736948.0,
                        "timestamp": 1721775050.4087481
                    }
                ],
                "timestamp": 1721775050.408476
            }
        ]
    },
    {
        "host": {
            "consumption": 12302567.0,
            "timestamp": 1721775050.4627445,
            "components": {
                "disks": [
                    {
                        "disk_type": "SSD",
                        "disk_mount_point": "/etc/hosts",
                        "disk_is_removable": false,
                        "disk_file_system": "ext4",
                        "disk_total_bytes": "33634926592",
                        "disk_available_bytes": "9870282752",
                        "disk_name": "/dev/nvme0n1p4"
                    }
                ]
            }
        },
        "consumers": [
            {
                "exe": "/",
                "cmdline": "runcinit",
                "pid": 466676,
                "resources_usage": null,
                "consumption": 218388.77,
                "timestamp": 1721775050.4627178,
                "container": null
            },
            {
                "exe": "/usr/local/bin/scaphandre",
                "cmdline": "/usr/local/bin/scaphandrejson-s0--step-nano10000000-f/home/ce-p2-r-1/13/power.json",
                "pid": 466602,
                "resources_usage": null,
                "consumption": 145592.52,
                "timestamp": 1721775050.4626586,
                "container": null
            },
            {
                "exe": "",
                "cmdline": "",
                "pid": 63,
                "resources_usage": null,
                "consumption": 0.0,
                "timestamp": 1721775050.4626427,
                "container": null
            },
            {
                "exe": "/usr/bin/udevadm",
                "cmdline": "/lib/systemd/systemd-udevd",
                "pid": 466547,
                "resources_usage": null,
                "consumption": 0.0,
                "timestamp": 1721775050.4626439,
                "container": null
            },
            {
                "exe": "/usr/bin/sleep",
                "cmdline": "sleep180",
                "pid": 465730,
                "resources_usage": null,
                "consumption": 0.0,
                "timestamp": 1721775050.4626443,
                "container": null
            },
            {
                "exe": "",
                "cmdline": "",
                "pid": 15,
                "resources_usage": null,
                "consumption": 0.0,
                "timestamp": 1721775050.4626448,
                "container": null
            },
            {
                "exe": "/usr/bin/bash",
                "cmdline": "-bash",
                "pid": 1560,
                "resources_usage": null,
                "consumption": 0.0,
                "timestamp": 1721775050.4626453,
                "container": null
            },
            {
                "exe": "/usr/bin/udevadm",
                "cmdline": "/lib/systemd/systemd-udevd",
                "pid": 466555,
                "resources_usage": null,
                "consumption": 0.0,
                "timestamp": 1721775050.462646,
                "container": null
            },
            {
                "exe": "",
                "cmdline": "",
                "pid": 562,
                "resources_usage": null,
                "consumption": 0.0,
                "timestamp": 1721775050.4626465,
                "container": null
            },
            {
                "exe": "/usr/bin/udevadm",
                "cmdline": "/lib/systemd/systemd-udevd",
                "pid": 466548,
                "resources_usage": null,
                "consumption": 0.0,
                "timestamp": 1721775050.4626467,
                "container": null
            }
        ],
        "sockets": [
            {
                "id": 0,
                "consumption": 17746652.0,
                "domains": [
                    {
                        "name": "uncore",
                        "consumption": 0.0,
                        "timestamp": 1721775050.4433284
                    },
                    {
                        "name": "core",
                        "consumption": 15572091.0,
                        "timestamp": 1721775050.4433222
                    }
                ],
                "timestamp": 1721775050.4432158
            }
        ]
    },
    {
        "host": {
            "consumption": 28154720.0,
            "timestamp": 1721775050.497302,
            "components": {
                "disks": [
                    {
                        "disk_type": "SSD",
                        "disk_mount_point": "/etc/hosts",
                        "disk_is_removable": false,
                        "disk_file_system": "ext4",
                        "disk_total_bytes": "33634926592",
                        "disk_available_bytes": "9870282752",
                        "disk_name": "/dev/nvme0n1p4"
                    }
                ]
            }
        },
        "consumers": [
            {
                "exe": "/",
                "cmdline": "runcinit",
                "pid": 466676,
                "resources_usage": null,
                "consumption": 499787.9,
                "timestamp": 1721775050.4972775,
                "container": null
            },
            {
                "exe": "/usr/local/bin/scaphandre",
                "cmdline": "/usr/local/bin/scaphandrejson-s0--step-nano10000000-f/home/ce-p2-r-1/13/power.json",
                "pid": 466602,
                "resources_usage": null,
                "consumption": 333191.94,
                "timestamp": 1721775050.4972184,
                "container": null
            },
            {
                "exe": "",
                "cmdline": "",
                "pid": 63,
                "resources_usage": null,
                "consumption": 0.0,
                "timestamp": 1721775050.4972017,
                "container": null
            },
            {
                "exe": "/usr/bin/udevadm",
                "cmdline": "/lib/systemd/systemd-udevd",
                "pid": 466547,
                "resources_usage": null,
                "consumption": 0.0,
                "timestamp": 1721775050.4972029,
                "container": null
            },
            {
                "exe": "/usr/bin/sleep",
                "cmdline": "sleep180",
                "pid": 465730,
                "resources_usage": null,
                "consumption": 0.0,
                "timestamp": 1721775050.4972034,
                "container": null
            },
            {
                "exe": "",
                "cmdline": "",
                "pid": 15,
                "resources_usage": null,
                "consumption": 0.0,
                "timestamp": 1721775050.497204,
                "container": null
            },
            {
                "exe": "/usr/bin/bash",
                "cmdline": "-bash",
                "pid": 1560,
                "resources_usage": null,
                "consumption": 0.0,
                "timestamp": 1721775050.4972045,
                "container": null
            },
            {
                "exe": "/usr/bin/udevadm",
                "cmdline": "/lib/systemd/systemd-udevd",
                "pid": 466555,
                "resources_usage": null,
                "consumption": 0.0,
                "timestamp": 1721775050.497205,
                "container": null
            },
            {
                "exe": "",
                "cmdline": "",
                "pid": 562,
                "resources_usage": null,
                "consumption": 0.0,
                "timestamp": 1721775050.4972055,
                "container": null
            },
            {
                "exe": "/usr/bin/udevadm",
                "cmdline": "/lib/systemd/systemd-udevd",
                "pid": 466548,
                "resources_usage": null,
                "consumption": 0.0,
                "timestamp": 1721775050.4972057,
                "container": null
            }
        ],
        "sockets": [
            {
                "id": 0,
                "consumption": 21099364.0,
                "domains": [
                    {
                        "name": "uncore",
                        "consumption": 0.0,
                        "timestamp": 1721775050.477792
                    },
                    {
                        "name": "core",
                        "consumption": 18893112.0,
                        "timestamp": 1721775050.4777856
                    }
                ],
                "timestamp": 1721775050.47768
            }
        ]
    },
    {
        "host": {
            "consumption": 17812656.0,
            "timestamp": 1721775050.54087,
            "components": {
                "disks": [
                    {
                        "disk_type": "SSD",
                        "disk_mount_point": "/etc/hosts",
                        "disk_is_removable": false,
                        "disk_file_system": "ext4",
                        "disk_total_bytes": "33634926592",
                        "disk_available_bytes": "9870278656",
                        "disk_name": "/dev/nvme0n1p4"
                    }
                ]
            }
        },
        "consumers": [
            {
                "exe": "/",
                "cmdline": "runcinit",
                "pid": 466676,
                "resources_usage": null,
                "consumption": 527001.7,
                "timestamp": 1721775050.540844,
                "container": null
            },
            {
                "exe": "/usr/local/bin/scaphandre",
                "cmdline": "/usr/local/bin/scaphandrejson-s0--step-nano10000000-f/home/ce-p2-r-1/13/power.json",
                "pid": 466602,
                "resources_usage": null,
                "consumption": 105400.34,
                "timestamp": 1721775050.5407825,
                "container": null
            },
            {
                "exe": "",
                "cmdline": "",
                "pid": 63,
                "resources_usage": null,
                "consumption": 0.0,
                "timestamp": 1721775050.540765,
                "container": null
            },
            {
                "exe": "/usr/bin/udevadm",
                "cmdline": "/lib/systemd/systemd-udevd",
                "pid": 466547,
                "resources_usage": null,
                "consumption": 0.0,
                "timestamp": 1721775050.5407667,
                "container": null
            },
            {
                "exe": "/usr/bin/sleep",
                "cmdline": "sleep180",
                "pid": 465730,
                "resources_usage": null,
                "consumption": 0.0,
                "timestamp": 1721775050.5407672,
                "container": null
            },
            {
                "exe": "",
                "cmdline": "",
                "pid": 15,
                "resources_usage": null,
                "consumption": 0.0,
                "timestamp": 1721775050.5407677,
                "container": null
            },
            {
                "exe": "/usr/bin/bash",
                "cmdline": "-bash",
                "pid": 1560,
                "resources_usage": null,
                "consumption": 0.0,
                "timestamp": 1721775050.540768,
                "container": null
            },
            {
                "exe": "/usr/bin/udevadm",
                "cmdline": "/lib/systemd/systemd-udevd",
                "pid": 466555,
                "resources_usage": null,
                "consumption": 0.0,
                "timestamp": 1721775050.5407684,
                "container": null
            },
            {
                "exe": "",
                "cmdline": "",
                "pid": 562,
                "resources_usage": null,
                "consumption": 0.0,
                "timestamp": 1721775050.5407686,
                "container": null
            },
            {
                "exe": "/usr/bin/udevadm",
                "cmdline": "/lib/systemd/systemd-udevd",
                "pid": 466548,
                "resources_usage": null,
                "consumption": 0.0,
                "timestamp": 1721775050.5407689,
                "container": null
            }
        ],
        "sockets": [
            {
                "id": 0,
                "consumption": 20402036.0,
                "domains": [
                    {
                        "name": "uncore",
                        "consumption": 0.0,
                        "timestamp": 1721775050.512438
                    },
                    {
                        "name": "core",
                        "consumption": 18131136.0,
                        "timestamp": 1721775050.5124316
                    }
                ],
                "timestamp": 1721775050.5123289
            }
        ]
    }
]