{
    "timestamp_analysis": {
        "mean": 0.02567994136076707,
        "std": 0.0014221258793627929,
        "min": 0.022969484329223633,
        "max": 0.032170772552490234,
        "median": 0.025441765785217285,
        "running_time": 9.34761905670166
    },
    "host_energy_analysis": {
        "total": 173.1425219365076,
        "per_repetition": 3.462850438730152e-07
    },
    "host_power_analysis": {
        "mean": 18.559600493150686,
        "std": 5.638605836943919,
        "min": 3.885317,
        "max": 34.90562,
        "median": 18.674516
    },
    "process_energy_analysis": {
        "total": 2.709410963961612,
        "per_repetition": 5.418821927923224e-09
    }
}