{
    "timestamp_analysis": {
        "mean": 0.03700985579655088,
        "std": 0.0032731753407999023,
        "min": 0.032378196716308594,
        "max": 0.05046868324279785,
        "median": 0.03576028347015381,
        "running_time": 10.732998609542847
    },
    "host_energy_analysis": {
        "total": 259.2837195249641,
        "per_repetition": 0.0008642790650832137
    },
    "host_power_analysis": {
        "mean": 24.046335536082474,
        "std": 7.115278315154581,
        "min": 8.401699,
        "max": 44.409416,
        "median": 23.851404
    },
    "process_energy_analysis": {
        "total": 10.815214789631096,
        "per_repetition": 3.6050715965436984e-05
    }
}