{
    "host_energy_total_shapiro": {
        "stat": 0.9577755404952139,
        "p": 0.271463172603323
    },
    "host_energy_per_repetition_shapiro": {
        "stat": 0.9577755404952142,
        "p": 0.2714631726033284
    },
    "process_energy_total_shapiro": {
        "stat": 0.9387762014717366,
        "p": 0.08431417435664394
    },
    "process_energy_per_repetition_shapiro": {
        "stat": 0.9387762014717363,
        "p": 0.0843141743566428
    },
    "timestamp_running_time_shapiro": {
        "stat": 0.9637293313773708,
        "p": 0.38433258438035994
    },
    "host_power_mean_shapiro": {
        "stat": 0.9830463966107875,
        "p": 0.899451956006442
    }
}