{
    "timestamp_analysis": {
        "mean": 0.034547983622941814,
        "std": 0.001927557073072012,
        "min": 0.03105783462524414,
        "max": 0.04429507255554199,
        "median": 0.03401291370391846,
        "running_time": 12.644738912582397
    },
    "host_energy_analysis": {
        "total": 217.6960674394045,
        "per_repetition": 7.256535581313483e-06
    },
    "host_power_analysis": {
        "mean": 17.24753592643052,
        "std": 4.977915843813113,
        "min": 4.202372,
        "max": 34.709344,
        "median": 16.718102
    },
    "process_energy_analysis": {
        "total": 4.525981395478625,
        "per_repetition": 1.5086604651595416e-07
    }
}