{
    "timestamp_analysis": {
        "mean": 0.03678258487478082,
        "std": 0.002680240368495521,
        "min": 0.032265663146972656,
        "max": 0.0840451717376709,
        "median": 0.03601956367492676,
        "running_time": 389.5277290344238
    },
    "host_energy_analysis": {
        "total": 7346.598676172896,
        "per_repetition": 0.014693197352345793
    },
    "host_power_analysis": {
        "mean": 18.869368993579453,
        "std": 4.832118576187004,
        "min": 5.562977,
        "max": 38.522004,
        "median": 18.608568
    },
    "process_energy_analysis": {
        "total": 160.21311591612942,
        "per_repetition": 0.00032042623183225886
    }
}