{
    "timestamp_analysis": {
        "mean": 0.025192469358444214,
        "std": 0.0017515800512055949,
        "min": 0.021866798400878906,
        "max": 0.032404422760009766,
        "median": 0.024911046028137207,
        "running_time": 6.852457761764526
    },
    "host_energy_analysis": {
        "total": 116.05445203610503,
        "per_repetition": 1.1605445203610503e-07
    },
    "host_power_analysis": {
        "mean": 17.00798863003663,
        "std": 5.760437127216848,
        "min": 4.918934,
        "max": 31.749272,
        "median": 16.806188
    },
    "process_energy_analysis": {
        "total": 1.7667110948874996,
        "per_repetition": 1.7667110948874995e-09
    }
}