{
    "timestamp_analysis": {
        "mean": 0.025042840157555285,
        "std": 0.00152855700511008,
        "min": 0.021778345108032227,
        "max": 0.03293466567993164,
        "median": 0.024712085723876953,
        "running_time": 6.686620712280273
    },
    "host_energy_analysis": {
        "total": 113.41935943862272,
        "per_repetition": 1.1341935943862272e-07
    },
    "host_power_analysis": {
        "mean": 17.001155067164177,
        "std": 5.594907411400087,
        "min": 3.08974,
        "max": 34.23659,
        "median": 16.867376
    },
    "process_energy_analysis": {
        "total": 1.7113845556254272,
        "per_repetition": 1.7113845556254272e-09
    }
}