{
    "timestamp_analysis": {
        "mean": 0.02565376328401245,
        "std": 0.0017433999352983514,
        "min": 0.02226424217224121,
        "max": 0.03374886512756348,
        "median": 0.025246381759643555,
        "running_time": 8.389091730117798
    },
    "host_energy_analysis": {
        "total": 154.36163519042384,
        "per_repetition": 3.087232703808477e-07
    },
    "host_power_analysis": {
        "mean": 18.38502144817073,
        "std": 5.777442816700823,
        "min": 3.909127,
        "max": 39.706024,
        "median": 18.231656
    },
    "process_energy_analysis": {
        "total": 2.4233122178414686,
        "per_repetition": 4.846624435682937e-09
    }
}