{
    "timestamp_analysis": {
        "mean": 0.02555705667076624,
        "std": 0.001826692454095726,
        "min": 0.022481679916381836,
        "max": 0.03536176681518555,
        "median": 0.025113940238952637,
        "running_time": 11.398627042770386
    },
    "host_energy_analysis": {
        "total": 227.77662947162617,
        "per_repetition": 2.2777662947162616e-05
    },
    "host_power_analysis": {
        "mean": 20.002637252796422,
        "std": 5.9405125739715245,
        "min": 6.546586,
        "max": 40.617856,
        "median": 19.685178
    },
    "process_energy_analysis": {
        "total": 3.517568468791552,
        "per_repetition": 3.517568468791552e-07
    }
}