{
    "timestamp_analysis": {
        "mean": 0.03529722191566645,
        "std": 0.0017010401235955878,
        "min": 0.0328984260559082,
        "max": 0.04341006278991699,
        "median": 0.035214900970458984,
        "running_time": 1.517942190170288
    },
    "host_energy_analysis": {
        "total": 26.419166367102267,
        "per_repetition": 5.283833273420453e-05
    },
    "host_power_analysis": {
        "mean": 17.441164727272728,
        "std": 4.996277457569662,
        "min": 6.517927,
        "max": 27.92216,
        "median": 17.0788735
    },
    "process_energy_analysis": {
        "total": 0.5681277065188336,
        "per_repetition": 1.136255413037667e-06
    }
}