{
    "timestamp_analysis": {
        "mean": 0.034609960049999,
        "std": 0.0017997152205791096,
        "min": 0.030985355377197266,
        "max": 0.042838335037231445,
        "median": 0.034423828125,
        "running_time": 5.087791919708252
    },
    "host_energy_analysis": {
        "total": 96.3102866476767,
        "per_repetition": 3.21034288825589e-06
    },
    "host_power_analysis": {
        "mean": 18.989562763513515,
        "std": 5.424721557660532,
        "min": 7.357718,
        "max": 43.282944,
        "median": 18.584232
    },
    "process_energy_analysis": {
        "total": 2.203962844005022,
        "per_repetition": 7.346542813350074e-08
    }
}