{
    "timestamp_analysis": {
        "mean": 0.03529051300529,
        "std": 0.0020624482140201164,
        "min": 0.03137683868408203,
        "max": 0.04230976104736328,
        "median": 0.03484082221984863,
        "running_time": 5.046719789505005
    },
    "host_energy_analysis": {
        "total": 97.7773106422131,
        "per_repetition": 3.25924368807377e-06
    },
    "host_power_analysis": {
        "mean": 19.460393472222222,
        "std": 6.082990551000443,
        "min": 6.977344,
        "max": 44.54093,
        "median": 18.354625
    },
    "process_energy_analysis": {
        "total": 2.2623710646312127,
        "per_repetition": 7.541236882104043e-08
    }
}