{
    "timestamp_analysis": {
        "mean": 0.035636936960044815,
        "std": 0.0018645008154246517,
        "min": 0.03184986114501953,
        "max": 0.04257035255432129,
        "median": 0.03530550003051758,
        "running_time": 5.80899453163147
    },
    "host_energy_analysis": {
        "total": 109.15014833600009,
        "per_repetition": 3.6383382778666695e-06
    },
    "host_power_analysis": {
        "mean": 18.799358609756098,
        "std": 5.387010455074809,
        "min": 5.652908,
        "max": 37.260896,
        "median": 18.278554
    },
    "process_energy_analysis": {
        "total": 2.428391698509176,
        "per_repetition": 8.094638995030586e-08
    }
}