{
    "timestamp_analysis": {
        "mean": 0.02525982016125711,
        "std": 0.00166385880766586,
        "min": 0.021826505661010742,
        "max": 0.034905433654785156,
        "median": 0.024892091751098633,
        "running_time": 8.31060791015625
    },
    "host_energy_analysis": {
        "total": 151.87162776137149,
        "per_repetition": 3.03743255522743e-07
    },
    "host_power_analysis": {
        "mean": 18.27328876060606,
        "std": 5.959781315916813,
        "min": 5.362447,
        "max": 35.00429,
        "median": 18.239133000000002
    },
    "process_energy_analysis": {
        "total": 2.297606920057678,
        "per_repetition": 4.595213840115356e-09
    }
}