{
    "timestamp_analysis": {
        "mean": 0.03420926761357035,
        "std": 0.0016585646535952337,
        "min": 0.030810832977294922,
        "max": 0.045542240142822266,
        "median": 0.033974647521972656,
        "running_time": 12.076040029525757
    },
    "host_energy_analysis": {
        "total": 241.12578277584123,
        "per_repetition": 8.037526092528041e-06
    },
    "host_power_analysis": {
        "mean": 19.961895129943503,
        "std": 5.622354731818664,
        "min": 5.209626,
        "max": 40.359344,
        "median": 19.706930999999997
    },
    "process_energy_analysis": {
        "total": 4.987649485251075,
        "per_repetition": 1.662549828417025e-07
    }
}