{
    "timestamp_analysis": {
        "mean": 0.025345966583344995,
        "std": 0.0016101654373833544,
        "min": 0.021959543228149414,
        "max": 0.03709864616394043,
        "median": 0.02500152587890625,
        "running_time": 8.313652753829956
    },
    "host_energy_analysis": {
        "total": 155.50861997612475,
        "per_repetition": 3.110172399522495e-07
    },
    "host_power_analysis": {
        "mean": 18.691321617021277,
        "std": 5.9994242171920105,
        "min": 4.549985,
        "max": 36.799136,
        "median": 18.586052
    },
    "process_energy_analysis": {
        "total": 2.4037366997729848,
        "per_repetition": 4.80747339954597e-09
    }
}