{
    "timestamp_analysis": {
        "mean": 0.03517152865727743,
        "std": 0.0018986477488412761,
        "min": 0.03229236602783203,
        "max": 0.039437055587768555,
        "median": 0.03473973274230957,
        "running_time": 0.8442606925964355
    },
    "host_energy_analysis": {
        "total": 14.391067240886569,
        "per_repetition": 0.004797022413628857
    },
    "host_power_analysis": {
        "mean": 17.03184316,
        "std": 4.930931033419346,
        "min": 9.021888,
        "max": 26.750288,
        "median": 15.632361
    },
    "process_energy_analysis": {
        "total": 0.2838724091761136,
        "per_repetition": 9.462413639203788e-05
    }
}