{
    "timestamp_analysis": {
        "mean": 0.02546500768817839,
        "std": 0.0015954523221096179,
        "min": 0.022072553634643555,
        "max": 0.03191637992858887,
        "median": 0.025106191635131836,
        "running_time": 4.660206079483032
    },
    "host_energy_analysis": {
        "total": 85.68630530324756,
        "per_repetition": 8.568630530324756e-08
    },
    "host_power_analysis": {
        "mean": 18.439045168478263,
        "std": 5.556520881699263,
        "min": 4.62339,
        "max": 32.8396,
        "median": 18.182072
    },
    "process_energy_analysis": {
        "total": 1.3241413093373682,
        "per_repetition": 1.3241413093373681e-09
    }
}