{
    "timestamp_analysis": {
        "mean": 0.025110654464134803,
        "std": 0.0016462238414206652,
        "min": 0.02167367935180664,
        "max": 0.034519195556640625,
        "median": 0.024821043014526367,
        "running_time": 16.322120428085327
    },
    "host_energy_analysis": {
        "total": 281.3771941923797,
        "per_repetition": 5.627543883847594e-09
    },
    "host_power_analysis": {
        "mean": 17.263553058371734,
        "std": 5.371901829158397,
        "min": 4.639823,
        "max": 37.38829,
        "median": 17.2551
    },
    "process_energy_analysis": {
        "total": 4.259329297903525,
        "per_repetition": 8.51865859580705e-11
    }
}