{
    "timestamp_analysis": {
        "mean": 0.025772006936775622,
        "std": 0.008140166292295291,
        "min": 0.021893739700317383,
        "max": 0.15350556373596191,
        "median": 0.025043606758117676,
        "running_time": 6.649328708648682
    },
    "host_energy_analysis": {
        "total": 115.9569523105731,
        "per_repetition": 1.159569523105731e-07
    },
    "host_power_analysis": {
        "mean": 17.400631880308882,
        "std": 5.113896816546841,
        "min": 3.989219,
        "max": 32.280964,
        "median": 17.281642
    },
    "process_energy_analysis": {
        "total": 1.8152270958198353,
        "per_repetition": 1.8152270958198354e-09
    }
}