{
    "timestamp_analysis": {
        "mean": 0.034131753444671634,
        "std": 0.0016445993051586317,
        "min": 0.03176164627075195,
        "max": 0.04400372505187988,
        "median": 0.03378701210021973,
        "running_time": 12.287538766860962
    },
    "host_energy_analysis": {
        "total": 239.78900165595604,
        "per_repetition": 7.992966721865201e-06
    },
    "host_power_analysis": {
        "mean": 19.49638622160665,
        "std": 4.995713344823535,
        "min": 6.005568,
        "max": 38.76382,
        "median": 19.376774
    },
    "process_energy_analysis": {
        "total": 4.989647207129944,
        "per_repetition": 1.6632157357099813e-07
    }
}