{
    "timestamp_analysis": {
        "mean": 0.025795038964681116,
        "std": 0.0018617386206616995,
        "min": 0.02190876007080078,
        "max": 0.034267425537109375,
        "median": 0.02552485466003418,
        "running_time": 8.228749752044678
    },
    "host_energy_analysis": {
        "total": 159.33147376849436,
        "per_repetition": 1.5933147376849438e-05
    },
    "host_power_analysis": {
        "mean": 19.36670711875,
        "std": 5.874467906056008,
        "min": 4.426288,
        "max": 36.745376,
        "median": 19.332726
    },
    "process_energy_analysis": {
        "total": 2.480286326836925,
        "per_repetition": 2.480286326836925e-07
    }
}