{
    "timestamp_analysis": {
        "mean": 0.03740756284622919,
        "std": 0.0025345597865672306,
        "min": 0.03405451774597168,
        "max": 0.04560732841491699,
        "median": 0.036888957023620605,
        "running_time": 1.5713987350463867
    },
    "host_energy_analysis": {
        "total": 26.8243930424068,
        "per_repetition": 5.36487860848136e-05
    },
    "host_power_analysis": {
        "mean": 17.205246488372097,
        "std": 4.572862336785875,
        "min": 6.44568,
        "max": 29.49132,
        "median": 17.750184
    },
    "process_energy_analysis": {
        "total": 0.5749950343367483,
        "per_repetition": 1.1499900686734964e-06
    }
}