{
    "timestamp_analysis": {
        "mean": 0.035068285465240476,
        "std": 0.0010884042881676968,
        "min": 0.03329586982727051,
        "max": 0.03788399696350098,
        "median": 0.0347517728805542,
        "running_time": 0.701486349105835
    },
    "host_energy_analysis": {
        "total": 13.620890456696511,
        "per_repetition": 4.540296818898837e-07
    },
    "host_power_analysis": {
        "mean": 19.2443539047619,
        "std": 5.577999188082469,
        "min": 10.70576,
        "max": 29.293376,
        "median": 18.734652
    },
    "process_energy_analysis": {
        "total": 0.2721538743949008,
        "per_repetition": 9.07179581316336e-09
    }
}