{
    "timestamp_analysis": {
        "mean": 0.02502161494731166,
        "std": 0.001810134741736568,
        "min": 0.02158641815185547,
        "max": 0.035179853439331055,
        "median": 0.02463388442993164,
        "running_time": 16.189101696014404
    },
    "host_energy_analysis": {
        "total": 277.1850789962251,
        "per_repetition": 5.543701579924503e-09
    },
    "host_power_analysis": {
        "mean": 17.131211699074075,
        "std": 5.266756666559687,
        "min": 5.555845,
        "max": 31.680468,
        "median": 16.936785999999998
    },
    "process_energy_analysis": {
        "total": 4.164792002525389,
        "per_repetition": 8.329584005050778e-11
    }
}