{
    "timestamp_analysis": {
        "mean": 0.025430243034062425,
        "std": 0.0016975962010545177,
        "min": 0.02226114273071289,
        "max": 0.03656578063964844,
        "median": 0.025138139724731445,
        "running_time": 16.148327112197876
    },
    "host_energy_analysis": {
        "total": 278.45210169363855,
        "per_repetition": 5.569042033872771e-09
    },
    "host_power_analysis": {
        "mean": 17.25563526100629,
        "std": 5.402392267310161,
        "min": 4.787797,
        "max": 35.383236,
        "median": 17.245872
    },
    "process_energy_analysis": {
        "total": 4.26853247173473,
        "per_repetition": 8.53706494346946e-11
    }
}