{
    "timestamp_analysis": {
        "mean": 0.024999008178710938,
        "std": 0.0025332494434780824,
        "min": 0.021136045455932617,
        "max": 0.07212209701538086,
        "median": 0.024456381797790527,
        "running_time": 16.249508380889893
    },
    "host_energy_analysis": {
        "total": 275.1882110653187,
        "per_repetition": 5.503764221306374e-09
    },
    "host_power_analysis": {
        "mean": 16.97127060829493,
        "std": 5.343224453032736,
        "min": 4.000118,
        "max": 32.892062,
        "median": 16.639715
    },
    "process_energy_analysis": {
        "total": 4.066288989034392,
        "per_repetition": 8.132577978068785e-11
    }
}