{
    "timestamp_analysis": {
        "mean": 0.025595905361594735,
        "std": 0.0015553500723283807,
        "min": 0.02230048179626465,
        "max": 0.03336644172668457,
        "median": 0.025279641151428223,
        "running_time": 9.317081689834595
    },
    "host_energy_analysis": {
        "total": 166.07781259155558,
        "per_repetition": 3.3215562518311115e-07
    },
    "host_power_analysis": {
        "mean": 17.85773090958904,
        "std": 5.791930447248699,
        "min": 3.825045,
        "max": 36.258816,
        "median": 17.899568
    },
    "process_energy_analysis": {
        "total": 2.546480789482111,
        "per_repetition": 5.092961578964222e-09
    }
}