{
    "timestamp_analysis": {
        "mean": 0.03485351455717934,
        "std": 0.0015587227204678547,
        "min": 0.03193163871765137,
        "max": 0.042153120040893555,
        "median": 0.034586191177368164,
        "running_time": 9.027191638946533
    },
    "host_energy_analysis": {
        "total": 178.68390118582414,
        "per_repetition": 0.0017868390118582413
    },
    "host_power_analysis": {
        "mean": 19.758568730769234,
        "std": 5.779560678676697,
        "min": 7.322009,
        "max": 38.73305,
        "median": 19.394328
    },
    "process_energy_analysis": {
        "total": 3.7253513222353334,
        "per_repetition": 3.725351322235333e-05
    }
}