{
    "timestamp_analysis": {
        "mean": 0.0256029850727803,
        "std": 0.0017081507874395945,
        "min": 0.021712541580200195,
        "max": 0.03372621536254883,
        "median": 0.02516794204711914,
        "running_time": 11.36790156364441
    },
    "host_energy_analysis": {
        "total": 226.44445949743604,
        "per_repetition": 2.2644445949743603e-05
    },
    "host_power_analysis": {
        "mean": 19.954346568539325,
        "std": 6.17970965801395,
        "min": 4.744154,
        "max": 40.868852,
        "median": 19.699036
    },
    "process_energy_analysis": {
        "total": 3.5764352650425644,
        "per_repetition": 3.5764352650425645e-07
    }
}