{
    "timestamp_analysis": {
        "mean": 0.034778199943841674,
        "std": 0.00163195582278784,
        "min": 0.03114771842956543,
        "max": 0.04673576354980469,
        "median": 0.03445577621459961,
        "running_time": 21.28443455696106
    },
    "host_energy_analysis": {
        "total": 431.53426664782313,
        "per_repetition": 1.4384475554927438e-05
    },
    "host_power_analysis": {
        "mean": 20.2755836411093,
        "std": 5.435955650689493,
        "min": 5.77258,
        "max": 42.366496,
        "median": 20.09395
    },
    "process_energy_analysis": {
        "total": 9.450561322358187,
        "per_repetition": 3.150187107452729e-07
    }
}