{
    "timestamp_analysis": {
        "mean": 0.034657855249917234,
        "std": 0.0015847319326992555,
        "min": 0.03117227554321289,
        "max": 0.04297232627868652,
        "median": 0.03429698944091797,
        "running_time": 21.418686628341675
    },
    "host_energy_analysis": {
        "total": 410.67545279043816,
        "per_repetition": 1.3689181759681273e-05
    },
    "host_power_analysis": {
        "mean": 19.16633275282714,
        "std": 5.663842738500003,
        "min": 5.739419,
        "max": 42.321036,
        "median": 18.805392
    },
    "process_energy_analysis": {
        "total": 8.980083859909968,
        "per_repetition": 2.993361286636656e-07
    }
}