{
    "timestamp_analysis": {
        "mean": 0.03667791740633152,
        "std": 0.002882368690345624,
        "min": 0.03209805488586426,
        "max": 0.050749778747558594,
        "median": 0.035695552825927734,
        "running_time": 10.379983186721802
    },
    "host_energy_analysis": {
        "total": 258.5931445729437,
        "per_repetition": 0.0008619771485764789
    },
    "host_power_analysis": {
        "mean": 24.78939110915493,
        "std": 6.815041980905519,
        "min": 9.193153,
        "max": 41.22658,
        "median": 24.363857000000003
    },
    "process_energy_analysis": {
        "total": 9.912204971325606,
        "per_repetition": 3.304068323775202e-05
    }
}