{
    "timestamp_analysis": {
        "mean": 0.02601636367471211,
        "std": 0.003159709255862624,
        "min": 0.023041486740112305,
        "max": 0.07311654090881348,
        "median": 0.025521516799926758,
        "running_time": 8.507479190826416
    },
    "host_energy_analysis": {
        "total": 157.66614625552523,
        "per_repetition": 3.1533229251105045e-07
    },
    "host_power_analysis": {
        "mean": 18.551142374999998,
        "std": 5.43925558901103,
        "min": 5.100731,
        "max": 36.64086,
        "median": 18.335908
    },
    "process_energy_analysis": {
        "total": 2.5021117440903087,
        "per_repetition": 5.004223488180617e-09
    }
}