{
    "timestamp_analysis": {
        "mean": 0.025241880446625946,
        "std": 0.0017093789474494482,
        "min": 0.021343469619750977,
        "max": 0.033788442611694336,
        "median": 0.024817943572998047,
        "running_time": 16.180227994918823
    },
    "host_energy_analysis": {
        "total": 280.866677533509,
        "per_repetition": 5.6173335506701805e-09
    },
    "host_power_analysis": {
        "mean": 17.35012661838006,
        "std": 5.422015875025804,
        "min": 3.701362,
        "max": 34.71386,
        "median": 17.132184
    },
    "process_energy_analysis": {
        "total": 4.218461320898082,
        "per_repetition": 8.436922641796164e-11
    }
}