{
    "timestamp_analysis": {
        "mean": 0.025696896242372917,
        "std": 0.0019525458550086992,
        "min": 0.02197718620300293,
        "max": 0.03497052192687988,
        "median": 0.02548658847808838,
        "running_time": 6.784105539321899
    },
    "host_energy_analysis": {
        "total": 116.7908850400486,
        "per_repetition": 1.1679088504004859e-07
    },
    "host_power_analysis": {
        "mean": 17.181709803773586,
        "std": 5.620018823144616,
        "min": 2.934107,
        "max": 32.824812,
        "median": 17.102488
    },
    "process_energy_analysis": {
        "total": 1.785864465849921,
        "per_repetition": 1.785864465849921e-09
    }
}