{
    "timestamp_analysis": {
        "mean": 0.03426016398838588,
        "std": 0.0015135423801449653,
        "min": 0.030864715576171875,
        "max": 0.046088218688964844,
        "median": 0.03397476673126221,
        "running_time": 31.176892518997192
    },
    "host_energy_analysis": {
        "total": 530.2102613205727,
        "per_repetition": 1.7673675377352424e-05
    },
    "host_power_analysis": {
        "mean": 17.015652334796926,
        "std": 4.693742774365553,
        "min": 5.441316,
        "max": 37.788464,
        "median": 16.681527
    },
    "process_energy_analysis": {
        "total": 10.999112411784425,
        "per_repetition": 3.666370803928142e-07
    }
}