{
    "timestamp_analysis": {
        "mean": 0.02604849711060524,
        "std": 0.001837769601691245,
        "min": 0.023033618927001953,
        "max": 0.03487086296081543,
        "median": 0.02561938762664795,
        "running_time": 8.335628032684326
    },
    "host_energy_analysis": {
        "total": 153.51740021011318,
        "per_repetition": 1.5351740021011316e-05
    },
    "host_power_analysis": {
        "mean": 18.41209071028037,
        "std": 6.2284773709760595,
        "min": 5.319574,
        "max": 38.019304,
        "median": 17.821816
    },
    "process_energy_analysis": {
        "total": 2.4091351115634736,
        "per_repetition": 2.4091351115634734e-07
    }
}