{
    "timestamp_analysis": {
        "mean": 0.025148998844167575,
        "std": 0.0015298838036757985,
        "min": 0.022427797317504883,
        "max": 0.03230714797973633,
        "median": 0.024831056594848633,
        "running_time": 4.602366924285889
    },
    "host_energy_analysis": {
        "total": 80.45572730641662,
        "per_repetition": 8.045572730641662e-08
    },
    "host_power_analysis": {
        "mean": 17.531110076086954,
        "std": 5.687549751248908,
        "min": 4.972253,
        "max": 32.897572,
        "median": 17.164548
    },
    "process_energy_analysis": {
        "total": 1.225774186968315,
        "per_repetition": 1.225774186968315e-09
    }
}