{
    "timestamp_analysis": {
        "mean": 0.03501159999953898,
        "std": 0.0016630987663036514,
        "min": 0.03176474571228027,
        "max": 0.04424762725830078,
        "median": 0.03463435173034668,
        "running_time": 21.3221914768219
    },
    "host_energy_analysis": {
        "total": 426.7301250288872,
        "per_repetition": 1.4224337500962907e-05
    },
    "host_power_analysis": {
        "mean": 20.0211242147541,
        "std": 5.48432396097259,
        "min": 5.787546,
        "max": 39.044744,
        "median": 19.514893
    },
    "process_energy_analysis": {
        "total": 9.310703155495776,
        "per_repetition": 3.103567718498592e-07
    }
}