{
    "timestamp_analysis": {
        "mean": 0.025141245871782302,
        "std": 0.0024869521902696205,
        "min": 0.021791696548461914,
        "max": 0.0721435546875,
        "median": 0.02459549903869629,
        "running_time": 16.09061026573181
    },
    "host_energy_analysis": {
        "total": 272.4928263461145,
        "per_repetition": 5.44985652692229e-09
    },
    "host_power_analysis": {
        "mean": 16.94029960530421,
        "std": 5.331919910783065,
        "min": 3.462351,
        "max": 39.8961,
        "median": 16.844748
    },
    "process_energy_analysis": {
        "total": 4.080256621095293,
        "per_repetition": 8.160513242190586e-11
    }
}