{
    "timestamp_analysis": {
        "mean": 0.03587595952881707,
        "std": 0.0020523999631390268,
        "min": 0.032976627349853516,
        "max": 0.044769287109375,
        "median": 0.03524041175842285,
        "running_time": 5.166261911392212
    },
    "host_energy_analysis": {
        "total": 93.18446078691886,
        "per_repetition": 3.1061486928972953e-06
    },
    "host_power_analysis": {
        "mean": 18.01957912413793,
        "std": 5.230088952888489,
        "min": 7.366731,
        "max": 32.18011,
        "median": 17.704892
    },
    "process_energy_analysis": {
        "total": 2.129613834717473,
        "per_repetition": 7.098712782391576e-08
    }
}