{
    "timestamp_analysis": {
        "mean": 0.026191350430418543,
        "std": 0.0017048441874258104,
        "min": 0.023025989532470703,
        "max": 0.0339658260345459,
        "median": 0.025743484497070312,
        "running_time": 4.635989427566528
    },
    "host_energy_analysis": {
        "total": 82.45553840489973,
        "per_repetition": 8.245553840489972e-08
    },
    "host_power_analysis": {
        "mean": 17.805218662921348,
        "std": 5.651049618845517,
        "min": 4.96109,
        "max": 34.352116,
        "median": 17.665166
    },
    "process_energy_analysis": {
        "total": 1.2941678911034633,
        "per_repetition": 1.2941678911034633e-09
    }
}