{
    "timestamp_analysis": {
        "mean": 0.03423113400645802,
        "std": 0.0017276624997924765,
        "min": 0.03112196922302246,
        "max": 0.04230999946594238,
        "median": 0.03382611274719238,
        "running_time": 9.27684998512268
    },
    "host_energy_analysis": {
        "total": 175.59188753290283,
        "per_repetition": 0.0017559188753290282
    },
    "host_power_analysis": {
        "mean": 18.90252049264706,
        "std": 5.570097444806897,
        "min": 7.925333,
        "max": 38.36113,
        "median": 18.714616
    },
    "process_energy_analysis": {
        "total": 3.613284625914372,
        "per_repetition": 3.613284625914372e-05
    }
}