{
    "timestamp_analysis": {
        "mean": 0.03537611166636149,
        "std": 0.00120020513318941,
        "min": 0.03395867347717285,
        "max": 0.03975081443786621,
        "median": 0.03510141372680664,
        "running_time": 0.8491525650024414
    },
    "host_energy_analysis": {
        "total": 16.96031460468471,
        "per_repetition": 0.005653438201561571
    },
    "host_power_analysis": {
        "mean": 19.691331719999997,
        "std": 5.7906996500834245,
        "min": 10.817187,
        "max": 32.570662,
        "median": 19.37251
    },
    "process_energy_analysis": {
        "total": 0.34566613303389426,
        "per_repetition": 0.00011522204434463142
    }
}