{
    "timestamp_analysis": {
        "mean": 0.03427803203037807,
        "std": 0.002335229313766315,
        "min": 0.030573368072509766,
        "max": 0.08142304420471191,
        "median": 0.03385329246520996,
        "running_time": 29.993406057357788
    },
    "host_energy_analysis": {
        "total": 563.1042025134193,
        "per_repetition": 1.8770140083780643e-05
    },
    "host_power_analysis": {
        "mean": 18.773728828767123,
        "std": 5.088539769588521,
        "min": 4.468956,
        "max": 37.990904,
        "median": 18.649938
    },
    "process_energy_analysis": {
        "total": 11.64002179479619,
        "per_repetition": 3.8800072649320634e-07
    }
}