{
    "timestamp_analysis": {
        "mean": 0.025247787797687857,
        "std": 0.002633178961078856,
        "min": 0.021770477294921875,
        "max": 0.07210564613342285,
        "median": 0.02472078800201416,
        "running_time": 15.24977421760559
    },
    "host_energy_analysis": {
        "total": 291.69057785933063,
        "per_repetition": 5.833811557186612e-07
    },
    "host_power_analysis": {
        "mean": 19.139346423140495,
        "std": 6.212763194349953,
        "min": 4.478861,
        "max": 41.286036,
        "median": 18.634672
    },
    "process_energy_analysis": {
        "total": 4.374914086036515,
        "per_repetition": 8.74982817207303e-09
    }
}