{
    "timestamp_analysis": {
        "mean": 0.026085341902084003,
        "std": 0.0016889659755266358,
        "min": 0.02282404899597168,
        "max": 0.03385519981384277,
        "median": 0.025683045387268066,
        "running_time": 11.425544023513794
    },
    "host_energy_analysis": {
        "total": 226.74399920315207,
        "per_repetition": 2.2674399920315207e-05
    },
    "host_power_analysis": {
        "mean": 19.845791551252848,
        "std": 6.184420048021337,
        "min": 5.427477,
        "max": 37.598,
        "median": 19.280128
    },
    "process_energy_analysis": {
        "total": 3.606719919601707,
        "per_repetition": 3.606719919601707e-07
    }
}