{
    "timestamp_analysis": {
        "mean": 0.03592745065689087,
        "std": 0.0018673472779875129,
        "min": 0.03294658660888672,
        "max": 0.04079890251159668,
        "median": 0.03538668155670166,
        "running_time": 0.7187154293060303
    },
    "host_energy_analysis": {
        "total": 13.339517096374033,
        "per_repetition": 4.4465056987913444e-07
    },
    "host_power_analysis": {
        "mean": 18.578414095238095,
        "std": 5.654973931500417,
        "min": 6.735584,
        "max": 29.01824,
        "median": 18.154192
    },
    "process_energy_analysis": {
        "total": 0.2625590610749591,
        "per_repetition": 8.751968702498636e-09
    }
}