[{"host":{"consumption":0.0,"timestamp":1721774982.9712203,"components":{"disks":[]}},"consumers":[],"sockets":[]},{"host":{"consumption":3519077.0,"timestamp":1721774983.008635,"components":{"disks":[{"disk_type":"SSD","disk_mount_point":"/etc/hosts","disk_is_removable":false,"disk_file_system":"ext4","disk_total_bytes":"33634926592","disk_available_bytes":"9871761408","disk_name":"/dev/nvme0n1p4"}]}},"consumers":[{"exe":"/usr/local/bin/scaphandre","cmdline":"/usr/local/bin/scaphandrejson-s0--step-nano10000000-f/home/ce-p2-r-1/17/power.json","pid":464125,"resources_usage":null,"consumption":78201.71,"timestamp":1721774983.0084045,"container":null},{"exe":"","cmdline":"","pid":390461,"resources_usage":null,"consumption":0.0,"timestamp":1721774983.008287,"container":null},{"exe":"","cmdline":"","pid":66,"resources_usage":null,"consumption":0.0,"timestamp":1721774983.0082886,"container":null},{"exe":"","cmdline":"","pid":458474,"resources_usage":null,"consumption":0.0,"timestamp":1721774983.0082896,"container":null},{"exe":"","cmdline":"","pid":56,"resources_usage":null,"consumption":0.0,"timestamp":1721774983.00829,"container":null},{"exe":"","cmdline":"","pid":373726,"resources_usage":null,"consumption":0.0,"timestamp":1721774983.0082908,"container":null},{"exe":"","cmdline":"","pid":119,"resources_usage":null,"consumption":0.0,"timestamp":1721774983.0082915,"container":null},{"exe":"/usr/bin/udevadm","cmdline":"/lib/systemd/systemd-udevd","pid":464096,"resources_usage":null,"consumption":0.0,"timestamp":1721774983.0082922,"container":null},{"exe":"","cmdline":"","pid":54,"resources_usage":null,"consumption":0.0,"timestamp":1721774983.008293,"container":null},{"exe":"/home/philipp/.vscode-server/extensions/ms-python.python-2024.10.0-linux-x64/python-env-tools/bin/pet","cmdline":"/home/philipp/.vscode-server/extensions/ms-python.python-2024.10.0-linux-x64/python-env-tools/bin/petserver","pid":1927,"resources_usage":null,"consumption":0.0,"timestamp":1721774983.0082936,"container":null}],"sockets":[{"id":0,"consumption":3820207.0,"domains":[{"name":"uncore","consumption":0.0,"timestamp":1721774982.9833622},{"name":"core","consumption":1694144.0,"timestamp":1721774982.9833376}],"timestamp":1721774982.983031}]},{"host":{"consumption":3541514.0,"timestamp":1721774983.0554602,"components":{"disks":[{"disk_type":"SSD","disk_mount_point":"/etc/hosts","disk_is_removable":false,"disk_file_system":"ext4","disk_total_bytes":"33634926592","disk_available_bytes":"9871761408","disk_name":"/dev/nvme0n1p4"}]}},"consumers":[{"exe":"/usr/local/bin/scaphandre","cmdline":"/usr/local/bin/scaphandrejson-s0--step-nano10000000-f/home/ce-p2-r-1/17/power.json","pid":464125,"resources_usage":null,"consumption":78700.31,"timestamp":1721774983.0553122,"container":null},{"exe":"","cmdline":"","pid":390461,"resources_usage":null,"consumption":0.0,"timestamp":1721774983.055231,"container":null},{"exe":"","cmdline":"","pid":66,"resources_usage":null,"consumption":0.0,"timestamp":1721774983.0552323,"container":null},{"exe":"","cmdline":"","pid":458474,"resources_usage":null,"consumption":0.0,"timestamp":1721774983.0552328,"container":null},{"exe":"","cmdline":"","pid":56,"resources_usage":null,"consumption":0.0,"timestamp":1721774983.0552332,"container":null},{"exe":"","cmdline":"","pid":373726,"resources_usage":null,"consumption":0.0,"timestamp":1721774983.0552337,"container":null},{"exe":"","cmdline":"","pid":119,"resources_usage":null,"consumption":0.0,"timestamp":1721774983.055234,"container":null},{"exe":"/usr/bin/udevadm","cmdline":"/lib/systemd/systemd-udevd","pid":464096,"resources_usage":null,"consumption":0.0,"timestamp":1721774983.0552344,"container":null},{"exe":"","cmdline":"","pid":54,"resources_usage":null,"consumption":0.0,"timestamp":1721774983.0552347,"container":null},{"exe":"/home/philipp/.vscode-server/extensions/ms-python.python-2024.10.0-linux-x64/python-env-tools/bin/pet","cmdline":"/home/philipp/.vscode-server/extensions/ms-python.python-2024.10.0-linux-x64/python-env-tools/bin/petserver","pid":1927,"resources_usage":null,"consumption":0.0,"timestamp":1721774983.0552351,"container":null}],"sockets":[{"id":0,"consumption":3943601.0,"domains":[{"name":"uncore","consumption":0.0,"timestamp":1721774983.0302217},{"name":"core","consumption":1970629.0,"timestamp":1721774983.0301988}],"timestamp":1721774983.0298953}]},{"host":{"consumption":3910178.0,"timestamp":1721774983.105878,"components":{"disks":[{"disk_type":"SSD","disk_mount_point":"/etc/hosts","disk_is_removable":false,"disk_file_system":"ext4","disk_total_bytes":"33634926592","disk_available_bytes":"9871757312","disk_name":"/dev/nvme0n1p4"}]}},"consumers":[{"exe":"/usr/local/bin/scaphandre","cmdline":"/usr/local/bin/scaphandrejson-s0--step-nano10000000-f/home/ce-p2-r-1/17/power.json","pid":464125,"resources_usage":null,"consumption":86892.85,"timestamp":1721774983.105661,"container":null},{"exe":"","cmdline":"","pid":390461,"resources_usage":null,"consumption":0.0,"timestamp":1721774983.1055863,"container":null},{"exe":"","cmdline":"","pid":66,"resources_usage":null,"consumption":0.0,"timestamp":1721774983.1055875,"container":null},{"exe":"","cmdline":"","pid":458474,"resources_usage":null,"consumption":0.0,"timestamp":1721774983.105588,"container":null},{"exe":"","cmdline":"","pid":56,"resources_usage":null,"consumption":0.0,"timestamp":1721774983.1055887,"container":null},{"exe":"","cmdline":"","pid":373726,"resources_usage":null,"consumption":0.0,"timestamp":1721774983.1055892,"container":null},{"exe":"","cmdline":"","pid":119,"resources_usage":null,"consumption":0.0,"timestamp":1721774983.1055896,"container":null},{"exe":"/usr/bin/udevadm","cmdline":"/lib/systemd/systemd-udevd","pid":464096,"resources_usage":null,"consumption":0.0,"timestamp":1721774983.1055899,"container":null},{"exe":"","cmdline":"","pid":54,"resources_usage":null,"consumption":0.0,"timestamp":1721774983.10559,"container":null},{"exe":"/home/philipp/.vscode-server/extensions/ms-python.python-2024.10.0-linux-x64/python-env-tools/bin/pet","cmdline":"/home/philipp/.vscode-server/extensions/ms-python.python-2024.10.0-linux-x64/python-env-tools/bin/petserver","pid":1927,"resources_usage":null,"consumption":0.0,"timestamp":1721774983.1055908,"container":null}],"sockets":[{"id":0,"consumption":3599623.0,"domains":[{"name":"uncore","consumption":0.0,"timestamp":1721774983.0771596},{"name":"core","consumption":1730652.0,"timestamp":1721774983.0770338}],"timestamp":1721774983.07666}]},{"host":{"consumption":3318865.0,"timestamp":1721774983.1500149,"components":{"disks":[{"disk_type":"SSD","disk_mount_point":"/etc/hosts","disk_is_removable":false,"disk_file_system":"ext4","disk_total_bytes":"33634926592","disk_available_bytes":"9871757312","disk_name":"/dev/nvme0n1p4"}]}},"consumers":[{"exe":"/usr/local/bin/scaphandre","cmdline":"/usr/local/bin/scaphandrejson-s0--step-nano10000000-f/home/ce-p2-r-1/17/power.json","pid":464125,"resources_usage":null,"consumption":110628.836,"timestamp":1721774983.149799,"container":null},{"exe":"","cmdline":"","pid":390461,"resources_usage":null,"consumption":0.0,"timestamp":1721774983.1496668,"container":null},{"exe":"","cmdline":"","pid":66,"resources_usage":null,"consumption":0.0,"timestamp":1721774983.1496692,"container":null},{"exe":"","cmdline":"","pid":458474,"resources_usage":null,"consumption":0.0,"timestamp":1721774983.1496704,"container":null},{"exe":"","cmdline":"","pid":56,"resources_usage":null,"consumption":0.0,"timestamp":1721774983.1496713,"container":null},{"exe":"","cmdline":"","pid":373726,"resources_usage":null,"consumption":0.0,"timestamp":1721774983.1496725,"container":null},{"exe":"","cmdline":"","pid":119,"resources_usage":null,"consumption":0.0,"timestamp":1721774983.1496735,"container":null},{"exe":"/usr/bin/udevadm","cmdline":"/lib/systemd/systemd-udevd","pid":464096,"resources_usage":null,"consumption":0.0,"timestamp":1721774983.1496744,"container":null},{"exe":"","cmdline":"","pid":54,"resources_usage":null,"consumption":0.0,"timestamp":1721774983.1496754,"container":null},{"exe":"/home/philipp/.vscode-server/extensions/ms-python.python-2024.10.0-linux-x64/python-env-tools/bin/pet","cmdline":"/home/philipp/.vscode-server/extensions/ms-python.python-2024.10.0-linux-x64/python-env-tools/bin/petserver","pid":1927,"resources_usage":null,"consumption":0.0,"timestamp":1721774983.1496763,"container":null}],"sockets":[{"id":0,"consumption":3813271.0,"domains":[{"name":"uncore","consumption":0.0,"timestamp":1721774983.125306},{"name":"core","consumption":1665741.0,"timestamp":1721774983.1251805}],"timestamp":1721774983.1247897}]},{"host":{"consumption":4149212.0,"timestamp":1721774983.2052805,"components":{"disks":[{"disk_type":"SSD","disk_mount_point":"/etc/hosts","disk_is_removable":false,"disk_file_system":"ext4","disk_total_bytes":"33634926592","disk_available_bytes":"9871753216","disk_name":"/dev/nvme0n1p4"}]}},"consumers":[{"exe":"/usr/local/bin/scaphandre","cmdline":"/usr/local/bin/scaphandrejson-s0--step-nano10000000-f/home/ce-p2-r-1/17/power.json","pid":464125,"resources_usage":null,"consumption":44376.598,"timestamp":1721774983.2050657,"container":null},{"exe":"","cmdline":"","pid":390461,"resources_usage":null,"consumption":0.0,"timestamp":1721774983.204956,"container":null},{"exe":"","cmdline":"","pid":66,"resources_usage":null,"consumption":0.0,"timestamp":1721774983.204958,"container":null},{"exe":"","cmdline":"","pid":458474,"resources_usage":null,"consumption":0.0,"timestamp":1721774983.204959,"container":null},{"exe":"","cmdline":"","pid":56,"resources_usage":null,"consumption":0.0,"timestamp":1721774983.2049596,"container":null},{"exe":"","cmdline":"","pid":373726,"resources_usage":null,"consumption":0.0,"timestamp":1721774983.2049603,"container":null},{"exe":"","cmdline":"","pid":119,"resources_usage":null,"consumption":0.0,"timestamp":1721774983.2049608,"container":null},{"exe":"/usr/bin/udevadm","cmdline":"/lib/systemd/systemd-udevd","pid":464096,"resources_usage":null,"consumption":0.0,"timestamp":1721774983.2049615,"container":null},{"exe":"","cmdline":"","pid":54,"resources_usage":null,"consumption":0.0,"timestamp":1721774983.2049625,"container":null},{"exe":"/home/philipp/.vscode-server/extensions/ms-python.python-2024.10.0-linux-x64/python-env-tools/bin/pet","cmdline":"/home/philipp/.vscode-server/extensions/ms-python.python-2024.10.0-linux-x64/python-env-tools/bin/petserver","pid":1927,"resources_usage":null,"consumption":0.0,"timestamp":1721774983.204963,"container":null}],"sockets":[{"id":0,"consumption":3838231.0,"domains":[{"name":"uncore","consumption":0.0,"timestamp":1721774983.1706176},{"name":"core","consumption":1811186.0,"timestamp":1721774983.1705391}],"timestamp":1721774983.170126}]},{"host":{"consumption":2865303.0,"timestamp":1721774983.2544017,"components":{"disks":[{"disk_type":"SSD","disk_mount_point":"/etc/hosts","disk_is_removable":false,"disk_file_system":"ext4","disk_total_bytes":"33634926592","disk_available_bytes":"9871753216","disk_name":"/dev/nvme0n1p4"}]}},"consumers":[{"exe":"/usr/local/bin/scaphandre","cmdline":"/usr/local/bin/scaphandrejson-s0--step-nano10000000-f/home/ce-p2-r-1/17/power.json","pid":464125,"resources_usage":null,"consumption":91934.85,"timestamp":1721774983.2542355,"container":null},{"exe":"","cmdline":"","pid":390461,"resources_usage":null,"consumption":0.0,"timestamp":1721774983.2541282,"container":null},{"exe":"","cmdline":"","pid":66,"resources_usage":null,"consumption":0.0,"timestamp":1721774983.2541301,"container":null},{"exe":"","cmdline":"","pid":458474,"resources_usage":null,"consumption":0.0,"timestamp":1721774983.254131,"container":null},{"exe":"","cmdline":"","pid":56,"resources_usage":null,"consumption":0.0,"timestamp":1721774983.2541318,"container":null},{"exe":"","cmdline":"","pid":373726,"resources_usage":null,"consumption":0.0,"timestamp":1721774983.2541325,"container":null},{"exe":"","cmdline":"","pid":119,"resources_usage":null,"consumption":0.0,"timestamp":1721774983.2541332,"container":null},{"exe":"/usr/bin/udevadm","cmdline":"/lib/systemd/systemd-udevd","pid":464096,"resources_usage":null,"consumption":0.0,"timestamp":1721774983.2541337,"container":null},{"exe":"","cmdline":"","pid":54,"resources_usage":null,"consumption":0.0,"timestamp":1721774983.2541344,"container":null},{"exe":"/home/philipp/.vscode-server/extensions/ms-python.python-2024.10.0-linux-x64/python-env-tools/bin/pet","cmdline":"/home/philipp/.vscode-server/extensions/ms-python.python-2024.10.0-linux-x64/python-env-tools/bin/petserver","pid":1927,"resources_usage":null,"consumption":0.0,"timestamp":1721774983.2541351,"container":null}],"sockets":[{"id":0,"consumption":3226787.0,"domains":[{"name":"uncore","consumption":0.0,"timestamp":1721774983.2266989},{"name":"core","consumption":1471268.0,"timestamp":1721774983.2265847}],"timestamp":1721774983.2263038}]},{"host":{"consumption":2944468.0,"timestamp":1721774983.3184533,"components":{"disks":[{"disk_type":"SSD","disk_mount_point":"/etc/hosts","disk_is_removable":false,"disk_file_system":"ext4","disk_total_bytes":"33634926592","disk_available_bytes":"9871749120","disk_name":"/dev/nvme0n1p4"}]}},"consumers":[{"exe":"/usr/local/bin/scaphandre","cmdline":"/usr/local/bin/scaphandrejson-s0--step-nano10000000-f/home/ce-p2-r-1/17/power.json","pid":464125,"resources_usage":null,"consumption":47237.453,"timestamp":1721774983.3182862,"container":null},{"exe":"","cmdline":"","pid":390461,"resources_usage":null,"consumption":0.0,"timestamp":1721774983.3181794,"container":null},{"exe":"","cmdline":"","pid":66,"resources_usage":null,"consumption":0.0,"timestamp":1721774983.3181813,"container":null},{"exe":"","cmdline":"","pid":458474,"resources_usage":null,"consumption":0.0,"timestamp":1721774983.318182,"container":null},{"exe":"","cmdline":"","pid":56,"resources_usage":null,"consumption":0.0,"timestamp":1721774983.3181827,"container":null},{"exe":"","cmdline":"","pid":373726,"resources_usage":null,"consumption":0.0,"timestamp":1721774983.3181834,"container":null},{"exe":"","cmdline":"","pid":119,"resources_usage":null,"consumption":0.0,"timestamp":1721774983.318184,"container":null},{"exe":"/usr/bin/udevadm","cmdline":"/lib/systemd/systemd-udevd","pid":464096,"resources_usage":null,"consumption":0.0,"timestamp":1721774983.3181846,"container":null},{"exe":"","cmdline":"","pid":54,"resources_usage":null,"consumption":0.0,"timestamp":1721774983.3181853,"container":null},{"exe":"/home/philipp/.vscode-server/extensions/ms-python.python-2024.10.0-linux-x64/python-env-tools/bin/pet","cmdline":"/home/philipp/.vscode-server/extensions/ms-python.python-2024.10.0-linux-x64/python-env-tools/bin/petserver","pid":1927,"resources_usage":null,"consumption":0.0,"timestamp":1721774983.3181858,"container":null}],"sockets":[{"id":0,"consumption":3386503.0,"domains":[{"name":"uncore","consumption":0.0,"timestamp":1721774983.2748926},{"name":"core","consumption":1726849.0,"timestamp":1721774983.2748303}],"timestamp":1721774983.2746413}]},{"host":{"consumption":3074977.0,"timestamp":1721774983.3900285,"components":{"disks":[{"disk_type":"SSD","disk_mount_point":"/etc/hosts","disk_is_removable":false,"disk_file_system":"ext4","disk_total_bytes":"33634926592","disk_available_bytes":"9871749120","disk_name":"/dev/nvme0n1p4"}]}},"consumers":[{"exe":"/usr/local/bin/scaphandre","cmdline":"/usr/local/bin/scaphandrejson-s0--step-nano10000000-f/home/ce-p2-r-1/17/power.json","pid":464125,"resources_usage":null,"consumption":115106.086,"timestamp":1721774983.389862,"container":null},{"exe":"/usr/lib/systemd/systemd","cmdline":"/lib/systemd/systemd--user","pid":1553,"resources_usage":null,"consumption":16443.727,"timestamp":1721774983.389917,"container":null},{"exe":"","cmdline":"","pid":390461,"resources_usage":null,"consumption":0.0,"timestamp":1721774983.389758,"container":null},{"exe":"","cmdline":"","pid":66,"resources_usage":null,"consumption":0.0,"timestamp":1721774983.3897603,"container":null},{"exe":"","cmdline":"","pid":458474,"resources_usage":null,"consumption":0.0,"timestamp":1721774983.389761,"container":null},{"exe":"","cmdline":"","pid":56,"resources_usage":null,"consumption":0.0,"timestamp":1721774983.3897617,"container":null},{"exe":"","cmdline":"","pid":373726,"resources_usage":null,"consumption":0.0,"timestamp":1721774983.3897626,"container":null},{"exe":"","cmdline":"","pid":119,"resources_usage":null,"consumption":0.0,"timestamp":1721774983.3897634,"container":null},{"exe":"/usr/bin/udevadm","cmdline":"/lib/systemd/systemd-udevd","pid":464096,"resources_usage":null,"consumption":0.0,"timestamp":1721774983.389764,"container":null},{"exe":"","cmdline":"","pid":54,"resources_usage":null,"consumption":0.0,"timestamp":1721774983.3897648,"container":null}],"sockets":[{"id":0,"consumption":2941771.0,"domains":[{"name":"uncore","consumption":0.0,"timestamp":1721774983.3386571},{"name":"core","consumption":1267540.0,"timestamp":1721774983.3385837}],"timestamp":1721774983.3382332}]},{"host":{"consumption":3714569.0,"timestamp":1721774983.459467,"components":{"disks":[{"disk_type":"SSD","disk_mount_point":"/etc/hosts","disk_is_removable":false,"disk_file_system":"ext4","disk_total_bytes":"33634926592","disk_available_bytes":"9871745024","disk_name":"/dev/nvme0n1p4"}]}},"consumers":[{"exe":"/usr/local/bin/scaphandre","cmdline":"/usr/local/bin/scaphandrejson-s0--step-nano10000000-f/home/ce-p2-r-1/17/power.json","pid":464125,"resources_usage":null,"consumption":54895.11,"timestamp":1721774983.4592798,"container":null},{"exe":"","cmdline":"","pid":390461,"resources_usage":null,"consumption":0.0,"timestamp":1721774983.4591658,"container":null},{"exe":"","cmdline":"","pid":66,"resources_usage":null,"consumption":0.0,"timestamp":1721774983.459168,"container":null},{"exe":"","cmdline":"","pid":458474,"resources_usage":null,"consumption":0.0,"timestamp":1721774983.4591691,"container":null},{"exe":"","cmdline":"","pid":56,"resources_usage":null,"consumption":0.0,"timestamp":1721774983.4591699,"container":null},{"exe":"","cmdline":"","pid":373726,"resources_usage":null,"consumption":0.0,"timestamp":1721774983.4591708,"container":null},{"exe":"","cmdline":"","pid":119,"resources_usage":null,"consumption":0.0,"timestamp":1721774983.4591713,"container":null},{"exe":"/usr/bin/udevadm","cmdline":"/lib/systemd/systemd-udevd","pid":464096,"resources_usage":null,"consumption":0.0,"timestamp":1721774983.459172,"container":null},{"exe":"","cmdline":"","pid":54,"resources_usage":null,"consumption":0.0,"timestamp":1721774983.459173,"container":null},{"exe":"/home/philipp/.vscode-server/extensions/ms-python.python-2024.10.0-linux-x64/python-env-tools/bin/pet","cmdline":"/home/philipp/.vscode-server/extensions/ms-python.python-2024.10.0-linux-x64/python-env-tools/bin/petserver","pid":1927,"resources_usage":null,"consumption":0.0,"timestamp":1721774983.4591734,"container":null}],"sockets":[{"id":0,"consumption":3367442.0,"domains":[{"name":"uncore","consumption":0.0,"timestamp":1721774983.4102783},{"name":"core","consumption":1538649.0,"timestamp":1721774983.4102244}],"timestamp":1721774983.4099538}]},{"host":{"consumption":4675063.0,"timestamp":1721774983.503751,"components":{"disks":[{"disk_type":"SSD","disk_mount_point":"/etc/hosts","disk_is_removable":false,"disk_file_system":"ext4","disk_total_bytes":"33634926592","disk_available_bytes":"9871745024","disk_name":"/dev/nvme0n1p4"}]}},"consumers":[{"exe":"/usr/local/bin/scaphandre","cmdline":"/usr/local/bin/scaphandrejson-s0--step-nano10000000-f/home/ce-p2-r-1/17/power.json","pid":464125,"resources_usage":null,"consumption":69089.6,"timestamp":1721774983.5036042,"container":null},{"exe":"","cmdline":"","pid":390461,"resources_usage":null,"consumption":0.0,"timestamp":1721774983.5035114,"container":null},{"exe":"","cmdline":"","pid":66,"resources_usage":null,"consumption":0.0,"timestamp":1721774983.5035136,"container":null},{"exe":"","cmdline":"","pid":458474,"resources_usage":null,"consumption":0.0,"timestamp":1721774983.5035143,"container":null},{"exe":"","cmdline":"","pid":56,"resources_usage":null,"consumption":0.0,"timestamp":1721774983.5035148,"container":null},{"exe":"","cmdline":"","pid":373726,"resources_usage":null,"consumption":0.0,"timestamp":1721774983.5035155,"container":null},{"exe":"","cmdline":"","pid":119,"resources_usage":null,"consumption":0.0,"timestamp":1721774983.5035157,"container":null},{"exe":"/usr/bin/udevadm","cmdline":"/lib/systemd/systemd-udevd","pid":464096,"resources_usage":null,"consumption":0.0,"timestamp":1721774983.5035162,"container":null},{"exe":"","cmdline":"","pid":54,"resources_usage":null,"consumption":0.0,"timestamp":1721774983.503517,"container":null},{"exe":"/home/philipp/.vscode-server/extensions/ms-python.python-2024.10.0-linux-x64/python-env-tools/bin/pet","cmdline":"/home/philipp/.vscode-server/extensions/ms-python.python-2024.10.0-linux-x64/python-env-tools/bin/petserver","pid":1927,"resources_usage":null,"consumption":0.0,"timestamp":1721774983.5035174,"container":null}],"sockets":[{"id":0,"consumption":3815650.0,"domains":[{"name":"uncore","consumption":0.0,"timestamp":1721774983.479546},{"name":"core","consumption":2132847.0,"timestamp":1721774983.4795337}],"timestamp":1721774983.4793603}]},{"host":{"consumption":3257278.0,"timestamp":1721774983.5636566,"components":{"disks":[{"disk_type":"SSD","disk_mount_point":"/etc/hosts","disk_is_removable":false,"disk_file_system":"ext4","disk_total_bytes":"33634926592","disk_available_bytes":"9871740928","disk_name":"/dev/nvme0n1p4"}]}},"consumers":[{"exe":"/usr/local/bin/scaphandre","cmdline":"/usr/local/bin/scaphandrejson-s0--step-nano10000000-f/home/ce-p2-r-1/17/power.json","pid":464125,"resources_usage":null,"consumption":80228.52,"timestamp":1721774983.5634577,"container":null},{"exe":"","cmdline":"","pid":390461,"resources_usage":null,"consumption":0.0,"timestamp":1721774983.5633402,"container":null},{"exe":"","cmdline":"","pid":66,"resources_usage":null,"consumption":0.0,"timestamp":1721774983.5633423,"container":null},{"exe":"","cmdline":"","pid":458474,"resources_usage":null,"consumption":0.0,"timestamp":1721774983.5633433,"container":null},{"exe":"","cmdline":"","pid":56,"resources_usage":null,"consumption":0.0,"timestamp":1721774983.5633438,"container":null},{"exe":"","cmdline":"","pid":373726,"resources_usage":null,"consumption":0.0,"timestamp":1721774983.5633445,"container":null},{"exe":"","cmdline":"","pid":119,"resources_usage":null,"consumption":0.0,"timestamp":1721774983.5633452,"container":null},{"exe":"/usr/bin/udevadm","cmdline":"/lib/systemd/systemd-udevd","pid":464096,"resources_usage":null,"consumption":0.0,"timestamp":1721774983.5633457,"container":null},{"exe":"","cmdline":"","pid":54,"resources_usage":null,"consumption":0.0,"timestamp":1721774983.563347,"container":null},{"exe":"/home/philipp/.vscode-server/extensions/ms-python.python-2024.10.0-linux-x64/python-env-tools/bin/pet","cmdline":"/home/philipp/.vscode-server/extensions/ms-python.python-2024.10.0-linux-x64/python-env-tools/bin/petserver","pid":1927,"resources_usage":null,"consumption":0.0,"timestamp":1721774983.5633476,"container":null}],"sockets":[{"id":0,"consumption":4721724.0,"domains":[{"name":"uncore","consumption":0.0,"timestamp":1721774983.521932},{"name":"core","consumption":2781956.0,"timestamp":1721774983.5217676}],"timestamp":1721774983.5215392}]},{"host":{"consumption":3909694.0,"timestamp":1721774983.619607,"components":{"disks":[{"disk_type":"SSD","disk_mount_point":"/etc/hosts","disk_is_removable":false,"disk_file_system":"ext4","disk_total_bytes":"33634926592","disk_available_bytes":"9871740928","disk_name":"/dev/nvme0n1p4"}]}},"consumers":[{"exe":"/usr/local/bin/scaphandre","cmdline":"/usr/local/bin/scaphandrejson-s0--step-nano10000000-f/home/ce-p2-r-1/17/power.json","pid":464125,"resources_usage":null,"consumption":96297.88,"timestamp":1721774983.6194272,"container":null},{"exe":"/usr/bin/python3.10","cmdline":"python3src/experiment/runner.pytest.yaml","pid":458168,"resources_usage":null,"consumption":19259.576,"timestamp":1721774983.6193595,"container":null},{"exe":"","cmdline":"","pid":390461,"resources_usage":null,"consumption":0.0,"timestamp":1721774983.619319,"container":null},{"exe":"","cmdline":"","pid":66,"resources_usage":null,"consumption":0.0,"timestamp":1721774983.619321,"container":null},{"exe":"","cmdline":"","pid":458474,"resources_usage":null,"consumption":0.0,"timestamp":1721774983.6193218,"container":null},{"exe":"","cmdline":"","pid":56,"resources_usage":null,"consumption":0.0,"timestamp":1721774983.6193228,"container":null},{"exe":"","cmdline":"","pid":373726,"resources_usage":null,"consumption":0.0,"timestamp":1721774983.6193233,"container":null},{"exe":"","cmdline":"","pid":119,"resources_usage":null,"consumption":0.0,"timestamp":1721774983.619324,"container":null},{"exe":"/usr/bin/udevadm","cmdline":"/lib/systemd/systemd-udevd","pid":464096,"resources_usage":null,"consumption":0.0,"timestamp":1721774983.6193244,"container":null},{"exe":"","cmdline":"","pid":54,"resources_usage":null,"consumption":0.0,"timestamp":1721774983.6193254,"container":null}],"sockets":[{"id":0,"consumption":3518971.0,"domains":[{"name":"uncore","consumption":0.0,"timestamp":1721774983.5835178},{"name":"core","consumption":1843780.0,"timestamp":1721774983.583505}],"timestamp":1721774983.5833206}]},{"host":{"consumption":3410990.0,"timestamp":1721774983.6810179,"components":{"disks":[{"disk_type":"SSD","disk_mount_point":"/etc/hosts","disk_is_removable":false,"disk_file_system":"ext4","disk_total_bytes":"33634926592","disk_available_bytes":"9871736832","disk_name":"/dev/nvme0n1p4"}]}},"consumers":[{"exe":"/usr/local/bin/scaphandre","cmdline":"/usr/local/bin/scaphandrejson-s0--step-nano10000000-f/home/ce-p2-r-1/17/power.json","pid":464125,"resources_usage":null,"consumption":57488.594,"timestamp":1721774983.6807694,"container":null},{"exe":"/home/philipp/.vscode-server/cli/servers/Stable-f1e16e1e6214d7c44d078b1f0607b2388f29d729/server/node","cmdline":"/home/philipp/.vscode-server/cli/servers/Stable-f1e16e1e6214d7c44d078b1f0607b2388f29d729/server/node/home/philipp/.vscode-server/cli/servers/Stable-f1e16e1e6214d7c44d078b1f0607b2388f29d729/server/out/bootstrap-fork--type=ptyHost--logsPath/home/philipp/.vscode-server/data/logs/20240723T145959","pid":1875,"resources_usage":null,"consumption":19162.865,"timestamp":1721774983.6806667,"container":null},{"exe":"","cmdline":"","pid":390461,"resources_usage":null,"consumption":0.0,"timestamp":1721774983.6806588,"container":null},{"exe":"","cmdline":"","pid":66,"resources_usage":null,"consumption":0.0,"timestamp":1721774983.6806607,"container":null},{"exe":"","cmdline":"","pid":458474,"resources_usage":null,"consumption":0.0,"timestamp":1721774983.6806617,"container":null},{"exe":"","cmdline":"","pid":56,"resources_usage":null,"consumption":0.0,"timestamp":1721774983.6806622,"container":null},{"exe":"","cmdline":"","pid":373726,"resources_usage":null,"consumption":0.0,"timestamp":1721774983.6806629,"container":null},{"exe":"","cmdline":"","pid":119,"resources_usage":null,"consumption":0.0,"timestamp":1721774983.6806636,"container":null},{"exe":"/usr/bin/udevadm","cmdline":"/lib/systemd/systemd-udevd","pid":464096,"resources_usage":null,"consumption":0.0,"timestamp":1721774983.6806643,"container":null},{"exe":"","cmdline":"","pid":54,"resources_usage":null,"consumption":0.0,"timestamp":1721774983.680665,"container":null}],"sockets":[{"id":0,"consumption":2888356.0,"domains":[{"name":"uncore","consumption":0.0,"timestamp":1721774983.638906},{"name":"core","consumption":760052.0,"timestamp":1721774983.638834}],"timestamp":1721774983.638558}]},{"host":{"consumption":3493061.0,"timestamp":1721774983.7262561,"components":{"disks":[{"disk_type":"SSD","disk_mount_point":"/etc/hosts","disk_is_removable":false,"disk_file_system":"ext4","disk_total_bytes":"33634926592","disk_available_bytes":"9871736832","disk_name":"/dev/nvme0n1p4"}]}},"consumers":[{"exe":"/usr/local/bin/scaphandre","cmdline":"/usr/local/bin/scaphandrejson-s0--step-nano10000000-f/home/ce-p2-r-1/17/power.json","pid":464125,"resources_usage":null,"consumption":98119.695,"timestamp":1721774983.7261982,"container":null},{"exe":"","cmdline":"","pid":390461,"resources_usage":null,"consumption":0.0,"timestamp":1721774983.726147,"container":null},{"exe":"","cmdline":"","pid":66,"resources_usage":null,"consumption":0.0,"timestamp":1721774983.726148,"container":null},{"exe":"","cmdline":"","pid":458474,"resources_usage":null,"consumption":0.0,"timestamp":1721774983.7261484,"container":null},{"exe":"","cmdline":"","pid":56,"resources_usage":null,"consumption":0.0,"timestamp":1721774983.726149,"container":null},{"exe":"","cmdline":"","pid":373726,"resources_usage":null,"consumption":0.0,"timestamp":1721774983.7261493,"container":null},{"exe":"","cmdline":"","pid":119,"resources_usage":null,"consumption":0.0,"timestamp":1721774983.7261496,"container":null},{"exe":"/usr/bin/udevadm","cmdline":"/lib/systemd/systemd-udevd","pid":464096,"resources_usage":null,"consumption":0.0,"timestamp":1721774983.7261498,"container":null},{"exe":"","cmdline":"","pid":54,"resources_usage":null,"consumption":0.0,"timestamp":1721774983.7261503,"container":null},{"exe":"/home/philipp/.vscode-server/extensions/ms-python.python-2024.10.0-linux-x64/python-env-tools/bin/pet","cmdline":"/home/philipp/.vscode-server/extensions/ms-python.python-2024.10.0-linux-x64/python-env-tools/bin/petserver","pid":1927,"resources_usage":null,"consumption":0.0,"timestamp":1721774983.7261505,"container":null}],"sockets":[{"id":0,"consumption":3654033.0,"domains":[{"name":"uncore","consumption":0.0,"timestamp":1721774983.7013338},{"name":"core","consumption":1825961.0,"timestamp":1721774983.7012072}],"timestamp":1721774983.700862}]},{"host":{"consumption":6780893.0,"timestamp":1721774983.7740426,"components":{"disks":[{"disk_type":"SSD","disk_mount_point":"/etc/hosts","disk_is_removable":false,"disk_file_system":"ext4","disk_total_bytes":"33634926592","disk_available_bytes":"9871667200","disk_name":"/dev/nvme0n1p4"}]}},"consumers":[{"exe":"/usr/local/bin/scaphandre","cmdline":"/usr/local/bin/scaphandrejson-s0--step-nano10000000-f/home/ce-p2-r-1/17/power.json","pid":464125,"resources_usage":null,"consumption":152379.61,"timestamp":1721774983.7739484,"container":null},{"exe":"/usr/libexec/udisks2/udisksd","cmdline":"/usr/libexec/udisks2/udisksd","pid":831,"resources_usage":null,"consumption":38094.902,"timestamp":1721774983.7738826,"container":null},{"exe":"/usr/bin/dockerd","cmdline":"/usr/bin/dockerd-Hfd://--containerd=/run/containerd/containerd.sock","pid":1100,"resources_usage":null,"consumption":38094.902,"timestamp":1721774983.7739015,"container":null},{"exe":"","cmdline":"","pid":390461,"resources_usage":null,"consumption":0.0,"timestamp":1721774983.7738693,"container":null},{"exe":"","cmdline":"","pid":66,"resources_usage":null,"consumption":0.0,"timestamp":1721774983.773871,"container":null},{"exe":"","cmdline":"","pid":458474,"resources_usage":null,"consumption":0.0,"timestamp":1721774983.7738714,"container":null},{"exe":"","cmdline":"","pid":56,"resources_usage":null,"consumption":0.0,"timestamp":1721774983.7738724,"container":null},{"exe":"","cmdline":"","pid":373726,"resources_usage":null,"consumption":0.0,"timestamp":1721774983.7738729,"container":null},{"exe":"","cmdline":"","pid":119,"resources_usage":null,"consumption":0.0,"timestamp":1721774983.7738733,"container":null},{"exe":"/usr/bin/udevadm","cmdline":"/lib/systemd/systemd-udevd","pid":464096,"resources_usage":null,"consumption":0.0,"timestamp":1721774983.7738736,"container":null}],"sockets":[{"id":0,"consumption":4899773.0,"domains":[{"name":"uncore","consumption":0.0,"timestamp":1721774983.7430837},{"name":"core","consumption":2492765.0,"timestamp":1721774983.7430763}],"timestamp":1721774983.742953}]},{"host":{"consumption":13737347.0,"timestamp":1721774983.81223,"components":{"disks":[{"disk_type":"SSD","disk_mount_point":"/etc/hosts","disk_is_removable":false,"disk_file_system":"ext4","disk_total_bytes":"33634926592","disk_available_bytes":"9871605760","disk_name":"/dev/nvme0n1p4"}]}},"consumers":[{"exe":"/usr/local/bin/scaphandre","cmdline":"/usr/local/bin/scaphandrejson-s0--step-nano10000000-f/home/ce-p2-r-1/17/power.json","pid":464125,"resources_usage":null,"consumption":308704.4,"timestamp":1721774983.8121314,"container":null},{"exe":"/usr/bin/python3.10","cmdline":"python3src/experiment/runner.pytest.yaml","pid":458168,"resources_usage":null,"consumption":77176.1,"timestamp":1721774983.8120968,"container":null},{"exe":"/usr/lib/systemd/systemd","cmdline":"/sbin/init","pid":1,"resources_usage":null,"consumption":77176.1,"timestamp":1721774983.8121324,"container":null},{"exe":"/usr/lib/systemd/systemd","cmdline":"/lib/systemd/systemd--user","pid":1553,"resources_usage":null,"consumption":77176.1,"timestamp":1721774983.8121836,"container":null},{"exe":"","cmdline":"","pid":390461,"resources_usage":null,"consumption":0.0,"timestamp":1721774983.812073,"container":null},{"exe":"","cmdline":"","pid":66,"resources_usage":null,"consumption":0.0,"timestamp":1721774983.8120742,"container":null},{"exe":"","cmdline":"","pid":458474,"resources_usage":null,"consumption":0.0,"timestamp":1721774983.8120747,"container":null},{"exe":"","cmdline":"","pid":56,"resources_usage":null,"consumption":0.0,"timestamp":1721774983.812075,"container":null},{"exe":"","cmdline":"","pid":373726,"resources_usage":null,"consumption":0.0,"timestamp":1721774983.8120751,"container":null},{"exe":"","cmdline":"","pid":119,"resources_usage":null,"consumption":0.0,"timestamp":1721774983.8120756,"container":null}],"sockets":[{"id":0,"consumption":9169827.0,"domains":[{"name":"uncore","consumption":0.0,"timestamp":1721774983.790606},{"name":"core","consumption":6141603.0,"timestamp":1721774983.7905898}],"timestamp":1721774983.7903776}]},{"host":{"consumption":6068427.0,"timestamp":1721774983.8542113,"components":{"disks":[{"disk_type":"SSD","disk_mount_point":"/etc/hosts","disk_is_removable":false,"disk_file_system":"ext4","disk_total_bytes":"33634926592","disk_available_bytes":"9871593472","disk_name":"/dev/nvme0n1p4"}]}},"consumers":[{"exe":"/usr/local/bin/scaphandre","cmdline":"/usr/local/bin/scaphandrejson-s0--step-nano10000000-f/home/ce-p2-r-1/17/power.json","pid":464125,"resources_usage":null,"consumption":68184.57,"timestamp":1721774983.8541,"container":null},{"exe":"/usr/bin/containerd","cmdline":"/usr/bin/containerd","pid":893,"resources_usage":null,"consumption":34092.285,"timestamp":1721774983.8540184,"container":null},{"exe":"/usr/bin/dockerd","cmdline":"/usr/bin/dockerd-Hfd://--containerd=/run/containerd/containerd.sock","pid":1100,"resources_usage":null,"consumption":34092.285,"timestamp":1721774983.8540437,"container":null},{"exe":"","cmdline":"","pid":390461,"resources_usage":null,"consumption":0.0,"timestamp":1721774983.8540041,"container":null},{"exe":"","cmdline":"","pid":66,"resources_usage":null,"consumption":0.0,"timestamp":1721774983.854006,"container":null},{"exe":"","cmdline":"","pid":458474,"resources_usage":null,"consumption":0.0,"timestamp":1721774983.8540065,"container":null},{"exe":"","cmdline":"","pid":56,"resources_usage":null,"consumption":0.0,"timestamp":1721774983.8540072,"container":null},{"exe":"","cmdline":"","pid":373726,"resources_usage":null,"consumption":0.0,"timestamp":1721774983.854008,"container":null},{"exe":"","cmdline":"","pid":119,"resources_usage":null,"consumption":0.0,"timestamp":1721774983.8540084,"container":null},{"exe":"/usr/bin/udevadm","cmdline":"/lib/systemd/systemd-udevd","pid":464096,"resources_usage":null,"consumption":0.0,"timestamp":1721774983.8540087,"container":null}],"sockets":[{"id":0,"consumption":10026834.0,"domains":[{"name":"uncore","consumption":0.0,"timestamp":1721774983.8279274},{"name":"core","consumption":7132878.0,"timestamp":1721774983.8279147}],"timestamp":1721774983.827765}]},{"host":{"consumption":29557204.0,"timestamp":1721774983.8891673,"components":{"disks":[{"disk_type":"SSD","disk_mount_point":"/etc/hosts","disk_is_removable":false,"disk_file_system":"ext4","disk_total_bytes":"33634926592","disk_available_bytes":"9871589376","disk_name":"/dev/nvme0n1p4"}]}},"consumers":[{"exe":"/usr/local/bin/scaphandre","cmdline":"/usr/local/bin/scaphandrejson-s0--step-nano10000000-f/home/ce-p2-r-1/17/power.json","pid":464125,"resources_usage":null,"consumption":518547.44,"timestamp":1721774983.8891094,"container":null},{"exe":"/usr/lib/systemd/systemd","cmdline":"/sbin/init","pid":1,"resources_usage":null,"consumption":172849.16,"timestamp":1721774983.8891106,"container":null},{"exe":"","cmdline":"","pid":390461,"resources_usage":null,"consumption":0.0,"timestamp":1721774983.8890562,"container":null},{"exe":"","cmdline":"","pid":66,"resources_usage":null,"consumption":0.0,"timestamp":1721774983.8890572,"container":null},{"exe":"","cmdline":"","pid":458474,"resources_usage":null,"consumption":0.0,"timestamp":1721774983.8890576,"container":null},{"exe":"","cmdline":"","pid":56,"resources_usage":null,"consumption":0.0,"timestamp":1721774983.8890579,"container":null},{"exe":"","cmdline":"","pid":373726,"resources_usage":null,"consumption":0.0,"timestamp":1721774983.8890584,"container":null},{"exe":"","cmdline":"","pid":119,"resources_usage":null,"consumption":0.0,"timestamp":1721774983.8890586,"container":null},{"exe":"/usr/bin/udevadm","cmdline":"/lib/systemd/systemd-udevd","pid":464096,"resources_usage":null,"consumption":0.0,"timestamp":1721774983.8890588,"container":null},{"exe":"","cmdline":"","pid":54,"resources_usage":null,"consumption":0.0,"timestamp":1721774983.889059,"container":null}],"sockets":[{"id":0,"consumption":11148999.0,"domains":[{"name":"uncore","consumption":0.0,"timestamp":1721774983.871584},{"name":"core","consumption":8083748.0,"timestamp":1721774983.8715708}],"timestamp":1721774983.8714294}]},{"host":{"consumption":6041627.0,"timestamp":1721774983.928102,"components":{"disks":[{"disk_type":"SSD","disk_mount_point":"/etc/hosts","disk_is_removable":false,"disk_file_system":"ext4","disk_total_bytes":"33634926592","disk_available_bytes":"9871585280","disk_name":"/dev/nvme0n1p4"}]}},"consumers":[{"exe":"/usr/local/bin/scaphandre","cmdline":"/usr/local/bin/scaphandrejson-s0--step-nano10000000-f/home/ce-p2-r-1/17/power.json","pid":464125,"resources_usage":null,"consumption":105993.45,"timestamp":1721774983.927934,"container":null},{"exe":"/usr/bin/dockerd","cmdline":"libnetwork-setkey-exec-root=/var/run/docker4288ebe2b116b9f291421cf80bf1e7cfd08442c90148047561a35d10ff630dbaf1f034b78469","pid":464206,"resources_usage":null,"consumption":70662.305,"timestamp":1721774983.9279487,"container":null},{"exe":"","cmdline":"","pid":390461,"resources_usage":null,"consumption":0.0,"timestamp":1721774983.9278295,"container":null},{"exe":"","cmdline":"","pid":66,"resources_usage":null,"consumption":0.0,"timestamp":1721774983.9278314,"container":null},{"exe":"","cmdline":"","pid":458474,"resources_usage":null,"consumption":0.0,"timestamp":1721774983.9278321,"container":null},{"exe":"","cmdline":"","pid":56,"resources_usage":null,"consumption":0.0,"timestamp":1721774983.9278328,"container":null},{"exe":"","cmdline":"","pid":373726,"resources_usage":null,"consumption":0.0,"timestamp":1721774983.9278333,"container":null},{"exe":"","cmdline":"","pid":119,"resources_usage":null,"consumption":0.0,"timestamp":1721774983.9278338,"container":null},{"exe":"/usr/bin/udevadm","cmdline":"/lib/systemd/systemd-udevd","pid":464096,"resources_usage":null,"consumption":0.0,"timestamp":1721774983.9278343,"container":null},{"exe":"","cmdline":"","pid":54,"resources_usage":null,"consumption":0.0,"timestamp":1721774983.9278352,"container":null}],"sockets":[{"id":0,"consumption":25530688.0,"domains":[{"name":"uncore","consumption":0.0,"timestamp":1721774983.9052331},{"name":"core","consumption":22317028.0,"timestamp":1721774983.9052184}],"timestamp":1721774983.9050994}]},{"host":{"consumption":5222259.0,"timestamp":1721774983.9725611,"components":{"disks":[{"disk_type":"SSD","disk_mount_point":"/etc/hosts","disk_is_removable":false,"disk_file_system":"ext4","disk_total_bytes":"33634926592","disk_available_bytes":"9871585280","disk_name":"/dev/nvme0n1p4"}]}},"consumers":[{"exe":"/usr/local/bin/scaphandre","cmdline":"/usr/local/bin/scaphandrejson-s0--step-nano10000000-f/home/ce-p2-r-1/17/power.json","pid":464125,"resources_usage":null,"consumption":122158.11,"timestamp":1721774983.9723597,"container":null},{"exe":"","cmdline":"","pid":390461,"resources_usage":null,"consumption":0.0,"timestamp":1721774983.9722435,"container":null},{"exe":"","cmdline":"","pid":66,"resources_usage":null,"consumption":0.0,"timestamp":1721774983.9722457,"container":null},{"exe":"","cmdline":"","pid":458474,"resources_usage":null,"consumption":0.0,"timestamp":1721774983.9722466,"container":null},{"exe":"","cmdline":"","pid":56,"resources_usage":null,"consumption":0.0,"timestamp":1721774983.9722474,"container":null},{"exe":"","cmdline":"","pid":373726,"resources_usage":null,"consumption":0.0,"timestamp":1721774983.972248,"container":null},{"exe":"","cmdline":"","pid":119,"resources_usage":null,"consumption":0.0,"timestamp":1721774983.972249,"container":null},{"exe":"/usr/bin/udevadm","cmdline":"/lib/systemd/systemd-udevd","pid":464096,"resources_usage":null,"consumption":0.0,"timestamp":1721774983.9722497,"container":null},{"exe":"","cmdline":"","pid":54,"resources_usage":null,"consumption":0.0,"timestamp":1721774983.9722505,"container":null},{"exe":"/home/philipp/.vscode-server/extensions/ms-python.python-2024.10.0-linux-x64/python-env-tools/bin/pet","cmdline":"/home/philipp/.vscode-server/extensions/ms-python.python-2024.10.0-linux-x64/python-env-tools/bin/petserver","pid":1927,"resources_usage":null,"consumption":0.0,"timestamp":1721774983.9722512,"container":null}],"sockets":[{"id":0,"consumption":5159986.0,"domains":[{"name":"uncore","consumption":0.0,"timestamp":1721774983.9471552},{"name":"core","consumption":2562201.0,"timestamp":1721774983.947144}],"timestamp":1721774983.9469724}]},{"host":{"consumption":11875034.0,"timestamp":1721774984.0106468,"components":{"disks":[{"disk_type":"SSD","disk_mount_point":"/etc/hosts","disk_is_removable":false,"disk_file_system":"ext4","disk_total_bytes":"33634926592","disk_available_bytes":"9871568896","disk_name":"/dev/nvme0n1p4"}]}},"consumers":[{"exe":"/usr/local/bin/scaphandre","cmdline":"/usr/local/bin/scaphandrejson-s0--step-nano10000000-f/home/ce-p2-r-1/17/power.json","pid":464125,"resources_usage":null,"consumption":277778.6,"timestamp":1721774984.0105422,"container":null},{"exe":"/usr/bin/python3.10","cmdline":"python3src/experiment/runner.pytest.yaml","pid":458168,"resources_usage":null,"consumption":69444.65,"timestamp":1721774984.0105054,"container":null},{"exe":"/usr/bin/dockerd","cmdline":"/usr/bin/dockerd-Hfd://--containerd=/run/containerd/containerd.sock","pid":1100,"resources_usage":null,"consumption":69444.65,"timestamp":1721774984.0105062,"container":null},{"exe":"/usr/bin/dbus-daemon","cmdline":"@dbus-daemon--system--address=systemd:--nofork--nopidfile--systemd-activation--syslog-only","pid":809,"resources_usage":null,"consumption":69444.65,"timestamp":1721774984.010547,"container":null},{"exe":"","cmdline":"","pid":390461,"resources_usage":null,"consumption":0.0,"timestamp":1721774984.0104804,"container":null},{"exe":"","cmdline":"","pid":66,"resources_usage":null,"consumption":0.0,"timestamp":1721774984.0104816,"container":null},{"exe":"","cmdline":"","pid":458474,"resources_usage":null,"consumption":0.0,"timestamp":1721774984.0104818,"container":null},{"exe":"","cmdline":"","pid":56,"resources_usage":null,"consumption":0.0,"timestamp":1721774984.010482,"container":null},{"exe":"","cmdline":"","pid":373726,"resources_usage":null,"consumption":0.0,"timestamp":1721774984.0104825,"container":null},{"exe":"","cmdline":"","pid":119,"resources_usage":null,"consumption":0.0,"timestamp":1721774984.0104828,"container":null}],"sockets":[{"id":0,"consumption":6628064.0,"domains":[{"name":"uncore","consumption":0.0,"timestamp":1721774983.9913094},{"name":"core","consumption":4106838.0,"timestamp":1721774983.9912984}],"timestamp":1721774983.9911735}]},{"host":{"consumption":19895596.0,"timestamp":1721774984.045377,"components":{"disks":[{"disk_type":"SSD","disk_mount_point":"/etc/hosts","disk_is_removable":false,"disk_file_system":"ext4","disk_total_bytes":"33634926592","disk_available_bytes":"9871577088","disk_name":"/dev/nvme0n1p4"}]}},"consumers":[{"exe":"/","cmdline":"runcinit","pid":464200,"resources_usage":null,"consumption":465394.1,"timestamp":1721774984.0453138,"container":null},{"exe":"/usr/local/bin/scaphandre","cmdline":"/usr/local/bin/scaphandrejson-s0--step-nano10000000-f/home/ce-p2-r-1/17/power.json","pid":464125,"resources_usage":null,"consumption":232697.05,"timestamp":1721774984.0453281,"container":null},{"exe":"","cmdline":"","pid":390461,"resources_usage":null,"consumption":0.0,"timestamp":1721774984.0452733,"container":null},{"exe":"","cmdline":"","pid":66,"resources_usage":null,"consumption":0.0,"timestamp":1721774984.0452743,"container":null},{"exe":"","cmdline":"","pid":458474,"resources_usage":null,"consumption":0.0,"timestamp":1721774984.0452745,"container":null},{"exe":"","cmdline":"","pid":56,"resources_usage":null,"consumption":0.0,"timestamp":1721774984.045275,"container":null},{"exe":"","cmdline":"","pid":373726,"resources_usage":null,"consumption":0.0,"timestamp":1721774984.0452752,"container":null},{"exe":"","cmdline":"","pid":119,"resources_usage":null,"consumption":0.0,"timestamp":1721774984.0452754,"container":null},{"exe":"/usr/bin/udevadm","cmdline":"/lib/systemd/systemd-udevd","pid":464096,"resources_usage":null,"consumption":0.0,"timestamp":1721774984.045276,"container":null},{"exe":"","cmdline":"","pid":54,"resources_usage":null,"consumption":0.0,"timestamp":1721774984.0452764,"container":null}],"sockets":[{"id":0,"consumption":19007864.0,"domains":[{"name":"uncore","consumption":0.0,"timestamp":1721774984.027389},{"name":"core","consumption":15905231.0,"timestamp":1721774984.0273817}],"timestamp":1721774984.027272}]},{"host":{"consumption":22389140.0,"timestamp":1721774984.0787117,"components":{"disks":[{"disk_type":"SSD","disk_mount_point":"/etc/hosts","disk_is_removable":false,"disk_file_system":"ext4","disk_total_bytes":"33634926592","disk_available_bytes":"9871572992","disk_name":"/dev/nvme0n1p4"}]}},"consumers":[{"exe":"/","cmdline":"runcinit","pid":464200,"resources_usage":null,"consumption":392791.94,"timestamp":1721774984.0786521,"container":null},{"exe":"/usr/local/bin/scaphandre","cmdline":"/usr/local/bin/scaphandrejson-s0--step-nano10000000-f/home/ce-p2-r-1/17/power.json","pid":464125,"resources_usage":null,"consumption":261861.3,"timestamp":1721774984.0786612,"container":null},{"exe":"","cmdline":"","pid":390461,"resources_usage":null,"consumption":0.0,"timestamp":1721774984.0786116,"container":null},{"exe":"","cmdline":"","pid":66,"resources_usage":null,"consumption":0.0,"timestamp":1721774984.0786126,"container":null},{"exe":"","cmdline":"","pid":458474,"resources_usage":null,"consumption":0.0,"timestamp":1721774984.078613,"container":null},{"exe":"","cmdline":"","pid":56,"resources_usage":null,"consumption":0.0,"timestamp":1721774984.0786133,"container":null},{"exe":"","cmdline":"","pid":373726,"resources_usage":null,"consumption":0.0,"timestamp":1721774984.0786135,"container":null},{"exe":"","cmdline":"","pid":119,"resources_usage":null,"consumption":0.0,"timestamp":1721774984.0786138,"container":null},{"exe":"/usr/bin/udevadm","cmdline":"/lib/systemd/systemd-udevd","pid":464096,"resources_usage":null,"consumption":0.0,"timestamp":1721774984.078614,"container":null},{"exe":"","cmdline":"","pid":54,"resources_usage":null,"consumption":0.0,"timestamp":1721774984.0786145,"container":null}],"sockets":[{"id":0,"consumption":20296578.0,"domains":[{"name":"uncore","consumption":0.0,"timestamp":1721774984.0604424},{"name":"core","consumption":17508808.0,"timestamp":1721774984.0604355}],"timestamp":1721774984.0603297}]},{"host":{"consumption":29018240.0,"timestamp":1721774984.1116583,"components":{"disks":[{"disk_type":"SSD","disk_mount_point":"/etc/hosts","disk_is_removable":false,"disk_file_system":"ext4","disk_total_bytes":"33634926592","disk_available_bytes":"9871572992","disk_name":"/dev/nvme0n1p4"}]}},"consumers":[{"exe":"/","cmdline":"runcinit","pid":464200,"resources_usage":null,"consumption":670941.94,"timestamp":1721774984.1115994,"container":null},{"exe":"/usr/local/bin/scaphandre","cmdline":"/usr/local/bin/scaphandrejson-s0--step-nano10000000-f/home/ce-p2-r-1/17/power.json","pid":464125,"resources_usage":null,"consumption":335470.97,"timestamp":1721774984.1116078,"container":null},{"exe":"","cmdline":"","pid":390461,"resources_usage":null,"consumption":0.0,"timestamp":1721774984.1115596,"container":null},{"exe":"","cmdline":"","pid":66,"resources_usage":null,"consumption":0.0,"timestamp":1721774984.1115606,"container":null},{"exe":"","cmdline":"","pid":458474,"resources_usage":null,"consumption":0.0,"timestamp":1721774984.1115608,"container":null},{"exe":"","cmdline":"","pid":56,"resources_usage":null,"consumption":0.0,"timestamp":1721774984.111561,"container":null},{"exe":"","cmdline":"","pid":373726,"resources_usage":null,"consumption":0.0,"timestamp":1721774984.1115613,"container":null},{"exe":"","cmdline":"","pid":119,"resources_usage":null,"consumption":0.0,"timestamp":1721774984.1115615,"container":null},{"exe":"/usr/bin/udevadm","cmdline":"/lib/systemd/systemd-udevd","pid":464096,"resources_usage":null,"consumption":0.0,"timestamp":1721774984.1115618,"container":null},{"exe":"","cmdline":"","pid":54,"resources_usage":null,"consumption":0.0,"timestamp":1721774984.1115625,"container":null}],"sockets":[{"id":0,"consumption":25462344.0,"domains":[{"name":"uncore","consumption":0.0,"timestamp":1721774984.0938396},{"name":"core","consumption":22687334.0,"timestamp":1721774984.0938325}],"timestamp":1721774984.0937304}]},{"host":{"consumption":22058228.0,"timestamp":1721774984.150056,"components":{"disks":[{"disk_type":"SSD","disk_mount_point":"/etc/hosts","disk_is_removable":false,"disk_file_system":"ext4","disk_total_bytes":"33634926592","disk_available_bytes":"9871568896","disk_name":"/dev/nvme0n1p4"}]}},"consumers":[{"exe":"/","cmdline":"runcinit","pid":464200,"resources_usage":null,"consumption":382512.62,"timestamp":1721774984.1499867,"container":null},{"exe":"/usr/local/bin/scaphandre","cmdline":"/usr/local/bin/scaphandrejson-s0--step-nano10000000-f/home/ce-p2-r-1/17/power.json","pid":464125,"resources_usage":null,"consumption":255008.4,"timestamp":1721774984.149996,"container":null},{"exe":"","cmdline":"","pid":390461,"resources_usage":null,"consumption":0.0,"timestamp":1721774984.1499455,"container":null},{"exe":"","cmdline":"","pid":66,"resources_usage":null,"consumption":0.0,"timestamp":1721774984.1499465,"container":null},{"exe":"","cmdline":"","pid":458474,"resources_usage":null,"consumption":0.0,"timestamp":1721774984.1499467,"container":null},{"exe":"","cmdline":"","pid":56,"resources_usage":null,"consumption":0.0,"timestamp":1721774984.149947,"container":null},{"exe":"","cmdline":"","pid":373726,"resources_usage":null,"consumption":0.0,"timestamp":1721774984.1499474,"container":null},{"exe":"","cmdline":"","pid":119,"resources_usage":null,"consumption":0.0,"timestamp":1721774984.149948,"container":null},{"exe":"/usr/bin/udevadm","cmdline":"/lib/systemd/systemd-udevd","pid":464096,"resources_usage":null,"consumption":0.0,"timestamp":1721774984.1499481,"container":null},{"exe":"","cmdline":"","pid":54,"resources_usage":null,"consumption":0.0,"timestamp":1721774984.1499486,"container":null}],"sockets":[{"id":0,"consumption":29300188.0,"domains":[{"name":"uncore","consumption":0.0,"timestamp":1721774984.1269104},{"name":"core","consumption":26775956.0,"timestamp":1721774984.126903}],"timestamp":1721774984.1267974}]},{"host":{"consumption":17112278.0,"timestamp":1721774984.1854522,"components":{"disks":[{"disk_type":"SSD","disk_mount_point":"/etc/hosts","disk_is_removable":false,"disk_file_system":"ext4","disk_total_bytes":"33634926592","disk_available_bytes":"9871568896","disk_name":"/dev/nvme0n1p4"}]}},"consumers":[{"exe":"/","cmdline":"runcinit","pid":464200,"resources_usage":null,"consumption":395659.56,"timestamp":1721774984.185322,"container":null},{"exe":"/usr/local/bin/scaphandre","cmdline":"/usr/local/bin/scaphandrejson-s0--step-nano10000000-f/home/ce-p2-r-1/17/power.json","pid":464125,"resources_usage":null,"consumption":197829.78,"timestamp":1721774984.1853342,"container":null},{"exe":"","cmdline":"","pid":390461,"resources_usage":null,"consumption":0.0,"timestamp":1721774984.185267,"container":null},{"exe":"","cmdline":"","pid":66,"resources_usage":null,"consumption":0.0,"timestamp":1721774984.1852682,"container":null},{"exe":"","cmdline":"","pid":458474,"resources_usage":null,"consumption":0.0,"timestamp":1721774984.1852689,"container":null},{"exe":"","cmdline":"","pid":56,"resources_usage":null,"consumption":0.0,"timestamp":1721774984.1852694,"container":null},{"exe":"","cmdline":"","pid":373726,"resources_usage":null,"consumption":0.0,"timestamp":1721774984.1852696,"container":null},{"exe":"","cmdline":"","pid":119,"resources_usage":null,"consumption":0.0,"timestamp":1721774984.1852698,"container":null},{"exe":"/usr/bin/udevadm","cmdline":"/lib/systemd/systemd-udevd","pid":464096,"resources_usage":null,"consumption":0.0,"timestamp":1721774984.18527,"container":null},{"exe":"","cmdline":"","pid":54,"resources_usage":null,"consumption":0.0,"timestamp":1721774984.1852705,"container":null}],"sockets":[{"id":0,"consumption":16372482.0,"domains":[{"name":"uncore","consumption":0.0,"timestamp":1721774984.1654482},{"name":"core","consumption":13960216.0,"timestamp":1721774984.1654341}],"timestamp":1721774984.1653216}]},{"host":{"consumption":17806824.0,"timestamp":1721774984.2234268,"components":{"disks":[{"disk_type":"SSD","disk_mount_point":"/etc/hosts","disk_is_removable":false,"disk_file_system":"ext4","disk_total_bytes":"33634926592","disk_available_bytes":"9871564800","disk_name":"/dev/nvme0n1p4"}]}},"consumers":[{"exe":"/","cmdline":"runcinit","pid":464200,"resources_usage":null,"consumption":411718.47,"timestamp":1721774984.2232964,"container":null},{"exe":"/usr/local/bin/scaphandre","cmdline":"/usr/local/bin/scaphandrejson-s0--step-nano10000000-f/home/ce-p2-r-1/17/power.json","pid":464125,"resources_usage":null,"consumption":308788.88,"timestamp":1721774984.2233057,"container":null},{"exe":"","cmdline":"","pid":390461,"resources_usage":null,"consumption":0.0,"timestamp":1721774984.2232556,"container":null},{"exe":"","cmdline":"","pid":66,"resources_usage":null,"consumption":0.0,"timestamp":1721774984.2232563,"container":null},{"exe":"","cmdline":"","pid":458474,"resources_usage":null,"consumption":0.0,"timestamp":1721774984.2232568,"container":null},{"exe":"","cmdline":"","pid":56,"resources_usage":null,"consumption":0.0,"timestamp":1721774984.223257,"container":null},{"exe":"","cmdline":"","pid":373726,"resources_usage":null,"consumption":0.0,"timestamp":1721774984.2232578,"container":null},{"exe":"","cmdline":"","pid":119,"resources_usage":null,"consumption":0.0,"timestamp":1721774984.223258,"container":null},{"exe":"/usr/bin/udevadm","cmdline":"/lib/systemd/systemd-udevd","pid":464096,"resources_usage":null,"consumption":0.0,"timestamp":1721774984.2232583,"container":null},{"exe":"","cmdline":"","pid":54,"resources_usage":null,"consumption":0.0,"timestamp":1721774984.2232585,"container":null}],"sockets":[{"id":0,"consumption":16959274.0,"domains":[{"name":"uncore","consumption":0.0,"timestamp":1721774984.2033143},{"name":"core","consumption":14577386.0,"timestamp":1721774984.2032466}],"timestamp":1721774984.2030346}]},{"host":{"consumption":24410294.0,"timestamp":1721774984.2588947,"components":{"disks":[{"disk_type":"SSD","disk_mount_point":"/etc/hosts","disk_is_removable":false,"disk_file_system":"ext4","disk_total_bytes":"33634926592","disk_available_bytes":"9871564800","disk_name":"/dev/nvme0n1p4"}]}},"consumers":[{"exe":"/","cmdline":"runcinit","pid":464200,"resources_usage":null,"consumption":423299.9,"timestamp":1721774984.2587712,"container":null},{"exe":"/usr/local/bin/scaphandre","cmdline":"/usr/local/bin/scaphandrejson-s0--step-nano10000000-f/home/ce-p2-r-1/17/power.json","pid":464125,"resources_usage":null,"consumption":141099.95,"timestamp":1721774984.2587802,"container":null},{"exe":"","cmdline":"","pid":390461,"resources_usage":null,"consumption":0.0,"timestamp":1721774984.2587318,"container":null},{"exe":"","cmdline":"","pid":66,"resources_usage":null,"consumption":0.0,"timestamp":1721774984.2587328,"container":null},{"exe":"","cmdline":"","pid":458474,"resources_usage":null,"consumption":0.0,"timestamp":1721774984.2587333,"container":null},{"exe":"","cmdline":"","pid":56,"resources_usage":null,"consumption":0.0,"timestamp":1721774984.2587335,"container":null},{"exe":"","cmdline":"","pid":373726,"resources_usage":null,"consumption":0.0,"timestamp":1721774984.2587337,"container":null},{"exe":"","cmdline":"","pid":119,"resources_usage":null,"consumption":0.0,"timestamp":1721774984.258734,"container":null},{"exe":"/usr/bin/udevadm","cmdline":"/lib/systemd/systemd-udevd","pid":464096,"resources_usage":null,"consumption":0.0,"timestamp":1721774984.2587342,"container":null},{"exe":"","cmdline":"","pid":54,"resources_usage":null,"consumption":0.0,"timestamp":1721774984.2587347,"container":null}],"sockets":[{"id":0,"consumption":17269052.0,"domains":[{"name":"uncore","consumption":0.0,"timestamp":1721774984.2388303},{"name":"core","consumption":15042309.0,"timestamp":1721774984.2388191}],"timestamp":1721774984.2386115}]},{"host":{"consumption":14667424.0,"timestamp":1721774984.295131,"components":{"disks":[{"disk_type":"SSD","disk_mount_point":"/etc/hosts","disk_is_removable":false,"disk_file_system":"ext4","disk_total_bytes":"33634926592","disk_available_bytes":"9871560704","disk_name":"/dev/nvme0n1p4"}]}},"consumers":[{"exe":"/","cmdline":"runcinit","pid":464200,"resources_usage":null,"consumption":339131.16,"timestamp":1721774984.294998,"container":null},{"exe":"/usr/local/bin/scaphandre","cmdline":"/usr/local/bin/scaphandrejson-s0--step-nano10000000-f/home/ce-p2-r-1/17/power.json","pid":464125,"resources_usage":null,"consumption":169565.58,"timestamp":1721774984.2950122,"container":null},{"exe":"","cmdline":"","pid":390461,"resources_usage":null,"consumption":0.0,"timestamp":1721774984.2949321,"container":null},{"exe":"","cmdline":"","pid":66,"resources_usage":null,"consumption":0.0,"timestamp":1721774984.294933,"container":null},{"exe":"","cmdline":"","pid":458474,"resources_usage":null,"consumption":0.0,"timestamp":1721774984.2949336,"container":null},{"exe":"","cmdline":"","pid":56,"resources_usage":null,"consumption":0.0,"timestamp":1721774984.294934,"container":null},{"exe":"","cmdline":"","pid":373726,"resources_usage":null,"consumption":0.0,"timestamp":1721774984.2949345,"container":null},{"exe":"","cmdline":"","pid":119,"resources_usage":null,"consumption":0.0,"timestamp":1721774984.2949347,"container":null},{"exe":"/usr/bin/udevadm","cmdline":"/lib/systemd/systemd-udevd","pid":464096,"resources_usage":null,"consumption":0.0,"timestamp":1721774984.2949352,"container":null},{"exe":"","cmdline":"","pid":54,"resources_usage":null,"consumption":0.0,"timestamp":1721774984.294936,"container":null}],"sockets":[{"id":0,"consumption":22633044.0,"domains":[{"name":"uncore","consumption":0.0,"timestamp":1721774984.2744346},{"name":"core","consumption":20414114.0,"timestamp":1721774984.2744162}],"timestamp":1721774984.2741866}]},{"host":{"consumption":25609924.0,"timestamp":1721774984.330508,"components":{"disks":[{"disk_type":"SSD","disk_mount_point":"/etc/hosts","disk_is_removable":false,"disk_file_system":"ext4","disk_total_bytes":"33634926592","disk_available_bytes":"9871560704","disk_name":"/dev/nvme0n1p4"}]}},"consumers":[{"exe":"/","cmdline":"runcinit","pid":464200,"resources_usage":null,"consumption":434066.53,"timestamp":1721774984.3303823,"container":null},{"exe":"/usr/local/bin/scaphandre","cmdline":"/usr/local/bin/scaphandrejson-s0--step-nano10000000-f/home/ce-p2-r-1/17/power.json","pid":464125,"resources_usage":null,"consumption":289377.7,"timestamp":1721774984.3303921,"container":null},{"exe":"","cmdline":"","pid":390461,"resources_usage":null,"consumption":0.0,"timestamp":1721774984.3303409,"container":null},{"exe":"","cmdline":"","pid":66,"resources_usage":null,"consumption":0.0,"timestamp":1721774984.3303418,"container":null},{"exe":"","cmdline":"","pid":458474,"resources_usage":null,"consumption":0.0,"timestamp":1721774984.330342,"container":null},{"exe":"","cmdline":"","pid":56,"resources_usage":null,"consumption":0.0,"timestamp":1721774984.3303423,"container":null},{"exe":"","cmdline":"","pid":373726,"resources_usage":null,"consumption":0.0,"timestamp":1721774984.3303425,"container":null},{"exe":"","cmdline":"","pid":119,"resources_usage":null,"consumption":0.0,"timestamp":1721774984.3303428,"container":null},{"exe":"/usr/bin/udevadm","cmdline":"/lib/systemd/systemd-udevd","pid":464096,"resources_usage":null,"consumption":0.0,"timestamp":1721774984.3303432,"container":null},{"exe":"","cmdline":"","pid":54,"resources_usage":null,"consumption":0.0,"timestamp":1721774984.3303435,"container":null}],"sockets":[{"id":0,"consumption":20987340.0,"domains":[{"name":"uncore","consumption":0.0,"timestamp":1721774984.3104508},{"name":"core","consumption":18852120.0,"timestamp":1721774984.3104439}],"timestamp":1721774984.3103411}]},{"host":{"consumption":6735584.0,"timestamp":1721774984.365078,"components":{"disks":[{"disk_type":"SSD","disk_mount_point":"/etc/hosts","disk_is_removable":false,"disk_file_system":"ext4","disk_total_bytes":"33634926592","disk_available_bytes":"9871556608","disk_name":"/dev/nvme0n1p4"}]}},"consumers":[{"exe":"/","cmdline":"runcinit","pid":464200,"resources_usage":null,"consumption":152216.58,"timestamp":1721774984.365014,"container":null},{"exe":"/usr/local/bin/scaphandre","cmdline":"/usr/local/bin/scaphandrejson-s0--step-nano10000000-f/home/ce-p2-r-1/17/power.json","pid":464125,"resources_usage":null,"consumption":76108.29,"timestamp":1721774984.365023,"container":null},{"exe":"","cmdline":"","pid":390461,"resources_usage":null,"consumption":0.0,"timestamp":1721774984.3649745,"container":null},{"exe":"","cmdline":"","pid":66,"resources_usage":null,"consumption":0.0,"timestamp":1721774984.3649752,"container":null},{"exe":"","cmdline":"","pid":458474,"resources_usage":null,"consumption":0.0,"timestamp":1721774984.3649757,"container":null},{"exe":"","cmdline":"","pid":56,"resources_usage":null,"consumption":0.0,"timestamp":1721774984.364976,"container":null},{"exe":"","cmdline":"","pid":373726,"resources_usage":null,"consumption":0.0,"timestamp":1721774984.3649762,"container":null},{"exe":"","cmdline":"","pid":119,"resources_usage":null,"consumption":0.0,"timestamp":1721774984.3649764,"container":null},{"exe":"/usr/bin/udevadm","cmdline":"/lib/systemd/systemd-udevd","pid":464096,"resources_usage":null,"consumption":0.0,"timestamp":1721774984.3649766,"container":null},{"exe":"","cmdline":"","pid":54,"resources_usage":null,"consumption":0.0,"timestamp":1721774984.3649771,"container":null}],"sockets":[{"id":0,"consumption":15598381.0,"domains":[{"name":"uncore","consumption":0.0,"timestamp":1721774984.3460007},{"name":"core","consumption":13320702.0,"timestamp":1721774984.3458807}],"timestamp":1721774984.3456786}]},{"host":{"consumption":20604820.0,"timestamp":1721774984.3994303,"components":{"disks":[{"disk_type":"SSD","disk_mount_point":"/etc/hosts","disk_is_removable":false,"disk_file_system":"ext4","disk_total_bytes":"33634926592","disk_available_bytes":"9871556608","disk_name":"/dev/nvme0n1p4"}]}},"consumers":[{"exe":"/","cmdline":"runcinit","pid":464200,"resources_usage":null,"consumption":349234.22,"timestamp":1721774984.3991995,"container":null},{"exe":"/usr/local/bin/scaphandre","cmdline":"/usr/local/bin/scaphandrejson-s0--step-nano10000000-f/home/ce-p2-r-1/17/power.json","pid":464125,"resources_usage":null,"consumption":116411.41,"timestamp":1721774984.3992088,"container":null},{"exe":"","cmdline":"","pid":390461,"resources_usage":null,"consumption":0.0,"timestamp":1721774984.3991578,"container":null},{"exe":"","cmdline":"","pid":66,"resources_usage":null,"consumption":0.0,"timestamp":1721774984.399159,"container":null},{"exe":"","cmdline":"","pid":458474,"resources_usage":null,"consumption":0.0,"timestamp":1721774984.3991592,"container":null},{"exe":"","cmdline":"","pid":56,"resources_usage":null,"consumption":0.0,"timestamp":1721774984.3991594,"container":null},{"exe":"","cmdline":"","pid":373726,"resources_usage":null,"consumption":0.0,"timestamp":1721774984.3991597,"container":null},{"exe":"","cmdline":"","pid":119,"resources_usage":null,"consumption":0.0,"timestamp":1721774984.3991601,"container":null},{"exe":"/usr/bin/udevadm","cmdline":"/lib/systemd/systemd-udevd","pid":464096,"resources_usage":null,"consumption":0.0,"timestamp":1721774984.3991604,"container":null},{"exe":"","cmdline":"","pid":54,"resources_usage":null,"consumption":0.0,"timestamp":1721774984.3991606,"container":null}],"sockets":[{"id":0,"consumption":13920648.0,"domains":[{"name":"uncore","consumption":0.0,"timestamp":1721774984.3803997},{"name":"core","consumption":11709575.0,"timestamp":1721774984.380392}],"timestamp":1721774984.380246}]},{"host":{"consumption":17940424.0,"timestamp":1721774984.434676,"components":{"disks":[{"disk_type":"SSD","disk_mount_point":"/etc/hosts","disk_is_removable":false,"disk_file_system":"ext4","disk_total_bytes":"33634926592","disk_available_bytes":"9871552512","disk_name":"/dev/nvme0n1p4"}]}},"consumers":[{"exe":"/","cmdline":"runcinit","pid":464200,"resources_usage":null,"consumption":405433.28,"timestamp":1721774984.4345844,"container":null},{"exe":"/usr/local/bin/scaphandre","cmdline":"/usr/local/bin/scaphandrejson-s0--step-nano10000000-f/home/ce-p2-r-1/17/power.json","pid":464125,"resources_usage":null,"consumption":202716.64,"timestamp":1721774984.4345968,"container":null},{"exe":"","cmdline":"","pid":390461,"resources_usage":null,"consumption":0.0,"timestamp":1721774984.434527,"container":null},{"exe":"","cmdline":"","pid":66,"resources_usage":null,"consumption":0.0,"timestamp":1721774984.434528,"container":null},{"exe":"","cmdline":"","pid":458474,"resources_usage":null,"consumption":0.0,"timestamp":1721774984.4345286,"container":null},{"exe":"","cmdline":"","pid":56,"resources_usage":null,"consumption":0.0,"timestamp":1721774984.4345288,"container":null},{"exe":"","cmdline":"","pid":373726,"resources_usage":null,"consumption":0.0,"timestamp":1721774984.4345293,"container":null},{"exe":"","cmdline":"","pid":119,"resources_usage":null,"consumption":0.0,"timestamp":1721774984.4345295,"container":null},{"exe":"/usr/bin/udevadm","cmdline":"/lib/systemd/systemd-udevd","pid":464096,"resources_usage":null,"consumption":0.0,"timestamp":1721774984.4345298,"container":null},{"exe":"","cmdline":"","pid":54,"resources_usage":null,"consumption":0.0,"timestamp":1721774984.4345305,"container":null}],"sockets":[{"id":0,"consumption":22789022.0,"domains":[{"name":"uncore","consumption":0.0,"timestamp":1721774984.4150164},{"name":"core","consumption":20562396.0,"timestamp":1721774984.4150052}],"timestamp":1721774984.4148357}]},{"host":{"consumption":11014219.0,"timestamp":1721774984.472042,"components":{"disks":[{"disk_type":"SSD","disk_mount_point":"/etc/hosts","disk_is_removable":false,"disk_file_system":"ext4","disk_total_bytes":"33634926592","disk_available_bytes":"9871552512","disk_name":"/dev/nvme0n1p4"}]}},"consumers":[{"exe":"/","cmdline":"runcinit","pid":464200,"resources_usage":null,"consumption":248908.9,"timestamp":1721774984.4719737,"container":null},{"exe":"/usr/local/bin/scaphandre","cmdline":"/usr/local/bin/scaphandrejson-s0--step-nano10000000-f/home/ce-p2-r-1/17/power.json","pid":464125,"resources_usage":null,"consumption":124454.45,"timestamp":1721774984.4719827,"container":null},{"exe":"","cmdline":"","pid":390461,"resources_usage":null,"consumption":0.0,"timestamp":1721774984.4719331,"container":null},{"exe":"","cmdline":"","pid":66,"resources_usage":null,"consumption":0.0,"timestamp":1721774984.4719338,"container":null},{"exe":"","cmdline":"","pid":458474,"resources_usage":null,"consumption":0.0,"timestamp":1721774984.4719343,"container":null},{"exe":"","cmdline":"","pid":56,"resources_usage":null,"consumption":0.0,"timestamp":1721774984.4719346,"container":null},{"exe":"","cmdline":"","pid":373726,"resources_usage":null,"consumption":0.0,"timestamp":1721774984.471935,"container":null},{"exe":"","cmdline":"","pid":119,"resources_usage":null,"consumption":0.0,"timestamp":1721774984.4719353,"container":null},{"exe":"/usr/bin/udevadm","cmdline":"/lib/systemd/systemd-udevd","pid":464096,"resources_usage":null,"consumption":0.0,"timestamp":1721774984.4719355,"container":null},{"exe":"","cmdline":"","pid":54,"resources_usage":null,"consumption":0.0,"timestamp":1721774984.471936,"container":null}],"sockets":[{"id":0,"consumption":12443508.0,"domains":[{"name":"uncore","consumption":0.0,"timestamp":1721774984.4526885},{"name":"core","consumption":10242378.0,"timestamp":1721774984.4526129}],"timestamp":1721774984.4524028}]},{"host":{"consumption":18154192.0,"timestamp":1721774984.5073535,"components":{"disks":[{"disk_type":"SSD","disk_mount_point":"/etc/hosts","disk_is_removable":false,"disk_file_system":"ext4","disk_total_bytes":"33634926592","disk_available_bytes":"9871548416","disk_name":"/dev/nvme0n1p4"}]}},"consumers":[{"exe":"/usr/local/bin/scaphandre","cmdline":"/usr/local/bin/scaphandrejson-s0--step-nano10000000-f/home/ce-p2-r-1/17/power.json","pid":464125,"resources_usage":null,"consumption":307698.16,"timestamp":1721774984.507236,"container":null},{"exe":"/","cmdline":"runcinit","pid":464200,"resources_usage":null,"consumption":307698.16,"timestamp":1721774984.5072267,"container":null},{"exe":"","cmdline":"","pid":390461,"resources_usage":null,"consumption":0.0,"timestamp":1721774984.5071836,"container":null},{"exe":"","cmdline":"","pid":66,"resources_usage":null,"consumption":0.0,"timestamp":1721774984.5071845,"container":null},{"exe":"","cmdline":"","pid":458474,"resources_usage":null,"consumption":0.0,"timestamp":1721774984.5071847,"container":null},{"exe":"","cmdline":"","pid":56,"resources_usage":null,"consumption":0.0,"timestamp":1721774984.507185,"container":null},{"exe":"","cmdline":"","pid":373726,"resources_usage":null,"consumption":0.0,"timestamp":1721774984.5071855,"container":null},{"exe":"","cmdline":"","pid":119,"resources_usage":null,"consumption":0.0,"timestamp":1721774984.5071855,"container":null},{"exe":"/usr/bin/udevadm","cmdline":"/lib/systemd/systemd-udevd","pid":464096,"resources_usage":null,"consumption":0.0,"timestamp":1721774984.5071857,"container":null},{"exe":"","cmdline":"","pid":54,"resources_usage":null,"consumption":0.0,"timestamp":1721774984.5071862,"container":null}],"sockets":[{"id":0,"consumption":17739148.0,"domains":[{"name":"uncore","consumption":0.0,"timestamp":1721774984.4874527},{"name":"core","consumption":15593938.0,"timestamp":1721774984.4874399}],"timestamp":1721774984.487319}]},{"host":{"consumption":17334474.0,"timestamp":1721774984.5435073,"components":{"disks":[{"disk_type":"SSD","disk_mount_point":"/etc/hosts","disk_is_removable":false,"disk_file_system":"ext4","disk_total_bytes":"33634926592","disk_available_bytes":"9871548416","disk_name":"/dev/nvme0n1p4"}]}},"consumers":[{"exe":"/","cmdline":"runcinit","pid":464200,"resources_usage":null,"consumption":403127.28,"timestamp":1721774984.5433743,"container":null},{"exe":"/usr/local/bin/scaphandre","cmdline":"/usr/local/bin/scaphandrejson-s0--step-nano10000000-f/home/ce-p2-r-1/17/power.json","pid":464125,"resources_usage":null,"consumption":201563.64,"timestamp":1721774984.5433834,"container":null},{"exe":"","cmdline":"","pid":390461,"resources_usage":null,"consumption":0.0,"timestamp":1721774984.543334,"container":null},{"exe":"","cmdline":"","pid":66,"resources_usage":null,"consumption":0.0,"timestamp":1721774984.543335,"container":null},{"exe":"","cmdline":"","pid":458474,"resources_usage":null,"consumption":0.0,"timestamp":1721774984.5433354,"container":null},{"exe":"","cmdline":"","pid":56,"resources_usage":null,"consumption":0.0,"timestamp":1721774984.5433357,"container":null},{"exe":"","cmdline":"","pid":373726,"resources_usage":null,"consumption":0.0,"timestamp":1721774984.543336,"container":null},{"exe":"","cmdline":"","pid":119,"resources_usage":null,"consumption":0.0,"timestamp":1721774984.5433362,"container":null},{"exe":"/usr/bin/udevadm","cmdline":"/lib/systemd/systemd-udevd","pid":464096,"resources_usage":null,"consumption":0.0,"timestamp":1721774984.5433364,"container":null},{"exe":"","cmdline":"","pid":54,"resources_usage":null,"consumption":0.0,"timestamp":1721774984.5433366,"container":null}],"sockets":[{"id":0,"consumption":12656884.0,"domains":[{"name":"uncore","consumption":0.0,"timestamp":1721774984.5229075},{"name":"core","consumption":10378235.0,"timestamp":1721774984.5228968}],"timestamp":1721774984.5227242}]},{"host":{"consumption":12000035.0,"timestamp":1721774984.5799096,"components":{"disks":[{"disk_type":"SSD","disk_mount_point":"/etc/hosts","disk_is_removable":false,"disk_file_system":"ext4","disk_total_bytes":"33634926592","disk_available_bytes":"9871548416","disk_name":"/dev/nvme0n1p4"}]}},"consumers":[{"exe":"/","cmdline":"runcinit","pid":464200,"resources_usage":null,"consumption":209302.95,"timestamp":1721774984.5798085,"container":null},{"exe":"/usr/local/bin/scaphandre","cmdline":"/usr/local/bin/scaphandrejson-s0--step-nano10000000-f/home/ce-p2-r-1/17/power.json","pid":464125,"resources_usage":null,"consumption":139535.28,"timestamp":1721774984.579822,"container":null},{"exe":"","cmdline":"","pid":390461,"resources_usage":null,"consumption":0.0,"timestamp":1721774984.5797415,"container":null},{"exe":"","cmdline":"","pid":66,"resources_usage":null,"consumption":0.0,"timestamp":1721774984.5797424,"container":null},{"exe":"","cmdline":"","pid":458474,"resources_usage":null,"consumption":0.0,"timestamp":1721774984.579743,"container":null},{"exe":"","cmdline":"","pid":56,"resources_usage":null,"consumption":0.0,"timestamp":1721774984.5797431,"container":null},{"exe":"","cmdline":"","pid":373726,"resources_usage":null,"consumption":0.0,"timestamp":1721774984.5797434,"container":null},{"exe":"","cmdline":"","pid":119,"resources_usage":null,"consumption":0.0,"timestamp":1721774984.5797439,"container":null},{"exe":"/usr/bin/udevadm","cmdline":"/lib/systemd/systemd-udevd","pid":464096,"resources_usage":null,"consumption":0.0,"timestamp":1721774984.579744,"container":null},{"exe":"","cmdline":"","pid":54,"resources_usage":null,"consumption":0.0,"timestamp":1721774984.5797448,"container":null}],"sockets":[{"id":0,"consumption":13675602.0,"domains":[{"name":"uncore","consumption":0.0,"timestamp":1721774984.5588753},{"name":"core","consumption":11462848.0,"timestamp":1721774984.5588644}],"timestamp":1721774984.55875}]},{"host":{"consumption":12337364.0,"timestamp":1721774984.618171,"components":{"disks":[{"disk_type":"SSD","disk_mount_point":"/etc/hosts","disk_is_removable":false,"disk_file_system":"ext4","disk_total_bytes":"33634926592","disk_available_bytes":"9871544320","disk_name":"/dev/nvme0n1p4"}]}},"consumers":[{"exe":"/","cmdline":"runcinit","pid":464200,"resources_usage":null,"consumption":286915.44,"timestamp":1721774984.617895,"container":null},{"exe":"/usr/local/bin/scaphandre","cmdline":"/usr/local/bin/scaphandrejson-s0--step-nano10000000-f/home/ce-p2-r-1/17/power.json","pid":464125,"resources_usage":null,"consumption":143457.72,"timestamp":1721774984.6179044,"container":null},{"exe":"","cmdline":"","pid":390461,"resources_usage":null,"consumption":0.0,"timestamp":1721774984.6178532,"container":null},{"exe":"","cmdline":"","pid":66,"resources_usage":null,"consumption":0.0,"timestamp":1721774984.6178544,"container":null},{"exe":"","cmdline":"","pid":458474,"resources_usage":null,"consumption":0.0,"timestamp":1721774984.6178546,"container":null},{"exe":"","cmdline":"","pid":56,"resources_usage":null,"consumption":0.0,"timestamp":1721774984.6178548,"container":null},{"exe":"","cmdline":"","pid":373726,"resources_usage":null,"consumption":0.0,"timestamp":1721774984.617855,"container":null},{"exe":"","cmdline":"","pid":119,"resources_usage":null,"consumption":0.0,"timestamp":1721774984.6178553,"container":null},{"exe":"/usr/bin/udevadm","cmdline":"/lib/systemd/systemd-udevd","pid":464096,"resources_usage":null,"consumption":0.0,"timestamp":1721774984.6178555,"container":null},{"exe":"","cmdline":"","pid":54,"resources_usage":null,"consumption":0.0,"timestamp":1721774984.617856,"container":null}],"sockets":[{"id":0,"consumption":12324145.0,"domains":[{"name":"uncore","consumption":0.0,"timestamp":1721774984.597817},{"name":"core","consumption":10118486.0,"timestamp":1721774984.5977468}],"timestamp":1721774984.5975378}]},{"host":{"consumption":21032290.0,"timestamp":1721774984.653221,"components":{"disks":[{"disk_type":"SSD","disk_mount_point":"/etc/hosts","disk_is_removable":false,"disk_file_system":"ext4","disk_total_bytes":"33634926592","disk_available_bytes":"9871544320","disk_name":"/dev/nvme0n1p4"}]}},"consumers":[{"exe":"/","cmdline":"runcinit","pid":464200,"resources_usage":null,"consumption":489123.0,"timestamp":1721774984.652952,"container":null},{"exe":"/usr/local/bin/scaphandre","cmdline":"/usr/local/bin/scaphandrejson-s0--step-nano10000000-f/home/ce-p2-r-1/17/power.json","pid":464125,"resources_usage":null,"consumption":122280.75,"timestamp":1721774984.6529605,"container":null},{"exe":"","cmdline":"","pid":390461,"resources_usage":null,"consumption":0.0,"timestamp":1721774984.652911,"container":null},{"exe":"","cmdline":"","pid":66,"resources_usage":null,"consumption":0.0,"timestamp":1721774984.652912,"container":null},{"exe":"","cmdline":"","pid":458474,"resources_usage":null,"consumption":0.0,"timestamp":1721774984.6529124,"container":null},{"exe":"","cmdline":"","pid":56,"resources_usage":null,"consumption":0.0,"timestamp":1721774984.6529126,"container":null},{"exe":"","cmdline":"","pid":373726,"resources_usage":null,"consumption":0.0,"timestamp":1721774984.6529129,"container":null},{"exe":"","cmdline":"","pid":119,"resources_usage":null,"consumption":0.0,"timestamp":1721774984.652913,"container":null},{"exe":"/usr/bin/udevadm","cmdline":"/lib/systemd/systemd-udevd","pid":464096,"resources_usage":null,"consumption":0.0,"timestamp":1721774984.6529133,"container":null},{"exe":"","cmdline":"","pid":54,"resources_usage":null,"consumption":0.0,"timestamp":1721774984.6529138,"container":null}],"sockets":[{"id":0,"consumption":17819856.0,"domains":[{"name":"uncore","consumption":0.0,"timestamp":1721774984.6338968},{"name":"core","consumption":15550562.0,"timestamp":1721774984.6337228}],"timestamp":1721774984.6334226}]},{"host":{"consumption":22770564.0,"timestamp":1721774984.6940198,"components":{"disks":[{"disk_type":"SSD","disk_mount_point":"/etc/hosts","disk_is_removable":false,"disk_file_system":"ext4","disk_total_bytes":"33634926592","disk_available_bytes":"9871540224","disk_name":"/dev/nvme0n1p4"}]}},"consumers":[{"exe":"/","cmdline":"runcinit","pid":464200,"resources_usage":null,"consumption":529547.94,"timestamp":1721774984.693893,"container":null},{"exe":"/usr/local/bin/scaphandre","cmdline":"/usr/local/bin/scaphandrejson-s0--step-nano10000000-f/home/ce-p2-r-1/17/power.json","pid":464125,"resources_usage":null,"consumption":397161.0,"timestamp":1721774984.6939015,"container":null},{"exe":"","cmdline":"","pid":14,"resources_usage":null,"consumption":132386.98,"timestamp":1721774984.693889,"container":null},{"exe":"","cmdline":"","pid":390461,"resources_usage":null,"consumption":0.0,"timestamp":1721774984.6938524,"container":null},{"exe":"","cmdline":"","pid":66,"resources_usage":null,"consumption":0.0,"timestamp":1721774984.6938531,"container":null},{"exe":"","cmdline":"","pid":458474,"resources_usage":null,"consumption":0.0,"timestamp":1721774984.6938534,"container":null},{"exe":"","cmdline":"","pid":56,"resources_usage":null,"consumption":0.0,"timestamp":1721774984.693854,"container":null},{"exe":"","cmdline":"","pid":373726,"resources_usage":null,"consumption":0.0,"timestamp":1721774984.6938543,"container":null},{"exe":"","cmdline":"","pid":119,"resources_usage":null,"consumption":0.0,"timestamp":1721774984.6938548,"container":null},{"exe":"/usr/bin/udevadm","cmdline":"/lib/systemd/systemd-udevd","pid":464096,"resources_usage":null,"consumption":0.0,"timestamp":1721774984.693855,"container":null}],"sockets":[{"id":0,"consumption":27222132.0,"domains":[{"name":"uncore","consumption":0.0,"timestamp":1721774984.6687663},{"name":"core","consumption":24955772.0,"timestamp":1721774984.6686478}],"timestamp":1721774984.6683614}]},{"host":{"consumption":25379748.0,"timestamp":1721774984.7291958,"components":{"disks":[{"disk_type":"SSD","disk_mount_point":"/etc/hosts","disk_is_removable":false,"disk_file_system":"ext4","disk_total_bytes":"33634926592","disk_available_bytes":"9871540224","disk_name":"/dev/nvme0n1p4"}]}},"consumers":[{"exe":"/","cmdline":"runcinit","pid":464200,"resources_usage":null,"consumption":442670.06,"timestamp":1721774984.7290776,"container":null},{"exe":"/usr/local/bin/scaphandre","cmdline":"/usr/local/bin/scaphandrejson-s0--step-nano10000000-f/home/ce-p2-r-1/17/power.json","pid":464125,"resources_usage":null,"consumption":147556.67,"timestamp":1721774984.7290864,"container":null},{"exe":"","cmdline":"","pid":390461,"resources_usage":null,"consumption":0.0,"timestamp":1721774984.7290368,"container":null},{"exe":"","cmdline":"","pid":66,"resources_usage":null,"consumption":0.0,"timestamp":1721774984.7290378,"container":null},{"exe":"","cmdline":"","pid":458474,"resources_usage":null,"consumption":0.0,"timestamp":1721774984.729038,"container":null},{"exe":"","cmdline":"","pid":56,"resources_usage":null,"consumption":0.0,"timestamp":1721774984.7290382,"container":null},{"exe":"","cmdline":"","pid":373726,"resources_usage":null,"consumption":0.0,"timestamp":1721774984.7290385,"container":null},{"exe":"","cmdline":"","pid":119,"resources_usage":null,"consumption":0.0,"timestamp":1721774984.7290387,"container":null},{"exe":"/usr/bin/udevadm","cmdline":"/lib/systemd/systemd-udevd","pid":464096,"resources_usage":null,"consumption":0.0,"timestamp":1721774984.7290387,"container":null},{"exe":"","cmdline":"","pid":54,"resources_usage":null,"consumption":0.0,"timestamp":1721774984.7290392,"container":null}],"sockets":[{"id":0,"consumption":17547708.0,"domains":[{"name":"uncore","consumption":0.0,"timestamp":1721774984.7098424},{"name":"core","consumption":15088940.0,"timestamp":1721774984.7096198}],"timestamp":1721774984.7092898}]},{"host":{"consumption":14968407.0,"timestamp":1721774984.7647524,"components":{"disks":[{"disk_type":"SSD","disk_mount_point":"/etc/hosts","disk_is_removable":false,"disk_file_system":"ext4","disk_total_bytes":"33634926592","disk_available_bytes":"9871536128","disk_name":"/dev/nvme0n1p4"}]}},"consumers":[{"exe":"/","cmdline":"runcinit","pid":464200,"resources_usage":null,"consumption":338269.1,"timestamp":1721774984.764631,"container":null},{"exe":"/usr/local/bin/scaphandre","cmdline":"/usr/local/bin/scaphandrejson-s0--step-nano10000000-f/home/ce-p2-r-1/17/power.json","pid":464125,"resources_usage":null,"consumption":169134.55,"timestamp":1721774984.7646394,"container":null},{"exe":"","cmdline":"","pid":390461,"resources_usage":null,"consumption":0.0,"timestamp":1721774984.7645907,"container":null},{"exe":"","cmdline":"","pid":66,"resources_usage":null,"consumption":0.0,"timestamp":1721774984.7645917,"container":null},{"exe":"","cmdline":"","pid":458474,"resources_usage":null,"consumption":0.0,"timestamp":1721774984.764592,"container":null},{"exe":"","cmdline":"","pid":56,"resources_usage":null,"consumption":0.0,"timestamp":1721774984.7645926,"container":null},{"exe":"","cmdline":"","pid":373726,"resources_usage":null,"consumption":0.0,"timestamp":1721774984.7645931,"container":null},{"exe":"","cmdline":"","pid":119,"resources_usage":null,"consumption":0.0,"timestamp":1721774984.7645934,"container":null},{"exe":"/usr/bin/udevadm","cmdline":"/lib/systemd/systemd-udevd","pid":464096,"resources_usage":null,"consumption":0.0,"timestamp":1721774984.7645936,"container":null},{"exe":"","cmdline":"","pid":54,"resources_usage":null,"consumption":0.0,"timestamp":1721774984.764594,"container":null}],"sockets":[{"id":0,"consumption":23573314.0,"domains":[{"name":"uncore","consumption":0.0,"timestamp":1721774984.7451663},{"name":"core","consumption":21432328.0,"timestamp":1721774984.7449467}],"timestamp":1721774984.7446861}]},{"host":{"consumption":18733984.0,"timestamp":1721774984.8005967,"components":{"disks":[{"disk_type":"SSD","disk_mount_point":"/etc/hosts","disk_is_removable":false,"disk_file_system":"ext4","disk_total_bytes":"33634926592","disk_available_bytes":"9871532032","disk_name":"/dev/nvme0n1p4"}]}},"consumers":[{"exe":"/usr/local/bin/scaphandre","cmdline":"/usr/local/bin/scaphandrejson-s0--step-nano10000000-f/home/ce-p2-r-1/17/power.json","pid":464125,"resources_usage":null,"consumption":317525.16,"timestamp":1721774984.8004556,"container":null},{"exe":"","cmdline":"","pid":390461,"resources_usage":null,"consumption":0.0,"timestamp":1721774984.8004003,"container":null},{"exe":"","cmdline":"","pid":66,"resources_usage":null,"consumption":0.0,"timestamp":1721774984.8004017,"container":null},{"exe":"","cmdline":"","pid":458474,"resources_usage":null,"consumption":0.0,"timestamp":1721774984.800402,"container":null},{"exe":"","cmdline":"","pid":56,"resources_usage":null,"consumption":0.0,"timestamp":1721774984.8004022,"container":null},{"exe":"","cmdline":"","pid":373726,"resources_usage":null,"consumption":0.0,"timestamp":1721774984.8004026,"container":null},{"exe":"","cmdline":"","pid":119,"resources_usage":null,"consumption":0.0,"timestamp":1721774984.8004029,"container":null},{"exe":"/usr/bin/udevadm","cmdline":"/lib/systemd/systemd-udevd","pid":464096,"resources_usage":null,"consumption":0.0,"timestamp":1721774984.800403,"container":null},{"exe":"","cmdline":"","pid":54,"resources_usage":null,"consumption":0.0,"timestamp":1721774984.8004036,"container":null},{"exe":"/home/philipp/.vscode-server/extensions/ms-python.python-2024.10.0-linux-x64/python-env-tools/bin/pet","cmdline":"/home/philipp/.vscode-server/extensions/ms-python.python-2024.10.0-linux-x64/python-env-tools/bin/petserver","pid":1927,"resources_usage":null,"consumption":0.0,"timestamp":1721774984.8004038,"container":null}],"sockets":[{"id":0,"consumption":16084475.0,"domains":[{"name":"uncore","consumption":0.0,"timestamp":1721774984.7799706},{"name":"core","consumption":13886429.0,"timestamp":1721774984.7799597}],"timestamp":1721774984.7798436}]},{"host":{"consumption":9513403.0,"timestamp":1721774984.839386,"components":{"disks":[{"disk_type":"SSD","disk_mount_point":"/etc/hosts","disk_is_removable":false,"disk_file_system":"ext4","disk_total_bytes":"33634926592","disk_available_bytes":"9871532032","disk_name":"/dev/nvme0n1p4"}]}},"consumers":[{"exe":"/usr/local/bin/scaphandre","cmdline":"/usr/local/bin/scaphandrejson-s0--step-nano10000000-f/home/ce-p2-r-1/17/power.json","pid":464125,"resources_usage":null,"consumption":107496.08,"timestamp":1721774984.8392496,"container":null},{"exe":"","cmdline":"","pid":390461,"resources_usage":null,"consumption":0.0,"timestamp":1721774984.8391638,"container":null},{"exe":"","cmdline":"","pid":66,"resources_usage":null,"consumption":0.0,"timestamp":1721774984.8391654,"container":null},{"exe":"","cmdline":"","pid":458474,"resources_usage":null,"consumption":0.0,"timestamp":1721774984.8391662,"container":null},{"exe":"","cmdline":"","pid":56,"resources_usage":null,"consumption":0.0,"timestamp":1721774984.8391666,"container":null},{"exe":"","cmdline":"","pid":373726,"resources_usage":null,"consumption":0.0,"timestamp":1721774984.8391674,"container":null},{"exe":"","cmdline":"","pid":119,"resources_usage":null,"consumption":0.0,"timestamp":1721774984.8391678,"container":null},{"exe":"/usr/bin/udevadm","cmdline":"/lib/systemd/systemd-udevd","pid":464096,"resources_usage":null,"consumption":0.0,"timestamp":1721774984.839168,"container":null},{"exe":"","cmdline":"","pid":54,"resources_usage":null,"consumption":0.0,"timestamp":1721774984.8391688,"container":null},{"exe":"/home/philipp/.vscode-server/extensions/ms-python.python-2024.10.0-linux-x64/python-env-tools/bin/pet","cmdline":"/home/philipp/.vscode-server/extensions/ms-python.python-2024.10.0-linux-x64/python-env-tools/bin/petserver","pid":1927,"resources_usage":null,"consumption":0.0,"timestamp":1721774984.8391693,"container":null}],"sockets":[{"id":0,"consumption":16532383.0,"domains":[{"name":"uncore","consumption":0.0,"timestamp":1721774984.816496},{"name":"core","consumption":13826946.0,"timestamp":1721774984.8164828}],"timestamp":1721774984.8163338}]},{"host":{"consumption":5423924.0,"timestamp":1721774984.8816519,"components":{"disks":[{"disk_type":"SSD","disk_mount_point":"/etc/hosts","disk_is_removable":false,"disk_file_system":"ext4","disk_total_bytes":"33634926592","disk_available_bytes":"9871532032","disk_name":"/dev/nvme0n1p4"}]}},"consumers":[{"exe":"/usr/local/bin/scaphandre","cmdline":"/usr/local/bin/scaphandrejson-s0--step-nano10000000-f/home/ce-p2-r-1/17/power.json","pid":464125,"resources_usage":null,"consumption":91930.914,"timestamp":1721774984.881481,"container":null},{"exe":"","cmdline":"","pid":390461,"resources_usage":null,"consumption":0.0,"timestamp":1721774984.8813708,"container":null},{"exe":"","cmdline":"","pid":66,"resources_usage":null,"consumption":0.0,"timestamp":1721774984.881373,"container":null},{"exe":"","cmdline":"","pid":458474,"resources_usage":null,"consumption":0.0,"timestamp":1721774984.881374,"container":null},{"exe":"","cmdline":"","pid":56,"resources_usage":null,"consumption":0.0,"timestamp":1721774984.8813748,"container":null},{"exe":"","cmdline":"","pid":373726,"resources_usage":null,"consumption":0.0,"timestamp":1721774984.8813756,"container":null},{"exe":"","cmdline":"","pid":119,"resources_usage":null,"consumption":0.0,"timestamp":1721774984.881376,"container":null},{"exe":"/usr/bin/udevadm","cmdline":"/lib/systemd/systemd-udevd","pid":464096,"resources_usage":null,"consumption":0.0,"timestamp":1721774984.8813765,"container":null},{"exe":"","cmdline":"","pid":54,"resources_usage":null,"consumption":0.0,"timestamp":1721774984.8813775,"container":null},{"exe":"/home/philipp/.vscode-server/extensions/ms-python.python-2024.10.0-linux-x64/python-env-tools/bin/pet","cmdline":"/home/philipp/.vscode-server/extensions/ms-python.python-2024.10.0-linux-x64/python-env-tools/bin/petserver","pid":1927,"resources_usage":null,"consumption":0.0,"timestamp":1721774984.8813782,"container":null}],"sockets":[{"id":0,"consumption":5807608.0,"domains":[{"name":"uncore","consumption":0.0,"timestamp":1721774984.8571434},{"name":"core","consumption":2938247.0,"timestamp":1721774984.857031}],"timestamp":1721774984.8567638}]},{"host":{"consumption":5803021.0,"timestamp":1721774984.923681,"components":{"disks":[{"disk_type":"SSD","disk_mount_point":"/etc/hosts","disk_is_removable":false,"disk_file_system":"ext4","disk_total_bytes":"33634926592","disk_available_bytes":"9871527936","disk_name":"/dev/nvme0n1p4"}]}},"consumers":[{"exe":"/usr/local/bin/scaphandre","cmdline":"/usr/local/bin/scaphandrejson-s0--step-nano10000000-f/home/ce-p2-r-1/17/power.json","pid":464125,"resources_usage":null,"consumption":163927.14,"timestamp":1721774984.9235272,"container":null},{"exe":"/usr/bin/udevadm","cmdline":"/lib/systemd/systemd-udevd","pid":482,"resources_usage":null,"consumption":32785.43,"timestamp":1721774984.923529,"container":null},{"exe":"/usr/sbin/NetworkManager","cmdline":"/usr/sbin/NetworkManager--no-daemon","pid":810,"resources_usage":null,"consumption":32785.43,"timestamp":1721774984.9235559,"container":null},{"exe":"","cmdline":"","pid":390461,"resources_usage":null,"consumption":0.0,"timestamp":1721774984.9234278,"container":null},{"exe":"","cmdline":"","pid":66,"resources_usage":null,"consumption":0.0,"timestamp":1721774984.9234297,"container":null},{"exe":"","cmdline":"","pid":458474,"resources_usage":null,"consumption":0.0,"timestamp":1721774984.9234304,"container":null},{"exe":"","cmdline":"","pid":56,"resources_usage":null,"consumption":0.0,"timestamp":1721774984.9234312,"container":null},{"exe":"","cmdline":"","pid":373726,"resources_usage":null,"consumption":0.0,"timestamp":1721774984.9234316,"container":null},{"exe":"","cmdline":"","pid":119,"resources_usage":null,"consumption":0.0,"timestamp":1721774984.923432,"container":null},{"exe":"/usr/bin/udevadm","cmdline":"/lib/systemd/systemd-udevd","pid":464096,"resources_usage":null,"consumption":0.0,"timestamp":1721774984.9234326,"container":null}],"sockets":[{"id":0,"consumption":5481751.0,"domains":[{"name":"uncore","consumption":0.0,"timestamp":1721774984.9012675},{"name":"core","consumption":2700577.0,"timestamp":1721774984.9011476}],"timestamp":1721774984.900844}]},{"host":{"consumption":6949766.0,"timestamp":1721774984.9646153,"components":{"disks":[{"disk_type":"SSD","disk_mount_point":"/etc/hosts","disk_is_removable":false,"disk_file_system":"ext4","disk_total_bytes":"33634926592","disk_available_bytes":"9871527936","disk_name":"/dev/nvme0n1p4"}]}},"consumers":[{"exe":"/usr/local/bin/scaphandre","cmdline":"/usr/local/bin/scaphandrejson-s0--step-nano10000000-f/home/ce-p2-r-1/17/power.json","pid":464125,"resources_usage":null,"consumption":117792.65,"timestamp":1721774984.964417,"container":null},{"exe":"/usr/sbin/NetworkManager","cmdline":"/usr/sbin/NetworkManager--no-daemon","pid":810,"resources_usage":null,"consumption":39264.215,"timestamp":1721774984.9644432,"container":null},{"exe":"","cmdline":"","pid":390461,"resources_usage":null,"consumption":0.0,"timestamp":1721774984.9643266,"container":null},{"exe":"","cmdline":"","pid":66,"resources_usage":null,"consumption":0.0,"timestamp":1721774984.9643283,"container":null},{"exe":"","cmdline":"","pid":458474,"resources_usage":null,"consumption":0.0,"timestamp":1721774984.9643288,"container":null},{"exe":"","cmdline":"","pid":56,"resources_usage":null,"consumption":0.0,"timestamp":1721774984.9643295,"container":null},{"exe":"","cmdline":"","pid":373726,"resources_usage":null,"consumption":0.0,"timestamp":1721774984.96433,"container":null},{"exe":"","cmdline":"","pid":119,"resources_usage":null,"consumption":0.0,"timestamp":1721774984.9643304,"container":null},{"exe":"/usr/bin/udevadm","cmdline":"/lib/systemd/systemd-udevd","pid":464096,"resources_usage":null,"consumption":0.0,"timestamp":1721774984.9643307,"container":null},{"exe":"","cmdline":"","pid":54,"resources_usage":null,"consumption":0.0,"timestamp":1721774984.9643314,"container":null}],"sockets":[{"id":0,"consumption":7644730.0,"domains":[{"name":"uncore","consumption":0.0,"timestamp":1721774984.9422219},{"name":"core","consumption":4590956.0,"timestamp":1721774984.9421482}],"timestamp":1721774984.9418576}]},{"host":{"consumption":7876167.0,"timestamp":1721774985.0112276,"components":{"disks":[{"disk_type":"SSD","disk_mount_point":"/etc/hosts","disk_is_removable":false,"disk_file_system":"ext4","disk_total_bytes":"33634926592","disk_available_bytes":"9871523840","disk_name":"/dev/nvme0n1p4"}]}},"consumers":[{"exe":"/usr/local/bin/scaphandre","cmdline":"/usr/local/bin/scaphandrejson-s0--step-nano10000000-f/home/ce-p2-r-1/17/power.json","pid":464125,"resources_usage":null,"consumption":251367.05,"timestamp":1721774985.011093,"container":null},{"exe":"/usr/lib/systemd/systemd-journald","cmdline":"/lib/systemd/systemd-journald","pid":440,"resources_usage":null,"consumption":41894.504,"timestamp":1721774985.01106,"container":null},{"exe":"","cmdline":"","pid":390461,"resources_usage":null,"consumption":0.0,"timestamp":1721774985.0109954,"container":null},{"exe":"","cmdline":"","pid":66,"resources_usage":null,"consumption":0.0,"timestamp":1721774985.0109975,"container":null},{"exe":"","cmdline":"","pid":458474,"resources_usage":null,"consumption":0.0,"timestamp":1721774985.0109982,"container":null},{"exe":"","cmdline":"","pid":56,"resources_usage":null,"consumption":0.0,"timestamp":1721774985.010999,"container":null},{"exe":"","cmdline":"","pid":373726,"resources_usage":null,"consumption":0.0,"timestamp":1721774985.0109994,"container":null},{"exe":"","cmdline":"","pid":119,"resources_usage":null,"consumption":0.0,"timestamp":1721774985.011,"container":null},{"exe":"/usr/bin/udevadm","cmdline":"/lib/systemd/systemd-udevd","pid":464096,"resources_usage":null,"consumption":0.0,"timestamp":1721774985.0110004,"container":null},{"exe":"","cmdline":"","pid":54,"resources_usage":null,"consumption":0.0,"timestamp":1721774985.0110013,"container":null}],"sockets":[{"id":0,"consumption":6101623.0,"domains":[{"name":"uncore","consumption":0.0,"timestamp":1721774984.9824135},{"name":"core","consumption":3558261.0,"timestamp":1721774984.9823892}],"timestamp":1721774984.98208}]}]