[
    {
        "host": {
            "consumption": 11875034.0,
            "timestamp": 1721774984.0106468,
            "components": {
                "disks": [
                    {
                        "disk_type": "SSD",
                        "disk_mount_point": "/etc/hosts",
                        "disk_is_removable": false,
                        "disk_file_system": "ext4",
                        "disk_total_bytes": "33634926592",
                        "disk_available_bytes": "9871568896",
                        "disk_name": "/dev/nvme0n1p4"
                    }
                ]
            }
        },
        "consumers": [
            {
                "exe": "/usr/local/bin/scaphandre",
                "cmdline": "/usr/local/bin/scaphandrejson-s0--step-nano10000000-f/home/ce-p2-r-1/17/power.json",
                "pid": 464125,
                "resources_usage": null,
                "consumption": 277778.6,
                "timestamp": 1721774984.0105422,
                "container": null
            },
            {
                "exe": "/usr/bin/python3.10",
                "cmdline": "python3src/experiment/runner.pytest.yaml",
                "pid": 458168,
                "resources_usage": null,
                "consumption": 69444.65,
                "timestamp": 1721774984.0105054,
                "container": null
            },
            {
                "exe": "/usr/bin/dockerd",
                "cmdline": "/usr/bin/dockerd-Hfd://--containerd=/run/containerd/containerd.sock",
                "pid": 1100,
                "resources_usage": null,
                "consumption": 69444.65,
                "timestamp": 1721774984.0105062,
                "container": null
            },
            {
                "exe": "/usr/bin/dbus-daemon",
                "cmdline": "@dbus-daemon--system--address=systemd:--nofork--nopidfile--systemd-activation--syslog-only",
                "pid": 809,
                "resources_usage": null,
                "consumption": 69444.65,
                "timestamp": 1721774984.010547,
                "container": null
            },
            {
                "exe": "",
                "cmdline": "",
                "pid": 390461,
                "resources_usage": null,
                "consumption": 0.0,
                "timestamp": 1721774984.0104804,
                "container": null
            },
            {
                "exe": "",
                "cmdline": "",
                "pid": 66,
                "resources_usage": null,
                "consumption": 0.0,
                "timestamp": 1721774984.0104816,
                "container": null
            },
            {
                "exe": "",
                "cmdline": "",
                "pid": 458474,
                "resources_usage": null,
                "consumption": 0.0,
                "timestamp": 1721774984.0104818,
                "container": null
            },
            {
                "exe": "",
                "cmdline": "",
                "pid": 56,
                "resources_usage": null,
                "consumption": 0.0,
                "timestamp": 1721774984.010482,
                "container": null
            },
            {
                "exe": "",
                "cmdline": "",
                "pid": 373726,
                "resources_usage": null,
                "consumption": 0.0,
                "timestamp": 1721774984.0104825,
                "container": null
            },
            {
                "exe": "",
                "cmdline": "",
                "pid": 119,
                "resources_usage": null,
                "consumption": 0.0,
                "timestamp": 1721774984.0104828,
                "container": null
            }
        ],
        "sockets": [
            {
                "id": 0,
                "consumption": 6628064.0,
                "domains": [
                    {
                        "name": "uncore",
                        "consumption": 0.0,
                        "timestamp": 1721774983.9913094
                    },
                    {
                        "name": "core",
                        "consumption": 4106838.0,
                        "timestamp": 1721774983.9912984
                    }
                ],
                "timestamp": 1721774983.9911735
            }
        ]
    },
    {
        "host": {
            "consumption": 19895596.0,
            "timestamp": 1721774984.045377,
            "components": {
                "disks": [
                    {
                        "disk_type": "SSD",
                        "disk_mount_point": "/etc/hosts",
                        "disk_is_removable": false,
                        "disk_file_system": "ext4",
                        "disk_total_bytes": "33634926592",
                        "disk_available_bytes": "9871577088",
                        "disk_name": "/dev/nvme0n1p4"
                    }
                ]
            }
        },
        "consumers": [
            {
                "exe": "/",
                "cmdline": "runcinit",
                "pid": 464200,
                "resources_usage": null,
                "consumption": 465394.1,
                "timestamp": 1721774984.0453138,
                "container": null
            },
            {
                "exe": "/usr/local/bin/scaphandre",
                "cmdline": "/usr/local/bin/scaphandrejson-s0--step-nano10000000-f/home/ce-p2-r-1/17/power.json",
                "pid": 464125,
                "resources_usage": null,
                "consumption": 232697.05,
                "timestamp": 1721774984.0453281,
                "container": null
            },
            {
                "exe": "",
                "cmdline": "",
                "pid": 390461,
                "resources_usage": null,
                "consumption": 0.0,
                "timestamp": 1721774984.0452733,
                "container": null
            },
            {
                "exe": "",
                "cmdline": "",
                "pid": 66,
                "resources_usage": null,
                "consumption": 0.0,
                "timestamp": 1721774984.0452743,
                "container": null
            },
            {
                "exe": "",
                "cmdline": "",
                "pid": 458474,
                "resources_usage": null,
                "consumption": 0.0,
                "timestamp": 1721774984.0452745,
                "container": null
            },
            {
                "exe": "",
                "cmdline": "",
                "pid": 56,
                "resources_usage": null,
                "consumption": 0.0,
                "timestamp": 1721774984.045275,
                "container": null
            },
            {
                "exe": "",
                "cmdline": "",
                "pid": 373726,
                "resources_usage": null,
                "consumption": 0.0,
                "timestamp": 1721774984.0452752,
                "container": null
            },
            {
                "exe": "",
                "cmdline": "",
                "pid": 119,
                "resources_usage": null,
                "consumption": 0.0,
                "timestamp": 1721774984.0452754,
                "container": null
            },
            {
                "exe": "/usr/bin/udevadm",
                "cmdline": "/lib/systemd/systemd-udevd",
                "pid": 464096,
                "resources_usage": null,
                "consumption": 0.0,
                "timestamp": 1721774984.045276,
                "container": null
            },
            {
                "exe": "",
                "cmdline": "",
                "pid": 54,
                "resources_usage": null,
                "consumption": 0.0,
                "timestamp": 1721774984.0452764,
                "container": null
            }
        ],
        "sockets": [
            {
                "id": 0,
                "consumption": 19007864.0,
                "domains": [
                    {
                        "name": "uncore",
                        "consumption": 0.0,
                        "timestamp": 1721774984.027389
                    },
                    {
                        "name": "core",
                        "consumption": 15905231.0,
                        "timestamp": 1721774984.0273817
                    }
                ],
                "timestamp": 1721774984.027272
            }
        ]
    },
    {
        "host": {
            "consumption": 22389140.0,
            "timestamp": 1721774984.0787117,
            "components": {
                "disks": [
                    {
                        "disk_type": "SSD",
                        "disk_mount_point": "/etc/hosts",
                        "disk_is_removable": false,
                        "disk_file_system": "ext4",
                        "disk_total_bytes": "33634926592",
                        "disk_available_bytes": "9871572992",
                        "disk_name": "/dev/nvme0n1p4"
                    }
                ]
            }
        },
        "consumers": [
            {
                "exe": "/",
                "cmdline": "runcinit",
                "pid": 464200,
                "resources_usage": null,
                "consumption": 392791.94,
                "timestamp": 1721774984.0786521,
                "container": null
            },
            {
                "exe": "/usr/local/bin/scaphandre",
                "cmdline": "/usr/local/bin/scaphandrejson-s0--step-nano10000000-f/home/ce-p2-r-1/17/power.json",
                "pid": 464125,
                "resources_usage": null,
                "consumption": 261861.3,
                "timestamp": 1721774984.0786612,
                "container": null
            },
            {
                "exe": "",
                "cmdline": "",
                "pid": 390461,
                "resources_usage": null,
                "consumption": 0.0,
                "timestamp": 1721774984.0786116,
                "container": null
            },
            {
                "exe": "",
                "cmdline": "",
                "pid": 66,
                "resources_usage": null,
                "consumption": 0.0,
                "timestamp": 1721774984.0786126,
                "container": null
            },
            {
                "exe": "",
                "cmdline": "",
                "pid": 458474,
                "resources_usage": null,
                "consumption": 0.0,
                "timestamp": 1721774984.078613,
                "container": null
            },
            {
                "exe": "",
                "cmdline": "",
                "pid": 56,
                "resources_usage": null,
                "consumption": 0.0,
                "timestamp": 1721774984.0786133,
                "container": null
            },
            {
                "exe": "",
                "cmdline": "",
                "pid": 373726,
                "resources_usage": null,
                "consumption": 0.0,
                "timestamp": 1721774984.0786135,
                "container": null
            },
            {
                "exe": "",
                "cmdline": "",
                "pid": 119,
                "resources_usage": null,
                "consumption": 0.0,
                "timestamp": 1721774984.0786138,
                "container": null
            },
            {
                "exe": "/usr/bin/udevadm",
                "cmdline": "/lib/systemd/systemd-udevd",
                "pid": 464096,
                "resources_usage": null,
                "consumption": 0.0,
                "timestamp": 1721774984.078614,
                "container": null
            },
            {
                "exe": "",
                "cmdline": "",
                "pid": 54,
                "resources_usage": null,
                "consumption": 0.0,
                "timestamp": 1721774984.0786145,
                "container": null
            }
        ],
        "sockets": [
            {
                "id": 0,
                "consumption": 20296578.0,
                "domains": [
                    {
                        "name": "uncore",
                        "consumption": 0.0,
                        "timestamp": 1721774984.0604424
                    },
                    {
                        "name": "core",
                        "consumption": 17508808.0,
                        "timestamp": 1721774984.0604355
                    }
                ],
                "timestamp": 1721774984.0603297
            }
        ]
    },
    {
        "host": {
            "consumption": 29018240.0,
            "timestamp": 1721774984.1116583,
            "components": {
                "disks": [
                    {
                        "disk_type": "SSD",
                        "disk_mount_point": "/etc/hosts",
                        "disk_is_removable": false,
                        "disk_file_system": "ext4",
                        "disk_total_bytes": "33634926592",
                        "disk_available_bytes": "9871572992",
                        "disk_name": "/dev/nvme0n1p4"
                    }
                ]
            }
        },
        "consumers": [
            {
                "exe": "/",
                "cmdline": "runcinit",
                "pid": 464200,
                "resources_usage": null,
                "consumption": 670941.94,
                "timestamp": 1721774984.1115994,
                "container": null
            },
            {
                "exe": "/usr/local/bin/scaphandre",
                "cmdline": "/usr/local/bin/scaphandrejson-s0--step-nano10000000-f/home/ce-p2-r-1/17/power.json",
                "pid": 464125,
                "resources_usage": null,
                "consumption": 335470.97,
                "timestamp": 1721774984.1116078,
                "container": null
            },
            {
                "exe": "",
                "cmdline": "",
                "pid": 390461,
                "resources_usage": null,
                "consumption": 0.0,
                "timestamp": 1721774984.1115596,
                "container": null
            },
            {
                "exe": "",
                "cmdline": "",
                "pid": 66,
                "resources_usage": null,
                "consumption": 0.0,
                "timestamp": 1721774984.1115606,
                "container": null
            },
            {
                "exe": "",
                "cmdline": "",
                "pid": 458474,
                "resources_usage": null,
                "consumption": 0.0,
                "timestamp": 1721774984.1115608,
                "container": null
            },
            {
                "exe": "",
                "cmdline": "",
                "pid": 56,
                "resources_usage": null,
                "consumption": 0.0,
                "timestamp": 1721774984.111561,
                "container": null
            },
            {
                "exe": "",
                "cmdline": "",
                "pid": 373726,
                "resources_usage": null,
                "consumption": 0.0,
                "timestamp": 1721774984.1115613,
                "container": null
            },
            {
                "exe": "",
                "cmdline": "",
                "pid": 119,
                "resources_usage": null,
                "consumption": 0.0,
                "timestamp": 1721774984.1115615,
                "container": null
            },
            {
                "exe": "/usr/bin/udevadm",
                "cmdline": "/lib/systemd/systemd-udevd",
                "pid": 464096,
                "resources_usage": null,
                "consumption": 0.0,
                "timestamp": 1721774984.1115618,
                "container": null
            },
            {
                "exe": "",
                "cmdline": "",
                "pid": 54,
                "resources_usage": null,
                "consumption": 0.0,
                "timestamp": 1721774984.1115625,
                "container": null
            }
        ],
        "sockets": [
            {
                "id": 0,
                "consumption": 25462344.0,
                "domains": [
                    {
                        "name": "uncore",
                        "consumption": 0.0,
                        "timestamp": 1721774984.0938396
                    },
                    {
                        "name": "core",
                        "consumption": 22687334.0,
                        "timestamp": 1721774984.0938325
                    }
                ],
                "timestamp": 1721774984.0937304
            }
        ]
    },
    {
        "host": {
            "consumption": 22058228.0,
            "timestamp": 1721774984.150056,
            "components": {
                "disks": [
                    {
                        "disk_type": "SSD",
                        "disk_mount_point": "/etc/hosts",
                        "disk_is_removable": false,
                        "disk_file_system": "ext4",
                        "disk_total_bytes": "33634926592",
                        "disk_available_bytes": "9871568896",
                        "disk_name": "/dev/nvme0n1p4"
                    }
                ]
            }
        },
        "consumers": [
            {
                "exe": "/",
                "cmdline": "runcinit",
                "pid": 464200,
                "resources_usage": null,
                "consumption": 382512.62,
                "timestamp": 1721774984.1499867,
                "container": null
            },
            {
                "exe": "/usr/local/bin/scaphandre",
                "cmdline": "/usr/local/bin/scaphandrejson-s0--step-nano10000000-f/home/ce-p2-r-1/17/power.json",
                "pid": 464125,
                "resources_usage": null,
                "consumption": 255008.4,
                "timestamp": 1721774984.149996,
                "container": null
            },
            {
                "exe": "",
                "cmdline": "",
                "pid": 390461,
                "resources_usage": null,
                "consumption": 0.0,
                "timestamp": 1721774984.1499455,
                "container": null
            },
            {
                "exe": "",
                "cmdline": "",
                "pid": 66,
                "resources_usage": null,
                "consumption": 0.0,
                "timestamp": 1721774984.1499465,
                "container": null
            },
            {
                "exe": "",
                "cmdline": "",
                "pid": 458474,
                "resources_usage": null,
                "consumption": 0.0,
                "timestamp": 1721774984.1499467,
                "container": null
            },
            {
                "exe": "",
                "cmdline": "",
                "pid": 56,
                "resources_usage": null,
                "consumption": 0.0,
                "timestamp": 1721774984.149947,
                "container": null
            },
            {
                "exe": "",
                "cmdline": "",
                "pid": 373726,
                "resources_usage": null,
                "consumption": 0.0,
                "timestamp": 1721774984.1499474,
                "container": null
            },
            {
                "exe": "",
                "cmdline": "",
                "pid": 119,
                "resources_usage": null,
                "consumption": 0.0,
                "timestamp": 1721774984.149948,
                "container": null
            },
            {
                "exe": "/usr/bin/udevadm",
                "cmdline": "/lib/systemd/systemd-udevd",
                "pid": 464096,
                "resources_usage": null,
                "consumption": 0.0,
                "timestamp": 1721774984.1499481,
                "container": null
            },
            {
                "exe": "",
                "cmdline": "",
                "pid": 54,
                "resources_usage": null,
                "consumption": 0.0,
                "timestamp": 1721774984.1499486,
                "container": null
            }
        ],
        "sockets": [
            {
                "id": 0,
                "consumption": 29300188.0,
                "domains": [
                    {
                        "name": "uncore",
                        "consumption": 0.0,
                        "timestamp": 1721774984.1269104
                    },
                    {
                        "name": "core",
                        "consumption": 26775956.0,
                        "timestamp": 1721774984.126903
                    }
                ],
                "timestamp": 1721774984.1267974
            }
        ]
    },
    {
        "host": {
            "consumption": 17112278.0,
            "timestamp": 1721774984.1854522,
            "components": {
                "disks": [
                    {
                        "disk_type": "SSD",
                        "disk_mount_point": "/etc/hosts",
                        "disk_is_removable": false,
                        "disk_file_system": "ext4",
                        "disk_total_bytes": "33634926592",
                        "disk_available_bytes": "9871568896",
                        "disk_name": "/dev/nvme0n1p4"
                    }
                ]
            }
        },
        "consumers": [
            {
                "exe": "/",
                "cmdline": "runcinit",
                "pid": 464200,
                "resources_usage": null,
                "consumption": 395659.56,
                "timestamp": 1721774984.185322,
                "container": null
            },
            {
                "exe": "/usr/local/bin/scaphandre",
                "cmdline": "/usr/local/bin/scaphandrejson-s0--step-nano10000000-f/home/ce-p2-r-1/17/power.json",
                "pid": 464125,
                "resources_usage": null,
                "consumption": 197829.78,
                "timestamp": 1721774984.1853342,
                "container": null
            },
            {
                "exe": "",
                "cmdline": "",
                "pid": 390461,
                "resources_usage": null,
                "consumption": 0.0,
                "timestamp": 1721774984.185267,
                "container": null
            },
            {
                "exe": "",
                "cmdline": "",
                "pid": 66,
                "resources_usage": null,
                "consumption": 0.0,
                "timestamp": 1721774984.1852682,
                "container": null
            },
            {
                "exe": "",
                "cmdline": "",
                "pid": 458474,
                "resources_usage": null,
                "consumption": 0.0,
                "timestamp": 1721774984.1852689,
                "container": null
            },
            {
                "exe": "",
                "cmdline": "",
                "pid": 56,
                "resources_usage": null,
                "consumption": 0.0,
                "timestamp": 1721774984.1852694,
                "container": null
            },
            {
                "exe": "",
                "cmdline": "",
                "pid": 373726,
                "resources_usage": null,
                "consumption": 0.0,
                "timestamp": 1721774984.1852696,
                "container": null
            },
            {
                "exe": "",
                "cmdline": "",
                "pid": 119,
                "resources_usage": null,
                "consumption": 0.0,
                "timestamp": 1721774984.1852698,
                "container": null
            },
            {
                "exe": "/usr/bin/udevadm",
                "cmdline": "/lib/systemd/systemd-udevd",
                "pid": 464096,
                "resources_usage": null,
                "consumption": 0.0,
                "timestamp": 1721774984.18527,
                "container": null
            },
            {
                "exe": "",
                "cmdline": "",
                "pid": 54,
                "resources_usage": null,
                "consumption": 0.0,
                "timestamp": 1721774984.1852705,
                "container": null
            }
        ],
        "sockets": [
            {
                "id": 0,
                "consumption": 16372482.0,
                "domains": [
                    {
                        "name": "uncore",
                        "consumption": 0.0,
                        "timestamp": 1721774984.1654482
                    },
                    {
                        "name": "core",
                        "consumption": 13960216.0,
                        "timestamp": 1721774984.1654341
                    }
                ],
                "timestamp": 1721774984.1653216
            }
        ]
    },
    {
        "host": {
            "consumption": 17806824.0,
            "timestamp": 1721774984.2234268,
            "components": {
                "disks": [
                    {
                        "disk_type": "SSD",
                        "disk_mount_point": "/etc/hosts",
                        "disk_is_removable": false,
                        "disk_file_system": "ext4",
                        "disk_total_bytes": "33634926592",
                        "disk_available_bytes": "9871564800",
                        "disk_name": "/dev/nvme0n1p4"
                    }
                ]
            }
        },
        "consumers": [
            {
                "exe": "/",
                "cmdline": "runcinit",
                "pid": 464200,
                "resources_usage": null,
                "consumption": 411718.47,
                "timestamp": 1721774984.2232964,
                "container": null
            },
            {
                "exe": "/usr/local/bin/scaphandre",
                "cmdline": "/usr/local/bin/scaphandrejson-s0--step-nano10000000-f/home/ce-p2-r-1/17/power.json",
                "pid": 464125,
                "resources_usage": null,
                "consumption": 308788.88,
                "timestamp": 1721774984.2233057,
                "container": null
            },
            {
                "exe": "",
                "cmdline": "",
                "pid": 390461,
                "resources_usage": null,
                "consumption": 0.0,
                "timestamp": 1721774984.2232556,
                "container": null
            },
            {
                "exe": "",
                "cmdline": "",
                "pid": 66,
                "resources_usage": null,
                "consumption": 0.0,
                "timestamp": 1721774984.2232563,
                "container": null
            },
            {
                "exe": "",
                "cmdline": "",
                "pid": 458474,
                "resources_usage": null,
                "consumption": 0.0,
                "timestamp": 1721774984.2232568,
                "container": null
            },
            {
                "exe": "",
                "cmdline": "",
                "pid": 56,
                "resources_usage": null,
                "consumption": 0.0,
                "timestamp": 1721774984.223257,
                "container": null
            },
            {
                "exe": "",
                "cmdline": "",
                "pid": 373726,
                "resources_usage": null,
                "consumption": 0.0,
                "timestamp": 1721774984.2232578,
                "container": null
            },
            {
                "exe": "",
                "cmdline": "",
                "pid": 119,
                "resources_usage": null,
                "consumption": 0.0,
                "timestamp": 1721774984.223258,
                "container": null
            },
            {
                "exe": "/usr/bin/udevadm",
                "cmdline": "/lib/systemd/systemd-udevd",
                "pid": 464096,
                "resources_usage": null,
                "consumption": 0.0,
                "timestamp": 1721774984.2232583,
                "container": null
            },
            {
                "exe": "",
                "cmdline": "",
                "pid": 54,
                "resources_usage": null,
                "consumption": 0.0,
                "timestamp": 1721774984.2232585,
                "container": null
            }
        ],
        "sockets": [
            {
                "id": 0,
                "consumption": 16959274.0,
                "domains": [
                    {
                        "name": "uncore",
                        "consumption": 0.0,
                        "timestamp": 1721774984.2033143
                    },
                    {
                        "name": "core",
                        "consumption": 14577386.0,
                        "timestamp": 1721774984.2032466
                    }
                ],
                "timestamp": 1721774984.2030346
            }
        ]
    },
    {
        "host": {
            "consumption": 24410294.0,
            "timestamp": 1721774984.2588947,
            "components": {
                "disks": [
                    {
                        "disk_type": "SSD",
                        "disk_mount_point": "/etc/hosts",
                        "disk_is_removable": false,
                        "disk_file_system": "ext4",
                        "disk_total_bytes": "33634926592",
                        "disk_available_bytes": "9871564800",
                        "disk_name": "/dev/nvme0n1p4"
                    }
                ]
            }
        },
        "consumers": [
            {
                "exe": "/",
                "cmdline": "runcinit",
                "pid": 464200,
                "resources_usage": null,
                "consumption": 423299.9,
                "timestamp": 1721774984.2587712,
                "container": null
            },
            {
                "exe": "/usr/local/bin/scaphandre",
                "cmdline": "/usr/local/bin/scaphandrejson-s0--step-nano10000000-f/home/ce-p2-r-1/17/power.json",
                "pid": 464125,
                "resources_usage": null,
                "consumption": 141099.95,
                "timestamp": 1721774984.2587802,
                "container": null
            },
            {
                "exe": "",
                "cmdline": "",
                "pid": 390461,
                "resources_usage": null,
                "consumption": 0.0,
                "timestamp": 1721774984.2587318,
                "container": null
            },
            {
                "exe": "",
                "cmdline": "",
                "pid": 66,
                "resources_usage": null,
                "consumption": 0.0,
                "timestamp": 1721774984.2587328,
                "container": null
            },
            {
                "exe": "",
                "cmdline": "",
                "pid": 458474,
                "resources_usage": null,
                "consumption": 0.0,
                "timestamp": 1721774984.2587333,
                "container": null
            },
            {
                "exe": "",
                "cmdline": "",
                "pid": 56,
                "resources_usage": null,
                "consumption": 0.0,
                "timestamp": 1721774984.2587335,
                "container": null
            },
            {
                "exe": "",
                "cmdline": "",
                "pid": 373726,
                "resources_usage": null,
                "consumption": 0.0,
                "timestamp": 1721774984.2587337,
                "container": null
            },
            {
                "exe": "",
                "cmdline": "",
                "pid": 119,
                "resources_usage": null,
                "consumption": 0.0,
                "timestamp": 1721774984.258734,
                "container": null
            },
            {
                "exe": "/usr/bin/udevadm",
                "cmdline": "/lib/systemd/systemd-udevd",
                "pid": 464096,
                "resources_usage": null,
                "consumption": 0.0,
                "timestamp": 1721774984.2587342,
                "container": null
            },
            {
                "exe": "",
                "cmdline": "",
                "pid": 54,
                "resources_usage": null,
                "consumption": 0.0,
                "timestamp": 1721774984.2587347,
                "container": null
            }
        ],
        "sockets": [
            {
                "id": 0,
                "consumption": 17269052.0,
                "domains": [
                    {
                        "name": "uncore",
                        "consumption": 0.0,
                        "timestamp": 1721774984.2388303
                    },
                    {
                        "name": "core",
                        "consumption": 15042309.0,
                        "timestamp": 1721774984.2388191
                    }
                ],
                "timestamp": 1721774984.2386115
            }
        ]
    },
    {
        "host": {
            "consumption": 14667424.0,
            "timestamp": 1721774984.295131,
            "components": {
                "disks": [
                    {
                        "disk_type": "SSD",
                        "disk_mount_point": "/etc/hosts",
                        "disk_is_removable": false,
                        "disk_file_system": "ext4",
                        "disk_total_bytes": "33634926592",
                        "disk_available_bytes": "9871560704",
                        "disk_name": "/dev/nvme0n1p4"
                    }
                ]
            }
        },
        "consumers": [
            {
                "exe": "/",
                "cmdline": "runcinit",
                "pid": 464200,
                "resources_usage": null,
                "consumption": 339131.16,
                "timestamp": 1721774984.294998,
                "container": null
            },
            {
                "exe": "/usr/local/bin/scaphandre",
                "cmdline": "/usr/local/bin/scaphandrejson-s0--step-nano10000000-f/home/ce-p2-r-1/17/power.json",
                "pid": 464125,
                "resources_usage": null,
                "consumption": 169565.58,
                "timestamp": 1721774984.2950122,
                "container": null
            },
            {
                "exe": "",
                "cmdline": "",
                "pid": 390461,
                "resources_usage": null,
                "consumption": 0.0,
                "timestamp": 1721774984.2949321,
                "container": null
            },
            {
                "exe": "",
                "cmdline": "",
                "pid": 66,
                "resources_usage": null,
                "consumption": 0.0,
                "timestamp": 1721774984.294933,
                "container": null
            },
            {
                "exe": "",
                "cmdline": "",
                "pid": 458474,
                "resources_usage": null,
                "consumption": 0.0,
                "timestamp": 1721774984.2949336,
                "container": null
            },
            {
                "exe": "",
                "cmdline": "",
                "pid": 56,
                "resources_usage": null,
                "consumption": 0.0,
                "timestamp": 1721774984.294934,
                "container": null
            },
            {
                "exe": "",
                "cmdline": "",
                "pid": 373726,
                "resources_usage": null,
                "consumption": 0.0,
                "timestamp": 1721774984.2949345,
                "container": null
            },
            {
                "exe": "",
                "cmdline": "",
                "pid": 119,
                "resources_usage": null,
                "consumption": 0.0,
                "timestamp": 1721774984.2949347,
                "container": null
            },
            {
                "exe": "/usr/bin/udevadm",
                "cmdline": "/lib/systemd/systemd-udevd",
                "pid": 464096,
                "resources_usage": null,
                "consumption": 0.0,
                "timestamp": 1721774984.2949352,
                "container": null
            },
            {
                "exe": "",
                "cmdline": "",
                "pid": 54,
                "resources_usage": null,
                "consumption": 0.0,
                "timestamp": 1721774984.294936,
                "container": null
            }
        ],
        "sockets": [
            {
                "id": 0,
                "consumption": 22633044.0,
                "domains": [
                    {
                        "name": "uncore",
                        "consumption": 0.0,
                        "timestamp": 1721774984.2744346
                    },
                    {
                        "name": "core",
                        "consumption": 20414114.0,
                        "timestamp": 1721774984.2744162
                    }
                ],
                "timestamp": 1721774984.2741866
            }
        ]
    },
    {
        "host": {
            "consumption": 25609924.0,
            "timestamp": 1721774984.330508,
            "components": {
                "disks": [
                    {
                        "disk_type": "SSD",
                        "disk_mount_point": "/etc/hosts",
                        "disk_is_removable": false,
                        "disk_file_system": "ext4",
                        "disk_total_bytes": "33634926592",
                        "disk_available_bytes": "9871560704",
                        "disk_name": "/dev/nvme0n1p4"
                    }
                ]
            }
        },
        "consumers": [
            {
                "exe": "/",
                "cmdline": "runcinit",
                "pid": 464200,
                "resources_usage": null,
                "consumption": 434066.53,
                "timestamp": 1721774984.3303823,
                "container": null
            },
            {
                "exe": "/usr/local/bin/scaphandre",
                "cmdline": "/usr/local/bin/scaphandrejson-s0--step-nano10000000-f/home/ce-p2-r-1/17/power.json",
                "pid": 464125,
                "resources_usage": null,
                "consumption": 289377.7,
                "timestamp": 1721774984.3303921,
                "container": null
            },
            {
                "exe": "",
                "cmdline": "",
                "pid": 390461,
                "resources_usage": null,
                "consumption": 0.0,
                "timestamp": 1721774984.3303409,
                "container": null
            },
            {
                "exe": "",
                "cmdline": "",
                "pid": 66,
                "resources_usage": null,
                "consumption": 0.0,
                "timestamp": 1721774984.3303418,
                "container": null
            },
            {
                "exe": "",
                "cmdline": "",
                "pid": 458474,
                "resources_usage": null,
                "consumption": 0.0,
                "timestamp": 1721774984.330342,
                "container": null
            },
            {
                "exe": "",
                "cmdline": "",
                "pid": 56,
                "resources_usage": null,
                "consumption": 0.0,
                "timestamp": 1721774984.3303423,
                "container": null
            },
            {
                "exe": "",
                "cmdline": "",
                "pid": 373726,
                "resources_usage": null,
                "consumption": 0.0,
                "timestamp": 1721774984.3303425,
                "container": null
            },
            {
                "exe": "",
                "cmdline": "",
                "pid": 119,
                "resources_usage": null,
                "consumption": 0.0,
                "timestamp": 1721774984.3303428,
                "container": null
            },
            {
                "exe": "/usr/bin/udevadm",
                "cmdline": "/lib/systemd/systemd-udevd",
                "pid": 464096,
                "resources_usage": null,
                "consumption": 0.0,
                "timestamp": 1721774984.3303432,
                "container": null
            },
            {
                "exe": "",
                "cmdline": "",
                "pid": 54,
                "resources_usage": null,
                "consumption": 0.0,
                "timestamp": 1721774984.3303435,
                "container": null
            }
        ],
        "sockets": [
            {
                "id": 0,
                "consumption": 20987340.0,
                "domains": [
                    {
                        "name": "uncore",
                        "consumption": 0.0,
                        "timestamp": 1721774984.3104508
                    },
                    {
                        "name": "core",
                        "consumption": 18852120.0,
                        "timestamp": 1721774984.3104439
                    }
                ],
                "timestamp": 1721774984.3103411
            }
        ]
    },
    {
        "host": {
            "consumption": 6735584.0,
            "timestamp": 1721774984.365078,
            "components": {
                "disks": [
                    {
                        "disk_type": "SSD",
                        "disk_mount_point": "/etc/hosts",
                        "disk_is_removable": false,
                        "disk_file_system": "ext4",
                        "disk_total_bytes": "33634926592",
                        "disk_available_bytes": "9871556608",
                        "disk_name": "/dev/nvme0n1p4"
                    }
                ]
            }
        },
        "consumers": [
            {
                "exe": "/",
                "cmdline": "runcinit",
                "pid": 464200,
                "resources_usage": null,
                "consumption": 152216.58,
                "timestamp": 1721774984.365014,
                "container": null
            },
            {
                "exe": "/usr/local/bin/scaphandre",
                "cmdline": "/usr/local/bin/scaphandrejson-s0--step-nano10000000-f/home/ce-p2-r-1/17/power.json",
                "pid": 464125,
                "resources_usage": null,
                "consumption": 76108.29,
                "timestamp": 1721774984.365023,
                "container": null
            },
            {
                "exe": "",
                "cmdline": "",
                "pid": 390461,
                "resources_usage": null,
                "consumption": 0.0,
                "timestamp": 1721774984.3649745,
                "container": null
            },
            {
                "exe": "",
                "cmdline": "",
                "pid": 66,
                "resources_usage": null,
                "consumption": 0.0,
                "timestamp": 1721774984.3649752,
                "container": null
            },
            {
                "exe": "",
                "cmdline": "",
                "pid": 458474,
                "resources_usage": null,
                "consumption": 0.0,
                "timestamp": 1721774984.3649757,
                "container": null
            },
            {
                "exe": "",
                "cmdline": "",
                "pid": 56,
                "resources_usage": null,
                "consumption": 0.0,
                "timestamp": 1721774984.364976,
                "container": null
            },
            {
                "exe": "",
                "cmdline": "",
                "pid": 373726,
                "resources_usage": null,
                "consumption": 0.0,
                "timestamp": 1721774984.3649762,
                "container": null
            },
            {
                "exe": "",
                "cmdline": "",
                "pid": 119,
                "resources_usage": null,
                "consumption": 0.0,
                "timestamp": 1721774984.3649764,
                "container": null
            },
            {
                "exe": "/usr/bin/udevadm",
                "cmdline": "/lib/systemd/systemd-udevd",
                "pid": 464096,
                "resources_usage": null,
                "consumption": 0.0,
                "timestamp": 1721774984.3649766,
                "container": null
            },
            {
                "exe": "",
                "cmdline": "",
                "pid": 54,
                "resources_usage": null,
                "consumption": 0.0,
                "timestamp": 1721774984.3649771,
                "container": null
            }
        ],
        "sockets": [
            {
                "id": 0,
                "consumption": 15598381.0,
                "domains": [
                    {
                        "name": "uncore",
                        "consumption": 0.0,
                        "timestamp": 1721774984.3460007
                    },
                    {
                        "name": "core",
                        "consumption": 13320702.0,
                        "timestamp": 1721774984.3458807
                    }
                ],
                "timestamp": 1721774984.3456786
            }
        ]
    },
    {
        "host": {
            "consumption": 20604820.0,
            "timestamp": 1721774984.3994303,
            "components": {
                "disks": [
                    {
                        "disk_type": "SSD",
                        "disk_mount_point": "/etc/hosts",
                        "disk_is_removable": false,
                        "disk_file_system": "ext4",
                        "disk_total_bytes": "33634926592",
                        "disk_available_bytes": "9871556608",
                        "disk_name": "/dev/nvme0n1p4"
                    }
                ]
            }
        },
        "consumers": [
            {
                "exe": "/",
                "cmdline": "runcinit",
                "pid": 464200,
                "resources_usage": null,
                "consumption": 349234.22,
                "timestamp": 1721774984.3991995,
                "container": null
            },
            {
                "exe": "/usr/local/bin/scaphandre",
                "cmdline": "/usr/local/bin/scaphandrejson-s0--step-nano10000000-f/home/ce-p2-r-1/17/power.json",
                "pid": 464125,
                "resources_usage": null,
                "consumption": 116411.41,
                "timestamp": 1721774984.3992088,
                "container": null
            },
            {
                "exe": "",
                "cmdline": "",
                "pid": 390461,
                "resources_usage": null,
                "consumption": 0.0,
                "timestamp": 1721774984.3991578,
                "container": null
            },
            {
                "exe": "",
                "cmdline": "",
                "pid": 66,
                "resources_usage": null,
                "consumption": 0.0,
                "timestamp": 1721774984.399159,
                "container": null
            },
            {
                "exe": "",
                "cmdline": "",
                "pid": 458474,
                "resources_usage": null,
                "consumption": 0.0,
                "timestamp": 1721774984.3991592,
                "container": null
            },
            {
                "exe": "",
                "cmdline": "",
                "pid": 56,
                "resources_usage": null,
                "consumption": 0.0,
                "timestamp": 1721774984.3991594,
                "container": null
            },
            {
                "exe": "",
                "cmdline": "",
                "pid": 373726,
                "resources_usage": null,
                "consumption": 0.0,
                "timestamp": 1721774984.3991597,
                "container": null
            },
            {
                "exe": "",
                "cmdline": "",
                "pid": 119,
                "resources_usage": null,
                "consumption": 0.0,
                "timestamp": 1721774984.3991601,
                "container": null
            },
            {
                "exe": "/usr/bin/udevadm",
                "cmdline": "/lib/systemd/systemd-udevd",
                "pid": 464096,
                "resources_usage": null,
                "consumption": 0.0,
                "timestamp": 1721774984.3991604,
                "container": null
            },
            {
                "exe": "",
                "cmdline": "",
                "pid": 54,
                "resources_usage": null,
                "consumption": 0.0,
                "timestamp": 1721774984.3991606,
                "container": null
            }
        ],
        "sockets": [
            {
                "id": 0,
                "consumption": 13920648.0,
                "domains": [
                    {
                        "name": "uncore",
                        "consumption": 0.0,
                        "timestamp": 1721774984.3803997
                    },
                    {
                        "name": "core",
                        "consumption": 11709575.0,
                        "timestamp": 1721774984.380392
                    }
                ],
                "timestamp": 1721774984.380246
            }
        ]
    },
    {
        "host": {
            "consumption": 17940424.0,
            "timestamp": 1721774984.434676,
            "components": {
                "disks": [
                    {
                        "disk_type": "SSD",
                        "disk_mount_point": "/etc/hosts",
                        "disk_is_removable": false,
                        "disk_file_system": "ext4",
                        "disk_total_bytes": "33634926592",
                        "disk_available_bytes": "9871552512",
                        "disk_name": "/dev/nvme0n1p4"
                    }
                ]
            }
        },
        "consumers": [
            {
                "exe": "/",
                "cmdline": "runcinit",
                "pid": 464200,
                "resources_usage": null,
                "consumption": 405433.28,
                "timestamp": 1721774984.4345844,
                "container": null
            },
            {
                "exe": "/usr/local/bin/scaphandre",
                "cmdline": "/usr/local/bin/scaphandrejson-s0--step-nano10000000-f/home/ce-p2-r-1/17/power.json",
                "pid": 464125,
                "resources_usage": null,
                "consumption": 202716.64,
                "timestamp": 1721774984.4345968,
                "container": null
            },
            {
                "exe": "",
                "cmdline": "",
                "pid": 390461,
                "resources_usage": null,
                "consumption": 0.0,
                "timestamp": 1721774984.434527,
                "container": null
            },
            {
                "exe": "",
                "cmdline": "",
                "pid": 66,
                "resources_usage": null,
                "consumption": 0.0,
                "timestamp": 1721774984.434528,
                "container": null
            },
            {
                "exe": "",
                "cmdline": "",
                "pid": 458474,
                "resources_usage": null,
                "consumption": 0.0,
                "timestamp": 1721774984.4345286,
                "container": null
            },
            {
                "exe": "",
                "cmdline": "",
                "pid": 56,
                "resources_usage": null,
                "consumption": 0.0,
                "timestamp": 1721774984.4345288,
                "container": null
            },
            {
                "exe": "",
                "cmdline": "",
                "pid": 373726,
                "resources_usage": null,
                "consumption": 0.0,
                "timestamp": 1721774984.4345293,
                "container": null
            },
            {
                "exe": "",
                "cmdline": "",
                "pid": 119,
                "resources_usage": null,
                "consumption": 0.0,
                "timestamp": 1721774984.4345295,
                "container": null
            },
            {
                "exe": "/usr/bin/udevadm",
                "cmdline": "/lib/systemd/systemd-udevd",
                "pid": 464096,
                "resources_usage": null,
                "consumption": 0.0,
                "timestamp": 1721774984.4345298,
                "container": null
            },
            {
                "exe": "",
                "cmdline": "",
                "pid": 54,
                "resources_usage": null,
                "consumption": 0.0,
                "timestamp": 1721774984.4345305,
                "container": null
            }
        ],
        "sockets": [
            {
                "id": 0,
                "consumption": 22789022.0,
                "domains": [
                    {
                        "name": "uncore",
                        "consumption": 0.0,
                        "timestamp": 1721774984.4150164
                    },
                    {
                        "name": "core",
                        "consumption": 20562396.0,
                        "timestamp": 1721774984.4150052
                    }
                ],
                "timestamp": 1721774984.4148357
            }
        ]
    },
    {
        "host": {
            "consumption": 11014219.0,
            "timestamp": 1721774984.472042,
            "components": {
                "disks": [
                    {
                        "disk_type": "SSD",
                        "disk_mount_point": "/etc/hosts",
                        "disk_is_removable": false,
                        "disk_file_system": "ext4",
                        "disk_total_bytes": "33634926592",
                        "disk_available_bytes": "9871552512",
                        "disk_name": "/dev/nvme0n1p4"
                    }
                ]
            }
        },
        "consumers": [
            {
                "exe": "/",
                "cmdline": "runcinit",
                "pid": 464200,
                "resources_usage": null,
                "consumption": 248908.9,
                "timestamp": 1721774984.4719737,
                "container": null
            },
            {
                "exe": "/usr/local/bin/scaphandre",
                "cmdline": "/usr/local/bin/scaphandrejson-s0--step-nano10000000-f/home/ce-p2-r-1/17/power.json",
                "pid": 464125,
                "resources_usage": null,
                "consumption": 124454.45,
                "timestamp": 1721774984.4719827,
                "container": null
            },
            {
                "exe": "",
                "cmdline": "",
                "pid": 390461,
                "resources_usage": null,
                "consumption": 0.0,
                "timestamp": 1721774984.4719331,
                "container": null
            },
            {
                "exe": "",
                "cmdline": "",
                "pid": 66,
                "resources_usage": null,
                "consumption": 0.0,
                "timestamp": 1721774984.4719338,
                "container": null
            },
            {
                "exe": "",
                "cmdline": "",
                "pid": 458474,
                "resources_usage": null,
                "consumption": 0.0,
                "timestamp": 1721774984.4719343,
                "container": null
            },
            {
                "exe": "",
                "cmdline": "",
                "pid": 56,
                "resources_usage": null,
                "consumption": 0.0,
                "timestamp": 1721774984.4719346,
                "container": null
            },
            {
                "exe": "",
                "cmdline": "",
                "pid": 373726,
                "resources_usage": null,
                "consumption": 0.0,
                "timestamp": 1721774984.471935,
                "container": null
            },
            {
                "exe": "",
                "cmdline": "",
                "pid": 119,
                "resources_usage": null,
                "consumption": 0.0,
                "timestamp": 1721774984.4719353,
                "container": null
            },
            {
                "exe": "/usr/bin/udevadm",
                "cmdline": "/lib/systemd/systemd-udevd",
                "pid": 464096,
                "resources_usage": null,
                "consumption": 0.0,
                "timestamp": 1721774984.4719355,
                "container": null
            },
            {
                "exe": "",
                "cmdline": "",
                "pid": 54,
                "resources_usage": null,
                "consumption": 0.0,
                "timestamp": 1721774984.471936,
                "container": null
            }
        ],
        "sockets": [
            {
                "id": 0,
                "consumption": 12443508.0,
                "domains": [
                    {
                        "name": "uncore",
                        "consumption": 0.0,
                        "timestamp": 1721774984.4526885
                    },
                    {
                        "name": "core",
                        "consumption": 10242378.0,
                        "timestamp": 1721774984.4526129
                    }
                ],
                "timestamp": 1721774984.4524028
            }
        ]
    },
    {
        "host": {
            "consumption": 18154192.0,
            "timestamp": 1721774984.5073535,
            "components": {
                "disks": [
                    {
                        "disk_type": "SSD",
                        "disk_mount_point": "/etc/hosts",
                        "disk_is_removable": false,
                        "disk_file_system": "ext4",
                        "disk_total_bytes": "33634926592",
                        "disk_available_bytes": "9871548416",
                        "disk_name": "/dev/nvme0n1p4"
                    }
                ]
            }
        },
        "consumers": [
            {
                "exe": "/usr/local/bin/scaphandre",
                "cmdline": "/usr/local/bin/scaphandrejson-s0--step-nano10000000-f/home/ce-p2-r-1/17/power.json",
                "pid": 464125,
                "resources_usage": null,
                "consumption": 307698.16,
                "timestamp": 1721774984.507236,
                "container": null
            },
            {
                "exe": "/",
                "cmdline": "runcinit",
                "pid": 464200,
                "resources_usage": null,
                "consumption": 307698.16,
                "timestamp": 1721774984.5072267,
                "container": null
            },
            {
                "exe": "",
                "cmdline": "",
                "pid": 390461,
                "resources_usage": null,
                "consumption": 0.0,
                "timestamp": 1721774984.5071836,
                "container": null
            },
            {
                "exe": "",
                "cmdline": "",
                "pid": 66,
                "resources_usage": null,
                "consumption": 0.0,
                "timestamp": 1721774984.5071845,
                "container": null
            },
            {
                "exe": "",
                "cmdline": "",
                "pid": 458474,
                "resources_usage": null,
                "consumption": 0.0,
                "timestamp": 1721774984.5071847,
                "container": null
            },
            {
                "exe": "",
                "cmdline": "",
                "pid": 56,
                "resources_usage": null,
                "consumption": 0.0,
                "timestamp": 1721774984.507185,
                "container": null
            },
            {
                "exe": "",
                "cmdline": "",
                "pid": 373726,
                "resources_usage": null,
                "consumption": 0.0,
                "timestamp": 1721774984.5071855,
                "container": null
            },
            {
                "exe": "",
                "cmdline": "",
                "pid": 119,
                "resources_usage": null,
                "consumption": 0.0,
                "timestamp": 1721774984.5071855,
                "container": null
            },
            {
                "exe": "/usr/bin/udevadm",
                "cmdline": "/lib/systemd/systemd-udevd",
                "pid": 464096,
                "resources_usage": null,
                "consumption": 0.0,
                "timestamp": 1721774984.5071857,
                "container": null
            },
            {
                "exe": "",
                "cmdline": "",
                "pid": 54,
                "resources_usage": null,
                "consumption": 0.0,
                "timestamp": 1721774984.5071862,
                "container": null
            }
        ],
        "sockets": [
            {
                "id": 0,
                "consumption": 17739148.0,
                "domains": [
                    {
                        "name": "uncore",
                        "consumption": 0.0,
                        "timestamp": 1721774984.4874527
                    },
                    {
                        "name": "core",
                        "consumption": 15593938.0,
                        "timestamp": 1721774984.4874399
                    }
                ],
                "timestamp": 1721774984.487319
            }
        ]
    },
    {
        "host": {
            "consumption": 17334474.0,
            "timestamp": 1721774984.5435073,
            "components": {
                "disks": [
                    {
                        "disk_type": "SSD",
                        "disk_mount_point": "/etc/hosts",
                        "disk_is_removable": false,
                        "disk_file_system": "ext4",
                        "disk_total_bytes": "33634926592",
                        "disk_available_bytes": "9871548416",
                        "disk_name": "/dev/nvme0n1p4"
                    }
                ]
            }
        },
        "consumers": [
            {
                "exe": "/",
                "cmdline": "runcinit",
                "pid": 464200,
                "resources_usage": null,
                "consumption": 403127.28,
                "timestamp": 1721774984.5433743,
                "container": null
            },
            {
                "exe": "/usr/local/bin/scaphandre",
                "cmdline": "/usr/local/bin/scaphandrejson-s0--step-nano10000000-f/home/ce-p2-r-1/17/power.json",
                "pid": 464125,
                "resources_usage": null,
                "consumption": 201563.64,
                "timestamp": 1721774984.5433834,
                "container": null
            },
            {
                "exe": "",
                "cmdline": "",
                "pid": 390461,
                "resources_usage": null,
                "consumption": 0.0,
                "timestamp": 1721774984.543334,
                "container": null
            },
            {
                "exe": "",
                "cmdline": "",
                "pid": 66,
                "resources_usage": null,
                "consumption": 0.0,
                "timestamp": 1721774984.543335,
                "container": null
            },
            {
                "exe": "",
                "cmdline": "",
                "pid": 458474,
                "resources_usage": null,
                "consumption": 0.0,
                "timestamp": 1721774984.5433354,
                "container": null
            },
            {
                "exe": "",
                "cmdline": "",
                "pid": 56,
                "resources_usage": null,
                "consumption": 0.0,
                "timestamp": 1721774984.5433357,
                "container": null
            },
            {
                "exe": "",
                "cmdline": "",
                "pid": 373726,
                "resources_usage": null,
                "consumption": 0.0,
                "timestamp": 1721774984.543336,
                "container": null
            },
            {
                "exe": "",
                "cmdline": "",
                "pid": 119,
                "resources_usage": null,
                "consumption": 0.0,
                "timestamp": 1721774984.5433362,
                "container": null
            },
            {
                "exe": "/usr/bin/udevadm",
                "cmdline": "/lib/systemd/systemd-udevd",
                "pid": 464096,
                "resources_usage": null,
                "consumption": 0.0,
                "timestamp": 1721774984.5433364,
                "container": null
            },
            {
                "exe": "",
                "cmdline": "",
                "pid": 54,
                "resources_usage": null,
                "consumption": 0.0,
                "timestamp": 1721774984.5433366,
                "container": null
            }
        ],
        "sockets": [
            {
                "id": 0,
                "consumption": 12656884.0,
                "domains": [
                    {
                        "name": "uncore",
                        "consumption": 0.0,
                        "timestamp": 1721774984.5229075
                    },
                    {
                        "name": "core",
                        "consumption": 10378235.0,
                        "timestamp": 1721774984.5228968
                    }
                ],
                "timestamp": 1721774984.5227242
            }
        ]
    },
    {
        "host": {
            "consumption": 12000035.0,
            "timestamp": 1721774984.5799096,
            "components": {
                "disks": [
                    {
                        "disk_type": "SSD",
                        "disk_mount_point": "/etc/hosts",
                        "disk_is_removable": false,
                        "disk_file_system": "ext4",
                        "disk_total_bytes": "33634926592",
                        "disk_available_bytes": "9871548416",
                        "disk_name": "/dev/nvme0n1p4"
                    }
                ]
            }
        },
        "consumers": [
            {
                "exe": "/",
                "cmdline": "runcinit",
                "pid": 464200,
                "resources_usage": null,
                "consumption": 209302.95,
                "timestamp": 1721774984.5798085,
                "container": null
            },
            {
                "exe": "/usr/local/bin/scaphandre",
                "cmdline": "/usr/local/bin/scaphandrejson-s0--step-nano10000000-f/home/ce-p2-r-1/17/power.json",
                "pid": 464125,
                "resources_usage": null,
                "consumption": 139535.28,
                "timestamp": 1721774984.579822,
                "container": null
            },
            {
                "exe": "",
                "cmdline": "",
                "pid": 390461,
                "resources_usage": null,
                "consumption": 0.0,
                "timestamp": 1721774984.5797415,
                "container": null
            },
            {
                "exe": "",
                "cmdline": "",
                "pid": 66,
                "resources_usage": null,
                "consumption": 0.0,
                "timestamp": 1721774984.5797424,
                "container": null
            },
            {
                "exe": "",
                "cmdline": "",
                "pid": 458474,
                "resources_usage": null,
                "consumption": 0.0,
                "timestamp": 1721774984.579743,
                "container": null
            },
            {
                "exe": "",
                "cmdline": "",
                "pid": 56,
                "resources_usage": null,
                "consumption": 0.0,
                "timestamp": 1721774984.5797431,
                "container": null
            },
            {
                "exe": "",
                "cmdline": "",
                "pid": 373726,
                "resources_usage": null,
                "consumption": 0.0,
                "timestamp": 1721774984.5797434,
                "container": null
            },
            {
                "exe": "",
                "cmdline": "",
                "pid": 119,
                "resources_usage": null,
                "consumption": 0.0,
                "timestamp": 1721774984.5797439,
                "container": null
            },
            {
                "exe": "/usr/bin/udevadm",
                "cmdline": "/lib/systemd/systemd-udevd",
                "pid": 464096,
                "resources_usage": null,
                "consumption": 0.0,
                "timestamp": 1721774984.579744,
                "container": null
            },
            {
                "exe": "",
                "cmdline": "",
                "pid": 54,
                "resources_usage": null,
                "consumption": 0.0,
                "timestamp": 1721774984.5797448,
                "container": null
            }
        ],
        "sockets": [
            {
                "id": 0,
                "consumption": 13675602.0,
                "domains": [
                    {
                        "name": "uncore",
                        "consumption": 0.0,
                        "timestamp": 1721774984.5588753
                    },
                    {
                        "name": "core",
                        "consumption": 11462848.0,
                        "timestamp": 1721774984.5588644
                    }
                ],
                "timestamp": 1721774984.55875
            }
        ]
    },
    {
        "host": {
            "consumption": 12337364.0,
            "timestamp": 1721774984.618171,
            "components": {
                "disks": [
                    {
                        "disk_type": "SSD",
                        "disk_mount_point": "/etc/hosts",
                        "disk_is_removable": false,
                        "disk_file_system": "ext4",
                        "disk_total_bytes": "33634926592",
                        "disk_available_bytes": "9871544320",
                        "disk_name": "/dev/nvme0n1p4"
                    }
                ]
            }
        },
        "consumers": [
            {
                "exe": "/",
                "cmdline": "runcinit",
                "pid": 464200,
                "resources_usage": null,
                "consumption": 286915.44,
                "timestamp": 1721774984.617895,
                "container": null
            },
            {
                "exe": "/usr/local/bin/scaphandre",
                "cmdline": "/usr/local/bin/scaphandrejson-s0--step-nano10000000-f/home/ce-p2-r-1/17/power.json",
                "pid": 464125,
                "resources_usage": null,
                "consumption": 143457.72,
                "timestamp": 1721774984.6179044,
                "container": null
            },
            {
                "exe": "",
                "cmdline": "",
                "pid": 390461,
                "resources_usage": null,
                "consumption": 0.0,
                "timestamp": 1721774984.6178532,
                "container": null
            },
            {
                "exe": "",
                "cmdline": "",
                "pid": 66,
                "resources_usage": null,
                "consumption": 0.0,
                "timestamp": 1721774984.6178544,
                "container": null
            },
            {
                "exe": "",
                "cmdline": "",
                "pid": 458474,
                "resources_usage": null,
                "consumption": 0.0,
                "timestamp": 1721774984.6178546,
                "container": null
            },
            {
                "exe": "",
                "cmdline": "",
                "pid": 56,
                "resources_usage": null,
                "consumption": 0.0,
                "timestamp": 1721774984.6178548,
                "container": null
            },
            {
                "exe": "",
                "cmdline": "",
                "pid": 373726,
                "resources_usage": null,
                "consumption": 0.0,
                "timestamp": 1721774984.617855,
                "container": null
            },
            {
                "exe": "",
                "cmdline": "",
                "pid": 119,
                "resources_usage": null,
                "consumption": 0.0,
                "timestamp": 1721774984.6178553,
                "container": null
            },
            {
                "exe": "/usr/bin/udevadm",
                "cmdline": "/lib/systemd/systemd-udevd",
                "pid": 464096,
                "resources_usage": null,
                "consumption": 0.0,
                "timestamp": 1721774984.6178555,
                "container": null
            },
            {
                "exe": "",
                "cmdline": "",
                "pid": 54,
                "resources_usage": null,
                "consumption": 0.0,
                "timestamp": 1721774984.617856,
                "container": null
            }
        ],
        "sockets": [
            {
                "id": 0,
                "consumption": 12324145.0,
                "domains": [
                    {
                        "name": "uncore",
                        "consumption": 0.0,
                        "timestamp": 1721774984.597817
                    },
                    {
                        "name": "core",
                        "consumption": 10118486.0,
                        "timestamp": 1721774984.5977468
                    }
                ],
                "timestamp": 1721774984.5975378
            }
        ]
    },
    {
        "host": {
            "consumption": 21032290.0,
            "timestamp": 1721774984.653221,
            "components": {
                "disks": [
                    {
                        "disk_type": "SSD",
                        "disk_mount_point": "/etc/hosts",
                        "disk_is_removable": false,
                        "disk_file_system": "ext4",
                        "disk_total_bytes": "33634926592",
                        "disk_available_bytes": "9871544320",
                        "disk_name": "/dev/nvme0n1p4"
                    }
                ]
            }
        },
        "consumers": [
            {
                "exe": "/",
                "cmdline": "runcinit",
                "pid": 464200,
                "resources_usage": null,
                "consumption": 489123.0,
                "timestamp": 1721774984.652952,
                "container": null
            },
            {
                "exe": "/usr/local/bin/scaphandre",
                "cmdline": "/usr/local/bin/scaphandrejson-s0--step-nano10000000-f/home/ce-p2-r-1/17/power.json",
                "pid": 464125,
                "resources_usage": null,
                "consumption": 122280.75,
                "timestamp": 1721774984.6529605,
                "container": null
            },
            {
                "exe": "",
                "cmdline": "",
                "pid": 390461,
                "resources_usage": null,
                "consumption": 0.0,
                "timestamp": 1721774984.652911,
                "container": null
            },
            {
                "exe": "",
                "cmdline": "",
                "pid": 66,
                "resources_usage": null,
                "consumption": 0.0,
                "timestamp": 1721774984.652912,
                "container": null
            },
            {
                "exe": "",
                "cmdline": "",
                "pid": 458474,
                "resources_usage": null,
                "consumption": 0.0,
                "timestamp": 1721774984.6529124,
                "container": null
            },
            {
                "exe": "",
                "cmdline": "",
                "pid": 56,
                "resources_usage": null,
                "consumption": 0.0,
                "timestamp": 1721774984.6529126,
                "container": null
            },
            {
                "exe": "",
                "cmdline": "",
                "pid": 373726,
                "resources_usage": null,
                "consumption": 0.0,
                "timestamp": 1721774984.6529129,
                "container": null
            },
            {
                "exe": "",
                "cmdline": "",
                "pid": 119,
                "resources_usage": null,
                "consumption": 0.0,
                "timestamp": 1721774984.652913,
                "container": null
            },
            {
                "exe": "/usr/bin/udevadm",
                "cmdline": "/lib/systemd/systemd-udevd",
                "pid": 464096,
                "resources_usage": null,
                "consumption": 0.0,
                "timestamp": 1721774984.6529133,
                "container": null
            },
            {
                "exe": "",
                "cmdline": "",
                "pid": 54,
                "resources_usage": null,
                "consumption": 0.0,
                "timestamp": 1721774984.6529138,
                "container": null
            }
        ],
        "sockets": [
            {
                "id": 0,
                "consumption": 17819856.0,
                "domains": [
                    {
                        "name": "uncore",
                        "consumption": 0.0,
                        "timestamp": 1721774984.6338968
                    },
                    {
                        "name": "core",
                        "consumption": 15550562.0,
                        "timestamp": 1721774984.6337228
                    }
                ],
                "timestamp": 1721774984.6334226
            }
        ]
    },
    {
        "host": {
            "consumption": 22770564.0,
            "timestamp": 1721774984.6940198,
            "components": {
                "disks": [
                    {
                        "disk_type": "SSD",
                        "disk_mount_point": "/etc/hosts",
                        "disk_is_removable": false,
                        "disk_file_system": "ext4",
                        "disk_total_bytes": "33634926592",
                        "disk_available_bytes": "9871540224",
                        "disk_name": "/dev/nvme0n1p4"
                    }
                ]
            }
        },
        "consumers": [
            {
                "exe": "/",
                "cmdline": "runcinit",
                "pid": 464200,
                "resources_usage": null,
                "consumption": 529547.94,
                "timestamp": 1721774984.693893,
                "container": null
            },
            {
                "exe": "/usr/local/bin/scaphandre",
                "cmdline": "/usr/local/bin/scaphandrejson-s0--step-nano10000000-f/home/ce-p2-r-1/17/power.json",
                "pid": 464125,
                "resources_usage": null,
                "consumption": 397161.0,
                "timestamp": 1721774984.6939015,
                "container": null
            },
            {
                "exe": "",
                "cmdline": "",
                "pid": 14,
                "resources_usage": null,
                "consumption": 132386.98,
                "timestamp": 1721774984.693889,
                "container": null
            },
            {
                "exe": "",
                "cmdline": "",
                "pid": 390461,
                "resources_usage": null,
                "consumption": 0.0,
                "timestamp": 1721774984.6938524,
                "container": null
            },
            {
                "exe": "",
                "cmdline": "",
                "pid": 66,
                "resources_usage": null,
                "consumption": 0.0,
                "timestamp": 1721774984.6938531,
                "container": null
            },
            {
                "exe": "",
                "cmdline": "",
                "pid": 458474,
                "resources_usage": null,
                "consumption": 0.0,
                "timestamp": 1721774984.6938534,
                "container": null
            },
            {
                "exe": "",
                "cmdline": "",
                "pid": 56,
                "resources_usage": null,
                "consumption": 0.0,
                "timestamp": 1721774984.693854,
                "container": null
            },
            {
                "exe": "",
                "cmdline": "",
                "pid": 373726,
                "resources_usage": null,
                "consumption": 0.0,
                "timestamp": 1721774984.6938543,
                "container": null
            },
            {
                "exe": "",
                "cmdline": "",
                "pid": 119,
                "resources_usage": null,
                "consumption": 0.0,
                "timestamp": 1721774984.6938548,
                "container": null
            },
            {
                "exe": "/usr/bin/udevadm",
                "cmdline": "/lib/systemd/systemd-udevd",
                "pid": 464096,
                "resources_usage": null,
                "consumption": 0.0,
                "timestamp": 1721774984.693855,
                "container": null
            }
        ],
        "sockets": [
            {
                "id": 0,
                "consumption": 27222132.0,
                "domains": [
                    {
                        "name": "uncore",
                        "consumption": 0.0,
                        "timestamp": 1721774984.6687663
                    },
                    {
                        "name": "core",
                        "consumption": 24955772.0,
                        "timestamp": 1721774984.6686478
                    }
                ],
                "timestamp": 1721774984.6683614
            }
        ]
    },
    {
        "host": {
            "consumption": 25379748.0,
            "timestamp": 1721774984.7291958,
            "components": {
                "disks": [
                    {
                        "disk_type": "SSD",
                        "disk_mount_point": "/etc/hosts",
                        "disk_is_removable": false,
                        "disk_file_system": "ext4",
                        "disk_total_bytes": "33634926592",
                        "disk_available_bytes": "9871540224",
                        "disk_name": "/dev/nvme0n1p4"
                    }
                ]
            }
        },
        "consumers": [
            {
                "exe": "/",
                "cmdline": "runcinit",
                "pid": 464200,
                "resources_usage": null,
                "consumption": 442670.06,
                "timestamp": 1721774984.7290776,
                "container": null
            },
            {
                "exe": "/usr/local/bin/scaphandre",
                "cmdline": "/usr/local/bin/scaphandrejson-s0--step-nano10000000-f/home/ce-p2-r-1/17/power.json",
                "pid": 464125,
                "resources_usage": null,
                "consumption": 147556.67,
                "timestamp": 1721774984.7290864,
                "container": null
            },
            {
                "exe": "",
                "cmdline": "",
                "pid": 390461,
                "resources_usage": null,
                "consumption": 0.0,
                "timestamp": 1721774984.7290368,
                "container": null
            },
            {
                "exe": "",
                "cmdline": "",
                "pid": 66,
                "resources_usage": null,
                "consumption": 0.0,
                "timestamp": 1721774984.7290378,
                "container": null
            },
            {
                "exe": "",
                "cmdline": "",
                "pid": 458474,
                "resources_usage": null,
                "consumption": 0.0,
                "timestamp": 1721774984.729038,
                "container": null
            },
            {
                "exe": "",
                "cmdline": "",
                "pid": 56,
                "resources_usage": null,
                "consumption": 0.0,
                "timestamp": 1721774984.7290382,
                "container": null
            },
            {
                "exe": "",
                "cmdline": "",
                "pid": 373726,
                "resources_usage": null,
                "consumption": 0.0,
                "timestamp": 1721774984.7290385,
                "container": null
            },
            {
                "exe": "",
                "cmdline": "",
                "pid": 119,
                "resources_usage": null,
                "consumption": 0.0,
                "timestamp": 1721774984.7290387,
                "container": null
            },
            {
                "exe": "/usr/bin/udevadm",
                "cmdline": "/lib/systemd/systemd-udevd",
                "pid": 464096,
                "resources_usage": null,
                "consumption": 0.0,
                "timestamp": 1721774984.7290387,
                "container": null
            },
            {
                "exe": "",
                "cmdline": "",
                "pid": 54,
                "resources_usage": null,
                "consumption": 0.0,
                "timestamp": 1721774984.7290392,
                "container": null
            }
        ],
        "sockets": [
            {
                "id": 0,
                "consumption": 17547708.0,
                "domains": [
                    {
                        "name": "uncore",
                        "consumption": 0.0,
                        "timestamp": 1721774984.7098424
                    },
                    {
                        "name": "core",
                        "consumption": 15088940.0,
                        "timestamp": 1721774984.7096198
                    }
                ],
                "timestamp": 1721774984.7092898
            }
        ]
    }
]