{
    "timestamp_analysis": {
        "mean": 0.02524359137923629,
        "std": 0.0019219419159244588,
        "min": 0.02149057388305664,
        "max": 0.03611874580383301,
        "median": 0.02462315559387207,
        "running_time": 17.039594411849976
    },
    "host_energy_analysis": {
        "total": 303.0171212200464,
        "per_repetition": 6.060342424400928e-07
    },
    "host_power_analysis": {
        "mean": 17.847741683431952,
        "std": 5.707655394872647,
        "min": 4.583987,
        "max": 37.211284,
        "median": 17.501234
    },
    "process_energy_analysis": {
        "total": 4.5471422307002465,
        "per_repetition": 9.094284461400493e-09
    }
}