{
    "timestamp_analysis": {
        "mean": 0.024838201668230406,
        "std": 0.0016858652822985144,
        "min": 0.02192211151123047,
        "max": 0.035511016845703125,
        "median": 0.02441692352294922,
        "running_time": 16.616878986358643
    },
    "host_energy_analysis": {
        "total": 312.629576145511,
        "per_repetition": 6.25259152291022e-07
    },
    "host_power_analysis": {
        "mean": 18.85379286119403,
        "std": 5.931898036528508,
        "min": 4.540106,
        "max": 39.21148,
        "median": 18.785366
    },
    "process_energy_analysis": {
        "total": 4.654564900153918,
        "per_repetition": 9.309129800307836e-09
    }
}