{
    "timestamp_analysis": {
        "mean": 0.025353321606230664,
        "std": 0.001736885731037392,
        "min": 0.022481441497802734,
        "max": 0.03607034683227539,
        "median": 0.025092363357543945,
        "running_time": 8.290874004364014
    },
    "host_energy_analysis": {
        "total": 157.53565264411162,
        "per_repetition": 3.1507130528822323e-07
    },
    "host_power_analysis": {
        "mean": 19.040417960365854,
        "std": 5.947798573600967,
        "min": 6.095537,
        "max": 37.813748,
        "median": 18.592062
    },
    "process_energy_analysis": {
        "total": 2.385519091186823,
        "per_repetition": 4.7710381823736455e-09
    }
}