{
    "timestamp_analysis": {
        "mean": 0.03514184050490667,
        "std": 0.004722592109317709,
        "min": 0.03176116943359375,
        "max": 0.1441478729248047,
        "median": 0.03452348709106445,
        "running_time": 21.752937078475952
    },
    "host_energy_analysis": {
        "total": 425.7530264386239,
        "per_repetition": 1.4191767547954131e-05
    },
    "host_power_analysis": {
        "mean": 19.58823983064516,
        "std": 5.433837506771745,
        "min": 6.123566,
        "max": 39.04328,
        "median": 19.334823999999998
    },
    "process_energy_analysis": {
        "total": 9.286208514393664,
        "per_repetition": 3.095402838131221e-07
    }
}