{
    "timestamp_analysis": {
        "mean": 0.03452717191365675,
        "std": 0.003997394659755103,
        "min": 0.03104090690612793,
        "max": 0.14274191856384277,
        "median": 0.03405928611755371,
        "running_time": 30.48779606819153
    },
    "host_energy_analysis": {
        "total": 581.051134099324,
        "per_repetition": 1.9368371136644134e-05
    },
    "host_power_analysis": {
        "mean": 19.0471436561086,
        "std": 5.216383383454353,
        "min": 4.843686,
        "max": 37.723016,
        "median": 18.772468
    },
    "process_energy_analysis": {
        "total": 12.13656926075052,
        "per_repetition": 4.04552308691684e-07
    }
}