{
    "timestamp_analysis": {
        "mean": 0.025002761050548137,
        "std": 0.001426705326557147,
        "min": 0.02173328399658203,
        "max": 0.036309003829956055,
        "median": 0.024820804595947266,
        "running_time": 16.051883459091187
    },
    "host_energy_analysis": {
        "total": 275.6146899662177,
        "per_repetition": 5.512293799324354e-09
    },
    "host_power_analysis": {
        "mean": 17.192443102643857,
        "std": 5.190822261879616,
        "min": 3.956071,
        "max": 31.772596,
        "median": 17.08996
    },
    "process_energy_analysis": {
        "total": 4.155187901546483,
        "per_repetition": 8.310375803092967e-11
    }
}