{
    "timestamp_analysis": {
        "mean": 0.024951276237979256,
        "std": 0.001540224082211538,
        "min": 0.02175307273864746,
        "max": 0.03409290313720703,
        "median": 0.024610161781311035,
        "running_time": 16.26835012435913
    },
    "host_energy_analysis": {
        "total": 284.09802599176135,
        "per_repetition": 5.681960519835227e-09
    },
    "host_power_analysis": {
        "mean": 17.490969356814702,
        "std": 5.468984305387938,
        "min": 3.895912,
        "max": 34.982692,
        "median": 17.439562
    },
    "process_energy_analysis": {
        "total": 4.248975360098349,
        "per_repetition": 8.497950720196698e-11
    }
}