{
    "timestamp_analysis": {
        "mean": 0.025597647616737766,
        "std": 0.0015951433698748539,
        "min": 0.02261495590209961,
        "max": 0.033331871032714844,
        "median": 0.025234222412109375,
        "running_time": 8.268249750137329
    },
    "host_energy_analysis": {
        "total": 144.8288455577699,
        "per_repetition": 2.896576911155398e-07
    },
    "host_power_analysis": {
        "mean": 17.513353438271604,
        "std": 5.539203307226203,
        "min": 5.545219,
        "max": 35.651404,
        "median": 17.478448
    },
    "process_energy_analysis": {
        "total": 2.221121150603249,
        "per_repetition": 4.442242301206498e-09
    }
}