{
    "timestamp_analysis": {
        "mean": 0.025057062149047852,
        "std": 0.0031994223482660978,
        "min": 0.0224151611328125,
        "max": 0.07952284812927246,
        "median": 0.024515390396118164,
        "running_time": 9.396502256393433
    },
    "host_energy_analysis": {
        "total": 169.57440794042526,
        "per_repetition": 3.3914881588085053e-07
    },
    "host_power_analysis": {
        "mean": 18.07235375531915,
        "std": 6.100202050711222,
        "min": 3.918458,
        "max": 38.446844,
        "median": 18.216806
    },
    "process_energy_analysis": {
        "total": 2.545440720208048,
        "per_repetition": 5.090881440416096e-09
    }
}