{
    "timestamp_analysis": {
        "mean": 0.03425741838542406,
        "std": 0.004315423591611568,
        "min": 0.030617237091064453,
        "max": 0.15087151527404785,
        "median": 0.03378915786743164,
        "running_time": 29.22188711166382
    },
    "host_energy_analysis": {
        "total": 585.8391003936019,
        "per_repetition": 1.9527970013120064e-05
    },
    "host_power_analysis": {
        "mean": 20.05374143325527,
        "std": 5.377900068403998,
        "min": 6.171231,
        "max": 36.15662,
        "median": 19.956297
    },
    "process_energy_analysis": {
        "total": 12.252626679918407,
        "per_repetition": 4.084208893306136e-07
    }
}