{
    "timestamp_analysis": {
        "mean": 0.036455198157605506,
        "std": 0.0030379222448718947,
        "min": 0.032172441482543945,
        "max": 0.04665064811706543,
        "median": 0.035399556159973145,
        "running_time": 10.134689807891846
    },
    "host_energy_analysis": {
        "total": 257.02066571117615,
        "per_repetition": 0.0008567355523705872
    },
    "host_power_analysis": {
        "mean": 25.198366971326163,
        "std": 7.790721116647623,
        "min": 8.099985,
        "max": 55.407548,
        "median": 24.867012
    },
    "process_energy_analysis": {
        "total": 9.550887899855592,
        "per_repetition": 3.183629299951864e-05
    }
}