{
    "timestamp_analysis": {
        "mean": 0.025549067552328834,
        "std": 0.0030862750031377334,
        "min": 0.022695302963256836,
        "max": 0.07358980178833008,
        "median": 0.025092601776123047,
        "running_time": 8.405766725540161
    },
    "host_energy_analysis": {
        "total": 159.0520578164103,
        "per_repetition": 3.181041156328206e-07
    },
    "host_power_analysis": {
        "mean": 18.984244393939395,
        "std": 5.395844277649907,
        "min": 4.375839,
        "max": 33.259492,
        "median": 18.791496
    },
    "process_energy_analysis": {
        "total": 2.4726026968290546,
        "per_repetition": 4.9452053936581095e-09
    }
}