{
    "timestamp_analysis": {
        "mean": 0.02521406610806783,
        "std": 0.0018834302019274999,
        "min": 0.02132892608642578,
        "max": 0.03546547889709473,
        "median": 0.024751901626586914,
        "running_time": 16.33886194229126
    },
    "host_energy_analysis": {
        "total": 277.29368889416,
        "per_repetition": 5.5458737778832004e-09
    },
    "host_power_analysis": {
        "mean": 16.999383272727272,
        "std": 5.22219843851547,
        "min": 4.40319,
        "max": 34.07645,
        "median": 17.069728
    },
    "process_energy_analysis": {
        "total": 4.21816562591504,
        "per_repetition": 8.436331251830079e-11
    }
}