{
    "timestamp_analysis": {
        "mean": 0.03426459599077032,
        "std": 0.0014118902972957215,
        "min": 0.031043052673339844,
        "max": 0.0436704158782959,
        "median": 0.03402400016784668,
        "running_time": 12.198299169540405
    },
    "host_energy_analysis": {
        "total": 240.77849051581927,
        "per_repetition": 8.025949683860642e-06
    },
    "host_power_analysis": {
        "mean": 19.759448089635853,
        "std": 5.5246253695977705,
        "min": 8.048464,
        "max": 41.059576,
        "median": 19.20565
    },
    "process_energy_analysis": {
        "total": 5.043992434463199,
        "per_repetition": 1.681330811487733e-07
    }
}