{
    "timestamp_analysis": {
        "mean": 0.025602828405548374,
        "std": 0.0019661346307969074,
        "min": 0.02199578285217285,
        "max": 0.03520512580871582,
        "median": 0.0251772403717041,
        "running_time": 8.42345118522644
    },
    "host_energy_analysis": {
        "total": 160.86264574387133,
        "per_repetition": 1.6086264574387133e-05
    },
    "host_power_analysis": {
        "mean": 19.105665433333336,
        "std": 5.716048484969348,
        "min": 5.487897,
        "max": 38.100468,
        "median": 18.862561999999997
    },
    "process_energy_analysis": {
        "total": 2.502249103493462,
        "per_repetition": 2.5022491034934624e-07
    }
}