{
    "host_energy_total_shapiro": {
        "stat": 0.9500336068534123,
        "p": 0.16941099624753508
    },
    "host_energy_per_repetition_shapiro": {
        "stat": 0.950033606853412,
        "p": 0.16941099624753114
    },
    "process_energy_total_shapiro": {
        "stat": 0.9895561808194537,
        "p": 0.9887015071293485
    },
    "process_energy_per_repetition_shapiro": {
        "stat": 0.9895561808194542,
        "p": 0.9887015071293506
    },
    "timestamp_running_time_shapiro": {
        "stat": 0.9505802604138199,
        "p": 0.17521666405795
    },
    "host_power_mean_shapiro": {
        "stat": 0.9441908493128816,
        "p": 0.11797746551689509
    }
}