{
    "timestamp_analysis": {
        "mean": 0.0256893159028126,
        "std": 0.0017388872916650978,
        "min": 0.0225217342376709,
        "max": 0.03444075584411621,
        "median": 0.0253145694732666,
        "running_time": 11.45755910873413
    },
    "host_energy_analysis": {
        "total": 224.5361740539961,
        "per_repetition": 2.245361740539961e-05
    },
    "host_power_analysis": {
        "mean": 19.63977171140939,
        "std": 6.1064416673127075,
        "min": 6.670434,
        "max": 38.71817,
        "median": 18.919868
    },
    "process_energy_analysis": {
        "total": 3.5672318633517017,
        "per_repetition": 3.567231863351702e-07
    }
}