{
    "timestamp_analysis": {
        "mean": 0.03424026136812956,
        "std": 0.0016494524805519368,
        "min": 0.030613422393798828,
        "max": 0.041443824768066406,
        "median": 0.033921122550964355,
        "running_time": 12.600557565689087
    },
    "host_energy_analysis": {
        "total": 210.17931140746725,
        "per_repetition": 7.005977046915575e-06
    },
    "host_power_analysis": {
        "mean": 16.672991674796748,
        "std": 4.638009008034301,
        "min": 7.032822,
        "max": 33.151378,
        "median": 16.332142
    },
    "process_energy_analysis": {
        "total": 4.318333591699913,
        "per_repetition": 1.4394445305666376e-07
    }
}