{
    "timestamp_analysis": {
        "mean": 0.0366782165965567,
        "std": 0.002789760741943522,
        "min": 0.03217434883117676,
        "max": 0.09066009521484375,
        "median": 0.03589212894439697,
        "running_time": 389.5228383541107
    },
    "host_energy_analysis": {
        "total": 7312.755158192755,
        "per_repetition": 0.01462551031638551
    },
    "host_power_analysis": {
        "mean": 18.792703187835425,
        "std": 4.777112722232388,
        "min": 5.500384,
        "max": 39.944624,
        "median": 18.52654
    },
    "process_energy_analysis": {
        "total": 159.18766657664514,
        "per_repetition": 0.0003183753331532903
    }
}