{
    "timestamp_analysis": {
        "mean": 0.0261065504767678,
        "std": 0.0018147402941091693,
        "min": 0.022286653518676758,
        "max": 0.034247636795043945,
        "median": 0.025805950164794922,
        "running_time": 11.48706579208374
    },
    "host_energy_analysis": {
        "total": 225.80232908730426,
        "per_repetition": 2.2580232908730426e-05
    },
    "host_power_analysis": {
        "mean": 19.66362210884354,
        "std": 6.060426512256191,
        "min": 4.08605,
        "max": 39.26381,
        "median": 19.77874
    },
    "process_energy_analysis": {
        "total": 3.5916031385586713,
        "per_repetition": 3.5916031385586715e-07
    }
}