{
    "timestamp_analysis": {
        "mean": 0.025390709168983228,
        "std": 0.012073781136488266,
        "min": 0.021335601806640625,
        "max": 0.3321223258972168,
        "median": 0.02457106113433838,
        "running_time": 16.75818133354187
    },
    "host_energy_analysis": {
        "total": 304.7029849065691,
        "per_repetition": 6.094059698131382e-07
    },
    "host_power_analysis": {
        "mean": 18.21643919364599,
        "std": 5.814738476229933,
        "min": 4.207745,
        "max": 39.41714,
        "median": 17.727144
    },
    "process_energy_analysis": {
        "total": 4.692631379892939,
        "per_repetition": 9.385262759785877e-09
    }
}