{
    "host_energy_total_shapiro": {
        "stat": 0.9355167610968624,
        "p": 0.06892096958648428
    },
    "host_energy_per_repetition_shapiro": {
        "stat": 0.9355167610968624,
        "p": 0.06892096958648428
    },
    "process_energy_total_shapiro": {
        "stat": 0.9695934207264877,
        "p": 0.5281104157280558
    },
    "process_energy_per_repetition_shapiro": {
        "stat": 0.9695934207264877,
        "p": 0.5281104157280558
    },
    "timestamp_running_time_shapiro": {
        "stat": 0.8740269075719985,
        "p": 0.002061809249112979
    },
    "host_power_mean_shapiro": {
        "stat": 0.9389657175453396,
        "p": 0.08531003677697843
    }
}