{
    "timestamp_analysis": {
        "mean": 0.025529608943245626,
        "std": 0.0016255236101223461,
        "min": 0.02237081527709961,
        "max": 0.03709554672241211,
        "median": 0.025271177291870117,
        "running_time": 16.849663734436035
    },
    "host_energy_analysis": {
        "total": 309.0499785591117,
        "per_repetition": 6.180999571182234e-07
    },
    "host_power_analysis": {
        "mean": 18.335352503782147,
        "std": 5.720136899088256,
        "min": 5.320069,
        "max": 37.71,
        "median": 18.07968
    },
    "process_energy_analysis": {
        "total": 4.8196607616862455,
        "per_repetition": 9.63932152337249e-09
    }
}