{
    "timestamp_analysis": {
        "mean": 0.035288878374321514,
        "std": 0.0017737223536472262,
        "min": 0.03177046775817871,
        "max": 0.043910980224609375,
        "median": 0.03490161895751953,
        "running_time": 7.587274789810181
    },
    "host_energy_analysis": {
        "total": 140.92325720104014,
        "per_repetition": 0.00028184651440208027
    },
    "host_power_analysis": {
        "mean": 18.58613739814815,
        "std": 5.059023291189318,
        "min": 5.533308,
        "max": 35.49977,
        "median": 18.20069
    },
    "process_energy_analysis": {
        "total": 2.990107427928442,
        "per_repetition": 5.980214855856884e-06
    }
}