{
    "timestamp_analysis": {
        "mean": 0.034512515197932025,
        "std": 0.0016418847287842043,
        "min": 0.031104564666748047,
        "max": 0.0416560173034668,
        "median": 0.03419971466064453,
        "running_time": 8.869856595993042
    },
    "host_energy_analysis": {
        "total": 172.83904144140757,
        "per_repetition": 0.0017283904144140758
    },
    "host_power_analysis": {
        "mean": 19.47203720930232,
        "std": 5.002274779478693,
        "min": 7.797987,
        "max": 34.13541,
        "median": 19.271719
    },
    "process_energy_analysis": {
        "total": 3.6135340196126924,
        "per_repetition": 3.6135340196126924e-05
    }
}