{
    "timestamp_analysis": {
        "mean": 0.034396294521109406,
        "std": 0.0022342386739341875,
        "min": 0.031334877014160156,
        "max": 0.08168721199035645,
        "median": 0.03398311138153076,
        "running_time": 30.68165898323059
    },
    "host_energy_analysis": {
        "total": 520.7181879603164,
        "per_repetition": 1.7357272932010546e-05
    },
    "host_power_analysis": {
        "mean": 16.969855367301232,
        "std": 4.802408584465605,
        "min": 5.09826,
        "max": 33.60374,
        "median": 16.787472
    },
    "process_energy_analysis": {
        "total": 10.910127766250223,
        "per_repetition": 3.636709255416741e-07
    }
}