{
    "timestamp_analysis": {
        "mean": 0.025036215782165527,
        "std": 0.0016799250906352704,
        "min": 0.021412134170532227,
        "max": 0.03333759307861328,
        "median": 0.024669766426086426,
        "running_time": 8.262067317962646
    },
    "host_energy_analysis": {
        "total": 156.73164007880712,
        "per_repetition": 3.1346328015761424e-07
    },
    "host_power_analysis": {
        "mean": 18.97944618731118,
        "std": 5.786614334063583,
        "min": 5.715528,
        "max": 34.74899,
        "median": 18.930964
    },
    "process_energy_analysis": {
        "total": 2.3562002731050717,
        "per_repetition": 4.7124005462101436e-09
    }
}