{
    "host_energy_total": {
        "0": 261.96351423845874,
        "1": {
            "value": 262.64144940376656,
            "difference": 0.6779351653078152,
            "change_perc": -0.26,
            "ttest": {
                "stat": -0.40170611397094147,
                "p": 0.6893845425490792
            },
            "cohen_d": -0.10372007263194366
        }
    },
    "host_energy_per_repetition": {
        "0": 0.0008732117141281959,
        "1": {
            "value": 0.0008754714980125552,
            "difference": 2.2597838843593397e-06,
            "change_perc": -0.26,
            "ttest": {
                "stat": -0.4017061139709336,
                "p": 0.6893845425490851
            },
            "cohen_d": -0.10372007263194163
        }
    },
    "process_energy_total": {
        "0": 10.169781486091868,
        "1": {
            "value": 10.34797519287526,
            "difference": 0.17819370678339297,
            "change_perc": -1.75,
            "ttest": {
                "stat": -1.189623744250495,
                "p": 0.23905881030152804
            },
            "cohen_d": -0.30715952998233864
        }
    },
    "process_energy_per_repetition": {
        "0": 3.3899271620306225e-05,
        "1": {
            "value": 3.4493250642917543e-05,
            "difference": 5.939790226113182e-07,
            "change_perc": -1.75,
            "ttest": {
                "stat": -1.1896237442505118,
                "p": 0.23905881030152146
            },
            "cohen_d": -0.30715952998234286
        }
    },
    "timestamp_running_time": {
        "0": 10.588192168871561,
        "1": {
            "value": 10.609915121396382,
            "difference": 0.02172295252482037,
            "change_perc": -0.21,
            "mannwhitneyu": {
                "stat": 404.0,
                "p": 0.501143667603293
            },
            "effect_size": 0.10222222222222221
        }
    },
    "host_power_mean": {
        "0": 24.626278482353143,
        "1": {
            "value": 24.63602335146106,
            "difference": 0.009744869107915832,
            "change_perc": -0.04,
            "ttest": {
                "stat": -0.05880381778901498,
                "p": 0.9533178872913468
            },
            "cohen_d": -0.015183080466018031
        }
    }
}