{
    "timestamp_analysis": {
        "mean": 0.024897796109065392,
        "std": 0.001481352275531681,
        "min": 0.021383285522460938,
        "max": 0.03309750556945801,
        "median": 0.024633169174194336,
        "running_time": 16.109004497528076
    },
    "host_energy_analysis": {
        "total": 282.6956891592671,
        "per_repetition": 5.653913783185342e-09
    },
    "host_power_analysis": {
        "mean": 17.555480174382716,
        "std": 5.353383747695433,
        "min": 5.005703,
        "max": 33.781212,
        "median": 17.242606000000002
    },
    "process_energy_analysis": {
        "total": 4.221262148455129,
        "per_repetition": 8.442524296910258e-11
    }
}