{
    "timestamp_analysis": {
        "mean": 0.024838815615015122,
        "std": 0.0016327406625610038,
        "min": 0.021036386489868164,
        "max": 0.03286862373352051,
        "median": 0.02444756031036377,
        "running_time": 15.350535154342651
    },
    "host_energy_analysis": {
        "total": 291.98074600837015,
        "per_repetition": 5.839614920167403e-07
    },
    "host_power_analysis": {
        "mean": 19.05642875605816,
        "std": 5.984587809504538,
        "min": 4.671737,
        "max": 37.94979,
        "median": 18.830354
    },
    "process_energy_analysis": {
        "total": 4.358480680046801,
        "per_repetition": 8.716961360093603e-09
    }
}