{
    "timestamp_analysis": {
        "mean": 0.0347634549270808,
        "std": 0.0019319834564990323,
        "min": 0.031101226806640625,
        "max": 0.04331851005554199,
        "median": 0.034259796142578125,
        "running_time": 8.934329271316528
    },
    "host_energy_analysis": {
        "total": 175.18842596314073,
        "per_repetition": 0.0017518842596314073
    },
    "host_power_analysis": {
        "mean": 19.597386399224806,
        "std": 5.367703790531445,
        "min": 6.879301,
        "max": 35.062264,
        "median": 19.608512
    },
    "process_energy_analysis": {
        "total": 3.6565770304056753,
        "per_repetition": 3.6565770304056753e-05
    }
}