{
    "timestamp_analysis": {
        "mean": 0.03418680949794778,
        "std": 0.0015091216065371525,
        "min": 0.031029462814331055,
        "max": 0.04090404510498047,
        "median": 0.03383374214172363,
        "running_time": 29.605986833572388
    },
    "host_energy_analysis": {
        "total": 568.115618604465,
        "per_repetition": 1.89371872868155e-05
    },
    "host_power_analysis": {
        "mean": 19.18973906343714,
        "std": 5.538941326569595,
        "min": 5.342386,
        "max": 40.41465,
        "median": 18.793464
    },
    "process_energy_analysis": {
        "total": 11.805207835087192,
        "per_repetition": 3.9350692783623974e-07
    }
}