{
    "timestamp_analysis": {
        "mean": 0.025346608219032517,
        "std": 0.001860877248968166,
        "min": 0.022121191024780273,
        "max": 0.035718679428100586,
        "median": 0.02487766742706299,
        "running_time": 8.465928554534912
    },
    "host_energy_analysis": {
        "total": 146.9475786962588,
        "per_repetition": 2.938951573925176e-07
    },
    "host_power_analysis": {
        "mean": 17.37018766567164,
        "std": 5.620910041235564,
        "min": 4.299502,
        "max": 33.99478,
        "median": 16.732281
    },
    "process_energy_analysis": {
        "total": 2.235077138058474,
        "per_repetition": 4.470154276116948e-09
    }
}