{
    "timestamp_analysis": {
        "mean": 0.03713329294894604,
        "std": 0.0029491529074534588,
        "min": 0.03188133239746094,
        "max": 0.0525968074798584,
        "median": 0.036211490631103516,
        "running_time": 10.471729040145874
    },
    "host_energy_analysis": {
        "total": 261.1148943485151,
        "per_repetition": 0.000870382981161717
    },
    "host_power_analysis": {
        "mean": 24.77952103180212,
        "std": 7.336945004748231,
        "min": 7.93136,
        "max": 50.813668,
        "median": 24.006222
    },
    "process_energy_analysis": {
        "total": 10.53917481384051,
        "per_repetition": 3.51305827128017e-05
    }
}