{
    "timestamp_analysis": {
        "mean": 0.02505181049179054,
        "std": 0.002578468886785966,
        "min": 0.021623849868774414,
        "max": 0.07277655601501465,
        "median": 0.02441263198852539,
        "running_time": 16.509259939193726
    },
    "host_energy_analysis": {
        "total": 282.3651811981788,
        "per_repetition": 5.6473036239635754e-09
    },
    "host_power_analysis": {
        "mean": 17.137325636363638,
        "std": 5.259331832154758,
        "min": 4.353361,
        "max": 37.53989,
        "median": 16.911561
    },
    "process_energy_analysis": {
        "total": 4.280078014003642,
        "per_repetition": 8.560156028007285e-11
    }
}