{
    "timestamp_analysis": {
        "mean": 0.03506973079431837,
        "std": 0.001911891575479032,
        "min": 0.031821250915527344,
        "max": 0.04378557205200195,
        "median": 0.03481090068817139,
        "running_time": 7.505049228668213
    },
    "host_energy_analysis": {
        "total": 140.5456066913353,
        "per_repetition": 0.0002810912133826706
    },
    "host_power_analysis": {
        "mean": 18.803318758139532,
        "std": 5.409244616302423,
        "min": 7.551233,
        "max": 39.154496,
        "median": 18.270096
    },
    "process_energy_analysis": {
        "total": 3.0203876500246833,
        "per_repetition": 6.040775300049366e-06
    }
}