{
    "timestamp_analysis": {
        "mean": 0.02526188461032845,
        "std": 0.0017986276523784324,
        "min": 0.021952390670776367,
        "max": 0.03549766540527344,
        "median": 0.02479732036590576,
        "running_time": 8.538638591766357
    },
    "host_energy_analysis": {
        "total": 149.9711497584152,
        "per_repetition": 2.9994229951683044e-07
    },
    "host_power_analysis": {
        "mean": 17.619854604719762,
        "std": 5.708653376691927,
        "min": 3.017706,
        "max": 34.290108,
        "median": 17.456168
    },
    "process_energy_analysis": {
        "total": 2.2942014836121274,
        "per_repetition": 4.588402967224255e-09
    }
}