{
    "timestamp_analysis": {
        "mean": 0.03427826084253442,
        "std": 0.0017794612243552785,
        "min": 0.03087592124938965,
        "max": 0.04229855537414551,
        "median": 0.03387141227722168,
        "running_time": 8.98106575012207
    },
    "host_energy_analysis": {
        "total": 171.99895588170313,
        "per_repetition": 0.0017199895588170312
    },
    "host_power_analysis": {
        "mean": 19.138412847908743,
        "std": 5.295305821213496,
        "min": 5.323243,
        "max": 36.87229,
        "median": 18.779938
    },
    "process_energy_analysis": {
        "total": 3.4816927814881016,
        "per_repetition": 3.4816927814881016e-05
    }
}