{
    "timestamp_analysis": {
        "mean": 0.03592782435209855,
        "std": 0.0018064308415583273,
        "min": 0.03320932388305664,
        "max": 0.04052591323852539,
        "median": 0.035692453384399414,
        "running_time": 0.8264622688293457
    },
    "host_energy_analysis": {
        "total": 16.134582189398287,
        "per_repetition": 0.005378194063132762
    },
    "host_power_analysis": {
        "mean": 19.314000916666668,
        "std": 5.0563221220244134,
        "min": 10.937572,
        "max": 30.237332,
        "median": 18.524233
    },
    "process_energy_analysis": {
        "total": 0.3274811076337826,
        "per_repetition": 0.00010916036921126085
    }
}