[
    {
        "host": {
            "consumption": 24535748.0,
            "timestamp": 1721774959.4513464,
            "components": {
                "disks": [
                    {
                        "disk_type": "SSD",
                        "disk_mount_point": "/etc/hosts",
                        "disk_is_removable": false,
                        "disk_file_system": "ext4",
                        "disk_total_bytes": "33634926592",
                        "disk_available_bytes": "9872019456",
                        "disk_name": "/dev/nvme0n1p4"
                    }
                ]
            }
        },
        "consumers": [
            {
                "exe": "/usr/local/bin/scaphandre",
                "cmdline": "/usr/local/bin/scaphandrejson-s0--step-nano10000000-f/home/ce-p2-r-1/27/power.json",
                "pid": 463221,
                "resources_usage": null,
                "consumption": 285299.4,
                "timestamp": 1721774959.4511971,
                "container": null
            },
            {
                "exe": "/",
                "cmdline": "runcinit",
                "pid": 463293,
                "resources_usage": null,
                "consumption": 285299.4,
                "timestamp": 1721774959.4512308,
                "container": null
            },
            {
                "exe": "/usr/bin/dockerd",
                "cmdline": "/usr/bin/dockerd-Hfd://--containerd=/run/containerd/containerd.sock",
                "pid": 1100,
                "resources_usage": null,
                "consumption": 142649.7,
                "timestamp": 1721774959.4512384,
                "container": null
            },
            {
                "exe": "",
                "cmdline": "",
                "pid": 51,
                "resources_usage": null,
                "consumption": 0.0,
                "timestamp": 1721774959.4511807,
                "container": null
            },
            {
                "exe": "/usr/bin/udevadm",
                "cmdline": "/lib/systemd/systemd-udevd",
                "pid": 463192,
                "resources_usage": null,
                "consumption": 0.0,
                "timestamp": 1721774959.4511814,
                "container": null
            },
            {
                "exe": "",
                "cmdline": "",
                "pid": 48,
                "resources_usage": null,
                "consumption": 0.0,
                "timestamp": 1721774959.451182,
                "container": null
            },
            {
                "exe": "",
                "cmdline": "",
                "pid": 458255,
                "resources_usage": null,
                "consumption": 0.0,
                "timestamp": 1721774959.4511821,
                "container": null
            },
            {
                "exe": "/usr/bin/udevadm",
                "cmdline": "/lib/systemd/systemd-udevd",
                "pid": 463185,
                "resources_usage": null,
                "consumption": 0.0,
                "timestamp": 1721774959.4511826,
                "container": null
            },
            {
                "exe": "",
                "cmdline": "",
                "pid": 476,
                "resources_usage": null,
                "consumption": 0.0,
                "timestamp": 1721774959.4511828,
                "container": null
            },
            {
                "exe": "",
                "cmdline": "",
                "pid": 449356,
                "resources_usage": null,
                "consumption": 0.0,
                "timestamp": 1721774959.451183,
                "container": null
            }
        ],
        "sockets": [
            {
                "id": 0,
                "consumption": 16224907.0,
                "domains": [
                    {
                        "name": "uncore",
                        "consumption": 0.0,
                        "timestamp": 1721774959.4335723
                    },
                    {
                        "name": "core",
                        "consumption": 13381421.0,
                        "timestamp": 1721774959.4335585
                    }
                ],
                "timestamp": 1721774959.43342
            }
        ]
    },
    {
        "host": {
            "consumption": 22182420.0,
            "timestamp": 1721774959.4841113,
            "components": {
                "disks": [
                    {
                        "disk_type": "SSD",
                        "disk_mount_point": "/etc/hosts",
                        "disk_is_removable": false,
                        "disk_file_system": "ext4",
                        "disk_total_bytes": "33634926592",
                        "disk_available_bytes": "9872019456",
                        "disk_name": "/dev/nvme0n1p4"
                    }
                ]
            }
        },
        "consumers": [
            {
                "exe": "/",
                "cmdline": "runcinit",
                "pid": 463293,
                "resources_usage": null,
                "consumption": 507026.7,
                "timestamp": 1721774959.484044,
                "container": null
            },
            {
                "exe": "/usr/local/bin/scaphandre",
                "cmdline": "/usr/local/bin/scaphandrejson-s0--step-nano10000000-f/home/ce-p2-r-1/27/power.json",
                "pid": 463221,
                "resources_usage": null,
                "consumption": 253513.34,
                "timestamp": 1721774959.4840024,
                "container": null
            },
            {
                "exe": "",
                "cmdline": "",
                "pid": 51,
                "resources_usage": null,
                "consumption": 0.0,
                "timestamp": 1721774959.4839811,
                "container": null
            },
            {
                "exe": "/usr/bin/udevadm",
                "cmdline": "/lib/systemd/systemd-udevd",
                "pid": 463192,
                "resources_usage": null,
                "consumption": 0.0,
                "timestamp": 1721774959.4839823,
                "container": null
            },
            {
                "exe": "",
                "cmdline": "",
                "pid": 48,
                "resources_usage": null,
                "consumption": 0.0,
                "timestamp": 1721774959.483983,
                "container": null
            },
            {
                "exe": "",
                "cmdline": "",
                "pid": 458255,
                "resources_usage": null,
                "consumption": 0.0,
                "timestamp": 1721774959.4839835,
                "container": null
            },
            {
                "exe": "/usr/bin/udevadm",
                "cmdline": "/lib/systemd/systemd-udevd",
                "pid": 463185,
                "resources_usage": null,
                "consumption": 0.0,
                "timestamp": 1721774959.4839838,
                "container": null
            },
            {
                "exe": "",
                "cmdline": "",
                "pid": 476,
                "resources_usage": null,
                "consumption": 0.0,
                "timestamp": 1721774959.4839842,
                "container": null
            },
            {
                "exe": "",
                "cmdline": "",
                "pid": 449356,
                "resources_usage": null,
                "consumption": 0.0,
                "timestamp": 1721774959.4839847,
                "container": null
            },
            {
                "exe": "/usr/sbin/agetty",
                "cmdline": "/sbin/agetty-o-p -- \\u--nocleartty3linux",
                "pid": 1643,
                "resources_usage": null,
                "consumption": 0.0,
                "timestamp": 1721774959.4839852,
                "container": null
            }
        ],
        "sockets": [
            {
                "id": 0,
                "consumption": 23469774.0,
                "domains": [
                    {
                        "name": "uncore",
                        "consumption": 0.0,
                        "timestamp": 1721774959.466934
                    },
                    {
                        "name": "core",
                        "consumption": 20628388.0,
                        "timestamp": 1721774959.4669158
                    }
                ],
                "timestamp": 1721774959.4666371
            }
        ]
    },
    {
        "host": {
            "consumption": 21309328.0,
            "timestamp": 1721774959.5159903,
            "components": {
                "disks": [
                    {
                        "disk_type": "SSD",
                        "disk_mount_point": "/etc/hosts",
                        "disk_is_removable": false,
                        "disk_file_system": "ext4",
                        "disk_total_bytes": "33634926592",
                        "disk_available_bytes": "9872015360",
                        "disk_name": "/dev/nvme0n1p4"
                    }
                ]
            }
        },
        "consumers": [
            {
                "exe": "/",
                "cmdline": "runcinit",
                "pid": 463293,
                "resources_usage": null,
                "consumption": 365302.75,
                "timestamp": 1721774959.5158734,
                "container": null
            },
            {
                "exe": "/usr/local/bin/scaphandre",
                "cmdline": "/usr/local/bin/scaphandrejson-s0--step-nano10000000-f/home/ce-p2-r-1/27/power.json",
                "pid": 463221,
                "resources_usage": null,
                "consumption": 243535.17,
                "timestamp": 1721774959.5158381,
                "container": null
            },
            {
                "exe": "",
                "cmdline": "",
                "pid": 51,
                "resources_usage": null,
                "consumption": 0.0,
                "timestamp": 1721774959.515822,
                "container": null
            },
            {
                "exe": "/usr/bin/udevadm",
                "cmdline": "/lib/systemd/systemd-udevd",
                "pid": 463192,
                "resources_usage": null,
                "consumption": 0.0,
                "timestamp": 1721774959.515823,
                "container": null
            },
            {
                "exe": "",
                "cmdline": "",
                "pid": 48,
                "resources_usage": null,
                "consumption": 0.0,
                "timestamp": 1721774959.5158238,
                "container": null
            },
            {
                "exe": "",
                "cmdline": "",
                "pid": 458255,
                "resources_usage": null,
                "consumption": 0.0,
                "timestamp": 1721774959.515824,
                "container": null
            },
            {
                "exe": "/usr/bin/udevadm",
                "cmdline": "/lib/systemd/systemd-udevd",
                "pid": 463185,
                "resources_usage": null,
                "consumption": 0.0,
                "timestamp": 1721774959.5158243,
                "container": null
            },
            {
                "exe": "",
                "cmdline": "",
                "pid": 476,
                "resources_usage": null,
                "consumption": 0.0,
                "timestamp": 1721774959.5158246,
                "container": null
            },
            {
                "exe": "",
                "cmdline": "",
                "pid": 449356,
                "resources_usage": null,
                "consumption": 0.0,
                "timestamp": 1721774959.5158248,
                "container": null
            },
            {
                "exe": "/usr/sbin/agetty",
                "cmdline": "/sbin/agetty-o-p -- \\u--nocleartty3linux",
                "pid": 1643,
                "resources_usage": null,
                "consumption": 0.0,
                "timestamp": 1721774959.515825,
                "container": null
            }
        ],
        "sockets": [
            {
                "id": 0,
                "consumption": 24056844.0,
                "domains": [
                    {
                        "name": "uncore",
                        "consumption": 0.0,
                        "timestamp": 1721774959.4994192
                    },
                    {
                        "name": "core",
                        "consumption": 21425316.0,
                        "timestamp": 1721774959.4994085
                    }
                ],
                "timestamp": 1721774959.4992924
            }
        ]
    },
    {
        "host": {
            "consumption": 17802792.0,
            "timestamp": 1721774959.550209,
            "components": {
                "disks": [
                    {
                        "disk_type": "SSD",
                        "disk_mount_point": "/etc/hosts",
                        "disk_is_removable": false,
                        "disk_file_system": "ext4",
                        "disk_total_bytes": "33634926592",
                        "disk_available_bytes": "9872015360",
                        "disk_name": "/dev/nvme0n1p4"
                    }
                ]
            }
        },
        "consumers": [
            {
                "exe": "/",
                "cmdline": "runcinit",
                "pid": 463293,
                "resources_usage": null,
                "consumption": 305190.7,
                "timestamp": 1721774959.5499425,
                "container": null
            },
            {
                "exe": "/usr/local/bin/scaphandre",
                "cmdline": "/usr/local/bin/scaphandrejson-s0--step-nano10000000-f/home/ce-p2-r-1/27/power.json",
                "pid": 463221,
                "resources_usage": null,
                "consumption": 203460.47,
                "timestamp": 1721774959.549907,
                "container": null
            },
            {
                "exe": "",
                "cmdline": "",
                "pid": 51,
                "resources_usage": null,
                "consumption": 0.0,
                "timestamp": 1721774959.5498886,
                "container": null
            },
            {
                "exe": "/usr/bin/udevadm",
                "cmdline": "/lib/systemd/systemd-udevd",
                "pid": 463192,
                "resources_usage": null,
                "consumption": 0.0,
                "timestamp": 1721774959.5498898,
                "container": null
            },
            {
                "exe": "",
                "cmdline": "",
                "pid": 48,
                "resources_usage": null,
                "consumption": 0.0,
                "timestamp": 1721774959.5498903,
                "container": null
            },
            {
                "exe": "",
                "cmdline": "",
                "pid": 458255,
                "resources_usage": null,
                "consumption": 0.0,
                "timestamp": 1721774959.5498905,
                "container": null
            },
            {
                "exe": "/usr/bin/udevadm",
                "cmdline": "/lib/systemd/systemd-udevd",
                "pid": 463185,
                "resources_usage": null,
                "consumption": 0.0,
                "timestamp": 1721774959.5498908,
                "container": null
            },
            {
                "exe": "",
                "cmdline": "",
                "pid": 476,
                "resources_usage": null,
                "consumption": 0.0,
                "timestamp": 1721774959.5498912,
                "container": null
            },
            {
                "exe": "",
                "cmdline": "",
                "pid": 449356,
                "resources_usage": null,
                "consumption": 0.0,
                "timestamp": 1721774959.5498915,
                "container": null
            },
            {
                "exe": "/usr/sbin/agetty",
                "cmdline": "/sbin/agetty-o-p -- \\u--nocleartty3linux",
                "pid": 1643,
                "resources_usage": null,
                "consumption": 0.0,
                "timestamp": 1721774959.5498917,
                "container": null
            }
        ],
        "sockets": [
            {
                "id": 0,
                "consumption": 21098028.0,
                "domains": [
                    {
                        "name": "uncore",
                        "consumption": 0.0,
                        "timestamp": 1721774959.5313575
                    },
                    {
                        "name": "core",
                        "consumption": 18416288.0,
                        "timestamp": 1721774959.5313473
                    }
                ],
                "timestamp": 1721774959.5312274
            }
        ]
    },
    {
        "host": {
            "consumption": 16700659.0,
            "timestamp": 1721774959.5856993,
            "components": {
                "disks": [
                    {
                        "disk_type": "SSD",
                        "disk_mount_point": "/etc/hosts",
                        "disk_is_removable": false,
                        "disk_file_system": "ext4",
                        "disk_total_bytes": "33634926592",
                        "disk_available_bytes": "9872011264",
                        "disk_name": "/dev/nvme0n1p4"
                    }
                ]
            }
        },
        "consumers": [
            {
                "exe": "/",
                "cmdline": "runcinit",
                "pid": 463293,
                "resources_usage": null,
                "consumption": 381729.3,
                "timestamp": 1721774959.5855713,
                "container": null
            },
            {
                "exe": "/usr/local/bin/scaphandre",
                "cmdline": "/usr/local/bin/scaphandrejson-s0--step-nano10000000-f/home/ce-p2-r-1/27/power.json",
                "pid": 463221,
                "resources_usage": null,
                "consumption": 95432.33,
                "timestamp": 1721774959.5855343,
                "container": null
            },
            {
                "exe": "",
                "cmdline": "",
                "pid": 51,
                "resources_usage": null,
                "consumption": 0.0,
                "timestamp": 1721774959.5855157,
                "container": null
            },
            {
                "exe": "/usr/bin/udevadm",
                "cmdline": "/lib/systemd/systemd-udevd",
                "pid": 463192,
                "resources_usage": null,
                "consumption": 0.0,
                "timestamp": 1721774959.5855167,
                "container": null
            },
            {
                "exe": "",
                "cmdline": "",
                "pid": 48,
                "resources_usage": null,
                "consumption": 0.0,
                "timestamp": 1721774959.5855172,
                "container": null
            },
            {
                "exe": "",
                "cmdline": "",
                "pid": 458255,
                "resources_usage": null,
                "consumption": 0.0,
                "timestamp": 1721774959.5855176,
                "container": null
            },
            {
                "exe": "/usr/bin/udevadm",
                "cmdline": "/lib/systemd/systemd-udevd",
                "pid": 463185,
                "resources_usage": null,
                "consumption": 0.0,
                "timestamp": 1721774959.585518,
                "container": null
            },
            {
                "exe": "",
                "cmdline": "",
                "pid": 476,
                "resources_usage": null,
                "consumption": 0.0,
                "timestamp": 1721774959.5855184,
                "container": null
            },
            {
                "exe": "",
                "cmdline": "",
                "pid": 449356,
                "resources_usage": null,
                "consumption": 0.0,
                "timestamp": 1721774959.5855186,
                "container": null
            },
            {
                "exe": "/usr/sbin/agetty",
                "cmdline": "/sbin/agetty-o-p -- \\u--nocleartty3linux",
                "pid": 1643,
                "resources_usage": null,
                "consumption": 0.0,
                "timestamp": 1721774959.5855188,
                "container": null
            }
        ],
        "sockets": [
            {
                "id": 0,
                "consumption": 7978713.0,
                "domains": [
                    {
                        "name": "uncore",
                        "consumption": 0.0,
                        "timestamp": 1721774959.566019
                    },
                    {
                        "name": "core",
                        "consumption": 5546993.0,
                        "timestamp": 1721774959.5657876
                    }
                ],
                "timestamp": 1721774959.5654752
            }
        ]
    },
    {
        "host": {
            "consumption": 16739100.0,
            "timestamp": 1721774959.620882,
            "components": {
                "disks": [
                    {
                        "disk_type": "SSD",
                        "disk_mount_point": "/etc/hosts",
                        "disk_is_removable": false,
                        "disk_file_system": "ext4",
                        "disk_total_bytes": "33634926592",
                        "disk_available_bytes": "9872011264",
                        "disk_name": "/dev/nvme0n1p4"
                    }
                ]
            }
        },
        "consumers": [
            {
                "exe": "/usr/local/bin/scaphandre",
                "cmdline": "/usr/local/bin/scaphandrejson-s0--step-nano10000000-f/home/ce-p2-r-1/27/power.json",
                "pid": 463221,
                "resources_usage": null,
                "consumption": 286955.97,
                "timestamp": 1721774959.6207912,
                "container": null
            },
            {
                "exe": "/",
                "cmdline": "runcinit",
                "pid": 463293,
                "resources_usage": null,
                "consumption": 286955.97,
                "timestamp": 1721774959.6208282,
                "container": null
            },
            {
                "exe": "",
                "cmdline": "",
                "pid": 51,
                "resources_usage": null,
                "consumption": 0.0,
                "timestamp": 1721774959.6207738,
                "container": null
            },
            {
                "exe": "/usr/bin/udevadm",
                "cmdline": "/lib/systemd/systemd-udevd",
                "pid": 463192,
                "resources_usage": null,
                "consumption": 0.0,
                "timestamp": 1721774959.6207747,
                "container": null
            },
            {
                "exe": "",
                "cmdline": "",
                "pid": 48,
                "resources_usage": null,
                "consumption": 0.0,
                "timestamp": 1721774959.6207752,
                "container": null
            },
            {
                "exe": "",
                "cmdline": "",
                "pid": 458255,
                "resources_usage": null,
                "consumption": 0.0,
                "timestamp": 1721774959.6207755,
                "container": null
            },
            {
                "exe": "/usr/bin/udevadm",
                "cmdline": "/lib/systemd/systemd-udevd",
                "pid": 463185,
                "resources_usage": null,
                "consumption": 0.0,
                "timestamp": 1721774959.6207757,
                "container": null
            },
            {
                "exe": "",
                "cmdline": "",
                "pid": 476,
                "resources_usage": null,
                "consumption": 0.0,
                "timestamp": 1721774959.620776,
                "container": null
            },
            {
                "exe": "",
                "cmdline": "",
                "pid": 449356,
                "resources_usage": null,
                "consumption": 0.0,
                "timestamp": 1721774959.6207762,
                "container": null
            },
            {
                "exe": "/usr/sbin/agetty",
                "cmdline": "/sbin/agetty-o-p -- \\u--nocleartty3linux",
                "pid": 1643,
                "resources_usage": null,
                "consumption": 0.0,
                "timestamp": 1721774959.6207764,
                "container": null
            }
        ],
        "sockets": [
            {
                "id": 0,
                "consumption": 22323246.0,
                "domains": [
                    {
                        "name": "uncore",
                        "consumption": 0.0,
                        "timestamp": 1721774959.6013958
                    },
                    {
                        "name": "core",
                        "consumption": 20658612.0,
                        "timestamp": 1721774959.6012292
                    }
                ],
                "timestamp": 1721774959.6009617
            }
        ]
    },
    {
        "host": {
            "consumption": 11920996.0,
            "timestamp": 1721774959.6553547,
            "components": {
                "disks": [
                    {
                        "disk_type": "SSD",
                        "disk_mount_point": "/etc/hosts",
                        "disk_is_removable": false,
                        "disk_file_system": "ext4",
                        "disk_total_bytes": "33634926592",
                        "disk_available_bytes": "9872007168",
                        "disk_name": "/dev/nvme0n1p4"
                    }
                ]
            }
        },
        "consumers": [
            {
                "exe": "/",
                "cmdline": "runcinit",
                "pid": 463293,
                "resources_usage": null,
                "consumption": 272479.9,
                "timestamp": 1721774959.6553042,
                "container": null
            },
            {
                "exe": "/usr/local/bin/scaphandre",
                "cmdline": "/usr/local/bin/scaphandrejson-s0--step-nano10000000-f/home/ce-p2-r-1/27/power.json",
                "pid": 463221,
                "resources_usage": null,
                "consumption": 136239.95,
                "timestamp": 1721774959.6552703,
                "container": null
            },
            {
                "exe": "",
                "cmdline": "",
                "pid": 51,
                "resources_usage": null,
                "consumption": 0.0,
                "timestamp": 1721774959.6552525,
                "container": null
            },
            {
                "exe": "/usr/bin/udevadm",
                "cmdline": "/lib/systemd/systemd-udevd",
                "pid": 463192,
                "resources_usage": null,
                "consumption": 0.0,
                "timestamp": 1721774959.6552534,
                "container": null
            },
            {
                "exe": "",
                "cmdline": "",
                "pid": 48,
                "resources_usage": null,
                "consumption": 0.0,
                "timestamp": 1721774959.6552541,
                "container": null
            },
            {
                "exe": "",
                "cmdline": "",
                "pid": 458255,
                "resources_usage": null,
                "consumption": 0.0,
                "timestamp": 1721774959.6552544,
                "container": null
            },
            {
                "exe": "/usr/bin/udevadm",
                "cmdline": "/lib/systemd/systemd-udevd",
                "pid": 463185,
                "resources_usage": null,
                "consumption": 0.0,
                "timestamp": 1721774959.6552546,
                "container": null
            },
            {
                "exe": "",
                "cmdline": "",
                "pid": 476,
                "resources_usage": null,
                "consumption": 0.0,
                "timestamp": 1721774959.6552548,
                "container": null
            },
            {
                "exe": "",
                "cmdline": "",
                "pid": 449356,
                "resources_usage": null,
                "consumption": 0.0,
                "timestamp": 1721774959.655255,
                "container": null
            },
            {
                "exe": "/usr/sbin/agetty",
                "cmdline": "/sbin/agetty-o-p -- \\u--nocleartty3linux",
                "pid": 1643,
                "resources_usage": null,
                "consumption": 0.0,
                "timestamp": 1721774959.6552556,
                "container": null
            }
        ],
        "sockets": [
            {
                "id": 0,
                "consumption": 13379475.0,
                "domains": [
                    {
                        "name": "uncore",
                        "consumption": 0.0,
                        "timestamp": 1721774959.6360393
                    },
                    {
                        "name": "core",
                        "consumption": 10492382.0,
                        "timestamp": 1721774959.6360328
                    }
                ],
                "timestamp": 1721774959.6359282
            }
        ]
    },
    {
        "host": {
            "consumption": 29084036.0,
            "timestamp": 1721774959.6899266,
            "components": {
                "disks": [
                    {
                        "disk_type": "SSD",
                        "disk_mount_point": "/etc/hosts",
                        "disk_is_removable": false,
                        "disk_file_system": "ext4",
                        "disk_total_bytes": "33634926592",
                        "disk_available_bytes": "9872007168",
                        "disk_name": "/dev/nvme0n1p4"
                    }
                ]
            }
        },
        "consumers": [
            {
                "exe": "/",
                "cmdline": "runcinit",
                "pid": 463293,
                "resources_usage": null,
                "consumption": 538593.25,
                "timestamp": 1721774959.6898775,
                "container": null
            },
            {
                "exe": "/usr/local/bin/scaphandre",
                "cmdline": "/usr/local/bin/scaphandrejson-s0--step-nano10000000-f/home/ce-p2-r-1/27/power.json",
                "pid": 463221,
                "resources_usage": null,
                "consumption": 179531.08,
                "timestamp": 1721774959.6898446,
                "container": null
            },
            {
                "exe": "",
                "cmdline": "",
                "pid": 51,
                "resources_usage": null,
                "consumption": 0.0,
                "timestamp": 1721774959.6898282,
                "container": null
            },
            {
                "exe": "/usr/bin/udevadm",
                "cmdline": "/lib/systemd/systemd-udevd",
                "pid": 463192,
                "resources_usage": null,
                "consumption": 0.0,
                "timestamp": 1721774959.6898293,
                "container": null
            },
            {
                "exe": "",
                "cmdline": "",
                "pid": 48,
                "resources_usage": null,
                "consumption": 0.0,
                "timestamp": 1721774959.6898296,
                "container": null
            },
            {
                "exe": "",
                "cmdline": "",
                "pid": 458255,
                "resources_usage": null,
                "consumption": 0.0,
                "timestamp": 1721774959.6898298,
                "container": null
            },
            {
                "exe": "/usr/bin/udevadm",
                "cmdline": "/lib/systemd/systemd-udevd",
                "pid": 463185,
                "resources_usage": null,
                "consumption": 0.0,
                "timestamp": 1721774959.68983,
                "container": null
            },
            {
                "exe": "",
                "cmdline": "",
                "pid": 476,
                "resources_usage": null,
                "consumption": 0.0,
                "timestamp": 1721774959.6898305,
                "container": null
            },
            {
                "exe": "",
                "cmdline": "",
                "pid": 449356,
                "resources_usage": null,
                "consumption": 0.0,
                "timestamp": 1721774959.6898308,
                "container": null
            },
            {
                "exe": "/usr/sbin/agetty",
                "cmdline": "/sbin/agetty-o-p -- \\u--nocleartty3linux",
                "pid": 1643,
                "resources_usage": null,
                "consumption": 0.0,
                "timestamp": 1721774959.689831,
                "container": null
            }
        ],
        "sockets": [
            {
                "id": 0,
                "consumption": 21738812.0,
                "domains": [
                    {
                        "name": "uncore",
                        "consumption": 0.0,
                        "timestamp": 1721774959.6706686
                    },
                    {
                        "name": "core",
                        "consumption": 19556940.0,
                        "timestamp": 1721774959.6706622
                    }
                ],
                "timestamp": 1721774959.6705577
            }
        ]
    },
    {
        "host": {
            "consumption": 24507636.0,
            "timestamp": 1721774959.723844,
            "components": {
                "disks": [
                    {
                        "disk_type": "SSD",
                        "disk_mount_point": "/etc/hosts",
                        "disk_is_removable": false,
                        "disk_file_system": "ext4",
                        "disk_total_bytes": "33634926592",
                        "disk_available_bytes": "9872003072",
                        "disk_name": "/dev/nvme0n1p4"
                    }
                ]
            }
        },
        "consumers": [
            {
                "exe": "/",
                "cmdline": "runcinit",
                "pid": 463293,
                "resources_usage": null,
                "consumption": 605126.8,
                "timestamp": 1721774959.723792,
                "container": null
            },
            {
                "exe": "/usr/local/bin/scaphandre",
                "cmdline": "/usr/local/bin/scaphandrejson-s0--step-nano10000000-f/home/ce-p2-r-1/27/power.json",
                "pid": 463221,
                "resources_usage": null,
                "consumption": 453845.12,
                "timestamp": 1721774959.7237573,
                "container": null
            },
            {
                "exe": "",
                "cmdline": "",
                "pid": 51,
                "resources_usage": null,
                "consumption": 0.0,
                "timestamp": 1721774959.7237408,
                "container": null
            },
            {
                "exe": "/usr/bin/udevadm",
                "cmdline": "/lib/systemd/systemd-udevd",
                "pid": 463192,
                "resources_usage": null,
                "consumption": 0.0,
                "timestamp": 1721774959.7237418,
                "container": null
            },
            {
                "exe": "",
                "cmdline": "",
                "pid": 48,
                "resources_usage": null,
                "consumption": 0.0,
                "timestamp": 1721774959.7237422,
                "container": null
            },
            {
                "exe": "",
                "cmdline": "",
                "pid": 458255,
                "resources_usage": null,
                "consumption": 0.0,
                "timestamp": 1721774959.7237425,
                "container": null
            },
            {
                "exe": "/usr/bin/udevadm",
                "cmdline": "/lib/systemd/systemd-udevd",
                "pid": 463185,
                "resources_usage": null,
                "consumption": 0.0,
                "timestamp": 1721774959.723743,
                "container": null
            },
            {
                "exe": "",
                "cmdline": "",
                "pid": 476,
                "resources_usage": null,
                "consumption": 0.0,
                "timestamp": 1721774959.7237432,
                "container": null
            },
            {
                "exe": "",
                "cmdline": "",
                "pid": 449356,
                "resources_usage": null,
                "consumption": 0.0,
                "timestamp": 1721774959.7237434,
                "container": null
            },
            {
                "exe": "/usr/sbin/agetty",
                "cmdline": "/sbin/agetty-o-p -- \\u--nocleartty3linux",
                "pid": 1643,
                "resources_usage": null,
                "consumption": 0.0,
                "timestamp": 1721774959.7237437,
                "container": null
            }
        ],
        "sockets": [
            {
                "id": 0,
                "consumption": 25775136.0,
                "domains": [
                    {
                        "name": "uncore",
                        "consumption": 0.0,
                        "timestamp": 1721774959.7049515
                    },
                    {
                        "name": "core",
                        "consumption": 23474024.0,
                        "timestamp": 1721774959.7049446
                    }
                ],
                "timestamp": 1721774959.704839
            }
        ]
    },
    {
        "host": {
            "consumption": 20023768.0,
            "timestamp": 1721774959.7576082,
            "components": {
                "disks": [
                    {
                        "disk_type": "SSD",
                        "disk_mount_point": "/etc/hosts",
                        "disk_is_removable": false,
                        "disk_file_system": "ext4",
                        "disk_total_bytes": "33634926592",
                        "disk_available_bytes": "9872003072",
                        "disk_name": "/dev/nvme0n1p4"
                    }
                ]
            }
        },
        "consumers": [
            {
                "exe": "/",
                "cmdline": "runcinit",
                "pid": 463293,
                "resources_usage": null,
                "consumption": 370810.5,
                "timestamp": 1721774959.7575576,
                "container": null
            },
            {
                "exe": "/usr/local/bin/scaphandre",
                "cmdline": "/usr/local/bin/scaphandrejson-s0--step-nano10000000-f/home/ce-p2-r-1/27/power.json",
                "pid": 463221,
                "resources_usage": null,
                "consumption": 123603.51,
                "timestamp": 1721774959.7575223,
                "container": null
            },
            {
                "exe": "",
                "cmdline": "",
                "pid": 51,
                "resources_usage": null,
                "consumption": 0.0,
                "timestamp": 1721774959.7575054,
                "container": null
            },
            {
                "exe": "/usr/bin/udevadm",
                "cmdline": "/lib/systemd/systemd-udevd",
                "pid": 463192,
                "resources_usage": null,
                "consumption": 0.0,
                "timestamp": 1721774959.7575064,
                "container": null
            },
            {
                "exe": "",
                "cmdline": "",
                "pid": 48,
                "resources_usage": null,
                "consumption": 0.0,
                "timestamp": 1721774959.7575068,
                "container": null
            },
            {
                "exe": "",
                "cmdline": "",
                "pid": 458255,
                "resources_usage": null,
                "consumption": 0.0,
                "timestamp": 1721774959.757507,
                "container": null
            },
            {
                "exe": "/usr/bin/udevadm",
                "cmdline": "/lib/systemd/systemd-udevd",
                "pid": 463185,
                "resources_usage": null,
                "consumption": 0.0,
                "timestamp": 1721774959.7575073,
                "container": null
            },
            {
                "exe": "",
                "cmdline": "",
                "pid": 476,
                "resources_usage": null,
                "consumption": 0.0,
                "timestamp": 1721774959.757508,
                "container": null
            },
            {
                "exe": "",
                "cmdline": "",
                "pid": 449356,
                "resources_usage": null,
                "consumption": 0.0,
                "timestamp": 1721774959.7575083,
                "container": null
            },
            {
                "exe": "/usr/sbin/agetty",
                "cmdline": "/sbin/agetty-o-p -- \\u--nocleartty3linux",
                "pid": 1643,
                "resources_usage": null,
                "consumption": 0.0,
                "timestamp": 1721774959.7575085,
                "container": null
            }
        ],
        "sockets": [
            {
                "id": 0,
                "consumption": 21779576.0,
                "domains": [
                    {
                        "name": "uncore",
                        "consumption": 0.0,
                        "timestamp": 1721774959.739042
                    },
                    {
                        "name": "core",
                        "consumption": 19484848.0,
                        "timestamp": 1721774959.739035
                    }
                ],
                "timestamp": 1721774959.7389245
            }
        ]
    },
    {
        "host": {
            "consumption": 21579206.0,
            "timestamp": 1721774959.7915237,
            "components": {
                "disks": [
                    {
                        "disk_type": "SSD",
                        "disk_mount_point": "/etc/hosts",
                        "disk_is_removable": false,
                        "disk_file_system": "ext4",
                        "disk_total_bytes": "33634926592",
                        "disk_available_bytes": "9871998976",
                        "disk_name": "/dev/nvme0n1p4"
                    }
                ]
            }
        },
        "consumers": [
            {
                "exe": "/",
                "cmdline": "runcinit",
                "pid": 463293,
                "resources_usage": null,
                "consumption": 399614.9,
                "timestamp": 1721774959.7914658,
                "container": null
            },
            {
                "exe": "/usr/local/bin/scaphandre",
                "cmdline": "/usr/local/bin/scaphandrejson-s0--step-nano10000000-f/home/ce-p2-r-1/27/power.json",
                "pid": 463221,
                "resources_usage": null,
                "consumption": 266409.94,
                "timestamp": 1721774959.7914295,
                "container": null
            },
            {
                "exe": "",
                "cmdline": "",
                "pid": 51,
                "resources_usage": null,
                "consumption": 0.0,
                "timestamp": 1721774959.7914119,
                "container": null
            },
            {
                "exe": "/usr/bin/udevadm",
                "cmdline": "/lib/systemd/systemd-udevd",
                "pid": 463192,
                "resources_usage": null,
                "consumption": 0.0,
                "timestamp": 1721774959.7914128,
                "container": null
            },
            {
                "exe": "",
                "cmdline": "",
                "pid": 48,
                "resources_usage": null,
                "consumption": 0.0,
                "timestamp": 1721774959.7914133,
                "container": null
            },
            {
                "exe": "",
                "cmdline": "",
                "pid": 458255,
                "resources_usage": null,
                "consumption": 0.0,
                "timestamp": 1721774959.7914135,
                "container": null
            },
            {
                "exe": "/usr/bin/udevadm",
                "cmdline": "/lib/systemd/systemd-udevd",
                "pid": 463185,
                "resources_usage": null,
                "consumption": 0.0,
                "timestamp": 1721774959.791414,
                "container": null
            },
            {
                "exe": "",
                "cmdline": "",
                "pid": 476,
                "resources_usage": null,
                "consumption": 0.0,
                "timestamp": 1721774959.7914143,
                "container": null
            },
            {
                "exe": "",
                "cmdline": "",
                "pid": 449356,
                "resources_usage": null,
                "consumption": 0.0,
                "timestamp": 1721774959.7914147,
                "container": null
            },
            {
                "exe": "/usr/sbin/agetty",
                "cmdline": "/sbin/agetty-o-p -- \\u--nocleartty3linux",
                "pid": 1643,
                "resources_usage": null,
                "consumption": 0.0,
                "timestamp": 1721774959.791415,
                "container": null
            }
        ],
        "sockets": [
            {
                "id": 0,
                "consumption": 22025292.0,
                "domains": [
                    {
                        "name": "uncore",
                        "consumption": 0.0,
                        "timestamp": 1721774959.772804
                    },
                    {
                        "name": "core",
                        "consumption": 19853000.0,
                        "timestamp": 1721774959.7727973
                    }
                ],
                "timestamp": 1721774959.7726908
            }
        ]
    },
    {
        "host": {
            "consumption": 24209772.0,
            "timestamp": 1721774959.8253744,
            "components": {
                "disks": [
                    {
                        "disk_type": "SSD",
                        "disk_mount_point": "/etc/hosts",
                        "disk_is_removable": false,
                        "disk_file_system": "ext4",
                        "disk_total_bytes": "33634926592",
                        "disk_available_bytes": "9871998976",
                        "disk_name": "/dev/nvme0n1p4"
                    }
                ]
            }
        },
        "consumers": [
            {
                "exe": "/",
                "cmdline": "runcinit",
                "pid": 463293,
                "resources_usage": null,
                "consumption": 597772.1,
                "timestamp": 1721774959.825317,
                "container": null
            },
            {
                "exe": "/usr/local/bin/scaphandre",
                "cmdline": "/usr/local/bin/scaphandrejson-s0--step-nano10000000-f/home/ce-p2-r-1/27/power.json",
                "pid": 463221,
                "resources_usage": null,
                "consumption": 298886.06,
                "timestamp": 1721774959.8252811,
                "container": null
            },
            {
                "exe": "",
                "cmdline": "",
                "pid": 51,
                "resources_usage": null,
                "consumption": 0.0,
                "timestamp": 1721774959.8252645,
                "container": null
            },
            {
                "exe": "/usr/bin/udevadm",
                "cmdline": "/lib/systemd/systemd-udevd",
                "pid": 463192,
                "resources_usage": null,
                "consumption": 0.0,
                "timestamp": 1721774959.8252656,
                "container": null
            },
            {
                "exe": "",
                "cmdline": "",
                "pid": 48,
                "resources_usage": null,
                "consumption": 0.0,
                "timestamp": 1721774959.8252661,
                "container": null
            },
            {
                "exe": "",
                "cmdline": "",
                "pid": 458255,
                "resources_usage": null,
                "consumption": 0.0,
                "timestamp": 1721774959.8252664,
                "container": null
            },
            {
                "exe": "/usr/bin/udevadm",
                "cmdline": "/lib/systemd/systemd-udevd",
                "pid": 463185,
                "resources_usage": null,
                "consumption": 0.0,
                "timestamp": 1721774959.8252666,
                "container": null
            },
            {
                "exe": "",
                "cmdline": "",
                "pid": 476,
                "resources_usage": null,
                "consumption": 0.0,
                "timestamp": 1721774959.8252668,
                "container": null
            },
            {
                "exe": "",
                "cmdline": "",
                "pid": 449356,
                "resources_usage": null,
                "consumption": 0.0,
                "timestamp": 1721774959.8252673,
                "container": null
            },
            {
                "exe": "/usr/sbin/agetty",
                "cmdline": "/sbin/agetty-o-p -- \\u--nocleartty3linux",
                "pid": 1643,
                "resources_usage": null,
                "consumption": 0.0,
                "timestamp": 1721774959.8252676,
                "container": null
            }
        ],
        "sockets": [
            {
                "id": 0,
                "consumption": 21271690.0,
                "domains": [
                    {
                        "name": "uncore",
                        "consumption": 0.0,
                        "timestamp": 1721774959.806594
                    },
                    {
                        "name": "core",
                        "consumption": 19036860.0,
                        "timestamp": 1721774959.8065805
                    }
                ],
                "timestamp": 1721774959.8064682
            }
        ]
    },
    {
        "host": {
            "consumption": 23751866.0,
            "timestamp": 1721774959.860019,
            "components": {
                "disks": [
                    {
                        "disk_type": "SSD",
                        "disk_mount_point": "/etc/hosts",
                        "disk_is_removable": false,
                        "disk_file_system": "ext4",
                        "disk_total_bytes": "33634926592",
                        "disk_available_bytes": "9871994880",
                        "disk_name": "/dev/nvme0n1p4"
                    }
                ]
            }
        },
        "consumers": [
            {
                "exe": "/",
                "cmdline": "runcinit",
                "pid": 463293,
                "resources_usage": null,
                "consumption": 439849.38,
                "timestamp": 1721774959.8599622,
                "container": null
            },
            {
                "exe": "/usr/local/bin/scaphandre",
                "cmdline": "/usr/local/bin/scaphandrejson-s0--step-nano10000000-f/home/ce-p2-r-1/27/power.json",
                "pid": 463221,
                "resources_usage": null,
                "consumption": 293232.9,
                "timestamp": 1721774959.8599277,
                "container": null
            },
            {
                "exe": "",
                "cmdline": "",
                "pid": 51,
                "resources_usage": null,
                "consumption": 0.0,
                "timestamp": 1721774959.859911,
                "container": null
            },
            {
                "exe": "/usr/bin/udevadm",
                "cmdline": "/lib/systemd/systemd-udevd",
                "pid": 463192,
                "resources_usage": null,
                "consumption": 0.0,
                "timestamp": 1721774959.859912,
                "container": null
            },
            {
                "exe": "",
                "cmdline": "",
                "pid": 48,
                "resources_usage": null,
                "consumption": 0.0,
                "timestamp": 1721774959.8599124,
                "container": null
            },
            {
                "exe": "",
                "cmdline": "",
                "pid": 458255,
                "resources_usage": null,
                "consumption": 0.0,
                "timestamp": 1721774959.8599126,
                "container": null
            },
            {
                "exe": "/usr/bin/udevadm",
                "cmdline": "/lib/systemd/systemd-udevd",
                "pid": 463185,
                "resources_usage": null,
                "consumption": 0.0,
                "timestamp": 1721774959.8599129,
                "container": null
            },
            {
                "exe": "",
                "cmdline": "",
                "pid": 476,
                "resources_usage": null,
                "consumption": 0.0,
                "timestamp": 1721774959.859913,
                "container": null
            },
            {
                "exe": "",
                "cmdline": "",
                "pid": 449356,
                "resources_usage": null,
                "consumption": 0.0,
                "timestamp": 1721774959.8599133,
                "container": null
            },
            {
                "exe": "/usr/sbin/agetty",
                "cmdline": "/sbin/agetty-o-p -- \\u--nocleartty3linux",
                "pid": 1643,
                "resources_usage": null,
                "consumption": 0.0,
                "timestamp": 1721774959.8599136,
                "container": null
            }
        ],
        "sockets": [
            {
                "id": 0,
                "consumption": 16790596.0,
                "domains": [
                    {
                        "name": "uncore",
                        "consumption": 0.0,
                        "timestamp": 1721774959.8405244
                    },
                    {
                        "name": "core",
                        "consumption": 14602832.0,
                        "timestamp": 1721774959.840511
                    }
                ],
                "timestamp": 1721774959.8404016
            }
        ]
    },
    {
        "host": {
            "consumption": 20088984.0,
            "timestamp": 1721774959.8941627,
            "components": {
                "disks": [
                    {
                        "disk_type": "SSD",
                        "disk_mount_point": "/etc/hosts",
                        "disk_is_removable": false,
                        "disk_file_system": "ext4",
                        "disk_total_bytes": "33634926592",
                        "disk_available_bytes": "9871994880",
                        "disk_name": "/dev/nvme0n1p4"
                    }
                ]
            }
        },
        "consumers": [
            {
                "exe": "/",
                "cmdline": "runcinit",
                "pid": 463293,
                "resources_usage": null,
                "consumption": 376668.47,
                "timestamp": 1721774959.8941033,
                "container": null
            },
            {
                "exe": "/usr/local/bin/scaphandre",
                "cmdline": "/usr/local/bin/scaphandrejson-s0--step-nano10000000-f/home/ce-p2-r-1/27/power.json",
                "pid": 463221,
                "resources_usage": null,
                "consumption": 251112.3,
                "timestamp": 1721774959.8940685,
                "container": null
            },
            {
                "exe": "",
                "cmdline": "",
                "pid": 51,
                "resources_usage": null,
                "consumption": 0.0,
                "timestamp": 1721774959.8940516,
                "container": null
            },
            {
                "exe": "/usr/bin/udevadm",
                "cmdline": "/lib/systemd/systemd-udevd",
                "pid": 463192,
                "resources_usage": null,
                "consumption": 0.0,
                "timestamp": 1721774959.8940525,
                "container": null
            },
            {
                "exe": "",
                "cmdline": "",
                "pid": 48,
                "resources_usage": null,
                "consumption": 0.0,
                "timestamp": 1721774959.894053,
                "container": null
            },
            {
                "exe": "",
                "cmdline": "",
                "pid": 458255,
                "resources_usage": null,
                "consumption": 0.0,
                "timestamp": 1721774959.8940532,
                "container": null
            },
            {
                "exe": "/usr/bin/udevadm",
                "cmdline": "/lib/systemd/systemd-udevd",
                "pid": 463185,
                "resources_usage": null,
                "consumption": 0.0,
                "timestamp": 1721774959.8940537,
                "container": null
            },
            {
                "exe": "",
                "cmdline": "",
                "pid": 476,
                "resources_usage": null,
                "consumption": 0.0,
                "timestamp": 1721774959.8940537,
                "container": null
            },
            {
                "exe": "",
                "cmdline": "",
                "pid": 449356,
                "resources_usage": null,
                "consumption": 0.0,
                "timestamp": 1721774959.894054,
                "container": null
            },
            {
                "exe": "/usr/sbin/agetty",
                "cmdline": "/sbin/agetty-o-p -- \\u--nocleartty3linux",
                "pid": 1643,
                "resources_usage": null,
                "consumption": 0.0,
                "timestamp": 1721774959.8940542,
                "container": null
            }
        ],
        "sockets": [
            {
                "id": 0,
                "consumption": 31543104.0,
                "domains": [
                    {
                        "name": "uncore",
                        "consumption": 0.0,
                        "timestamp": 1721774959.8751423
                    },
                    {
                        "name": "core",
                        "consumption": 29330954.0,
                        "timestamp": 1721774959.8751311
                    }
                ],
                "timestamp": 1721774959.875024
            }
        ]
    },
    {
        "host": {
            "consumption": 22407398.0,
            "timestamp": 1721774959.9285924,
            "components": {
                "disks": [
                    {
                        "disk_type": "SSD",
                        "disk_mount_point": "/etc/hosts",
                        "disk_is_removable": false,
                        "disk_file_system": "ext4",
                        "disk_total_bytes": "33634926592",
                        "disk_available_bytes": "9871990784",
                        "disk_name": "/dev/nvme0n1p4"
                    }
                ]
            }
        },
        "consumers": [
            {
                "exe": "/",
                "cmdline": "runcinit",
                "pid": 463293,
                "resources_usage": null,
                "consumption": 560184.94,
                "timestamp": 1721774959.9285412,
                "container": null
            },
            {
                "exe": "/usr/local/bin/scaphandre",
                "cmdline": "/usr/local/bin/scaphandrejson-s0--step-nano10000000-f/home/ce-p2-r-1/27/power.json",
                "pid": 463221,
                "resources_usage": null,
                "consumption": 140046.23,
                "timestamp": 1721774959.9285066,
                "container": null
            },
            {
                "exe": "",
                "cmdline": "",
                "pid": 51,
                "resources_usage": null,
                "consumption": 0.0,
                "timestamp": 1721774959.9284894,
                "container": null
            },
            {
                "exe": "/usr/bin/udevadm",
                "cmdline": "/lib/systemd/systemd-udevd",
                "pid": 463192,
                "resources_usage": null,
                "consumption": 0.0,
                "timestamp": 1721774959.9284902,
                "container": null
            },
            {
                "exe": "",
                "cmdline": "",
                "pid": 48,
                "resources_usage": null,
                "consumption": 0.0,
                "timestamp": 1721774959.9284906,
                "container": null
            },
            {
                "exe": "",
                "cmdline": "",
                "pid": 458255,
                "resources_usage": null,
                "consumption": 0.0,
                "timestamp": 1721774959.928491,
                "container": null
            },
            {
                "exe": "/usr/bin/udevadm",
                "cmdline": "/lib/systemd/systemd-udevd",
                "pid": 463185,
                "resources_usage": null,
                "consumption": 0.0,
                "timestamp": 1721774959.9284914,
                "container": null
            },
            {
                "exe": "",
                "cmdline": "",
                "pid": 476,
                "resources_usage": null,
                "consumption": 0.0,
                "timestamp": 1721774959.9284916,
                "container": null
            },
            {
                "exe": "",
                "cmdline": "",
                "pid": 449356,
                "resources_usage": null,
                "consumption": 0.0,
                "timestamp": 1721774959.9284918,
                "container": null
            },
            {
                "exe": "/usr/sbin/agetty",
                "cmdline": "/sbin/agetty-o-p -- \\u--nocleartty3linux",
                "pid": 1643,
                "resources_usage": null,
                "consumption": 0.0,
                "timestamp": 1721774959.9284923,
                "container": null
            }
        ],
        "sockets": [
            {
                "id": 0,
                "consumption": 24302176.0,
                "domains": [
                    {
                        "name": "uncore",
                        "consumption": 0.0,
                        "timestamp": 1721774959.9092052
                    },
                    {
                        "name": "core",
                        "consumption": 22121584.0,
                        "timestamp": 1721774959.9091918
                    }
                ],
                "timestamp": 1721774959.909075
            }
        ]
    },
    {
        "host": {
            "consumption": 27113852.0,
            "timestamp": 1721774959.9628491,
            "components": {
                "disks": [
                    {
                        "disk_type": "SSD",
                        "disk_mount_point": "/etc/hosts",
                        "disk_is_removable": false,
                        "disk_file_system": "ext4",
                        "disk_total_bytes": "33634926592",
                        "disk_available_bytes": "9871990784",
                        "disk_name": "/dev/nvme0n1p4"
                    }
                ]
            }
        },
        "consumers": [
            {
                "exe": "/",
                "cmdline": "runcinit",
                "pid": 463293,
                "resources_usage": null,
                "consumption": 677846.25,
                "timestamp": 1721774959.962627,
                "container": null
            },
            {
                "exe": "/usr/local/bin/scaphandre",
                "cmdline": "/usr/local/bin/scaphandrejson-s0--step-nano10000000-f/home/ce-p2-r-1/27/power.json",
                "pid": 463221,
                "resources_usage": null,
                "consumption": 508384.75,
                "timestamp": 1721774959.9625902,
                "container": null
            },
            {
                "exe": "",
                "cmdline": "",
                "pid": 51,
                "resources_usage": null,
                "consumption": 0.0,
                "timestamp": 1721774959.9625733,
                "container": null
            },
            {
                "exe": "/usr/bin/udevadm",
                "cmdline": "/lib/systemd/systemd-udevd",
                "pid": 463192,
                "resources_usage": null,
                "consumption": 0.0,
                "timestamp": 1721774959.9625742,
                "container": null
            },
            {
                "exe": "",
                "cmdline": "",
                "pid": 48,
                "resources_usage": null,
                "consumption": 0.0,
                "timestamp": 1721774959.9625747,
                "container": null
            },
            {
                "exe": "",
                "cmdline": "",
                "pid": 458255,
                "resources_usage": null,
                "consumption": 0.0,
                "timestamp": 1721774959.962575,
                "container": null
            },
            {
                "exe": "/usr/bin/udevadm",
                "cmdline": "/lib/systemd/systemd-udevd",
                "pid": 463185,
                "resources_usage": null,
                "consumption": 0.0,
                "timestamp": 1721774959.9625754,
                "container": null
            },
            {
                "exe": "",
                "cmdline": "",
                "pid": 476,
                "resources_usage": null,
                "consumption": 0.0,
                "timestamp": 1721774959.9625757,
                "container": null
            },
            {
                "exe": "",
                "cmdline": "",
                "pid": 449356,
                "resources_usage": null,
                "consumption": 0.0,
                "timestamp": 1721774959.962576,
                "container": null
            },
            {
                "exe": "/usr/sbin/agetty",
                "cmdline": "/sbin/agetty-o-p -- \\u--nocleartty3linux",
                "pid": 1643,
                "resources_usage": null,
                "consumption": 0.0,
                "timestamp": 1721774959.9625762,
                "container": null
            }
        ],
        "sockets": [
            {
                "id": 0,
                "consumption": 23846456.0,
                "domains": [
                    {
                        "name": "uncore",
                        "consumption": 0.0,
                        "timestamp": 1721774959.943594
                    },
                    {
                        "name": "core",
                        "consumption": 21583494.0,
                        "timestamp": 1721774959.943587
                    }
                ],
                "timestamp": 1721774959.9434824
            }
        ]
    },
    {
        "host": {
            "consumption": 16402513.0,
            "timestamp": 1721774959.9972951,
            "components": {
                "disks": [
                    {
                        "disk_type": "SSD",
                        "disk_mount_point": "/etc/hosts",
                        "disk_is_removable": false,
                        "disk_file_system": "ext4",
                        "disk_total_bytes": "33634926592",
                        "disk_available_bytes": "9871986688",
                        "disk_name": "/dev/nvme0n1p4"
                    }
                ]
            }
        },
        "consumers": [
            {
                "exe": "/",
                "cmdline": "runcinit",
                "pid": 463293,
                "resources_usage": null,
                "consumption": 307547.12,
                "timestamp": 1721774959.9970787,
                "container": null
            },
            {
                "exe": "/usr/local/bin/scaphandre",
                "cmdline": "/usr/local/bin/scaphandrejson-s0--step-nano10000000-f/home/ce-p2-r-1/27/power.json",
                "pid": 463221,
                "resources_usage": null,
                "consumption": 205031.4,
                "timestamp": 1721774959.9970412,
                "container": null
            },
            {
                "exe": "",
                "cmdline": "",
                "pid": 51,
                "resources_usage": null,
                "consumption": 0.0,
                "timestamp": 1721774959.9970236,
                "container": null
            },
            {
                "exe": "/usr/bin/udevadm",
                "cmdline": "/lib/systemd/systemd-udevd",
                "pid": 463192,
                "resources_usage": null,
                "consumption": 0.0,
                "timestamp": 1721774959.9970245,
                "container": null
            },
            {
                "exe": "",
                "cmdline": "",
                "pid": 48,
                "resources_usage": null,
                "consumption": 0.0,
                "timestamp": 1721774959.9970248,
                "container": null
            },
            {
                "exe": "",
                "cmdline": "",
                "pid": 458255,
                "resources_usage": null,
                "consumption": 0.0,
                "timestamp": 1721774959.9970253,
                "container": null
            },
            {
                "exe": "/usr/bin/udevadm",
                "cmdline": "/lib/systemd/systemd-udevd",
                "pid": 463185,
                "resources_usage": null,
                "consumption": 0.0,
                "timestamp": 1721774959.9970255,
                "container": null
            },
            {
                "exe": "",
                "cmdline": "",
                "pid": 476,
                "resources_usage": null,
                "consumption": 0.0,
                "timestamp": 1721774959.997026,
                "container": null
            },
            {
                "exe": "",
                "cmdline": "",
                "pid": 449356,
                "resources_usage": null,
                "consumption": 0.0,
                "timestamp": 1721774959.9970262,
                "container": null
            },
            {
                "exe": "/usr/sbin/agetty",
                "cmdline": "/sbin/agetty-o-p -- \\u--nocleartty3linux",
                "pid": 1643,
                "resources_usage": null,
                "consumption": 0.0,
                "timestamp": 1721774959.9970264,
                "container": null
            }
        ],
        "sockets": [
            {
                "id": 0,
                "consumption": 19375448.0,
                "domains": [
                    {
                        "name": "uncore",
                        "consumption": 0.0,
                        "timestamp": 1721774959.9785736
                    },
                    {
                        "name": "core",
                        "consumption": 17060324.0,
                        "timestamp": 1721774959.9784007
                    }
                ],
                "timestamp": 1721774959.9781306
            }
        ]
    },
    {
        "host": {
            "consumption": 18611540.0,
            "timestamp": 1721774960.031342,
            "components": {
                "disks": [
                    {
                        "disk_type": "SSD",
                        "disk_mount_point": "/etc/hosts",
                        "disk_is_removable": false,
                        "disk_file_system": "ext4",
                        "disk_total_bytes": "33634926592",
                        "disk_available_bytes": "9871986688",
                        "disk_name": "/dev/nvme0n1p4"
                    }
                ]
            }
        },
        "consumers": [
            {
                "exe": "/",
                "cmdline": "runcinit",
                "pid": 463293,
                "resources_usage": null,
                "consumption": 348966.38,
                "timestamp": 1721774960.0312276,
                "container": null
            },
            {
                "exe": "/usr/local/bin/scaphandre",
                "cmdline": "/usr/local/bin/scaphandrejson-s0--step-nano10000000-f/home/ce-p2-r-1/27/power.json",
                "pid": 463221,
                "resources_usage": null,
                "consumption": 116322.12,
                "timestamp": 1721774960.0311918,
                "container": null
            },
            {
                "exe": "",
                "cmdline": "",
                "pid": 51,
                "resources_usage": null,
                "consumption": 0.0,
                "timestamp": 1721774960.031175,
                "container": null
            },
            {
                "exe": "/usr/bin/udevadm",
                "cmdline": "/lib/systemd/systemd-udevd",
                "pid": 463192,
                "resources_usage": null,
                "consumption": 0.0,
                "timestamp": 1721774960.0311759,
                "container": null
            },
            {
                "exe": "",
                "cmdline": "",
                "pid": 48,
                "resources_usage": null,
                "consumption": 0.0,
                "timestamp": 1721774960.0311763,
                "container": null
            },
            {
                "exe": "",
                "cmdline": "",
                "pid": 458255,
                "resources_usage": null,
                "consumption": 0.0,
                "timestamp": 1721774960.031177,
                "container": null
            },
            {
                "exe": "/usr/bin/udevadm",
                "cmdline": "/lib/systemd/systemd-udevd",
                "pid": 463185,
                "resources_usage": null,
                "consumption": 0.0,
                "timestamp": 1721774960.0311775,
                "container": null
            },
            {
                "exe": "",
                "cmdline": "",
                "pid": 476,
                "resources_usage": null,
                "consumption": 0.0,
                "timestamp": 1721774960.0311778,
                "container": null
            },
            {
                "exe": "",
                "cmdline": "",
                "pid": 449356,
                "resources_usage": null,
                "consumption": 0.0,
                "timestamp": 1721774960.0311782,
                "container": null
            },
            {
                "exe": "/usr/sbin/agetty",
                "cmdline": "/sbin/agetty-o-p -- \\u--nocleartty3linux",
                "pid": 1643,
                "resources_usage": null,
                "consumption": 0.0,
                "timestamp": 1721774960.0311785,
                "container": null
            }
        ],
        "sockets": [
            {
                "id": 0,
                "consumption": 15306328.0,
                "domains": [
                    {
                        "name": "uncore",
                        "consumption": 0.0,
                        "timestamp": 1721774960.012995
                    },
                    {
                        "name": "core",
                        "consumption": 13097794.0,
                        "timestamp": 1721774960.0127678
                    }
                ],
                "timestamp": 1721774960.0124595
            }
        ]
    },
    {
        "host": {
            "consumption": 29506052.0,
            "timestamp": 1721774960.0655994,
            "components": {
                "disks": [
                    {
                        "disk_type": "SSD",
                        "disk_mount_point": "/etc/hosts",
                        "disk_is_removable": false,
                        "disk_file_system": "ext4",
                        "disk_total_bytes": "33634926592",
                        "disk_available_bytes": "9871982592",
                        "disk_name": "/dev/nvme0n1p4"
                    }
                ]
            }
        },
        "consumers": [
            {
                "exe": "/",
                "cmdline": "runcinit",
                "pid": 463293,
                "resources_usage": null,
                "consumption": 737651.3,
                "timestamp": 1721774960.0653334,
                "container": null
            },
            {
                "exe": "/usr/local/bin/scaphandre",
                "cmdline": "/usr/local/bin/scaphandrejson-s0--step-nano10000000-f/home/ce-p2-r-1/27/power.json",
                "pid": 463221,
                "resources_usage": null,
                "consumption": 553238.5,
                "timestamp": 1721774960.0652993,
                "container": null
            },
            {
                "exe": "",
                "cmdline": "",
                "pid": 51,
                "resources_usage": null,
                "consumption": 0.0,
                "timestamp": 1721774960.0652826,
                "container": null
            },
            {
                "exe": "/usr/bin/udevadm",
                "cmdline": "/lib/systemd/systemd-udevd",
                "pid": 463192,
                "resources_usage": null,
                "consumption": 0.0,
                "timestamp": 1721774960.0652838,
                "container": null
            },
            {
                "exe": "",
                "cmdline": "",
                "pid": 48,
                "resources_usage": null,
                "consumption": 0.0,
                "timestamp": 1721774960.065284,
                "container": null
            },
            {
                "exe": "",
                "cmdline": "",
                "pid": 458255,
                "resources_usage": null,
                "consumption": 0.0,
                "timestamp": 1721774960.0652843,
                "container": null
            },
            {
                "exe": "/usr/bin/udevadm",
                "cmdline": "/lib/systemd/systemd-udevd",
                "pid": 463185,
                "resources_usage": null,
                "consumption": 0.0,
                "timestamp": 1721774960.0652847,
                "container": null
            },
            {
                "exe": "",
                "cmdline": "",
                "pid": 476,
                "resources_usage": null,
                "consumption": 0.0,
                "timestamp": 1721774960.065285,
                "container": null
            },
            {
                "exe": "",
                "cmdline": "",
                "pid": 449356,
                "resources_usage": null,
                "consumption": 0.0,
                "timestamp": 1721774960.065285,
                "container": null
            },
            {
                "exe": "/usr/sbin/agetty",
                "cmdline": "/sbin/agetty-o-p -- \\u--nocleartty3linux",
                "pid": 1643,
                "resources_usage": null,
                "consumption": 0.0,
                "timestamp": 1721774960.0652852,
                "container": null
            }
        ],
        "sockets": [
            {
                "id": 0,
                "consumption": 21298472.0,
                "domains": [
                    {
                        "name": "uncore",
                        "consumption": 0.0,
                        "timestamp": 1721774960.047003
                    },
                    {
                        "name": "core",
                        "consumption": 19099080.0,
                        "timestamp": 1721774960.046818
                    }
                ],
                "timestamp": 1721774960.0465012
            }
        ]
    },
    {
        "host": {
            "consumption": 15475952.0,
            "timestamp": 1721774960.104052,
            "components": {
                "disks": [
                    {
                        "disk_type": "SSD",
                        "disk_mount_point": "/etc/hosts",
                        "disk_is_removable": false,
                        "disk_file_system": "ext4",
                        "disk_total_bytes": "33634926592",
                        "disk_available_bytes": "9871982592",
                        "disk_name": "/dev/nvme0n1p4"
                    }
                ]
            }
        },
        "consumers": [
            {
                "exe": "/",
                "cmdline": "runcinit",
                "pid": 463293,
                "resources_usage": null,
                "consumption": 274721.03,
                "timestamp": 1721774960.103981,
                "container": null
            },
            {
                "exe": "/usr/local/bin/scaphandre",
                "cmdline": "/usr/local/bin/scaphandrejson-s0--step-nano10000000-f/home/ce-p2-r-1/27/power.json",
                "pid": 463221,
                "resources_usage": null,
                "consumption": 91573.68,
                "timestamp": 1721774960.1039424,
                "container": null
            },
            {
                "exe": "",
                "cmdline": "",
                "pid": 51,
                "resources_usage": null,
                "consumption": 0.0,
                "timestamp": 1721774960.1039236,
                "container": null
            },
            {
                "exe": "/usr/bin/udevadm",
                "cmdline": "/lib/systemd/systemd-udevd",
                "pid": 463192,
                "resources_usage": null,
                "consumption": 0.0,
                "timestamp": 1721774960.1039248,
                "container": null
            },
            {
                "exe": "",
                "cmdline": "",
                "pid": 48,
                "resources_usage": null,
                "consumption": 0.0,
                "timestamp": 1721774960.1039255,
                "container": null
            },
            {
                "exe": "",
                "cmdline": "",
                "pid": 458255,
                "resources_usage": null,
                "consumption": 0.0,
                "timestamp": 1721774960.1039257,
                "container": null
            },
            {
                "exe": "/usr/bin/udevadm",
                "cmdline": "/lib/systemd/systemd-udevd",
                "pid": 463185,
                "resources_usage": null,
                "consumption": 0.0,
                "timestamp": 1721774960.1039262,
                "container": null
            },
            {
                "exe": "",
                "cmdline": "",
                "pid": 476,
                "resources_usage": null,
                "consumption": 0.0,
                "timestamp": 1721774960.1039264,
                "container": null
            },
            {
                "exe": "",
                "cmdline": "",
                "pid": 449356,
                "resources_usage": null,
                "consumption": 0.0,
                "timestamp": 1721774960.1039267,
                "container": null
            },
            {
                "exe": "/usr/sbin/agetty",
                "cmdline": "/sbin/agetty-o-p -- \\u--nocleartty3linux",
                "pid": 1643,
                "resources_usage": null,
                "consumption": 0.0,
                "timestamp": 1721774960.103927,
                "container": null
            }
        ],
        "sockets": [
            {
                "id": 0,
                "consumption": 27741320.0,
                "domains": [
                    {
                        "name": "uncore",
                        "consumption": 0.0,
                        "timestamp": 1721774960.080775
                    },
                    {
                        "name": "core",
                        "consumption": 25626522.0,
                        "timestamp": 1721774960.0807621
                    }
                ],
                "timestamp": 1721774960.0806386
            }
        ]
    }
]