{
    "timestamp_analysis": {
        "mean": 0.03478684637618558,
        "std": 0.0016205576832210998,
        "min": 0.031050443649291992,
        "max": 0.04276394844055176,
        "median": 0.03447079658508301,
        "running_time": 21.881059885025024
    },
    "host_energy_analysis": {
        "total": 425.7991550078418,
        "per_repetition": 1.4193305166928061e-05
    },
    "host_power_analysis": {
        "mean": 19.474265173015873,
        "std": 5.437537393917346,
        "min": 4.763548,
        "max": 40.27341,
        "median": 19.199167
    },
    "process_energy_analysis": {
        "total": 9.231006985960239,
        "per_repetition": 3.077002328653413e-07
    }
}