{
    "timestamp_analysis": {
        "mean": 0.02507863894913548,
        "std": 0.002464572249969899,
        "min": 0.021800994873046875,
        "max": 0.07192635536193848,
        "median": 0.024620771408081055,
        "running_time": 16.17588996887207
    },
    "host_energy_analysis": {
        "total": 274.50222205690073,
        "per_repetition": 5.4900444411380145e-09
    },
    "host_power_analysis": {
        "mean": 17.005733503095975,
        "std": 5.390487007261079,
        "min": 4.357454,
        "max": 34.536788,
        "median": 16.7213475
    },
    "process_energy_analysis": {
        "total": 4.127244852863546,
        "per_repetition": 8.254489705727092e-11
    }
}