{
    "timestamp_analysis": {
        "mean": 0.02627587854192498,
        "std": 0.0019929908087506724,
        "min": 0.023473024368286133,
        "max": 0.032723426818847656,
        "median": 0.02562880516052246,
        "running_time": 4.677234649658203
    },
    "host_energy_analysis": {
        "total": 82.6986249065975,
        "per_repetition": 8.26986249065975e-08
    },
    "host_power_analysis": {
        "mean": 17.688859603351954,
        "std": 5.657738843349281,
        "min": 6.003015,
        "max": 34.29352,
        "median": 17.476976
    },
    "process_energy_analysis": {
        "total": 1.2807107927643138,
        "per_repetition": 1.2807107927643138e-09
    }
}