{
    "timestamp_analysis": {
        "mean": 0.025004767632299616,
        "std": 0.0017685747537864722,
        "min": 0.021627426147460938,
        "max": 0.035065412521362305,
        "median": 0.02459263801574707,
        "running_time": 16.128340482711792
    },
    "host_energy_analysis": {
        "total": 280.2089208274728,
        "per_repetition": 5.604178416549456e-09
    },
    "host_power_analysis": {
        "mean": 17.386908535603716,
        "std": 5.356111385110947,
        "min": 5.365394,
        "max": 36.52764,
        "median": 17.22524
    },
    "process_energy_analysis": {
        "total": 4.169543750964902,
        "per_repetition": 8.339087501929804e-11
    }
}