{
    "timestamp_analysis": {
        "mean": 0.024818241504943755,
        "std": 0.0016540186950625732,
        "min": 0.0215909481048584,
        "max": 0.03370475769042969,
        "median": 0.02445197105407715,
        "running_time": 16.206475496292114
    },
    "host_energy_analysis": {
        "total": 278.14018545975193,
        "per_repetition": 5.562803709195038e-09
    },
    "host_power_analysis": {
        "mean": 17.17608846636086,
        "std": 5.1721333387406245,
        "min": 3.491496,
        "max": 36.90775,
        "median": 17.068939999999998
    },
    "process_energy_analysis": {
        "total": 4.114963664586509,
        "per_repetition": 8.229927329173018e-11
    }
}