{
    "timestamp_analysis": {
        "mean": 0.033932179313823835,
        "std": 0.0015376620459066194,
        "min": 0.030488252639770508,
        "max": 0.0436711311340332,
        "median": 0.033621788024902344,
        "running_time": 29.962313413619995
    },
    "host_energy_analysis": {
        "total": 558.1041737399701,
        "per_repetition": 1.8603472457999e-05
    },
    "host_power_analysis": {
        "mean": 18.632648092760178,
        "std": 5.112698865103116,
        "min": 5.136108,
        "max": 38.85152,
        "median": 18.607883
    },
    "process_energy_analysis": {
        "total": 11.422684096509297,
        "per_repetition": 3.807561365503099e-07
    }
}