{
    "timestamp_analysis": {
        "mean": 0.025924564732445612,
        "std": 0.001965475284863084,
        "min": 0.021619558334350586,
        "max": 0.03531694412231445,
        "median": 0.025376081466674805,
        "running_time": 4.666542053222656
    },
    "host_energy_analysis": {
        "total": 81.06176220482529,
        "per_repetition": 8.106176220482528e-08
    },
    "host_power_analysis": {
        "mean": 17.415402104972376,
        "std": 5.951890961428338,
        "min": 3.825332,
        "max": 34.48139,
        "median": 16.627687
    },
    "process_energy_analysis": {
        "total": 1.260179592299652,
        "per_repetition": 1.260179592299652e-09
    }
}