{
    "timestamp_analysis": {
        "mean": 0.03694175432125727,
        "std": 0.0029708963303516846,
        "min": 0.032486915588378906,
        "max": 0.04947185516357422,
        "median": 0.03613543510437012,
        "running_time": 10.639362573623657
    },
    "host_energy_analysis": {
        "total": 267.5389060692581,
        "per_repetition": 0.0008917963535641936
    },
    "host_power_analysis": {
        "mean": 25.060116038062286,
        "std": 7.134664688345821,
        "min": 8.488155,
        "max": 55.280588,
        "median": 24.649916
    },
    "process_energy_analysis": {
        "total": 10.043276647137143,
        "per_repetition": 3.347758882379048e-05
    }
}