{
    "timestamp_analysis": {
        "mean": 0.037998116218437586,
        "std": 0.004100064421221501,
        "min": 0.03240036964416504,
        "max": 0.05265951156616211,
        "median": 0.036400794982910156,
        "running_time": 11.20962405204773
    },
    "host_energy_analysis": {
        "total": 265.931449854779,
        "per_repetition": 0.0008864381661825966
    },
    "host_power_analysis": {
        "mean": 23.479045533783786,
        "std": 7.407608527816334,
        "min": 5.342141,
        "max": 49.062636,
        "median": 22.938728
    },
    "process_energy_analysis": {
        "total": 11.26632153124611,
        "per_repetition": 3.75544051041537e-05
    }
}