{
    "timestamp_analysis": {
        "mean": 0.02564368825970274,
        "std": 0.0017274163297039185,
        "min": 0.02311396598815918,
        "max": 0.03515148162841797,
        "median": 0.025340557098388672,
        "running_time": 6.770051717758179
    },
    "host_energy_analysis": {
        "total": 118.0720282947476,
        "per_repetition": 1.180720282947476e-07
    },
    "host_power_analysis": {
        "mean": 17.446391501886794,
        "std": 5.116957603784541,
        "min": 3.320797,
        "max": 33.220954,
        "median": 17.317704
    },
    "process_energy_analysis": {
        "total": 1.8105612492808056,
        "per_repetition": 1.8105612492808057e-09
    }
}