{
    "timestamp_analysis": {
        "mean": 0.03677744163225775,
        "std": 0.004037182011242316,
        "min": 0.03252983093261719,
        "max": 0.0832822322845459,
        "median": 0.03565323352813721,
        "running_time": 10.739196062088013
    },
    "host_energy_analysis": {
        "total": 254.73066886091712,
        "per_repetition": 0.0008491022295363905
    },
    "host_power_analysis": {
        "mean": 23.613488129692836,
        "std": 6.604709318605723,
        "min": 6.302126,
        "max": 45.05672,
        "median": 23.427032
    },
    "process_energy_analysis": {
        "total": 9.93241587071811,
        "per_repetition": 3.31080529023937e-05
    }
}