{
    "timestamp_analysis": {
        "mean": 0.03448532819747925,
        "std": 0.0018289044152037558,
        "min": 0.031304121017456055,
        "max": 0.038102149963378906,
        "median": 0.0341951847076416,
        "running_time": 0.6898550987243652
    },
    "host_energy_analysis": {
        "total": 11.534040403187396,
        "per_repetition": 3.8446801343957986e-07
    },
    "host_power_analysis": {
        "mean": 16.608262476190475,
        "std": 4.9815623840204655,
        "min": 10.14773,
        "max": 28.447586,
        "median": 14.780708
    },
    "process_energy_analysis": {
        "total": 0.22401770919221875,
        "per_repetition": 7.467256973073958e-09
    }
}