{
    "timestamp_analysis": {
        "mean": 0.03519978523254395,
        "std": 0.0019041740205401826,
        "min": 0.031752824783325195,
        "max": 0.03791332244873047,
        "median": 0.03532421588897705,
        "running_time": 0.7041110992431641
    },
    "host_energy_analysis": {
        "total": 13.628659142446399,
        "per_repetition": 4.542886380815466e-07
    },
    "host_power_analysis": {
        "mean": 19.08719580952381,
        "std": 4.537954354075573,
        "min": 11.996268,
        "max": 28.759048,
        "median": 19.53181
    },
    "process_energy_analysis": {
        "total": 0.26853330410001397,
        "per_repetition": 8.951110136667132e-09
    }
}