{
    "timestamp_analysis": {
        "mean": 0.02574239184312241,
        "std": 0.007309695497253284,
        "min": 0.021460533142089844,
        "max": 0.20003199577331543,
        "median": 0.02525162696838379,
        "running_time": 15.677256107330322
    },
    "host_energy_analysis": {
        "total": 286.13179169577955,
        "per_repetition": 5.722635833915591e-07
    },
    "host_power_analysis": {
        "mean": 18.262589508196722,
        "std": 5.528913604506455,
        "min": 3.887237,
        "max": 37.97614,
        "median": 18.295858
    },
    "process_energy_analysis": {
        "total": 4.447254490079997,
        "per_repetition": 8.894508980159994e-09
    }
}