{
    "timestamp_analysis": {
        "mean": 0.025460789143419194,
        "std": 0.0017189769295700857,
        "min": 0.021834850311279297,
        "max": 0.03382754325866699,
        "median": 0.025116682052612305,
        "running_time": 17.135233640670776
    },
    "host_energy_analysis": {
        "total": 308.59192118739213,
        "per_repetition": 6.171838423747843e-07
    },
    "host_power_analysis": {
        "mean": 18.018940639465875,
        "std": 5.704243291877248,
        "min": 3.991838,
        "max": 34.728856,
        "median": 17.654995999999997
    },
    "process_energy_analysis": {
        "total": 4.710356178504931,
        "per_repetition": 9.420712357009862e-09
    }
}