{
    "timestamp_analysis": {
        "mean": 0.024952885392424348,
        "std": 0.0017871544686892844,
        "min": 0.02169036865234375,
        "max": 0.03716731071472168,
        "median": 0.02455770969390869,
        "running_time": 15.37119460105896
    },
    "host_energy_analysis": {
        "total": 293.66917945656274,
        "per_repetition": 5.873383589131255e-07
    },
    "host_power_analysis": {
        "mean": 19.13767141166937,
        "std": 5.661284788156644,
        "min": 4.294275,
        "max": 36.041464,
        "median": 19.36111
    },
    "process_energy_analysis": {
        "total": 4.3793590741293,
        "per_repetition": 8.7587181482586e-09
    }
}