{
    "timestamp_analysis": {
        "mean": 0.02484448945540564,
        "std": 0.001680427342952778,
        "min": 0.021205902099609375,
        "max": 0.03321528434753418,
        "median": 0.024411916732788086,
        "running_time": 16.2236065864563
    },
    "host_energy_analysis": {
        "total": 284.0768265650512,
        "per_repetition": 5.6815365313010234e-09
    },
    "host_power_analysis": {
        "mean": 17.545132305810398,
        "std": 5.182371558308579,
        "min": 3.559061,
        "max": 32.158376,
        "median": 17.415066
    },
    "process_energy_analysis": {
        "total": 4.2549383716638856,
        "per_repetition": 8.509876743327771e-11
    }
}