{
    "timestamp_analysis": {
        "mean": 0.025268070690624707,
        "std": 0.0016113362036301415,
        "min": 0.021742820739746094,
        "max": 0.03333926200866699,
        "median": 0.024943828582763672,
        "running_time": 16.82865262031555
    },
    "host_energy_analysis": {
        "total": 307.32967274470053,
        "per_repetition": 6.146593454894011e-07
    },
    "host_power_analysis": {
        "mean": 18.27627736881559,
        "std": 5.722712634820582,
        "min": 4.054928,
        "max": 37.131064,
        "median": 17.962076
    },
    "process_energy_analysis": {
        "total": 4.654675199609394,
        "per_repetition": 9.309350399218788e-09
    }
}