[
    {
        "host": {
            "consumption": 15672519.0,
            "timestamp": 1721774885.3106725,
            "components": {
                "disks": [
                    {
                        "disk_type": "SSD",
                        "disk_mount_point": "/etc/hosts",
                        "disk_is_removable": false,
                        "disk_file_system": "ext4",
                        "disk_total_bytes": "33634926592",
                        "disk_available_bytes": "9873457152",
                        "disk_name": "/dev/nvme0n1p4"
                    }
                ]
            }
        },
        "consumers": [
            {
                "exe": "/usr/local/bin/scaphandre",
                "cmdline": "/usr/local/bin/scaphandrejson-s0--step-nano10000000-f/home/ce-p2-r-1/24/power.json",
                "pid": 459702,
                "resources_usage": null,
                "consumption": 242358.53,
                "timestamp": 1721774885.3105657,
                "container": null
            },
            {
                "exe": "/usr/bin/bpftrace",
                "cmdline": "bpftracesrc/experiment/processtrace.bt-o/home/philipp/dump/ce-p2-r-1/24/ptrace.txt",
                "pid": 459641,
                "resources_usage": null,
                "consumption": 80786.18,
                "timestamp": 1721774885.3105686,
                "container": null
            },
            {
                "exe": "/usr/sbin/NetworkManager",
                "cmdline": "/usr/sbin/NetworkManager--no-daemon",
                "pid": 810,
                "resources_usage": null,
                "consumption": 80786.18,
                "timestamp": 1721774885.3106086,
                "container": null
            },
            {
                "exe": "/usr/bin/udevadm",
                "cmdline": "/lib/systemd/systemd-udevd",
                "pid": 459659,
                "resources_usage": null,
                "consumption": 0.0,
                "timestamp": 1721774885.3105571,
                "container": null
            },
            {
                "exe": "",
                "cmdline": "",
                "pid": 458255,
                "resources_usage": null,
                "consumption": 0.0,
                "timestamp": 1721774885.3105583,
                "container": null
            },
            {
                "exe": "/usr/bin/python3.10",
                "cmdline": "/usr/bin/python3/usr/share/unattended-upgrades/unattended-upgrade-shutdown--wait-for-signal",
                "pid": 901,
                "resources_usage": null,
                "consumption": 0.0,
                "timestamp": 1721774885.3105586,
                "container": null
            },
            {
                "exe": "/usr/bin/sleep",
                "cmdline": "sleep180",
                "pid": 458033,
                "resources_usage": null,
                "consumption": 0.0,
                "timestamp": 1721774885.3105593,
                "container": null
            },
            {
                "exe": "/usr/bin/udevadm",
                "cmdline": "/lib/systemd/systemd-udevd",
                "pid": 459642,
                "resources_usage": null,
                "consumption": 0.0,
                "timestamp": 1721774885.3105597,
                "container": null
            },
            {
                "exe": "",
                "cmdline": "",
                "pid": 55,
                "resources_usage": null,
                "consumption": 0.0,
                "timestamp": 1721774885.3105602,
                "container": null
            },
            {
                "exe": "/usr/bin/tmux",
                "cmdline": "tmux",
                "pid": 4705,
                "resources_usage": null,
                "consumption": 0.0,
                "timestamp": 1721774885.310561,
                "container": null
            }
        ],
        "sockets": [
            {
                "id": 0,
                "consumption": 7408028.0,
                "domains": [
                    {
                        "name": "uncore",
                        "consumption": 0.0,
                        "timestamp": 1721774885.2924569
                    },
                    {
                        "name": "core",
                        "consumption": 5134496.0,
                        "timestamp": 1721774885.2924416
                    }
                ],
                "timestamp": 1721774885.2923002
            }
        ]
    },
    {
        "host": {
            "consumption": 13965391.0,
            "timestamp": 1721774885.3443425,
            "components": {
                "disks": [
                    {
                        "disk_type": "SSD",
                        "disk_mount_point": "/etc/hosts",
                        "disk_is_removable": false,
                        "disk_file_system": "ext4",
                        "disk_total_bytes": "33634926592",
                        "disk_available_bytes": "9873465344",
                        "disk_name": "/dev/nvme0n1p4"
                    }
                ]
            }
        },
        "consumers": [
            {
                "exe": "/",
                "cmdline": "runcinit",
                "pid": 459779,
                "resources_usage": null,
                "consumption": 287946.2,
                "timestamp": 1721774885.3443067,
                "container": null
            },
            {
                "exe": "/usr/local/bin/scaphandre",
                "cmdline": "/usr/local/bin/scaphandrejson-s0--step-nano10000000-f/home/ce-p2-r-1/24/power.json",
                "pid": 459702,
                "resources_usage": null,
                "consumption": 71986.55,
                "timestamp": 1721774885.3441443,
                "container": null
            },
            {
                "exe": "/usr/bin/python3.10",
                "cmdline": "python3src/experiment/runner.pytest.yaml",
                "pid": 458168,
                "resources_usage": null,
                "consumption": 71986.55,
                "timestamp": 1721774885.34426,
                "container": null
            },
            {
                "exe": "/usr/bin/udevadm",
                "cmdline": "/lib/systemd/systemd-udevd",
                "pid": 459659,
                "resources_usage": null,
                "consumption": 0.0,
                "timestamp": 1721774885.344136,
                "container": null
            },
            {
                "exe": "",
                "cmdline": "",
                "pid": 458255,
                "resources_usage": null,
                "consumption": 0.0,
                "timestamp": 1721774885.3441372,
                "container": null
            },
            {
                "exe": "/usr/bin/python3.10",
                "cmdline": "/usr/bin/python3/usr/share/unattended-upgrades/unattended-upgrade-shutdown--wait-for-signal",
                "pid": 901,
                "resources_usage": null,
                "consumption": 0.0,
                "timestamp": 1721774885.3441374,
                "container": null
            },
            {
                "exe": "/usr/bin/sleep",
                "cmdline": "sleep180",
                "pid": 458033,
                "resources_usage": null,
                "consumption": 0.0,
                "timestamp": 1721774885.3441386,
                "container": null
            },
            {
                "exe": "/usr/bin/udevadm",
                "cmdline": "/lib/systemd/systemd-udevd",
                "pid": 459642,
                "resources_usage": null,
                "consumption": 0.0,
                "timestamp": 1721774885.3441389,
                "container": null
            },
            {
                "exe": "",
                "cmdline": "",
                "pid": 55,
                "resources_usage": null,
                "consumption": 0.0,
                "timestamp": 1721774885.3441393,
                "container": null
            },
            {
                "exe": "/usr/bin/tmux",
                "cmdline": "tmux",
                "pid": 4705,
                "resources_usage": null,
                "consumption": 0.0,
                "timestamp": 1721774885.3441396,
                "container": null
            }
        ],
        "sockets": [
            {
                "id": 0,
                "consumption": 16252819.0,
                "domains": [
                    {
                        "name": "uncore",
                        "consumption": 0.0,
                        "timestamp": 1721774885.3270354
                    },
                    {
                        "name": "core",
                        "consumption": 13241995.0,
                        "timestamp": 1721774885.3270245
                    }
                ],
                "timestamp": 1721774885.3269095
            }
        ]
    },
    {
        "host": {
            "consumption": 14347227.0,
            "timestamp": 1721774885.3760953,
            "components": {
                "disks": [
                    {
                        "disk_type": "SSD",
                        "disk_mount_point": "/etc/hosts",
                        "disk_is_removable": false,
                        "disk_file_system": "ext4",
                        "disk_total_bytes": "33634926592",
                        "disk_available_bytes": "9873461248",
                        "disk_name": "/dev/nvme0n1p4"
                    }
                ]
            }
        },
        "consumers": [
            {
                "exe": "/",
                "cmdline": "runcinit",
                "pid": 459779,
                "resources_usage": null,
                "consumption": 231406.88,
                "timestamp": 1721774885.3760643,
                "container": null
            },
            {
                "exe": "/usr/local/bin/scaphandre",
                "cmdline": "/usr/local/bin/scaphandrejson-s0--step-nano10000000-f/home/ce-p2-r-1/24/power.json",
                "pid": 459702,
                "resources_usage": null,
                "consumption": 154271.27,
                "timestamp": 1721774885.3760042,
                "container": null
            },
            {
                "exe": "/usr/bin/udevadm",
                "cmdline": "/lib/systemd/systemd-udevd",
                "pid": 459659,
                "resources_usage": null,
                "consumption": 0.0,
                "timestamp": 1721774885.3759964,
                "container": null
            },
            {
                "exe": "",
                "cmdline": "",
                "pid": 458255,
                "resources_usage": null,
                "consumption": 0.0,
                "timestamp": 1721774885.3759975,
                "container": null
            },
            {
                "exe": "/usr/bin/python3.10",
                "cmdline": "/usr/bin/python3/usr/share/unattended-upgrades/unattended-upgrade-shutdown--wait-for-signal",
                "pid": 901,
                "resources_usage": null,
                "consumption": 0.0,
                "timestamp": 1721774885.3759978,
                "container": null
            },
            {
                "exe": "/usr/bin/sleep",
                "cmdline": "sleep180",
                "pid": 458033,
                "resources_usage": null,
                "consumption": 0.0,
                "timestamp": 1721774885.3759983,
                "container": null
            },
            {
                "exe": "/usr/bin/udevadm",
                "cmdline": "/lib/systemd/systemd-udevd",
                "pid": 459642,
                "resources_usage": null,
                "consumption": 0.0,
                "timestamp": 1721774885.3759987,
                "container": null
            },
            {
                "exe": "",
                "cmdline": "",
                "pid": 55,
                "resources_usage": null,
                "consumption": 0.0,
                "timestamp": 1721774885.3759995,
                "container": null
            },
            {
                "exe": "/usr/bin/tmux",
                "cmdline": "tmux",
                "pid": 4705,
                "resources_usage": null,
                "consumption": 0.0,
                "timestamp": 1721774885.3759997,
                "container": null
            },
            {
                "exe": "",
                "cmdline": "",
                "pid": 14,
                "resources_usage": null,
                "consumption": 0.0,
                "timestamp": 1721774885.3760002,
                "container": null
            }
        ],
        "sockets": [
            {
                "id": 0,
                "consumption": 13817121.0,
                "domains": [
                    {
                        "name": "uncore",
                        "consumption": 0.0,
                        "timestamp": 1721774885.3595033
                    },
                    {
                        "name": "core",
                        "consumption": 11157351.0,
                        "timestamp": 1721774885.3594966
                    }
                ],
                "timestamp": 1721774885.3593903
            }
        ]
    },
    {
        "host": {
            "consumption": 24545132.0,
            "timestamp": 1721774885.408551,
            "components": {
                "disks": [
                    {
                        "disk_type": "SSD",
                        "disk_mount_point": "/etc/hosts",
                        "disk_is_removable": false,
                        "disk_file_system": "ext4",
                        "disk_total_bytes": "33634926592",
                        "disk_available_bytes": "9873461248",
                        "disk_name": "/dev/nvme0n1p4"
                    }
                ]
            }
        },
        "consumers": [
            {
                "exe": "/usr/local/bin/scaphandre",
                "cmdline": "/usr/local/bin/scaphandrejson-s0--step-nano10000000-f/home/ce-p2-r-1/24/power.json",
                "pid": 459702,
                "resources_usage": null,
                "consumption": 395889.2,
                "timestamp": 1721774885.4084566,
                "container": null
            },
            {
                "exe": "/",
                "cmdline": "runcinit",
                "pid": 459779,
                "resources_usage": null,
                "consumption": 395889.2,
                "timestamp": 1721774885.408518,
                "container": null
            },
            {
                "exe": "/usr/bin/udevadm",
                "cmdline": "/lib/systemd/systemd-udevd",
                "pid": 459659,
                "resources_usage": null,
                "consumption": 0.0,
                "timestamp": 1721774885.4084487,
                "container": null
            },
            {
                "exe": "",
                "cmdline": "",
                "pid": 458255,
                "resources_usage": null,
                "consumption": 0.0,
                "timestamp": 1721774885.4084496,
                "container": null
            },
            {
                "exe": "/usr/bin/python3.10",
                "cmdline": "/usr/bin/python3/usr/share/unattended-upgrades/unattended-upgrade-shutdown--wait-for-signal",
                "pid": 901,
                "resources_usage": null,
                "consumption": 0.0,
                "timestamp": 1721774885.40845,
                "container": null
            },
            {
                "exe": "/usr/bin/sleep",
                "cmdline": "sleep180",
                "pid": 458033,
                "resources_usage": null,
                "consumption": 0.0,
                "timestamp": 1721774885.4084504,
                "container": null
            },
            {
                "exe": "/usr/bin/udevadm",
                "cmdline": "/lib/systemd/systemd-udevd",
                "pid": 459642,
                "resources_usage": null,
                "consumption": 0.0,
                "timestamp": 1721774885.4084508,
                "container": null
            },
            {
                "exe": "",
                "cmdline": "",
                "pid": 55,
                "resources_usage": null,
                "consumption": 0.0,
                "timestamp": 1721774885.408451,
                "container": null
            },
            {
                "exe": "/usr/bin/tmux",
                "cmdline": "tmux",
                "pid": 4705,
                "resources_usage": null,
                "consumption": 0.0,
                "timestamp": 1721774885.4084513,
                "container": null
            },
            {
                "exe": "",
                "cmdline": "",
                "pid": 14,
                "resources_usage": null,
                "consumption": 0.0,
                "timestamp": 1721774885.4084516,
                "container": null
            }
        ],
        "sockets": [
            {
                "id": 0,
                "consumption": 24987960.0,
                "domains": [
                    {
                        "name": "uncore",
                        "consumption": 0.0,
                        "timestamp": 1721774885.3915436
                    },
                    {
                        "name": "core",
                        "consumption": 22272928.0,
                        "timestamp": 1721774885.3915365
                    }
                ],
                "timestamp": 1721774885.3914149
            }
        ]
    },
    {
        "host": {
            "consumption": 14449061.0,
            "timestamp": 1721774885.4429228,
            "components": {
                "disks": [
                    {
                        "disk_type": "SSD",
                        "disk_mount_point": "/etc/hosts",
                        "disk_is_removable": false,
                        "disk_file_system": "ext4",
                        "disk_total_bytes": "33634926592",
                        "disk_available_bytes": "9873457152",
                        "disk_name": "/dev/nvme0n1p4"
                    }
                ]
            }
        },
        "consumers": [
            {
                "exe": "/",
                "cmdline": "runcinit",
                "pid": 459779,
                "resources_usage": null,
                "consumption": 310732.5,
                "timestamp": 1721774885.4428928,
                "container": null
            },
            {
                "exe": "/usr/local/bin/scaphandre",
                "cmdline": "/usr/local/bin/scaphandrejson-s0--step-nano10000000-f/home/ce-p2-r-1/24/power.json",
                "pid": 459702,
                "resources_usage": null,
                "consumption": 155366.25,
                "timestamp": 1721774885.4428327,
                "container": null
            },
            {
                "exe": "/home/philipp/.vscode-server/cli/servers/Stable-f1e16e1e6214d7c44d078b1f0607b2388f29d729/server/node",
                "cmdline": "/home/philipp/.vscode-server/cli/servers/Stable-f1e16e1e6214d7c44d078b1f0607b2388f29d729/server/node/home/philipp/.vscode-server/extensions/ms-python.vscode-pylance-2024.7.1/dist/server.bundle.js--cancellationReceive=file:8b607677abfa53b0032d91cc3df1c86b7cc7a672b1--node-ipc--clientProcessId=1834",
                "pid": 2165,
                "resources_usage": null,
                "consumption": 77683.125,
                "timestamp": 1721774885.442859,
                "container": null
            },
            {
                "exe": "/usr/bin/udevadm",
                "cmdline": "/lib/systemd/systemd-udevd",
                "pid": 459659,
                "resources_usage": null,
                "consumption": 0.0,
                "timestamp": 1721774885.442825,
                "container": null
            },
            {
                "exe": "",
                "cmdline": "",
                "pid": 458255,
                "resources_usage": null,
                "consumption": 0.0,
                "timestamp": 1721774885.4428263,
                "container": null
            },
            {
                "exe": "/usr/bin/python3.10",
                "cmdline": "/usr/bin/python3/usr/share/unattended-upgrades/unattended-upgrade-shutdown--wait-for-signal",
                "pid": 901,
                "resources_usage": null,
                "consumption": 0.0,
                "timestamp": 1721774885.4428265,
                "container": null
            },
            {
                "exe": "/usr/bin/sleep",
                "cmdline": "sleep180",
                "pid": 458033,
                "resources_usage": null,
                "consumption": 0.0,
                "timestamp": 1721774885.442827,
                "container": null
            },
            {
                "exe": "/usr/bin/udevadm",
                "cmdline": "/lib/systemd/systemd-udevd",
                "pid": 459642,
                "resources_usage": null,
                "consumption": 0.0,
                "timestamp": 1721774885.4428275,
                "container": null
            },
            {
                "exe": "",
                "cmdline": "",
                "pid": 55,
                "resources_usage": null,
                "consumption": 0.0,
                "timestamp": 1721774885.4428282,
                "container": null
            },
            {
                "exe": "/usr/bin/tmux",
                "cmdline": "tmux",
                "pid": 4705,
                "resources_usage": null,
                "consumption": 0.0,
                "timestamp": 1721774885.4428284,
                "container": null
            }
        ],
        "sockets": [
            {
                "id": 0,
                "consumption": 15901566.0,
                "domains": [
                    {
                        "name": "uncore",
                        "consumption": 0.0,
                        "timestamp": 1721774885.423718
                    },
                    {
                        "name": "core",
                        "consumption": 13296021.0,
                        "timestamp": 1721774885.423711
                    }
                ],
                "timestamp": 1721774885.423599
            }
        ]
    },
    {
        "host": {
            "consumption": 11996268.0,
            "timestamp": 1721774885.477286,
            "components": {
                "disks": [
                    {
                        "disk_type": "SSD",
                        "disk_mount_point": "/etc/hosts",
                        "disk_is_removable": false,
                        "disk_file_system": "ext4",
                        "disk_total_bytes": "33634926592",
                        "disk_available_bytes": "9873457152",
                        "disk_name": "/dev/nvme0n1p4"
                    }
                ]
            }
        },
        "consumers": [
            {
                "exe": "/",
                "cmdline": "runcinit",
                "pid": 459779,
                "resources_usage": null,
                "consumption": 193488.19,
                "timestamp": 1721774885.477245,
                "container": null
            },
            {
                "exe": "/usr/local/bin/scaphandre",
                "cmdline": "/usr/local/bin/scaphandrejson-s0--step-nano10000000-f/home/ce-p2-r-1/24/power.json",
                "pid": 459702,
                "resources_usage": null,
                "consumption": 128992.13,
                "timestamp": 1721774885.4771743,
                "container": null
            },
            {
                "exe": "/usr/bin/udevadm",
                "cmdline": "/lib/systemd/systemd-udevd",
                "pid": 459659,
                "resources_usage": null,
                "consumption": 0.0,
                "timestamp": 1721774885.477165,
                "container": null
            },
            {
                "exe": "",
                "cmdline": "",
                "pid": 458255,
                "resources_usage": null,
                "consumption": 0.0,
                "timestamp": 1721774885.4771662,
                "container": null
            },
            {
                "exe": "/usr/bin/python3.10",
                "cmdline": "/usr/bin/python3/usr/share/unattended-upgrades/unattended-upgrade-shutdown--wait-for-signal",
                "pid": 901,
                "resources_usage": null,
                "consumption": 0.0,
                "timestamp": 1721774885.4771667,
                "container": null
            },
            {
                "exe": "/usr/bin/sleep",
                "cmdline": "sleep180",
                "pid": 458033,
                "resources_usage": null,
                "consumption": 0.0,
                "timestamp": 1721774885.4771671,
                "container": null
            },
            {
                "exe": "/usr/bin/udevadm",
                "cmdline": "/lib/systemd/systemd-udevd",
                "pid": 459642,
                "resources_usage": null,
                "consumption": 0.0,
                "timestamp": 1721774885.4771678,
                "container": null
            },
            {
                "exe": "",
                "cmdline": "",
                "pid": 55,
                "resources_usage": null,
                "consumption": 0.0,
                "timestamp": 1721774885.4771683,
                "container": null
            },
            {
                "exe": "/usr/bin/tmux",
                "cmdline": "tmux",
                "pid": 4705,
                "resources_usage": null,
                "consumption": 0.0,
                "timestamp": 1721774885.4771686,
                "container": null
            },
            {
                "exe": "",
                "cmdline": "",
                "pid": 14,
                "resources_usage": null,
                "consumption": 0.0,
                "timestamp": 1721774885.4771688,
                "container": null
            }
        ],
        "sockets": [
            {
                "id": 0,
                "consumption": 13605606.0,
                "domains": [
                    {
                        "name": "uncore",
                        "consumption": 0.0,
                        "timestamp": 1721774885.458065
                    },
                    {
                        "name": "core",
                        "consumption": 11426240.0,
                        "timestamp": 1721774885.4580579
                    }
                ],
                "timestamp": 1721774885.4579484
            }
        ]
    },
    {
        "host": {
            "consumption": 20109468.0,
            "timestamp": 1721774885.5104268,
            "components": {
                "disks": [
                    {
                        "disk_type": "SSD",
                        "disk_mount_point": "/etc/hosts",
                        "disk_is_removable": false,
                        "disk_file_system": "ext4",
                        "disk_total_bytes": "33634926592",
                        "disk_available_bytes": "9873453056",
                        "disk_name": "/dev/nvme0n1p4"
                    }
                ]
            }
        },
        "consumers": [
            {
                "exe": "/",
                "cmdline": "runcinit",
                "pid": 459779,
                "resources_usage": null,
                "consumption": 324346.22,
                "timestamp": 1721774885.5101833,
                "container": null
            },
            {
                "exe": "/usr/local/bin/scaphandre",
                "cmdline": "/usr/local/bin/scaphandrejson-s0--step-nano10000000-f/home/ce-p2-r-1/24/power.json",
                "pid": 459702,
                "resources_usage": null,
                "consumption": 108115.42,
                "timestamp": 1721774885.5101202,
                "container": null
            },
            {
                "exe": "/usr/bin/udevadm",
                "cmdline": "/lib/systemd/systemd-udevd",
                "pid": 459659,
                "resources_usage": null,
                "consumption": 0.0,
                "timestamp": 1721774885.510112,
                "container": null
            },
            {
                "exe": "",
                "cmdline": "",
                "pid": 458255,
                "resources_usage": null,
                "consumption": 0.0,
                "timestamp": 1721774885.5101132,
                "container": null
            },
            {
                "exe": "/usr/bin/python3.10",
                "cmdline": "/usr/bin/python3/usr/share/unattended-upgrades/unattended-upgrade-shutdown--wait-for-signal",
                "pid": 901,
                "resources_usage": null,
                "consumption": 0.0,
                "timestamp": 1721774885.5101135,
                "container": null
            },
            {
                "exe": "/usr/bin/sleep",
                "cmdline": "sleep180",
                "pid": 458033,
                "resources_usage": null,
                "consumption": 0.0,
                "timestamp": 1721774885.510114,
                "container": null
            },
            {
                "exe": "/usr/bin/udevadm",
                "cmdline": "/lib/systemd/systemd-udevd",
                "pid": 459642,
                "resources_usage": null,
                "consumption": 0.0,
                "timestamp": 1721774885.5101144,
                "container": null
            },
            {
                "exe": "",
                "cmdline": "",
                "pid": 55,
                "resources_usage": null,
                "consumption": 0.0,
                "timestamp": 1721774885.5101147,
                "container": null
            },
            {
                "exe": "/usr/bin/tmux",
                "cmdline": "tmux",
                "pid": 4705,
                "resources_usage": null,
                "consumption": 0.0,
                "timestamp": 1721774885.510115,
                "container": null
            },
            {
                "exe": "",
                "cmdline": "",
                "pid": 14,
                "resources_usage": null,
                "consumption": 0.0,
                "timestamp": 1721774885.5101151,
                "container": null
            }
        ],
        "sockets": [
            {
                "id": 0,
                "consumption": 12654504.0,
                "domains": [
                    {
                        "name": "uncore",
                        "consumption": 0.0,
                        "timestamp": 1721774885.4927292
                    },
                    {
                        "name": "core",
                        "consumption": 10191521.0,
                        "timestamp": 1721774885.4927151
                    }
                ],
                "timestamp": 1721774885.492603
            }
        ]
    },
    {
        "host": {
            "consumption": 14931632.0,
            "timestamp": 1721774885.5434098,
            "components": {
                "disks": [
                    {
                        "disk_type": "SSD",
                        "disk_mount_point": "/etc/hosts",
                        "disk_is_removable": false,
                        "disk_file_system": "ext4",
                        "disk_total_bytes": "33634926592",
                        "disk_available_bytes": "9873453056",
                        "disk_name": "/dev/nvme0n1p4"
                    }
                ]
            }
        },
        "consumers": [
            {
                "exe": "/",
                "cmdline": "runcinit",
                "pid": 459779,
                "resources_usage": null,
                "consumption": 321110.38,
                "timestamp": 1721774885.5433743,
                "container": null
            },
            {
                "exe": "/usr/local/bin/scaphandre",
                "cmdline": "/usr/local/bin/scaphandrejson-s0--step-nano10000000-f/home/ce-p2-r-1/24/power.json",
                "pid": 459702,
                "resources_usage": null,
                "consumption": 240832.77,
                "timestamp": 1721774885.5433114,
                "container": null
            },
            {
                "exe": "/usr/bin/udevadm",
                "cmdline": "/lib/systemd/systemd-udevd",
                "pid": 459659,
                "resources_usage": null,
                "consumption": 0.0,
                "timestamp": 1721774885.5433037,
                "container": null
            },
            {
                "exe": "",
                "cmdline": "",
                "pid": 458255,
                "resources_usage": null,
                "consumption": 0.0,
                "timestamp": 1721774885.5433044,
                "container": null
            },
            {
                "exe": "/usr/bin/python3.10",
                "cmdline": "/usr/bin/python3/usr/share/unattended-upgrades/unattended-upgrade-shutdown--wait-for-signal",
                "pid": 901,
                "resources_usage": null,
                "consumption": 0.0,
                "timestamp": 1721774885.5433047,
                "container": null
            },
            {
                "exe": "/usr/bin/sleep",
                "cmdline": "sleep180",
                "pid": 458033,
                "resources_usage": null,
                "consumption": 0.0,
                "timestamp": 1721774885.5433052,
                "container": null
            },
            {
                "exe": "/usr/bin/udevadm",
                "cmdline": "/lib/systemd/systemd-udevd",
                "pid": 459642,
                "resources_usage": null,
                "consumption": 0.0,
                "timestamp": 1721774885.5433056,
                "container": null
            },
            {
                "exe": "",
                "cmdline": "",
                "pid": 55,
                "resources_usage": null,
                "consumption": 0.0,
                "timestamp": 1721774885.5433059,
                "container": null
            },
            {
                "exe": "/usr/bin/tmux",
                "cmdline": "tmux",
                "pid": 4705,
                "resources_usage": null,
                "consumption": 0.0,
                "timestamp": 1721774885.543306,
                "container": null
            },
            {
                "exe": "",
                "cmdline": "",
                "pid": 14,
                "resources_usage": null,
                "consumption": 0.0,
                "timestamp": 1721774885.5433066,
                "container": null
            }
        ],
        "sockets": [
            {
                "id": 0,
                "consumption": 15867547.0,
                "domains": [
                    {
                        "name": "uncore",
                        "consumption": 0.0,
                        "timestamp": 1721774885.526034
                    },
                    {
                        "name": "core",
                        "consumption": 13154575.0,
                        "timestamp": 1721774885.5258203
                    }
                ],
                "timestamp": 1721774885.5255063
            }
        ]
    },
    {
        "host": {
            "consumption": 19531810.0,
            "timestamp": 1721774885.5763838,
            "components": {
                "disks": [
                    {
                        "disk_type": "SSD",
                        "disk_mount_point": "/etc/hosts",
                        "disk_is_removable": false,
                        "disk_file_system": "ext4",
                        "disk_total_bytes": "33634926592",
                        "disk_available_bytes": "9873448960",
                        "disk_name": "/dev/nvme0n1p4"
                    }
                ]
            }
        },
        "consumers": [
            {
                "exe": "/",
                "cmdline": "runcinit",
                "pid": 459779,
                "resources_usage": null,
                "consumption": 361700.2,
                "timestamp": 1721774885.5763376,
                "container": null
            },
            {
                "exe": "/usr/local/bin/scaphandre",
                "cmdline": "/usr/local/bin/scaphandrejson-s0--step-nano10000000-f/home/ce-p2-r-1/24/power.json",
                "pid": 459702,
                "resources_usage": null,
                "consumption": 241133.45,
                "timestamp": 1721774885.5761435,
                "container": null
            },
            {
                "exe": "/usr/bin/udevadm",
                "cmdline": "/lib/systemd/systemd-udevd",
                "pid": 459659,
                "resources_usage": null,
                "consumption": 0.0,
                "timestamp": 1721774885.5761335,
                "container": null
            },
            {
                "exe": "",
                "cmdline": "",
                "pid": 458255,
                "resources_usage": null,
                "consumption": 0.0,
                "timestamp": 1721774885.5761347,
                "container": null
            },
            {
                "exe": "/usr/bin/python3.10",
                "cmdline": "/usr/bin/python3/usr/share/unattended-upgrades/unattended-upgrade-shutdown--wait-for-signal",
                "pid": 901,
                "resources_usage": null,
                "consumption": 0.0,
                "timestamp": 1721774885.5761352,
                "container": null
            },
            {
                "exe": "/usr/bin/sleep",
                "cmdline": "sleep180",
                "pid": 458033,
                "resources_usage": null,
                "consumption": 0.0,
                "timestamp": 1721774885.576136,
                "container": null
            },
            {
                "exe": "/usr/bin/udevadm",
                "cmdline": "/lib/systemd/systemd-udevd",
                "pid": 459642,
                "resources_usage": null,
                "consumption": 0.0,
                "timestamp": 1721774885.5761366,
                "container": null
            },
            {
                "exe": "",
                "cmdline": "",
                "pid": 55,
                "resources_usage": null,
                "consumption": 0.0,
                "timestamp": 1721774885.576137,
                "container": null
            },
            {
                "exe": "/usr/bin/tmux",
                "cmdline": "tmux",
                "pid": 4705,
                "resources_usage": null,
                "consumption": 0.0,
                "timestamp": 1721774885.5761373,
                "container": null
            },
            {
                "exe": "",
                "cmdline": "",
                "pid": 14,
                "resources_usage": null,
                "consumption": 0.0,
                "timestamp": 1721774885.5761375,
                "container": null
            }
        ],
        "sockets": [
            {
                "id": 0,
                "consumption": 22496800.0,
                "domains": [
                    {
                        "name": "uncore",
                        "consumption": 0.0,
                        "timestamp": 1721774885.5584438
                    },
                    {
                        "name": "core",
                        "consumption": 19890514.0,
                        "timestamp": 1721774885.5584297
                    }
                ],
                "timestamp": 1721774885.558318
            }
        ]
    },
    {
        "host": {
            "consumption": 20268160.0,
            "timestamp": 1721774885.6139748,
            "components": {
                "disks": [
                    {
                        "disk_type": "SSD",
                        "disk_mount_point": "/etc/hosts",
                        "disk_is_removable": false,
                        "disk_file_system": "ext4",
                        "disk_total_bytes": "33634926592",
                        "disk_available_bytes": "9873448960",
                        "disk_name": "/dev/nvme0n1p4"
                    }
                ]
            }
        },
        "consumers": [
            {
                "exe": "/",
                "cmdline": "runcinit",
                "pid": 459779,
                "resources_usage": null,
                "consumption": 375336.28,
                "timestamp": 1721774885.6138828,
                "container": null
            },
            {
                "exe": "/usr/local/bin/scaphandre",
                "cmdline": "/usr/local/bin/scaphandrejson-s0--step-nano10000000-f/home/ce-p2-r-1/24/power.json",
                "pid": 459702,
                "resources_usage": null,
                "consumption": 250224.19,
                "timestamp": 1721774885.6137981,
                "container": null
            },
            {
                "exe": "/usr/bin/udevadm",
                "cmdline": "/lib/systemd/systemd-udevd",
                "pid": 459659,
                "resources_usage": null,
                "consumption": 0.0,
                "timestamp": 1721774885.6137872,
                "container": null
            },
            {
                "exe": "",
                "cmdline": "",
                "pid": 458255,
                "resources_usage": null,
                "consumption": 0.0,
                "timestamp": 1721774885.6137886,
                "container": null
            },
            {
                "exe": "/usr/bin/python3.10",
                "cmdline": "/usr/bin/python3/usr/share/unattended-upgrades/unattended-upgrade-shutdown--wait-for-signal",
                "pid": 901,
                "resources_usage": null,
                "consumption": 0.0,
                "timestamp": 1721774885.613789,
                "container": null
            },
            {
                "exe": "/usr/bin/sleep",
                "cmdline": "sleep180",
                "pid": 458033,
                "resources_usage": null,
                "consumption": 0.0,
                "timestamp": 1721774885.6137896,
                "container": null
            },
            {
                "exe": "/usr/bin/udevadm",
                "cmdline": "/lib/systemd/systemd-udevd",
                "pid": 459642,
                "resources_usage": null,
                "consumption": 0.0,
                "timestamp": 1721774885.61379,
                "container": null
            },
            {
                "exe": "",
                "cmdline": "",
                "pid": 55,
                "resources_usage": null,
                "consumption": 0.0,
                "timestamp": 1721774885.613791,
                "container": null
            },
            {
                "exe": "/usr/bin/tmux",
                "cmdline": "tmux",
                "pid": 4705,
                "resources_usage": null,
                "consumption": 0.0,
                "timestamp": 1721774885.6137915,
                "container": null
            },
            {
                "exe": "",
                "cmdline": "",
                "pid": 14,
                "resources_usage": null,
                "consumption": 0.0,
                "timestamp": 1721774885.6137917,
                "container": null
            }
        ],
        "sockets": [
            {
                "id": 0,
                "consumption": 18334836.0,
                "domains": [
                    {
                        "name": "uncore",
                        "consumption": 0.0,
                        "timestamp": 1721774885.593557
                    },
                    {
                        "name": "core",
                        "consumption": 17256996.0,
                        "timestamp": 1721774885.5934832
                    }
                ],
                "timestamp": 1721774885.5932648
            }
        ]
    },
    {
        "host": {
            "consumption": 21279108.0,
            "timestamp": 1721774885.6504195,
            "components": {
                "disks": [
                    {
                        "disk_type": "SSD",
                        "disk_mount_point": "/etc/hosts",
                        "disk_is_removable": false,
                        "disk_file_system": "ext4",
                        "disk_total_bytes": "33634926592",
                        "disk_available_bytes": "9873444864",
                        "disk_name": "/dev/nvme0n1p4"
                    }
                ]
            }
        },
        "consumers": [
            {
                "exe": "/",
                "cmdline": "runcinit",
                "pid": 459779,
                "resources_usage": null,
                "consumption": 525410.06,
                "timestamp": 1721774885.6503246,
                "container": null
            },
            {
                "exe": "/usr/local/bin/scaphandre",
                "cmdline": "/usr/local/bin/scaphandrejson-s0--step-nano10000000-f/home/ce-p2-r-1/24/power.json",
                "pid": 459702,
                "resources_usage": null,
                "consumption": 262705.03,
                "timestamp": 1721774885.6502428,
                "container": null
            },
            {
                "exe": "/usr/bin/udevadm",
                "cmdline": "/lib/systemd/systemd-udevd",
                "pid": 459659,
                "resources_usage": null,
                "consumption": 0.0,
                "timestamp": 1721774885.6502335,
                "container": null
            },
            {
                "exe": "",
                "cmdline": "",
                "pid": 458255,
                "resources_usage": null,
                "consumption": 0.0,
                "timestamp": 1721774885.6502345,
                "container": null
            },
            {
                "exe": "/usr/bin/python3.10",
                "cmdline": "/usr/bin/python3/usr/share/unattended-upgrades/unattended-upgrade-shutdown--wait-for-signal",
                "pid": 901,
                "resources_usage": null,
                "consumption": 0.0,
                "timestamp": 1721774885.6502347,
                "container": null
            },
            {
                "exe": "/usr/bin/sleep",
                "cmdline": "sleep180",
                "pid": 458033,
                "resources_usage": null,
                "consumption": 0.0,
                "timestamp": 1721774885.6502354,
                "container": null
            },
            {
                "exe": "/usr/bin/udevadm",
                "cmdline": "/lib/systemd/systemd-udevd",
                "pid": 459642,
                "resources_usage": null,
                "consumption": 0.0,
                "timestamp": 1721774885.6502357,
                "container": null
            },
            {
                "exe": "",
                "cmdline": "",
                "pid": 55,
                "resources_usage": null,
                "consumption": 0.0,
                "timestamp": 1721774885.6502361,
                "container": null
            },
            {
                "exe": "/usr/bin/tmux",
                "cmdline": "tmux",
                "pid": 4705,
                "resources_usage": null,
                "consumption": 0.0,
                "timestamp": 1721774885.6502364,
                "container": null
            },
            {
                "exe": "",
                "cmdline": "",
                "pid": 14,
                "resources_usage": null,
                "consumption": 0.0,
                "timestamp": 1721774885.6502368,
                "container": null
            }
        ],
        "sockets": [
            {
                "id": 0,
                "consumption": 17842342.0,
                "domains": [
                    {
                        "name": "uncore",
                        "consumption": 0.0,
                        "timestamp": 1721774885.63137
                    },
                    {
                        "name": "core",
                        "consumption": 14340824.0,
                        "timestamp": 1721774885.6313577
                    }
                ],
                "timestamp": 1721774885.6311946
            }
        ]
    },
    {
        "host": {
            "consumption": 17001164.0,
            "timestamp": 1721774885.6855302,
            "components": {
                "disks": [
                    {
                        "disk_type": "SSD",
                        "disk_mount_point": "/etc/hosts",
                        "disk_is_removable": false,
                        "disk_file_system": "ext4",
                        "disk_total_bytes": "33634926592",
                        "disk_available_bytes": "9873444864",
                        "disk_name": "/dev/nvme0n1p4"
                    }
                ]
            }
        },
        "consumers": [
            {
                "exe": "/",
                "cmdline": "runcinit",
                "pid": 459779,
                "resources_usage": null,
                "consumption": 419781.8,
                "timestamp": 1721774885.6854963,
                "container": null
            },
            {
                "exe": "/usr/local/bin/scaphandre",
                "cmdline": "/usr/local/bin/scaphandrejson-s0--step-nano10000000-f/home/ce-p2-r-1/24/power.json",
                "pid": 459702,
                "resources_usage": null,
                "consumption": 209890.9,
                "timestamp": 1721774885.6854312,
                "container": null
            },
            {
                "exe": "/usr/bin/udevadm",
                "cmdline": "/lib/systemd/systemd-udevd",
                "pid": 459659,
                "resources_usage": null,
                "consumption": 0.0,
                "timestamp": 1721774885.6854234,
                "container": null
            },
            {
                "exe": "",
                "cmdline": "",
                "pid": 458255,
                "resources_usage": null,
                "consumption": 0.0,
                "timestamp": 1721774885.6854246,
                "container": null
            },
            {
                "exe": "/usr/bin/python3.10",
                "cmdline": "/usr/bin/python3/usr/share/unattended-upgrades/unattended-upgrade-shutdown--wait-for-signal",
                "pid": 901,
                "resources_usage": null,
                "consumption": 0.0,
                "timestamp": 1721774885.6854248,
                "container": null
            },
            {
                "exe": "/usr/bin/sleep",
                "cmdline": "sleep180",
                "pid": 458033,
                "resources_usage": null,
                "consumption": 0.0,
                "timestamp": 1721774885.6854253,
                "container": null
            },
            {
                "exe": "/usr/bin/udevadm",
                "cmdline": "/lib/systemd/systemd-udevd",
                "pid": 459642,
                "resources_usage": null,
                "consumption": 0.0,
                "timestamp": 1721774885.685426,
                "container": null
            },
            {
                "exe": "",
                "cmdline": "",
                "pid": 55,
                "resources_usage": null,
                "consumption": 0.0,
                "timestamp": 1721774885.6854265,
                "container": null
            },
            {
                "exe": "/usr/bin/tmux",
                "cmdline": "tmux",
                "pid": 4705,
                "resources_usage": null,
                "consumption": 0.0,
                "timestamp": 1721774885.6854267,
                "container": null
            },
            {
                "exe": "",
                "cmdline": "",
                "pid": 14,
                "resources_usage": null,
                "consumption": 0.0,
                "timestamp": 1721774885.685427,
                "container": null
            }
        ],
        "sockets": [
            {
                "id": 0,
                "consumption": 21789236.0,
                "domains": [
                    {
                        "name": "uncore",
                        "consumption": 0.0,
                        "timestamp": 1721774885.6677587
                    },
                    {
                        "name": "core",
                        "consumption": 19593276.0,
                        "timestamp": 1721774885.6677482
                    }
                ],
                "timestamp": 1721774885.6676376
            }
        ]
    },
    {
        "host": {
            "consumption": 20946180.0,
            "timestamp": 1721774885.7203367,
            "components": {
                "disks": [
                    {
                        "disk_type": "SSD",
                        "disk_mount_point": "/etc/hosts",
                        "disk_is_removable": false,
                        "disk_file_system": "ext4",
                        "disk_total_bytes": "33634926592",
                        "disk_available_bytes": "9873440768",
                        "disk_name": "/dev/nvme0n1p4"
                    }
                ]
            }
        },
        "consumers": [
            {
                "exe": "/",
                "cmdline": "runcinit",
                "pid": 459779,
                "resources_usage": null,
                "consumption": 387892.2,
                "timestamp": 1721774885.720292,
                "container": null
            },
            {
                "exe": "/usr/local/bin/scaphandre",
                "cmdline": "/usr/local/bin/scaphandrejson-s0--step-nano10000000-f/home/ce-p2-r-1/24/power.json",
                "pid": 459702,
                "resources_usage": null,
                "consumption": 258594.8,
                "timestamp": 1721774885.7202225,
                "container": null
            },
            {
                "exe": "/usr/bin/udevadm",
                "cmdline": "/lib/systemd/systemd-udevd",
                "pid": 459659,
                "resources_usage": null,
                "consumption": 0.0,
                "timestamp": 1721774885.7202115,
                "container": null
            },
            {
                "exe": "",
                "cmdline": "",
                "pid": 458255,
                "resources_usage": null,
                "consumption": 0.0,
                "timestamp": 1721774885.7202127,
                "container": null
            },
            {
                "exe": "/usr/bin/python3.10",
                "cmdline": "/usr/bin/python3/usr/share/unattended-upgrades/unattended-upgrade-shutdown--wait-for-signal",
                "pid": 901,
                "resources_usage": null,
                "consumption": 0.0,
                "timestamp": 1721774885.720213,
                "container": null
            },
            {
                "exe": "/usr/bin/sleep",
                "cmdline": "sleep180",
                "pid": 458033,
                "resources_usage": null,
                "consumption": 0.0,
                "timestamp": 1721774885.7202137,
                "container": null
            },
            {
                "exe": "/usr/bin/udevadm",
                "cmdline": "/lib/systemd/systemd-udevd",
                "pid": 459642,
                "resources_usage": null,
                "consumption": 0.0,
                "timestamp": 1721774885.7202144,
                "container": null
            },
            {
                "exe": "",
                "cmdline": "",
                "pid": 55,
                "resources_usage": null,
                "consumption": 0.0,
                "timestamp": 1721774885.7202148,
                "container": null
            },
            {
                "exe": "/usr/bin/tmux",
                "cmdline": "tmux",
                "pid": 4705,
                "resources_usage": null,
                "consumption": 0.0,
                "timestamp": 1721774885.720215,
                "container": null
            },
            {
                "exe": "",
                "cmdline": "",
                "pid": 14,
                "resources_usage": null,
                "consumption": 0.0,
                "timestamp": 1721774885.7202153,
                "container": null
            }
        ],
        "sockets": [
            {
                "id": 0,
                "consumption": 21351002.0,
                "domains": [
                    {
                        "name": "uncore",
                        "consumption": 0.0,
                        "timestamp": 1721774885.7007654
                    },
                    {
                        "name": "core",
                        "consumption": 19129766.0,
                        "timestamp": 1721774885.7007515
                    }
                ],
                "timestamp": 1721774885.7006378
            }
        ]
    },
    {
        "host": {
            "consumption": 24311096.0,
            "timestamp": 1721774885.7574456,
            "components": {
                "disks": [
                    {
                        "disk_type": "SSD",
                        "disk_mount_point": "/etc/hosts",
                        "disk_is_removable": false,
                        "disk_file_system": "ext4",
                        "disk_total_bytes": "33634926592",
                        "disk_available_bytes": "9873428480",
                        "disk_name": "/dev/nvme0n1p4"
                    }
                ]
            }
        },
        "consumers": [
            {
                "exe": "/",
                "cmdline": "runcinit",
                "pid": 459779,
                "resources_usage": null,
                "consumption": 600273.94,
                "timestamp": 1721774885.7574015,
                "container": null
            },
            {
                "exe": "/usr/local/bin/scaphandre",
                "cmdline": "/usr/local/bin/scaphandrejson-s0--step-nano10000000-f/home/ce-p2-r-1/24/power.json",
                "pid": 459702,
                "resources_usage": null,
                "consumption": 300136.97,
                "timestamp": 1721774885.757332,
                "container": null
            },
            {
                "exe": "/usr/lib/systemd/systemd",
                "cmdline": "/lib/systemd/systemd--user",
                "pid": 1553,
                "resources_usage": null,
                "consumption": 150068.48,
                "timestamp": 1721774885.7573497,
                "container": null
            },
            {
                "exe": "/usr/bin/udevadm",
                "cmdline": "/lib/systemd/systemd-udevd",
                "pid": 459659,
                "resources_usage": null,
                "consumption": 0.0,
                "timestamp": 1721774885.7573233,
                "container": null
            },
            {
                "exe": "",
                "cmdline": "",
                "pid": 458255,
                "resources_usage": null,
                "consumption": 0.0,
                "timestamp": 1721774885.7573245,
                "container": null
            },
            {
                "exe": "/usr/bin/python3.10",
                "cmdline": "/usr/bin/python3/usr/share/unattended-upgrades/unattended-upgrade-shutdown--wait-for-signal",
                "pid": 901,
                "resources_usage": null,
                "consumption": 0.0,
                "timestamp": 1721774885.757325,
                "container": null
            },
            {
                "exe": "/usr/bin/sleep",
                "cmdline": "sleep180",
                "pid": 458033,
                "resources_usage": null,
                "consumption": 0.0,
                "timestamp": 1721774885.7573254,
                "container": null
            },
            {
                "exe": "/usr/bin/udevadm",
                "cmdline": "/lib/systemd/systemd-udevd",
                "pid": 459642,
                "resources_usage": null,
                "consumption": 0.0,
                "timestamp": 1721774885.757326,
                "container": null
            },
            {
                "exe": "",
                "cmdline": "",
                "pid": 55,
                "resources_usage": null,
                "consumption": 0.0,
                "timestamp": 1721774885.7573264,
                "container": null
            },
            {
                "exe": "/usr/bin/tmux",
                "cmdline": "tmux",
                "pid": 4705,
                "resources_usage": null,
                "consumption": 0.0,
                "timestamp": 1721774885.7573266,
                "container": null
            }
        ],
        "sockets": [
            {
                "id": 0,
                "consumption": 28114168.0,
                "domains": [
                    {
                        "name": "uncore",
                        "consumption": 0.0,
                        "timestamp": 1721774885.7371933
                    },
                    {
                        "name": "core",
                        "consumption": 25547670.0,
                        "timestamp": 1721774885.7371824
                    }
                ],
                "timestamp": 1721774885.7370515
            }
        ]
    },
    {
        "host": {
            "consumption": 28759048.0,
            "timestamp": 1721774885.7929833,
            "components": {
                "disks": [
                    {
                        "disk_type": "SSD",
                        "disk_mount_point": "/etc/hosts",
                        "disk_is_removable": false,
                        "disk_file_system": "ext4",
                        "disk_total_bytes": "33634926592",
                        "disk_available_bytes": "9873428480",
                        "disk_name": "/dev/nvme0n1p4"
                    }
                ]
            }
        },
        "consumers": [
            {
                "exe": "/",
                "cmdline": "runcinit",
                "pid": 459779,
                "resources_usage": null,
                "consumption": 507512.66,
                "timestamp": 1721774885.7927368,
                "container": null
            },
            {
                "exe": "/usr/local/bin/scaphandre",
                "cmdline": "/usr/local/bin/scaphandrejson-s0--step-nano10000000-f/home/ce-p2-r-1/24/power.json",
                "pid": 459702,
                "resources_usage": null,
                "consumption": 169170.88,
                "timestamp": 1721774885.7926757,
                "container": null
            },
            {
                "exe": "/usr/bin/udevadm",
                "cmdline": "/lib/systemd/systemd-udevd",
                "pid": 459659,
                "resources_usage": null,
                "consumption": 0.0,
                "timestamp": 1721774885.7926676,
                "container": null
            },
            {
                "exe": "",
                "cmdline": "",
                "pid": 458255,
                "resources_usage": null,
                "consumption": 0.0,
                "timestamp": 1721774885.7926686,
                "container": null
            },
            {
                "exe": "/usr/bin/python3.10",
                "cmdline": "/usr/bin/python3/usr/share/unattended-upgrades/unattended-upgrade-shutdown--wait-for-signal",
                "pid": 901,
                "resources_usage": null,
                "consumption": 0.0,
                "timestamp": 1721774885.792669,
                "container": null
            },
            {
                "exe": "/usr/bin/sleep",
                "cmdline": "sleep180",
                "pid": 458033,
                "resources_usage": null,
                "consumption": 0.0,
                "timestamp": 1721774885.7926695,
                "container": null
            },
            {
                "exe": "/usr/bin/udevadm",
                "cmdline": "/lib/systemd/systemd-udevd",
                "pid": 459642,
                "resources_usage": null,
                "consumption": 0.0,
                "timestamp": 1721774885.79267,
                "container": null
            },
            {
                "exe": "",
                "cmdline": "",
                "pid": 55,
                "resources_usage": null,
                "consumption": 0.0,
                "timestamp": 1721774885.7926707,
                "container": null
            },
            {
                "exe": "/usr/bin/tmux",
                "cmdline": "tmux",
                "pid": 4705,
                "resources_usage": null,
                "consumption": 0.0,
                "timestamp": 1721774885.792671,
                "container": null
            },
            {
                "exe": "",
                "cmdline": "",
                "pid": 14,
                "resources_usage": null,
                "consumption": 0.0,
                "timestamp": 1721774885.7926712,
                "container": null
            }
        ],
        "sockets": [
            {
                "id": 0,
                "consumption": 21608292.0,
                "domains": [
                    {
                        "name": "uncore",
                        "consumption": 0.0,
                        "timestamp": 1721774885.773123
                    },
                    {
                        "name": "core",
                        "consumption": 19161944.0,
                        "timestamp": 1721774885.7731085
                    }
                ],
                "timestamp": 1721774885.772989
            }
        ]
    },
    {
        "host": {
            "consumption": 27649852.0,
            "timestamp": 1721774885.8294897,
            "components": {
                "disks": [
                    {
                        "disk_type": "SSD",
                        "disk_mount_point": "/etc/hosts",
                        "disk_is_removable": false,
                        "disk_file_system": "ext4",
                        "disk_total_bytes": "33634926592",
                        "disk_available_bytes": "9873424384",
                        "disk_name": "/dev/nvme0n1p4"
                    }
                ]
            }
        },
        "consumers": [
            {
                "exe": "/",
                "cmdline": "runcinit",
                "pid": 459779,
                "resources_usage": null,
                "consumption": 650584.8,
                "timestamp": 1721774885.829396,
                "container": null
            },
            {
                "exe": "/usr/local/bin/scaphandre",
                "cmdline": "/usr/local/bin/scaphandrejson-s0--step-nano10000000-f/home/ce-p2-r-1/24/power.json",
                "pid": 459702,
                "resources_usage": null,
                "consumption": 487938.62,
                "timestamp": 1721774885.8293133,
                "container": null
            },
            {
                "exe": "/usr/bin/udevadm",
                "cmdline": "/lib/systemd/systemd-udevd",
                "pid": 459659,
                "resources_usage": null,
                "consumption": 0.0,
                "timestamp": 1721774885.8293035,
                "container": null
            },
            {
                "exe": "",
                "cmdline": "",
                "pid": 458255,
                "resources_usage": null,
                "consumption": 0.0,
                "timestamp": 1721774885.8293047,
                "container": null
            },
            {
                "exe": "/usr/bin/python3.10",
                "cmdline": "/usr/bin/python3/usr/share/unattended-upgrades/unattended-upgrade-shutdown--wait-for-signal",
                "pid": 901,
                "resources_usage": null,
                "consumption": 0.0,
                "timestamp": 1721774885.8293054,
                "container": null
            },
            {
                "exe": "/usr/bin/sleep",
                "cmdline": "sleep180",
                "pid": 458033,
                "resources_usage": null,
                "consumption": 0.0,
                "timestamp": 1721774885.829306,
                "container": null
            },
            {
                "exe": "/usr/bin/udevadm",
                "cmdline": "/lib/systemd/systemd-udevd",
                "pid": 459642,
                "resources_usage": null,
                "consumption": 0.0,
                "timestamp": 1721774885.8293066,
                "container": null
            },
            {
                "exe": "",
                "cmdline": "",
                "pid": 55,
                "resources_usage": null,
                "consumption": 0.0,
                "timestamp": 1721774885.829307,
                "container": null
            },
            {
                "exe": "/usr/bin/tmux",
                "cmdline": "tmux",
                "pid": 4705,
                "resources_usage": null,
                "consumption": 0.0,
                "timestamp": 1721774885.8293073,
                "container": null
            },
            {
                "exe": "",
                "cmdline": "",
                "pid": 14,
                "resources_usage": null,
                "consumption": 0.0,
                "timestamp": 1721774885.8293076,
                "container": null
            }
        ],
        "sockets": [
            {
                "id": 0,
                "consumption": 26058196.0,
                "domains": [
                    {
                        "name": "uncore",
                        "consumption": 0.0,
                        "timestamp": 1721774885.8085585
                    },
                    {
                        "name": "core",
                        "consumption": 23654892.0,
                        "timestamp": 1721774885.8083827
                    }
                ],
                "timestamp": 1721774885.8080573
            }
        ]
    },
    {
        "host": {
            "consumption": 20198290.0,
            "timestamp": 1721774885.8662407,
            "components": {
                "disks": [
                    {
                        "disk_type": "SSD",
                        "disk_mount_point": "/etc/hosts",
                        "disk_is_removable": false,
                        "disk_file_system": "ext4",
                        "disk_total_bytes": "33634926592",
                        "disk_available_bytes": "9873424384",
                        "disk_name": "/dev/nvme0n1p4"
                    }
                ]
            }
        },
        "consumers": [
            {
                "exe": "/",
                "cmdline": "runcinit",
                "pid": 459779,
                "resources_usage": null,
                "consumption": 475253.9,
                "timestamp": 1721774885.8661451,
                "container": null
            },
            {
                "exe": "/usr/local/bin/scaphandre",
                "cmdline": "/usr/local/bin/scaphandrejson-s0--step-nano10000000-f/home/ce-p2-r-1/24/power.json",
                "pid": 459702,
                "resources_usage": null,
                "consumption": 237626.95,
                "timestamp": 1721774885.8660612,
                "container": null
            },
            {
                "exe": "/usr/bin/udevadm",
                "cmdline": "/lib/systemd/systemd-udevd",
                "pid": 459659,
                "resources_usage": null,
                "consumption": 0.0,
                "timestamp": 1721774885.8660507,
                "container": null
            },
            {
                "exe": "",
                "cmdline": "",
                "pid": 458255,
                "resources_usage": null,
                "consumption": 0.0,
                "timestamp": 1721774885.866052,
                "container": null
            },
            {
                "exe": "/usr/bin/python3.10",
                "cmdline": "/usr/bin/python3/usr/share/unattended-upgrades/unattended-upgrade-shutdown--wait-for-signal",
                "pid": 901,
                "resources_usage": null,
                "consumption": 0.0,
                "timestamp": 1721774885.8660522,
                "container": null
            },
            {
                "exe": "/usr/bin/sleep",
                "cmdline": "sleep180",
                "pid": 458033,
                "resources_usage": null,
                "consumption": 0.0,
                "timestamp": 1721774885.8660529,
                "container": null
            },
            {
                "exe": "/usr/bin/udevadm",
                "cmdline": "/lib/systemd/systemd-udevd",
                "pid": 459642,
                "resources_usage": null,
                "consumption": 0.0,
                "timestamp": 1721774885.866053,
                "container": null
            },
            {
                "exe": "",
                "cmdline": "",
                "pid": 55,
                "resources_usage": null,
                "consumption": 0.0,
                "timestamp": 1721774885.8660538,
                "container": null
            },
            {
                "exe": "/usr/bin/tmux",
                "cmdline": "tmux",
                "pid": 4705,
                "resources_usage": null,
                "consumption": 0.0,
                "timestamp": 1721774885.866054,
                "container": null
            },
            {
                "exe": "",
                "cmdline": "",
                "pid": 14,
                "resources_usage": null,
                "consumption": 0.0,
                "timestamp": 1721774885.8660548,
                "container": null
            }
        ],
        "sockets": [
            {
                "id": 0,
                "consumption": 21180700.0,
                "domains": [
                    {
                        "name": "uncore",
                        "consumption": 0.0,
                        "timestamp": 1721774885.8467164
                    },
                    {
                        "name": "core",
                        "consumption": 19007640.0,
                        "timestamp": 1721774885.8466427
                    }
                ],
                "timestamp": 1721774885.8464262
            }
        ]
    },
    {
        "host": {
            "consumption": 18541000.0,
            "timestamp": 1721774885.9023001,
            "components": {
                "disks": [
                    {
                        "disk_type": "SSD",
                        "disk_mount_point": "/etc/hosts",
                        "disk_is_removable": false,
                        "disk_file_system": "ext4",
                        "disk_total_bytes": "33634926592",
                        "disk_available_bytes": "9873420288",
                        "disk_name": "/dev/nvme0n1p4"
                    }
                ]
            }
        },
        "consumers": [
            {
                "exe": "/",
                "cmdline": "runcinit",
                "pid": 459779,
                "resources_usage": null,
                "consumption": 327194.16,
                "timestamp": 1721774885.902197,
                "container": null
            },
            {
                "exe": "/usr/local/bin/scaphandre",
                "cmdline": "/usr/local/bin/scaphandrejson-s0--step-nano10000000-f/home/ce-p2-r-1/24/power.json",
                "pid": 459702,
                "resources_usage": null,
                "consumption": 218129.44,
                "timestamp": 1721774885.902108,
                "container": null
            },
            {
                "exe": "/usr/bin/udevadm",
                "cmdline": "/lib/systemd/systemd-udevd",
                "pid": 459659,
                "resources_usage": null,
                "consumption": 0.0,
                "timestamp": 1721774885.9020977,
                "container": null
            },
            {
                "exe": "",
                "cmdline": "",
                "pid": 458255,
                "resources_usage": null,
                "consumption": 0.0,
                "timestamp": 1721774885.902099,
                "container": null
            },
            {
                "exe": "/usr/bin/python3.10",
                "cmdline": "/usr/bin/python3/usr/share/unattended-upgrades/unattended-upgrade-shutdown--wait-for-signal",
                "pid": 901,
                "resources_usage": null,
                "consumption": 0.0,
                "timestamp": 1721774885.9020994,
                "container": null
            },
            {
                "exe": "/usr/bin/sleep",
                "cmdline": "sleep180",
                "pid": 458033,
                "resources_usage": null,
                "consumption": 0.0,
                "timestamp": 1721774885.9020998,
                "container": null
            },
            {
                "exe": "/usr/bin/udevadm",
                "cmdline": "/lib/systemd/systemd-udevd",
                "pid": 459642,
                "resources_usage": null,
                "consumption": 0.0,
                "timestamp": 1721774885.9021003,
                "container": null
            },
            {
                "exe": "",
                "cmdline": "",
                "pid": 55,
                "resources_usage": null,
                "consumption": 0.0,
                "timestamp": 1721774885.902101,
                "container": null
            },
            {
                "exe": "/usr/bin/tmux",
                "cmdline": "tmux",
                "pid": 4705,
                "resources_usage": null,
                "consumption": 0.0,
                "timestamp": 1721774885.9021013,
                "container": null
            },
            {
                "exe": "",
                "cmdline": "",
                "pid": 14,
                "resources_usage": null,
                "consumption": 0.0,
                "timestamp": 1721774885.9021018,
                "container": null
            }
        ],
        "sockets": [
            {
                "id": 0,
                "consumption": 23576388.0,
                "domains": [
                    {
                        "name": "uncore",
                        "consumption": 0.0,
                        "timestamp": 1721774885.8834865
                    },
                    {
                        "name": "core",
                        "consumption": 21438374.0,
                        "timestamp": 1721774885.8834743
                    }
                ],
                "timestamp": 1721774885.8833091
            }
        ]
    },
    {
        "host": {
            "consumption": 16525483.0,
            "timestamp": 1721774885.9396255,
            "components": {
                "disks": [
                    {
                        "disk_type": "SSD",
                        "disk_mount_point": "/etc/hosts",
                        "disk_is_removable": false,
                        "disk_file_system": "ext4",
                        "disk_total_bytes": "33634926592",
                        "disk_available_bytes": "9873420288",
                        "disk_name": "/dev/nvme0n1p4"
                    }
                ]
            }
        },
        "consumers": [
            {
                "exe": "/",
                "cmdline": "runcinit",
                "pid": 459779,
                "resources_usage": null,
                "consumption": 388834.9,
                "timestamp": 1721774885.9395268,
                "container": null
            },
            {
                "exe": "/usr/local/bin/scaphandre",
                "cmdline": "/usr/local/bin/scaphandrejson-s0--step-nano10000000-f/home/ce-p2-r-1/24/power.json",
                "pid": 459702,
                "resources_usage": null,
                "consumption": 291626.2,
                "timestamp": 1721774885.939446,
                "container": null
            },
            {
                "exe": "/usr/bin/udevadm",
                "cmdline": "/lib/systemd/systemd-udevd",
                "pid": 459659,
                "resources_usage": null,
                "consumption": 0.0,
                "timestamp": 1721774885.9394364,
                "container": null
            },
            {
                "exe": "",
                "cmdline": "",
                "pid": 458255,
                "resources_usage": null,
                "consumption": 0.0,
                "timestamp": 1721774885.9394376,
                "container": null
            },
            {
                "exe": "/usr/bin/python3.10",
                "cmdline": "/usr/bin/python3/usr/share/unattended-upgrades/unattended-upgrade-shutdown--wait-for-signal",
                "pid": 901,
                "resources_usage": null,
                "consumption": 0.0,
                "timestamp": 1721774885.9394379,
                "container": null
            },
            {
                "exe": "/usr/bin/sleep",
                "cmdline": "sleep180",
                "pid": 458033,
                "resources_usage": null,
                "consumption": 0.0,
                "timestamp": 1721774885.9394383,
                "container": null
            },
            {
                "exe": "/usr/bin/udevadm",
                "cmdline": "/lib/systemd/systemd-udevd",
                "pid": 459642,
                "resources_usage": null,
                "consumption": 0.0,
                "timestamp": 1721774885.939439,
                "container": null
            },
            {
                "exe": "",
                "cmdline": "",
                "pid": 55,
                "resources_usage": null,
                "consumption": 0.0,
                "timestamp": 1721774885.9394395,
                "container": null
            },
            {
                "exe": "/usr/bin/tmux",
                "cmdline": "tmux",
                "pid": 4705,
                "resources_usage": null,
                "consumption": 0.0,
                "timestamp": 1721774885.9394398,
                "container": null
            },
            {
                "exe": "",
                "cmdline": "",
                "pid": 14,
                "resources_usage": null,
                "consumption": 0.0,
                "timestamp": 1721774885.9394403,
                "container": null
            }
        ],
        "sockets": [
            {
                "id": 0,
                "consumption": 19074152.0,
                "domains": [
                    {
                        "name": "uncore",
                        "consumption": 0.0,
                        "timestamp": 1721774885.919946
                    },
                    {
                        "name": "core",
                        "consumption": 16591530.0,
                        "timestamp": 1721774885.9199338
                    }
                ],
                "timestamp": 1721774885.9197686
            }
        ]
    },
    {
        "host": {
            "consumption": 20385604.0,
            "timestamp": 1721774885.9775388,
            "components": {
                "disks": [
                    {
                        "disk_type": "SSD",
                        "disk_mount_point": "/etc/hosts",
                        "disk_is_removable": false,
                        "disk_file_system": "ext4",
                        "disk_total_bytes": "33634926592",
                        "disk_available_bytes": "9873416192",
                        "disk_name": "/dev/nvme0n1p4"
                    }
                ]
            }
        },
        "consumers": [
            {
                "exe": "/",
                "cmdline": "runcinit",
                "pid": 459779,
                "resources_usage": null,
                "consumption": 479661.28,
                "timestamp": 1721774885.977448,
                "container": null
            },
            {
                "exe": "/usr/local/bin/scaphandre",
                "cmdline": "/usr/local/bin/scaphandrejson-s0--step-nano10000000-f/home/ce-p2-r-1/24/power.json",
                "pid": 459702,
                "resources_usage": null,
                "consumption": 239830.64,
                "timestamp": 1721774885.9773664,
                "container": null
            },
            {
                "exe": "/usr/bin/udevadm",
                "cmdline": "/lib/systemd/systemd-udevd",
                "pid": 459659,
                "resources_usage": null,
                "consumption": 0.0,
                "timestamp": 1721774885.977357,
                "container": null
            },
            {
                "exe": "",
                "cmdline": "",
                "pid": 458255,
                "resources_usage": null,
                "consumption": 0.0,
                "timestamp": 1721774885.977358,
                "container": null
            },
            {
                "exe": "/usr/bin/python3.10",
                "cmdline": "/usr/bin/python3/usr/share/unattended-upgrades/unattended-upgrade-shutdown--wait-for-signal",
                "pid": 901,
                "resources_usage": null,
                "consumption": 0.0,
                "timestamp": 1721774885.9773586,
                "container": null
            },
            {
                "exe": "/usr/bin/sleep",
                "cmdline": "sleep180",
                "pid": 458033,
                "resources_usage": null,
                "consumption": 0.0,
                "timestamp": 1721774885.9773588,
                "container": null
            },
            {
                "exe": "/usr/bin/udevadm",
                "cmdline": "/lib/systemd/systemd-udevd",
                "pid": 459642,
                "resources_usage": null,
                "consumption": 0.0,
                "timestamp": 1721774885.9773598,
                "container": null
            },
            {
                "exe": "",
                "cmdline": "",
                "pid": 55,
                "resources_usage": null,
                "consumption": 0.0,
                "timestamp": 1721774885.9773602,
                "container": null
            },
            {
                "exe": "/usr/bin/tmux",
                "cmdline": "tmux",
                "pid": 4705,
                "resources_usage": null,
                "consumption": 0.0,
                "timestamp": 1721774885.9773605,
                "container": null
            },
            {
                "exe": "",
                "cmdline": "",
                "pid": 14,
                "resources_usage": null,
                "consumption": 0.0,
                "timestamp": 1721774885.977361,
                "container": null
            }
        ],
        "sockets": [
            {
                "id": 0,
                "consumption": 15047551.0,
                "domains": [
                    {
                        "name": "uncore",
                        "consumption": 0.0,
                        "timestamp": 1721774885.9571173
                    },
                    {
                        "name": "core",
                        "consumption": 12727010.0,
                        "timestamp": 1721774885.9570334
                    }
                ],
                "timestamp": 1721774885.9568093
            }
        ]
    },
    {
        "host": {
            "consumption": 15417619.0,
            "timestamp": 1721774886.0146682,
            "components": {
                "disks": [
                    {
                        "disk_type": "SSD",
                        "disk_mount_point": "/etc/hosts",
                        "disk_is_removable": false,
                        "disk_file_system": "ext4",
                        "disk_total_bytes": "33634926592",
                        "disk_available_bytes": "9873416192",
                        "disk_name": "/dev/nvme0n1p4"
                    }
                ]
            }
        },
        "consumers": [
            {
                "exe": "/",
                "cmdline": "runcinit",
                "pid": 459779,
                "resources_usage": null,
                "consumption": 264302.03,
                "timestamp": 1721774886.01446,
                "container": null
            },
            {
                "exe": "/usr/local/bin/scaphandre",
                "cmdline": "/usr/local/bin/scaphandrejson-s0--step-nano10000000-f/home/ce-p2-r-1/24/power.json",
                "pid": 459702,
                "resources_usage": null,
                "consumption": 176201.34,
                "timestamp": 1721774886.0144,
                "container": null
            },
            {
                "exe": "/usr/bin/udevadm",
                "cmdline": "/lib/systemd/systemd-udevd",
                "pid": 459659,
                "resources_usage": null,
                "consumption": 0.0,
                "timestamp": 1721774886.0143914,
                "container": null
            },
            {
                "exe": "",
                "cmdline": "",
                "pid": 458255,
                "resources_usage": null,
                "consumption": 0.0,
                "timestamp": 1721774886.0143926,
                "container": null
            },
            {
                "exe": "/usr/bin/python3.10",
                "cmdline": "/usr/bin/python3/usr/share/unattended-upgrades/unattended-upgrade-shutdown--wait-for-signal",
                "pid": 901,
                "resources_usage": null,
                "consumption": 0.0,
                "timestamp": 1721774886.014393,
                "container": null
            },
            {
                "exe": "/usr/bin/sleep",
                "cmdline": "sleep180",
                "pid": 458033,
                "resources_usage": null,
                "consumption": 0.0,
                "timestamp": 1721774886.0143936,
                "container": null
            },
            {
                "exe": "/usr/bin/udevadm",
                "cmdline": "/lib/systemd/systemd-udevd",
                "pid": 459642,
                "resources_usage": null,
                "consumption": 0.0,
                "timestamp": 1721774886.014394,
                "container": null
            },
            {
                "exe": "",
                "cmdline": "",
                "pid": 55,
                "resources_usage": null,
                "consumption": 0.0,
                "timestamp": 1721774886.0143945,
                "container": null
            },
            {
                "exe": "/usr/bin/tmux",
                "cmdline": "tmux",
                "pid": 4705,
                "resources_usage": null,
                "consumption": 0.0,
                "timestamp": 1721774886.0143948,
                "container": null
            },
            {
                "exe": "",
                "cmdline": "",
                "pid": 14,
                "resources_usage": null,
                "consumption": 0.0,
                "timestamp": 1721774886.014395,
                "container": null
            }
        ],
        "sockets": [
            {
                "id": 0,
                "consumption": 20572030.0,
                "domains": [
                    {
                        "name": "uncore",
                        "consumption": 0.0,
                        "timestamp": 1721774885.9947915
                    },
                    {
                        "name": "core",
                        "consumption": 18399774.0,
                        "timestamp": 1721774885.9947793
                    }
                ],
                "timestamp": 1721774885.99456
            }
        ]
    }
]