{
    "timestamp_analysis": {
        "mean": 0.025271727234262898,
        "std": 0.0016587680680021143,
        "min": 0.022182464599609375,
        "max": 0.033377885818481445,
        "median": 0.02496647834777832,
        "running_time": 16.401503324508667
    },
    "host_energy_analysis": {
        "total": 313.7095480680915,
        "per_repetition": 6.27419096136183e-07
    },
    "host_power_analysis": {
        "mean": 19.14856496153846,
        "std": 5.719559926038558,
        "min": 5.160194,
        "max": 37.27257,
        "median": 18.81442
    },
    "process_energy_analysis": {
        "total": 4.793633719081588,
        "per_repetition": 9.587267438163176e-09
    }
}