{
    "timestamp_analysis": {
        "mean": 0.035504196308277274,
        "std": 0.0013949215769098263,
        "min": 0.03378009796142578,
        "max": 0.04168391227722168,
        "median": 0.03513813018798828,
        "running_time": 4.793224096298218
    },
    "host_energy_analysis": {
        "total": 91.64241204029298,
        "per_repetition": 3.054747068009766e-06
    },
    "host_power_analysis": {
        "mean": 19.117592375,
        "std": 5.544011965504757,
        "min": 6.593327,
        "max": 40.068748,
        "median": 18.901782
    },
    "process_energy_analysis": {
        "total": 2.1953222559166004,
        "per_repetition": 7.317740853055335e-08
    }
}