{
    "timestamp_analysis": {
        "mean": 0.034835733817173885,
        "std": 0.0017573897411820875,
        "min": 0.03086996078491211,
        "max": 0.04254269599914551,
        "median": 0.034404635429382324,
        "running_time": 9.057416677474976
    },
    "host_energy_analysis": {
        "total": 173.20944241018162,
        "per_repetition": 0.0017320944241018162
    },
    "host_power_analysis": {
        "mean": 19.130275865900384,
        "std": 4.9265141812331485,
        "min": 7.008575,
        "max": 33.60493,
        "median": 19.282962
    },
    "process_energy_analysis": {
        "total": 3.606070192291452,
        "per_repetition": 3.606070192291452e-05
    }
}