{
    "timestamp_analysis": {
        "mean": 0.02593424469232559,
        "std": 0.0018634699163975592,
        "min": 0.02275872230529785,
        "max": 0.03661060333251953,
        "median": 0.02557206153869629,
        "running_time": 8.299131393432617
    },
    "host_energy_analysis": {
        "total": 164.67973352364945,
        "per_repetition": 1.6467973352364945e-05
    },
    "host_power_analysis": {
        "mean": 19.87674348909657,
        "std": 6.056022439493303,
        "min": 6.611521,
        "max": 40.524544,
        "median": 19.504664
    },
    "process_energy_analysis": {
        "total": 2.569782999139999,
        "per_repetition": 2.5697829991399994e-07
    }
}