{
    "timestamp_analysis": {
        "mean": 0.025113656361897788,
        "std": 0.0013357171810635606,
        "min": 0.021924257278442383,
        "max": 0.03231358528137207,
        "median": 0.02481842041015625,
        "running_time": 9.417744874954224
    },
    "host_energy_analysis": {
        "total": 173.60926568573177,
        "per_repetition": 3.472185313714635e-07
    },
    "host_power_analysis": {
        "mean": 18.427950816489364,
        "std": 5.407558986594177,
        "min": 5.670571,
        "max": 33.910464,
        "median": 18.267592
    },
    "process_energy_analysis": {
        "total": 2.6397194122446677,
        "per_repetition": 5.279438824489335e-09
    }
}