{
    "timestamp_analysis": {
        "mean": 0.02623944032137797,
        "std": 0.0018704037675793062,
        "min": 0.022519588470458984,
        "max": 0.03315377235412598,
        "median": 0.025785207748413086,
        "running_time": 11.493048429489136
    },
    "host_energy_analysis": {
        "total": 228.66843554839085,
        "per_repetition": 2.2866843554839083e-05
    },
    "host_power_analysis": {
        "mean": 19.939955391799547,
        "std": 6.085682011159503,
        "min": 6.649131,
        "max": 43.701584,
        "median": 20.020668
    },
    "process_energy_analysis": {
        "total": 3.6537748404980523,
        "per_repetition": 3.6537748404980526e-07
    }
}