{
    "timestamp_analysis": {
        "mean": 0.03528060161904113,
        "std": 0.0021042922523445964,
        "min": 0.031031131744384766,
        "max": 0.044176578521728516,
        "median": 0.03474128246307373,
        "running_time": 5.151095628738403
    },
    "host_energy_analysis": {
        "total": 93.67797559808446,
        "per_repetition": 3.1225991866028153e-06
    },
    "host_power_analysis": {
        "mean": 18.220856401360543,
        "std": 5.210200394132748,
        "min": 7.373235,
        "max": 31.851978,
        "median": 18.03081
    },
    "process_energy_analysis": {
        "total": 2.057799784358252,
        "per_repetition": 6.859332614527506e-08
    }
}