{
    "timestamp_analysis": {
        "mean": 0.03507254221667982,
        "std": 0.001873794781877627,
        "min": 0.0316774845123291,
        "max": 0.046540260314941406,
        "median": 0.03479468822479248,
        "running_time": 5.1207239627838135
    },
    "host_energy_analysis": {
        "total": 94.07449838387907,
        "per_repetition": 3.135816612795969e-06
    },
    "host_power_analysis": {
        "mean": 18.367297578231295,
        "std": 5.566348290591479,
        "min": 6.152591,
        "max": 34.94588,
        "median": 18.77722
    },
    "process_energy_analysis": {
        "total": 2.0493836496276403,
        "per_repetition": 6.831278832092134e-08
    }
}