{
    "timestamp_analysis": {
        "mean": 0.025707884268327194,
        "std": 0.0014743594588552701,
        "min": 0.02295994758605957,
        "max": 0.03535604476928711,
        "median": 0.025441408157348633,
        "running_time": 8.483717918395996
    },
    "host_energy_analysis": {
        "total": 156.66409407213294,
        "per_repetition": 3.1332818814426586e-07
    },
    "host_power_analysis": {
        "mean": 18.481567501510575,
        "std": 6.050521130580776,
        "min": 3.412049,
        "max": 36.99782,
        "median": 18.645904
    },
    "process_energy_analysis": {
        "total": 2.4427598858326856,
        "per_repetition": 4.885519771665371e-09
    }
}