{
    "timestamp_analysis": {
        "mean": 0.025271664543568436,
        "std": 0.002547686012246206,
        "min": 0.021565675735473633,
        "max": 0.07090187072753906,
        "median": 0.02475905418395996,
        "running_time": 16.199259042739868
    },
    "host_energy_analysis": {
        "total": 278.61759801167284,
        "per_repetition": 5.5723519602334566e-09
    },
    "host_power_analysis": {
        "mean": 17.213740347352022,
        "std": 5.363246899956064,
        "min": 4.124756,
        "max": 37.35924,
        "median": 17.084371
    },
    "process_energy_analysis": {
        "total": 4.221181528524349,
        "per_repetition": 8.442363057048698e-11
    }
}