{
    "timestamp_analysis": {
        "mean": 0.03402177759913169,
        "std": 0.0016975007600492636,
        "min": 0.0305325984954834,
        "max": 0.041719913482666016,
        "median": 0.03366804122924805,
        "running_time": 12.14616346359253
    },
    "host_energy_analysis": {
        "total": 247.8573691437744,
        "per_repetition": 8.26191230479248e-06
    },
    "host_power_analysis": {
        "mean": 20.414685396648043,
        "std": 5.600905786897106,
        "min": 7.865723,
        "max": 38.15661,
        "median": 20.38327
    },
    "process_energy_analysis": {
        "total": 5.12094955813435,
        "per_repetition": 1.7069831860447834e-07
    }
}