{
    "timestamp_analysis": {
        "mean": 0.03487245313966991,
        "std": 0.0016556820426279345,
        "min": 0.03164410591125488,
        "max": 0.04534173011779785,
        "median": 0.03454303741455078,
        "running_time": 30.722793102264404
    },
    "host_energy_analysis": {
        "total": 518.995838238569,
        "per_repetition": 1.7299861274618968e-05
    },
    "host_power_analysis": {
        "mean": 16.897450215419504,
        "std": 4.960224166190065,
        "min": 5.067225,
        "max": 32.187688,
        "median": 16.714393
    },
    "process_energy_analysis": {
        "total": 10.85116427633708,
        "per_repetition": 3.6170547587790266e-07
    }
}