{
    "timestamp_analysis": {
        "mean": 0.02500361994536544,
        "std": 0.0015431664526901006,
        "min": 0.02188897132873535,
        "max": 0.0333409309387207,
        "median": 0.02472543716430664,
        "running_time": 16.02744174003601
    },
    "host_energy_analysis": {
        "total": 275.76505692296337,
        "per_repetition": 5.515301138459267e-09
    },
    "host_power_analysis": {
        "mean": 17.212729034267912,
        "std": 5.292121836546469,
        "min": 4.882572,
        "max": 34.6548,
        "median": 17.056449
    },
    "process_energy_analysis": {
        "total": 4.089335589734004,
        "per_repetition": 8.178671179468008e-11
    }
}