{
    "timestamp_analysis": {
        "mean": 0.025035709569109263,
        "std": 0.0017208862822335467,
        "min": 0.021745920181274414,
        "max": 0.03517413139343262,
        "median": 0.02459120750427246,
        "running_time": 15.747586727142334
    },
    "host_energy_analysis": {
        "total": 284.3381432439729,
        "per_repetition": 5.686762864879458e-07
    },
    "host_power_analysis": {
        "mean": 18.064004646031748,
        "std": 5.67695007121498,
        "min": 4.147909,
        "max": 36.320224,
        "median": 18.030774
    },
    "process_energy_analysis": {
        "total": 4.2612229530168095,
        "per_repetition": 8.52244590603362e-09
    }
}