{
    "timestamp_analysis": {
        "mean": 0.02539229750186763,
        "std": 0.0016974989748701934,
        "min": 0.021923542022705078,
        "max": 0.03311920166015625,
        "median": 0.025099515914916992,
        "running_time": 6.779857635498047
    },
    "host_energy_analysis": {
        "total": 113.21185011850714,
        "per_repetition": 1.1321185011850714e-07
    },
    "host_power_analysis": {
        "mean": 16.731461354477613,
        "std": 5.463091200405084,
        "min": 3.872624,
        "max": 34.24215,
        "median": 16.6101595
    },
    "process_energy_analysis": {
        "total": 1.7425789740665145,
        "per_repetition": 1.7425789740665146e-09
    }
}