{
    "timestamp_analysis": {
        "mean": 0.03688634625563385,
        "std": 0.003276238366515168,
        "min": 0.03240323066711426,
        "max": 0.05489206314086914,
        "median": 0.035602688789367676,
        "running_time": 10.40208888053894
    },
    "host_energy_analysis": {
        "total": 264.2827981986393,
        "per_repetition": 0.0008809426606621309
    },
    "host_power_analysis": {
        "mean": 25.268613084805658,
        "std": 6.731672854705418,
        "min": 8.655419,
        "max": 46.44851,
        "median": 25.193748
    },
    "process_energy_analysis": {
        "total": 10.592672518780962,
        "per_repetition": 3.530890839593654e-05
    }
}