{
    "timestamp_analysis": {
        "mean": 0.025612039435399723,
        "std": 0.0017122180295313233,
        "min": 0.02202582359313965,
        "max": 0.03383016586303711,
        "median": 0.025233030319213867,
        "running_time": 9.348812580108643
    },
    "host_energy_analysis": {
        "total": 165.3197627711265,
        "per_repetition": 3.30639525542253e-07
    },
    "host_power_analysis": {
        "mean": 17.70151787978142,
        "std": 5.740722359558797,
        "min": 4.941574,
        "max": 41.10395,
        "median": 17.193597
    },
    "process_energy_analysis": {
        "total": 2.5774255695604946,
        "per_repetition": 5.1548511391209894e-09
    }
}