{
    "timestamp_analysis": {
        "mean": 0.034649212066441365,
        "std": 0.0012993979581520313,
        "min": 0.0311434268951416,
        "max": 0.0387575626373291,
        "median": 0.03461349010467529,
        "running_time": 5.059017896652222
    },
    "host_energy_analysis": {
        "total": 93.34930573300076,
        "per_repetition": 3.111643524433359e-06
    },
    "host_power_analysis": {
        "mean": 18.467673789115647,
        "std": 5.0994325894251284,
        "min": 7.752389,
        "max": 32.577512,
        "median": 18.79638
    },
    "process_energy_analysis": {
        "total": 2.0533973827483107,
        "per_repetition": 6.84465794249437e-08
    }
}