{
    "timestamp_analysis": {
        "mean": 0.034318345405388404,
        "std": 0.0016615901862999424,
        "min": 0.030985355377197266,
        "max": 0.040851593017578125,
        "median": 0.033952951431274414,
        "running_time": 12.38918685913086
    },
    "host_energy_analysis": {
        "total": 235.33103479921363,
        "per_repetition": 7.844367826640455e-06
    },
    "host_power_analysis": {
        "mean": 18.985113922651934,
        "std": 5.749793381842891,
        "min": 4.974411,
        "max": 34.675324,
        "median": 18.511358
    },
    "process_energy_analysis": {
        "total": 4.8667821585595625,
        "per_repetition": 1.6222607195198542e-07
    }
}