{
    "timestamp_analysis": {
        "mean": 0.03416399673749042,
        "std": 0.0016269053704011905,
        "min": 0.031130552291870117,
        "max": 0.04477334022521973,
        "median": 0.03374588489532471,
        "running_time": 12.709271430969238
    },
    "host_energy_analysis": {
        "total": 217.58195136076904,
        "per_repetition": 7.2527317120256345e-06
    },
    "host_power_analysis": {
        "mean": 17.11999808310992,
        "std": 4.9745785551003445,
        "min": 5.670274,
        "max": 31.846248,
        "median": 16.695715
    },
    "process_energy_analysis": {
        "total": 4.531220643611797,
        "per_repetition": 1.5104068812039323e-07
    }
}