{
    "timestamp_analysis": {
        "mean": 0.037431406808066205,
        "std": 0.0030046478213392306,
        "min": 0.033316850662231445,
        "max": 0.052568912506103516,
        "median": 0.03639817237854004,
        "running_time": 10.70556902885437
    },
    "host_energy_analysis": {
        "total": 257.37424854134133,
        "per_repetition": 0.0008579141618044711
    },
    "host_power_analysis": {
        "mean": 23.904813630662023,
        "std": 6.8867474625308205,
        "min": 7.574556,
        "max": 46.500464,
        "median": 23.525402
    },
    "process_energy_analysis": {
        "total": 9.534705641018347,
        "per_repetition": 3.178235213672782e-05
    }
}