{
    "timestamp_analysis": {
        "mean": 0.03518152542114258,
        "std": 0.0018940980280244372,
        "min": 0.0312197208404541,
        "max": 0.043512582778930664,
        "median": 0.03468036651611328,
        "running_time": 21.988627672195435
    },
    "host_energy_analysis": {
        "total": 423.1176001026748,
        "per_repetition": 1.4103920003422495e-05
    },
    "host_power_analysis": {
        "mean": 19.26703169009585,
        "std": 5.277298199857534,
        "min": 7.182068,
        "max": 38.736784,
        "median": 18.906274
    },
    "process_energy_analysis": {
        "total": 9.191749381861525,
        "per_repetition": 3.0639164606205085e-07
    }
}