{
    "timestamp_analysis": {
        "mean": 0.02534508451502374,
        "std": 0.001875039990805695,
        "min": 0.02173638343811035,
        "max": 0.034967899322509766,
        "median": 0.024794936180114746,
        "running_time": 9.529872179031372
    },
    "host_energy_analysis": {
        "total": 168.75689623168478,
        "per_repetition": 3.3751379246336953e-07
    },
    "host_power_analysis": {
        "mean": 17.746459435013264,
        "std": 5.632709627720242,
        "min": 5.096225,
        "max": 35.685176,
        "median": 17.567114
    },
    "process_energy_analysis": {
        "total": 2.5397458442237,
        "per_repetition": 5.0794916884474e-09
    }
}