{
    "timestamp_analysis": {
        "mean": 0.03460292309378656,
        "std": 0.0016841400462253213,
        "min": 0.030789613723754883,
        "max": 0.04615020751953125,
        "median": 0.03425192832946777,
        "running_time": 21.48853874206543
    },
    "host_energy_analysis": {
        "total": 425.608494465273,
        "per_repetition": 1.41869498155091e-05
    },
    "host_power_analysis": {
        "mean": 19.815104834405144,
        "std": 5.5500120285313574,
        "min": 6.364592,
        "max": 38.71891,
        "median": 19.388742
    },
    "process_energy_analysis": {
        "total": 9.216986035834207,
        "per_repetition": 3.0723286786114023e-07
    }
}