{
    "timestamp_analysis": {
        "mean": 0.025934774345821806,
        "std": 0.001868118232701675,
        "min": 0.02361464500427246,
        "max": 0.03752946853637695,
        "median": 0.025501012802124023,
        "running_time": 4.668384313583374
    },
    "host_energy_analysis": {
        "total": 80.96847778043222,
        "per_repetition": 8.096847778043223e-08
    },
    "host_power_analysis": {
        "mean": 17.33742320441989,
        "std": 5.697938411617985,
        "min": 3.272637,
        "max": 34.67724,
        "median": 17.23321
    },
    "process_energy_analysis": {
        "total": 1.2882231195896172,
        "per_repetition": 1.2882231195896173e-09
    }
}