{
    "timestamp_analysis": {
        "mean": 0.02547951460410954,
        "std": 0.0018914978581556026,
        "min": 0.02219414710998535,
        "max": 0.035147666931152344,
        "median": 0.024989843368530273,
        "running_time": 11.54243016242981
    },
    "host_energy_analysis": {
        "total": 226.52310383285618,
        "per_repetition": 2.2652310383285618e-05
    },
    "host_power_analysis": {
        "mean": 19.656310297356825,
        "std": 6.060383108960713,
        "min": 5.526817,
        "max": 38.34195,
        "median": 19.576486
    },
    "process_energy_analysis": {
        "total": 3.5546009144026636,
        "per_repetition": 3.5546009144026633e-07
    }
}