{
    "timestamp_analysis": {
        "mean": 0.03558852506238361,
        "std": 0.002187774528152928,
        "min": 0.03300738334655762,
        "max": 0.04353451728820801,
        "median": 0.03504204750061035,
        "running_time": 1.5304291248321533
    },
    "host_energy_analysis": {
        "total": 28.811259191607242,
        "per_repetition": 5.7622518383214485e-05
    },
    "host_power_analysis": {
        "mean": 18.932372772727273,
        "std": 5.39847767996486,
        "min": 9.733541,
        "max": 34.966388,
        "median": 18.153934
    },
    "process_energy_analysis": {
        "total": 0.62340392897447,
        "per_repetition": 1.2468078579489398e-06
    }
}