{
    "timestamp_analysis": {
        "mean": 0.026143384951409127,
        "std": 0.0018786284192987516,
        "min": 0.0224153995513916,
        "max": 0.032981157302856445,
        "median": 0.025618553161621094,
        "running_time": 8.339899063110352
    },
    "host_energy_analysis": {
        "total": 161.26384837565504,
        "per_repetition": 1.6126384837565506e-05
    },
    "host_power_analysis": {
        "mean": 19.361350484375002,
        "std": 6.480250556660908,
        "min": 4.756247,
        "max": 39.49488,
        "median": 18.877434
    },
    "process_energy_analysis": {
        "total": 2.5659578556594633,
        "per_repetition": 2.5659578556594635e-07
    }
}