{
    "timestamp_analysis": {
        "mean": 0.035426792891129204,
        "std": 0.001640717741262285,
        "min": 0.03253793716430664,
        "max": 0.039441585540771484,
        "median": 0.035271644592285156,
        "running_time": 0.8149175643920898
    },
    "host_energy_analysis": {
        "total": 15.003500716632367,
        "per_repetition": 0.005001166905544122
    },
    "host_power_analysis": {
        "mean": 18.493877291666667,
        "std": 5.351474458925279,
        "min": 10.44639,
        "max": 28.919822,
        "median": 17.788744
    },
    "process_energy_analysis": {
        "total": 0.30582168146506195,
        "per_repetition": 0.00010194056048835399
    }
}