{
    "timestamp_analysis": {
        "mean": 0.03498250808355943,
        "std": 0.0016915080331610863,
        "min": 0.03162240982055664,
        "max": 0.0431523323059082,
        "median": 0.03463482856750488,
        "running_time": 7.416412115097046
    },
    "host_energy_analysis": {
        "total": 137.78376304151237,
        "per_repetition": 0.00027556752608302474
    },
    "host_power_analysis": {
        "mean": 18.576289901408447,
        "std": 4.754627321406935,
        "min": 5.845609,
        "max": 34.90018,
        "median": 18.203794
    },
    "process_energy_analysis": {
        "total": 2.9807009838024947,
        "per_repetition": 5.961401967604989e-06
    }
}