{
    "timestamp_analysis": {
        "mean": 0.03655659315179423,
        "std": 0.0027520343351628983,
        "min": 0.03209495544433594,
        "max": 0.04734659194946289,
        "median": 0.035722970962524414,
        "running_time": 10.930552959442139
    },
    "host_energy_analysis": {
        "total": 257.6095645204599,
        "per_repetition": 0.000858698548401533
    },
    "host_power_analysis": {
        "mean": 23.461806416666665,
        "std": 6.050046293933134,
        "min": 8.410888,
        "max": 43.75783,
        "median": 23.346796
    },
    "process_energy_analysis": {
        "total": 9.645024015311513,
        "per_repetition": 3.215008005103838e-05
    }
}