{
    "timestamp_analysis": {
        "mean": 0.03536330710212104,
        "std": 0.001788896723062239,
        "min": 0.03264641761779785,
        "max": 0.043055057525634766,
        "median": 0.0351107120513916,
        "running_time": 4.915733814239502
    },
    "host_energy_analysis": {
        "total": 99.59141414810955,
        "per_repetition": 3.319713804936985e-06
    },
    "host_power_analysis": {
        "mean": 20.30450895714286,
        "std": 5.69042496714754,
        "min": 7.115685,
        "max": 36.58786,
        "median": 19.782747999999998
    },
    "process_energy_analysis": {
        "total": 2.19006542100216,
        "per_repetition": 7.3002180700072e-08
    }
}