{
    "timestamp_analysis": {
        "mean": 0.03717197212454391,
        "std": 0.0041659287363885085,
        "min": 0.03147315979003906,
        "max": 0.08314347267150879,
        "median": 0.035944342613220215,
        "running_time": 10.85443663597107
    },
    "host_energy_analysis": {
        "total": 263.47514999182914,
        "per_repetition": 0.0008782504999727638
    },
    "host_power_analysis": {
        "mean": 24.08956778156997,
        "std": 6.834149908912337,
        "min": 8.395269,
        "max": 42.831256,
        "median": 23.944076
    },
    "process_energy_analysis": {
        "total": 10.739834565319267,
        "per_repetition": 3.5799448551064226e-05
    }
}