{
    "timestamp_analysis": {
        "mean": 0.025237770790749407,
        "std": 0.0030363910307015904,
        "min": 0.02203536033630371,
        "max": 0.07601809501647949,
        "median": 0.02484440803527832,
        "running_time": 9.489531755447388
    },
    "host_energy_analysis": {
        "total": 172.50639712901523,
        "per_repetition": 3.4501279425803044e-07
    },
    "host_power_analysis": {
        "mean": 18.21295270822281,
        "std": 5.803628620391305,
        "min": 3.941608,
        "max": 35.739228,
        "median": 17.941266
    },
    "process_energy_analysis": {
        "total": 2.5963265880899167,
        "per_repetition": 5.192653176179833e-09
    }
}