{
    "timestamp_analysis": {
        "mean": 0.025169203420738123,
        "std": 0.0017093114718597497,
        "min": 0.02134227752685547,
        "max": 0.03574514389038086,
        "median": 0.024812936782836914,
        "running_time": 15.504361629486084
    },
    "host_energy_analysis": {
        "total": 284.73479975767043,
        "per_repetition": 5.694695995153408e-07
    },
    "host_power_analysis": {
        "mean": 18.381518508914098,
        "std": 5.775351681582218,
        "min": 4.122295,
        "max": 39.630732,
        "median": 17.926074
    },
    "process_energy_analysis": {
        "total": 4.3387070529111185,
        "per_repetition": 8.677414105822237e-09
    }
}