{
    "timestamp_analysis": {
        "mean": 0.03652948457023702,
        "std": 0.0026913117963313577,
        "min": 0.03220105171203613,
        "max": 0.0481410026550293,
        "median": 0.03581500053405762,
        "running_time": 10.337966203689575
    },
    "host_energy_analysis": {
        "total": 252.85195974974607,
        "per_repetition": 0.0008428398658324869
    },
    "host_power_analysis": {
        "mean": 24.308546992957744,
        "std": 7.3110374113640075,
        "min": 7.493875,
        "max": 49.777216,
        "median": 23.952161
    },
    "process_energy_analysis": {
        "total": 9.781120863368415,
        "per_repetition": 3.260373621122805e-05
    }
}