{
    "timestamp_analysis": {
        "mean": 0.025425787206730853,
        "std": 0.0019229404311635102,
        "min": 0.021690845489501953,
        "max": 0.03618001937866211,
        "median": 0.024904251098632812,
        "running_time": 11.365538597106934
    },
    "host_energy_analysis": {
        "total": 226.3137403306496,
        "per_repetition": 2.263137403306496e-05
    },
    "host_power_analysis": {
        "mean": 19.895936973214283,
        "std": 6.080210673237563,
        "min": 4.447569,
        "max": 39.956036,
        "median": 19.694575
    },
    "process_energy_analysis": {
        "total": 3.5163937431428236,
        "per_repetition": 3.5163937431428236e-07
    }
}