{
    "timestamp_analysis": {
        "mean": 0.034704431726657575,
        "std": 0.0015522981893563383,
        "min": 0.031601667404174805,
        "max": 0.04413628578186035,
        "median": 0.03434348106384277,
        "running_time": 21.968069076538086
    },
    "host_energy_analysis": {
        "total": 432.69505355874264,
        "per_repetition": 1.4423168451958089e-05
    },
    "host_power_analysis": {
        "mean": 19.723989468454256,
        "std": 5.56584615191424,
        "min": 6.932339,
        "max": 42.09553,
        "median": 19.382164
    },
    "process_energy_analysis": {
        "total": 9.431946203023038,
        "per_repetition": 3.1439820676743463e-07
    }
}