{
    "timestamp_analysis": {
        "mean": 0.02552575441407248,
        "std": 0.0030758548870824234,
        "min": 0.022913217544555664,
        "max": 0.07629132270812988,
        "median": 0.025143861770629883,
        "running_time": 9.36806607246399
    },
    "host_energy_analysis": {
        "total": 166.60896322956182,
        "per_repetition": 3.3321792645912363e-07
    },
    "host_power_analysis": {
        "mean": 17.813044777173914,
        "std": 5.799632608307695,
        "min": 5.274821,
        "max": 33.419404,
        "median": 17.62921
    },
    "process_energy_analysis": {
        "total": 2.5939396068776728,
        "per_repetition": 5.1878792137553455e-09
    }
}