{
    "timestamp_analysis": {
        "mean": 0.03730977797994808,
        "std": 0.0025872820805815694,
        "min": 0.031746864318847656,
        "max": 0.046002864837646484,
        "median": 0.03704667091369629,
        "running_time": 10.969293117523193
    },
    "host_energy_analysis": {
        "total": 262.1652392967924,
        "per_repetition": 0.000873884130989308
    },
    "host_power_analysis": {
        "mean": 23.776435654237286,
        "std": 6.4713239056358765,
        "min": 6.282407,
        "max": 45.952788,
        "median": 23.123608
    },
    "process_energy_analysis": {
        "total": 10.49333452622369,
        "per_repetition": 3.4977781754078966e-05
    }
}