{
    "timestamp_analysis": {
        "mean": 0.03407902998406672,
        "std": 0.006278681889582016,
        "min": 0.030040264129638672,
        "max": 0.21228456497192383,
        "median": 0.03352248668670654,
        "running_time": 29.512608289718628
    },
    "host_energy_analysis": {
        "total": 580.4968925555456,
        "per_repetition": 1.9349896418518188e-05
    },
    "host_power_analysis": {
        "mean": 19.696147636678198,
        "std": 5.34496276888698,
        "min": 6.563581,
        "max": 38.924084,
        "median": 19.376596
    },
    "process_energy_analysis": {
        "total": 12.0890957193342,
        "per_repetition": 4.0296985731114e-07
    }
}