{
    "timestamp_analysis": {
        "mean": 0.0343833893173675,
        "std": 0.0035040307488482933,
        "min": 0.030678272247314453,
        "max": 0.1293022632598877,
        "median": 0.03396797180175781,
        "running_time": 30.979539155960083
    },
    "host_energy_analysis": {
        "total": 526.3789359404116,
        "per_repetition": 1.7545964531347054e-05
    },
    "host_power_analysis": {
        "mean": 16.99000802993348,
        "std": 4.740753293113558,
        "min": 4.820661,
        "max": 34.07566,
        "median": 16.799179000000002
    },
    "process_energy_analysis": {
        "total": 11.036937308314222,
        "per_repetition": 3.6789791027714076e-07
    }
}