{
    "timestamp_analysis": {
        "mean": 0.0356859538866126,
        "std": 0.0018014542538859445,
        "min": 0.03194904327392578,
        "max": 0.04450535774230957,
        "median": 0.035376548767089844,
        "running_time": 5.745563745498657
    },
    "host_energy_analysis": {
        "total": 107.56041042698025,
        "per_repetition": 3.585347014232675e-06
    },
    "host_power_analysis": {
        "mean": 18.71033104320988,
        "std": 5.421581004690496,
        "min": 8.216399,
        "max": 47.310652,
        "median": 18.329774
    },
    "process_energy_analysis": {
        "total": 2.3361364350140272,
        "per_repetition": 7.787121450046757e-08
    }
}