{
    "timestamp_analysis": {
        "mean": 0.02491635020257503,
        "std": 0.0015903483331845768,
        "min": 0.021536588668823242,
        "max": 0.03546404838562012,
        "median": 0.02459573745727539,
        "running_time": 16.270537614822388
    },
    "host_energy_analysis": {
        "total": 278.2299550684736,
        "per_repetition": 5.564599101369472e-09
    },
    "host_power_analysis": {
        "mean": 17.1139306146789,
        "std": 5.229239846334047,
        "min": 4.412216,
        "max": 36.87647,
        "median": 17.119824
    },
    "process_energy_analysis": {
        "total": 4.159076974947663,
        "per_repetition": 8.318153949895326e-11
    }
}