{
    "timestamp_analysis": {
        "mean": 0.026153243651924743,
        "std": 0.0030383237742914403,
        "min": 0.022313356399536133,
        "max": 0.07322525978088379,
        "median": 0.025478601455688477,
        "running_time": 11.429147005081177
    },
    "host_energy_analysis": {
        "total": 226.4831295764743,
        "per_repetition": 2.264831295764743e-05
    },
    "host_power_analysis": {
        "mean": 19.86762355936073,
        "std": 6.028531475503766,
        "min": 5.989469,
        "max": 40.39187,
        "median": 19.305609
    },
    "process_energy_analysis": {
        "total": 3.6409330075427206,
        "per_repetition": 3.6409330075427207e-07
    }
}