{
    "timestamp_analysis": {
        "mean": 0.025251932682529572,
        "std": 0.0016963241985885021,
        "min": 0.02150440216064453,
        "max": 0.036936283111572266,
        "median": 0.024887919425964355,
        "running_time": 9.39383316040039
    },
    "host_energy_analysis": {
        "total": 169.32347501386033,
        "per_repetition": 3.3864695002772067e-07
    },
    "host_power_analysis": {
        "mean": 18.052161388739947,
        "std": 5.736244622020166,
        "min": 3.375136,
        "max": 36.958744,
        "median": 17.744272
    },
    "process_energy_analysis": {
        "total": 2.553814898897018,
        "per_repetition": 5.107629797794036e-09
    }
}