{
    "timestamp_analysis": {
        "mean": 0.02534526044672186,
        "std": 0.0017259188791002068,
        "min": 0.022166013717651367,
        "max": 0.03700137138366699,
        "median": 0.024982929229736328,
        "running_time": 15.334096670150757
    },
    "host_energy_analysis": {
        "total": 290.78197003600474,
        "per_repetition": 5.815639400720095e-07
    },
    "host_power_analysis": {
        "mean": 18.97070711551155,
        "std": 5.738012477445301,
        "min": 6.095498,
        "max": 35.30077,
        "median": 18.67616
    },
    "process_energy_analysis": {
        "total": 4.453130696163711,
        "per_repetition": 8.906261392327423e-09
    }
}