{
    "host_energy_total": {
        "0": 7305.976792079926,
        "1": {
            "value": 140.76022284092315,
            "difference": -7165.216569239003,
            "change_perc": 98.07,
            "ttest": {
                "stat": 548.6114338705906,
                "p": 6.257993676478226e-11
            },
            "cohen_d": 685.2422225188882
        },
        "2": {
            "value": 27.830317041696375,
            "difference": -7278.146475038229,
            "change_perc": 99.62,
            "ttest": {
                "stat": 557.5872403739094,
                "p": 6.161695895640029e-11
            },
            "cohen_d": 713.5821825823389
        }
    },
    "host_energy_per_repetition": {
        "0": 0.014611953584159853,
        "1": {
            "value": 0.00028152044568184625,
            "difference": -0.014330433138478007,
            "change_perc": 98.07,
            "ttest": {
                "stat": 548.611433870591,
                "p": 6.257993676478204e-11
            },
            "cohen_d": 685.2422225188888
        },
        "2": {
            "value": 5.566063408339274e-05,
            "difference": -0.01455629295007646,
            "change_perc": 99.62,
            "ttest": {
                "stat": 557.5872403739098,
                "p": 6.161695895640007e-11
            },
            "cohen_d": 713.5821825823396
        }
    },
    "process_energy_total": {
        "0": 159.26884510029774,
        "1": {
            "value": 3.03858448368589,
            "difference": -156.23026061661184,
            "change_perc": 98.09,
            "ttest": {
                "stat": 452.69553259468574,
                "p": 1.368922135614996e-10
            },
            "cohen_d": 568.8420118610641
        },
        "2": {
            "value": 0.5951762919125696,
            "difference": -158.67366880838517,
            "change_perc": 99.63,
            "ttest": {
                "stat": 459.9882044306207,
                "p": 1.3328778961661217e-10
            },
            "cohen_d": 589.1831881043402
        }
    },
    "process_energy_per_repetition": {
        "0": 0.0003185376902005955,
        "1": {
            "value": 6.077168967371781e-06,
            "difference": -0.0003124605212332237,
            "change_perc": 98.09,
            "ttest": {
                "stat": 452.6955325946818,
                "p": 1.3689221356150494e-10
            },
            "cohen_d": 568.8420118610593
        },
        "2": {
            "value": 1.1903525838251394e-06,
            "difference": -0.00031734733761677037,
            "change_perc": 99.63,
            "ttest": {
                "stat": 459.98820443061675,
                "p": 1.3328778961661643e-10
            },
            "cohen_d": 589.1831881043352
        }
    },
    "timestamp_running_time": {
        "0": 388.9395525455475,
        "1": {
            "value": 7.45382641951243,
            "difference": -381.48572612603505,
            "change_perc": 98.08,
            "mannwhitneyu": {
                "stat": 150.0,
                "p": 6.160822100101037e-06
            },
            "effect_size": -1.0
        },
        "2": {
            "value": 1.5362552165985108,
            "difference": -387.40329732894895,
            "change_perc": 99.61,
            "mannwhitneyu": {
                "stat": 150.0,
                "p": 6.160822100101037e-06
            },
            "effect_size": -1.0
        }
    },
    "host_power_mean": {
        "0": 18.80077444334907,
        "1": {
            "value": 18.901781674549248,
            "difference": 0.10100723120017818,
            "change_perc": -0.54,
            "ttest": {
                "stat": -1.364525362994286,
                "p": 0.18164859705636902
            },
            "cohen_d": -0.28499202143909375
        },
        "2": {
            "value": 18.15935799672288,
            "difference": -0.6414164466261916,
            "change_perc": 3.41,
            "ttest": {
                "stat": 5.296885667636538,
                "p": 8.761505674684029e-06
            },
            "cohen_d": 1.0577188525032128
        }
    }
}