{
    "timestamp_analysis": {
        "mean": 0.02523374062263647,
        "std": 0.001751464801169254,
        "min": 0.021511316299438477,
        "max": 0.03598952293395996,
        "median": 0.024796724319458008,
        "running_time": 8.503877401351929
    },
    "host_energy_analysis": {
        "total": 153.19881452858533,
        "per_repetition": 3.0639762905717067e-07
    },
    "host_power_analysis": {
        "mean": 18.020697076923074,
        "std": 5.7799788111318,
        "min": 4.600881,
        "max": 38.89624,
        "median": 17.796038000000003
    },
    "process_energy_analysis": {
        "total": 2.311290660947427,
        "per_repetition": 4.6225813218948545e-09
    }
}