{
    "timestamp_analysis": {
        "mean": 0.025794923634818903,
        "std": 0.0018429352034127341,
        "min": 0.02313375473022461,
        "max": 0.032196044921875,
        "median": 0.02536153793334961,
        "running_time": 4.669002294540405
    },
    "host_energy_analysis": {
        "total": 84.77902918578327,
        "per_repetition": 8.477902918578328e-08
    },
    "host_power_analysis": {
        "mean": 18.135615774725277,
        "std": 5.6455171173959355,
        "min": 4.307256,
        "max": 34.69363,
        "median": 17.547108
    },
    "process_energy_analysis": {
        "total": 1.3169656370259206,
        "per_repetition": 1.3169656370259206e-09
    }
}