{
    "timestamp_analysis": {
        "mean": 0.025474469495725027,
        "std": 0.0025871429210227856,
        "min": 0.02162647247314453,
        "max": 0.07187509536743164,
        "median": 0.025018811225891113,
        "running_time": 16.099976539611816
    },
    "host_energy_analysis": {
        "total": 276.531294164816,
        "per_repetition": 5.530625883296321e-09
    },
    "host_power_analysis": {
        "mean": 17.209967789889415,
        "std": 5.361716483966073,
        "min": 5.200576,
        "max": 35.65638,
        "median": 17.0574
    },
    "process_energy_analysis": {
        "total": 4.222448510089781,
        "per_repetition": 8.444897020179562e-11
    }
}