{
    "timestamp_analysis": {
        "mean": 0.034641538015226035,
        "std": 0.001662960871404227,
        "min": 0.03128170967102051,
        "max": 0.04891157150268555,
        "median": 0.03429150581359863,
        "running_time": 21.30466389656067
    },
    "host_energy_analysis": {
        "total": 433.75404613408386,
        "per_repetition": 1.4458468204469462e-05
    },
    "host_power_analysis": {
        "mean": 20.368841584415584,
        "std": 5.578660357500329,
        "min": 4.57483,
        "max": 37.67072,
        "median": 20.027754
    },
    "process_energy_analysis": {
        "total": 9.402913441786845,
        "per_repetition": 3.134304480595615e-07
    }
}