{
    "timestamp_analysis": {
        "mean": 0.025762310499474122,
        "std": 0.001583865528454234,
        "min": 0.022365570068359375,
        "max": 0.032469749450683594,
        "median": 0.02541184425354004,
        "running_time": 6.775595664978027
    },
    "host_energy_analysis": {
        "total": 114.19845955583799,
        "per_repetition": 1.1419845955583799e-07
    },
    "host_power_analysis": {
        "mean": 16.855365708333334,
        "std": 5.421932612235001,
        "min": 4.467912,
        "max": 33.2141,
        "median": 16.916819
    },
    "process_energy_analysis": {
        "total": 1.7712157185070803,
        "per_repetition": 1.7712157185070802e-09
    }
}