{
    "timestamp_analysis": {
        "mean": 0.03403904680478371,
        "std": 0.0016207220204087931,
        "min": 0.031032323837280273,
        "max": 0.04376935958862305,
        "median": 0.0336759090423584,
        "running_time": 12.0499267578125
    },
    "host_energy_analysis": {
        "total": 238.26578800919305,
        "per_repetition": 7.942192933639769e-06
    },
    "host_power_analysis": {
        "mean": 19.80638589577465,
        "std": 5.425033872608964,
        "min": 6.85002,
        "max": 40.6065,
        "median": 19.91104
    },
    "process_energy_analysis": {
        "total": 4.896194894159543,
        "per_repetition": 1.6320649647198477e-07
    }
}