{
    "timestamp_analysis": {
        "mean": 0.03461627990919227,
        "std": 0.0015887952947862976,
        "min": 0.031281471252441406,
        "max": 0.0432286262512207,
        "median": 0.03426313400268555,
        "running_time": 21.496879816055298
    },
    "host_energy_analysis": {
        "total": 444.30481079190304,
        "per_repetition": 1.4810160359730102e-05
    },
    "host_power_analysis": {
        "mean": 20.679856469453377,
        "std": 5.752975356946886,
        "min": 6.08342,
        "max": 42.17549,
        "median": 20.223334
    },
    "process_energy_analysis": {
        "total": 9.62017429730977,
        "per_repetition": 3.2067247657699234e-07
    }
}