[
    {
        "host": {
            "consumption": 13644021.0,
            "timestamp": 1721774926.733973,
            "components": {
                "disks": [
                    {
                        "disk_type": "SSD",
                        "disk_mount_point": "/etc/hosts",
                        "disk_is_removable": false,
                        "disk_file_system": "ext4",
                        "disk_total_bytes": "33634926592",
                        "disk_available_bytes": "9872629760",
                        "disk_name": "/dev/nvme0n1p4"
                    }
                ]
            }
        },
        "consumers": [
            {
                "exe": "/usr/local/bin/scaphandre",
                "cmdline": "/usr/local/bin/scaphandrejson-s0--step-nano10000000-f/home/ce-p2-r-1/28/power.json",
                "pid": 461927,
                "resources_usage": null,
                "consumption": 245102.17,
                "timestamp": 1721774926.7338815,
                "container": null
            },
            {
                "exe": "/usr/sbin/NetworkManager",
                "cmdline": "/usr/sbin/NetworkManager--no-daemon",
                "pid": 810,
                "resources_usage": null,
                "consumption": 81700.734,
                "timestamp": 1721774926.733895,
                "container": null
            },
            {
                "exe": "/usr/libexec/upowerd",
                "cmdline": "/usr/libexec/upowerd",
                "pid": 1059,
                "resources_usage": null,
                "consumption": 0.0,
                "timestamp": 1721774926.7338605,
                "container": null
            },
            {
                "exe": "",
                "cmdline": "",
                "pid": 440952,
                "resources_usage": null,
                "consumption": 0.0,
                "timestamp": 1721774926.733862,
                "container": null
            },
            {
                "exe": "",
                "cmdline": "",
                "pid": 40,
                "resources_usage": null,
                "consumption": 0.0,
                "timestamp": 1721774926.7338626,
                "container": null
            },
            {
                "exe": "/usr/lib/systemd/systemd",
                "cmdline": "/lib/systemd/systemd--user",
                "pid": 1553,
                "resources_usage": null,
                "consumption": 0.0,
                "timestamp": 1721774926.7338629,
                "container": null
            },
            {
                "exe": "",
                "cmdline": "",
                "pid": 68,
                "resources_usage": null,
                "consumption": 0.0,
                "timestamp": 1721774926.7338634,
                "container": null
            },
            {
                "exe": "/usr/bin/bash",
                "cmdline": "-bash",
                "pid": 274978,
                "resources_usage": null,
                "consumption": 0.0,
                "timestamp": 1721774926.7338636,
                "container": null
            },
            {
                "exe": "/usr/sbin/multipathd",
                "cmdline": "/sbin/multipathd-d-s",
                "pid": 478,
                "resources_usage": null,
                "consumption": 0.0,
                "timestamp": 1721774926.733864,
                "container": null
            },
            {
                "exe": "/home/philipp/.vscode-server/cli/servers/Stable-f1e16e1e6214d7c44d078b1f0607b2388f29d729/server/node",
                "cmdline": "/home/philipp/.vscode-server/cli/servers/Stable-f1e16e1e6214d7c44d078b1f0607b2388f29d729/server/node/home/philipp/.vscode-server/extensions/ms-python.vscode-pylance-2024.7.1/dist/server.bundle.js--cancellationReceive=file:8b607677abfa53b0032d91cc3df1c86b7cc7a672b1--node-ipc--clientProcessId=1834",
                "pid": 2165,
                "resources_usage": null,
                "consumption": 0.0,
                "timestamp": 1721774926.7338645,
                "container": null
            }
        ],
        "sockets": [
            {
                "id": 0,
                "consumption": 6150611.0,
                "domains": [
                    {
                        "name": "uncore",
                        "consumption": 0.0,
                        "timestamp": 1721774926.713938
                    },
                    {
                        "name": "core",
                        "consumption": 3168873.0,
                        "timestamp": 1721774926.7139275
                    }
                ],
                "timestamp": 1721774926.7138016
            }
        ]
    },
    {
        "host": {
            "consumption": 26888996.0,
            "timestamp": 1721774926.7679214,
            "components": {
                "disks": [
                    {
                        "disk_type": "SSD",
                        "disk_mount_point": "/etc/hosts",
                        "disk_is_removable": false,
                        "disk_file_system": "ext4",
                        "disk_total_bytes": "33634926592",
                        "disk_available_bytes": "9872633856",
                        "disk_name": "/dev/nvme0n1p4"
                    }
                ]
            }
        },
        "consumers": [
            {
                "exe": "/",
                "cmdline": "runcinit",
                "pid": 462035,
                "resources_usage": null,
                "consumption": 689461.44,
                "timestamp": 1721774926.7678218,
                "container": null
            },
            {
                "exe": "/usr/local/bin/scaphandre",
                "cmdline": "/usr/local/bin/scaphandrejson-s0--step-nano10000000-f/home/ce-p2-r-1/28/power.json",
                "pid": 461927,
                "resources_usage": null,
                "consumption": 517096.1,
                "timestamp": 1721774926.7677732,
                "container": null
            },
            {
                "exe": "/usr/bin/sudo",
                "cmdline": "sudo-EenvPATH=/home/philipp/.local/bin:/home/linuxbrew/.linuxbrew/bin:/home/linuxbrew/.linuxbrew/sbin:~/programs/scaphandre/target/release:/usr/local/sbin:/usr/local/bin:/usr/sbin:/usr/bin:/sbin:/bin:/usr/games:/usr/local/games:/snap/binPYTHONPATH=:/home/philipp/cb/calabash/src:/home/philipp/cb/calabash/srcpython3src/experiment/runner.pytest.yaml",
                "pid": 458103,
                "resources_usage": null,
                "consumption": 172365.36,
                "timestamp": 1721774926.7677634,
                "container": null
            },
            {
                "exe": "/usr/libexec/upowerd",
                "cmdline": "/usr/libexec/upowerd",
                "pid": 1059,
                "resources_usage": null,
                "consumption": 0.0,
                "timestamp": 1721774926.7677524,
                "container": null
            },
            {
                "exe": "",
                "cmdline": "",
                "pid": 440952,
                "resources_usage": null,
                "consumption": 0.0,
                "timestamp": 1721774926.7677536,
                "container": null
            },
            {
                "exe": "",
                "cmdline": "",
                "pid": 40,
                "resources_usage": null,
                "consumption": 0.0,
                "timestamp": 1721774926.7677538,
                "container": null
            },
            {
                "exe": "/usr/lib/systemd/systemd",
                "cmdline": "/lib/systemd/systemd--user",
                "pid": 1553,
                "resources_usage": null,
                "consumption": 0.0,
                "timestamp": 1721774926.767754,
                "container": null
            },
            {
                "exe": "",
                "cmdline": "",
                "pid": 68,
                "resources_usage": null,
                "consumption": 0.0,
                "timestamp": 1721774926.7677546,
                "container": null
            },
            {
                "exe": "/usr/bin/bash",
                "cmdline": "-bash",
                "pid": 274978,
                "resources_usage": null,
                "consumption": 0.0,
                "timestamp": 1721774926.767755,
                "container": null
            },
            {
                "exe": "/usr/sbin/multipathd",
                "cmdline": "/sbin/multipathd-d-s",
                "pid": 478,
                "resources_usage": null,
                "consumption": 0.0,
                "timestamp": 1721774926.7677553,
                "container": null
            }
        ],
        "sockets": [
            {
                "id": 0,
                "consumption": 23470116.0,
                "domains": [
                    {
                        "name": "uncore",
                        "consumption": 0.0,
                        "timestamp": 1721774926.7500544
                    },
                    {
                        "name": "core",
                        "consumption": 20471904.0,
                        "timestamp": 1721774926.7500472
                    }
                ],
                "timestamp": 1721774926.7499387
            }
        ]
    },
    {
        "host": {
            "consumption": 27347392.0,
            "timestamp": 1721774926.801428,
            "components": {
                "disks": [
                    {
                        "disk_type": "SSD",
                        "disk_mount_point": "/etc/hosts",
                        "disk_is_removable": false,
                        "disk_file_system": "ext4",
                        "disk_total_bytes": "33634926592",
                        "disk_available_bytes": "9872629760",
                        "disk_name": "/dev/nvme0n1p4"
                    }
                ]
            }
        },
        "consumers": [
            {
                "exe": "/",
                "cmdline": "runcinit",
                "pid": 462035,
                "resources_usage": null,
                "consumption": 525911.4,
                "timestamp": 1721774926.8011835,
                "container": null
            },
            {
                "exe": "/usr/local/bin/scaphandre",
                "cmdline": "/usr/local/bin/scaphandrejson-s0--step-nano10000000-f/home/ce-p2-r-1/28/power.json",
                "pid": 461927,
                "resources_usage": null,
                "consumption": 175303.8,
                "timestamp": 1721774926.8011367,
                "container": null
            },
            {
                "exe": "/usr/libexec/upowerd",
                "cmdline": "/usr/libexec/upowerd",
                "pid": 1059,
                "resources_usage": null,
                "consumption": 0.0,
                "timestamp": 1721774926.801117,
                "container": null
            },
            {
                "exe": "",
                "cmdline": "",
                "pid": 440952,
                "resources_usage": null,
                "consumption": 0.0,
                "timestamp": 1721774926.801118,
                "container": null
            },
            {
                "exe": "",
                "cmdline": "",
                "pid": 40,
                "resources_usage": null,
                "consumption": 0.0,
                "timestamp": 1721774926.8011184,
                "container": null
            },
            {
                "exe": "/usr/lib/systemd/systemd",
                "cmdline": "/lib/systemd/systemd--user",
                "pid": 1553,
                "resources_usage": null,
                "consumption": 0.0,
                "timestamp": 1721774926.8011186,
                "container": null
            },
            {
                "exe": "",
                "cmdline": "",
                "pid": 68,
                "resources_usage": null,
                "consumption": 0.0,
                "timestamp": 1721774926.801119,
                "container": null
            },
            {
                "exe": "/usr/bin/bash",
                "cmdline": "-bash",
                "pid": 274978,
                "resources_usage": null,
                "consumption": 0.0,
                "timestamp": 1721774926.8011193,
                "container": null
            },
            {
                "exe": "/usr/sbin/multipathd",
                "cmdline": "/sbin/multipathd-d-s",
                "pid": 478,
                "resources_usage": null,
                "consumption": 0.0,
                "timestamp": 1721774926.8011196,
                "container": null
            },
            {
                "exe": "/home/philipp/.vscode-server/cli/servers/Stable-f1e16e1e6214d7c44d078b1f0607b2388f29d729/server/node",
                "cmdline": "/home/philipp/.vscode-server/cli/servers/Stable-f1e16e1e6214d7c44d078b1f0607b2388f29d729/server/node/home/philipp/.vscode-server/extensions/ms-python.vscode-pylance-2024.7.1/dist/server.bundle.js--cancellationReceive=file:8b607677abfa53b0032d91cc3df1c86b7cc7a672b1--node-ipc--clientProcessId=1834",
                "pid": 2165,
                "resources_usage": null,
                "consumption": 0.0,
                "timestamp": 1721774926.8011203,
                "container": null
            }
        ],
        "sockets": [
            {
                "id": 0,
                "consumption": 26595880.0,
                "domains": [
                    {
                        "name": "uncore",
                        "consumption": 0.0,
                        "timestamp": 1721774926.7832403
                    },
                    {
                        "name": "core",
                        "consumption": 23799224.0,
                        "timestamp": 1721774926.7832303
                    }
                ],
                "timestamp": 1721774926.7831116
            }
        ]
    },
    {
        "host": {
            "consumption": 16983470.0,
            "timestamp": 1721774926.8350515,
            "components": {
                "disks": [
                    {
                        "disk_type": "SSD",
                        "disk_mount_point": "/etc/hosts",
                        "disk_is_removable": false,
                        "disk_file_system": "ext4",
                        "disk_total_bytes": "33634926592",
                        "disk_available_bytes": "9872629760",
                        "disk_name": "/dev/nvme0n1p4"
                    }
                ]
            }
        },
        "consumers": [
            {
                "exe": "/",
                "cmdline": "runcinit",
                "pid": 462035,
                "resources_usage": null,
                "consumption": 435473.6,
                "timestamp": 1721774926.8348303,
                "container": null
            },
            {
                "exe": "/usr/local/bin/scaphandre",
                "cmdline": "/usr/local/bin/scaphandrejson-s0--step-nano10000000-f/home/ce-p2-r-1/28/power.json",
                "pid": 461927,
                "resources_usage": null,
                "consumption": 326605.22,
                "timestamp": 1721774926.8347828,
                "container": null
            },
            {
                "exe": "/usr/libexec/upowerd",
                "cmdline": "/usr/libexec/upowerd",
                "pid": 1059,
                "resources_usage": null,
                "consumption": 0.0,
                "timestamp": 1721774926.8347628,
                "container": null
            },
            {
                "exe": "",
                "cmdline": "",
                "pid": 440952,
                "resources_usage": null,
                "consumption": 0.0,
                "timestamp": 1721774926.834764,
                "container": null
            },
            {
                "exe": "",
                "cmdline": "",
                "pid": 40,
                "resources_usage": null,
                "consumption": 0.0,
                "timestamp": 1721774926.8347642,
                "container": null
            },
            {
                "exe": "/usr/lib/systemd/systemd",
                "cmdline": "/lib/systemd/systemd--user",
                "pid": 1553,
                "resources_usage": null,
                "consumption": 0.0,
                "timestamp": 1721774926.8347645,
                "container": null
            },
            {
                "exe": "",
                "cmdline": "",
                "pid": 68,
                "resources_usage": null,
                "consumption": 0.0,
                "timestamp": 1721774926.834765,
                "container": null
            },
            {
                "exe": "/usr/bin/bash",
                "cmdline": "-bash",
                "pid": 274978,
                "resources_usage": null,
                "consumption": 0.0,
                "timestamp": 1721774926.8347652,
                "container": null
            },
            {
                "exe": "/usr/sbin/multipathd",
                "cmdline": "/sbin/multipathd-d-s",
                "pid": 478,
                "resources_usage": null,
                "consumption": 0.0,
                "timestamp": 1721774926.8347657,
                "container": null
            },
            {
                "exe": "/home/philipp/.vscode-server/cli/servers/Stable-f1e16e1e6214d7c44d078b1f0607b2388f29d729/server/node",
                "cmdline": "/home/philipp/.vscode-server/cli/servers/Stable-f1e16e1e6214d7c44d078b1f0607b2388f29d729/server/node/home/philipp/.vscode-server/extensions/ms-python.vscode-pylance-2024.7.1/dist/server.bundle.js--cancellationReceive=file:8b607677abfa53b0032d91cc3df1c86b7cc7a672b1--node-ipc--clientProcessId=1834",
                "pid": 2165,
                "resources_usage": null,
                "consumption": 0.0,
                "timestamp": 1721774926.8347666,
                "container": null
            }
        ],
        "sockets": [
            {
                "id": 0,
                "consumption": 23034424.0,
                "domains": [
                    {
                        "name": "uncore",
                        "consumption": 0.0,
                        "timestamp": 1721774926.817019
                    },
                    {
                        "name": "core",
                        "consumption": 20223100.0,
                        "timestamp": 1721774926.8167944
                    }
                ],
                "timestamp": 1721774926.81653
            }
        ]
    },
    {
        "host": {
            "consumption": 22347424.0,
            "timestamp": 1721774926.870344,
            "components": {
                "disks": [
                    {
                        "disk_type": "SSD",
                        "disk_mount_point": "/etc/hosts",
                        "disk_is_removable": false,
                        "disk_file_system": "ext4",
                        "disk_total_bytes": "33634926592",
                        "disk_available_bytes": "9872625664",
                        "disk_name": "/dev/nvme0n1p4"
                    }
                ]
            }
        },
        "consumers": [
            {
                "exe": "/",
                "cmdline": "runcinit",
                "pid": 462035,
                "resources_usage": null,
                "consumption": 429758.2,
                "timestamp": 1721774926.870161,
                "container": null
            },
            {
                "exe": "/usr/local/bin/scaphandre",
                "cmdline": "/usr/local/bin/scaphandrejson-s0--step-nano10000000-f/home/ce-p2-r-1/28/power.json",
                "pid": 461927,
                "resources_usage": null,
                "consumption": 143252.73,
                "timestamp": 1721774926.870114,
                "container": null
            },
            {
                "exe": "/usr/libexec/upowerd",
                "cmdline": "/usr/libexec/upowerd",
                "pid": 1059,
                "resources_usage": null,
                "consumption": 0.0,
                "timestamp": 1721774926.8700945,
                "container": null
            },
            {
                "exe": "",
                "cmdline": "",
                "pid": 440952,
                "resources_usage": null,
                "consumption": 0.0,
                "timestamp": 1721774926.8700955,
                "container": null
            },
            {
                "exe": "",
                "cmdline": "",
                "pid": 40,
                "resources_usage": null,
                "consumption": 0.0,
                "timestamp": 1721774926.8700957,
                "container": null
            },
            {
                "exe": "/usr/lib/systemd/systemd",
                "cmdline": "/lib/systemd/systemd--user",
                "pid": 1553,
                "resources_usage": null,
                "consumption": 0.0,
                "timestamp": 1721774926.870096,
                "container": null
            },
            {
                "exe": "",
                "cmdline": "",
                "pid": 68,
                "resources_usage": null,
                "consumption": 0.0,
                "timestamp": 1721774926.8700964,
                "container": null
            },
            {
                "exe": "/usr/bin/bash",
                "cmdline": "-bash",
                "pid": 274978,
                "resources_usage": null,
                "consumption": 0.0,
                "timestamp": 1721774926.870097,
                "container": null
            },
            {
                "exe": "/usr/sbin/multipathd",
                "cmdline": "/sbin/multipathd-d-s",
                "pid": 478,
                "resources_usage": null,
                "consumption": 0.0,
                "timestamp": 1721774926.8700972,
                "container": null
            },
            {
                "exe": "/home/philipp/.vscode-server/cli/servers/Stable-f1e16e1e6214d7c44d078b1f0607b2388f29d729/server/node",
                "cmdline": "/home/philipp/.vscode-server/cli/servers/Stable-f1e16e1e6214d7c44d078b1f0607b2388f29d729/server/node/home/philipp/.vscode-server/extensions/ms-python.vscode-pylance-2024.7.1/dist/server.bundle.js--cancellationReceive=file:8b607677abfa53b0032d91cc3df1c86b7cc7a672b1--node-ipc--clientProcessId=1834",
                "pid": 2165,
                "resources_usage": null,
                "consumption": 0.0,
                "timestamp": 1721774926.8700976,
                "container": null
            }
        ],
        "sockets": [
            {
                "id": 0,
                "consumption": 23649270.0,
                "domains": [
                    {
                        "name": "uncore",
                        "consumption": 0.0,
                        "timestamp": 1721774926.8507297
                    },
                    {
                        "name": "core",
                        "consumption": 21062358.0,
                        "timestamp": 1721774926.8505685
                    }
                ],
                "timestamp": 1721774926.8502538
            }
        ]
    },
    {
        "host": {
            "consumption": 22401180.0,
            "timestamp": 1721774926.905113,
            "components": {
                "disks": [
                    {
                        "disk_type": "SSD",
                        "disk_mount_point": "/etc/hosts",
                        "disk_is_removable": false,
                        "disk_file_system": "ext4",
                        "disk_total_bytes": "33634926592",
                        "disk_available_bytes": "9872625664",
                        "disk_name": "/dev/nvme0n1p4"
                    }
                ]
            }
        },
        "consumers": [
            {
                "exe": "/usr/local/bin/scaphandre",
                "cmdline": "/usr/local/bin/scaphandrejson-s0--step-nano10000000-f/home/ce-p2-r-1/28/power.json",
                "pid": 461927,
                "resources_usage": null,
                "consumption": 430791.97,
                "timestamp": 1721774926.9048302,
                "container": null
            },
            {
                "exe": "/",
                "cmdline": "runcinit",
                "pid": 462035,
                "resources_usage": null,
                "consumption": 430791.97,
                "timestamp": 1721774926.90488,
                "container": null
            },
            {
                "exe": "/usr/libexec/upowerd",
                "cmdline": "/usr/libexec/upowerd",
                "pid": 1059,
                "resources_usage": null,
                "consumption": 0.0,
                "timestamp": 1721774926.9048095,
                "container": null
            },
            {
                "exe": "",
                "cmdline": "",
                "pid": 440952,
                "resources_usage": null,
                "consumption": 0.0,
                "timestamp": 1721774926.9048107,
                "container": null
            },
            {
                "exe": "",
                "cmdline": "",
                "pid": 40,
                "resources_usage": null,
                "consumption": 0.0,
                "timestamp": 1721774926.904811,
                "container": null
            },
            {
                "exe": "/usr/lib/systemd/systemd",
                "cmdline": "/lib/systemd/systemd--user",
                "pid": 1553,
                "resources_usage": null,
                "consumption": 0.0,
                "timestamp": 1721774926.9048111,
                "container": null
            },
            {
                "exe": "",
                "cmdline": "",
                "pid": 68,
                "resources_usage": null,
                "consumption": 0.0,
                "timestamp": 1721774926.9048119,
                "container": null
            },
            {
                "exe": "/usr/bin/bash",
                "cmdline": "-bash",
                "pid": 274978,
                "resources_usage": null,
                "consumption": 0.0,
                "timestamp": 1721774926.904812,
                "container": null
            },
            {
                "exe": "/usr/sbin/multipathd",
                "cmdline": "/sbin/multipathd-d-s",
                "pid": 478,
                "resources_usage": null,
                "consumption": 0.0,
                "timestamp": 1721774926.9048126,
                "container": null
            },
            {
                "exe": "/home/philipp/.vscode-server/cli/servers/Stable-f1e16e1e6214d7c44d078b1f0607b2388f29d729/server/node",
                "cmdline": "/home/philipp/.vscode-server/cli/servers/Stable-f1e16e1e6214d7c44d078b1f0607b2388f29d729/server/node/home/philipp/.vscode-server/extensions/ms-python.vscode-pylance-2024.7.1/dist/server.bundle.js--cancellationReceive=file:8b607677abfa53b0032d91cc3df1c86b7cc7a672b1--node-ipc--clientProcessId=1834",
                "pid": 2165,
                "resources_usage": null,
                "consumption": 0.0,
                "timestamp": 1721774926.9048128,
                "container": null
            }
        ],
        "sockets": [
            {
                "id": 0,
                "consumption": 21590676.0,
                "domains": [
                    {
                        "name": "uncore",
                        "consumption": 0.0,
                        "timestamp": 1721774926.885978
                    },
                    {
                        "name": "core",
                        "consumption": 19328034.0,
                        "timestamp": 1721774926.8857596
                    }
                ],
                "timestamp": 1721774926.8854856
            }
        ]
    },
    {
        "host": {
            "consumption": 18296010.0,
            "timestamp": 1721774926.9392934,
            "components": {
                "disks": [
                    {
                        "disk_type": "SSD",
                        "disk_mount_point": "/etc/hosts",
                        "disk_is_removable": false,
                        "disk_file_system": "ext4",
                        "disk_total_bytes": "33634926592",
                        "disk_available_bytes": "9872621568",
                        "disk_name": "/dev/nvme0n1p4"
                    }
                ]
            }
        },
        "consumers": [
            {
                "exe": "/",
                "cmdline": "runcinit",
                "pid": 462035,
                "resources_usage": null,
                "consumption": 469128.47,
                "timestamp": 1721774926.9391956,
                "container": null
            },
            {
                "exe": "/usr/local/bin/scaphandre",
                "cmdline": "/usr/local/bin/scaphandrejson-s0--step-nano10000000-f/home/ce-p2-r-1/28/power.json",
                "pid": 461927,
                "resources_usage": null,
                "consumption": 117282.12,
                "timestamp": 1721774926.9391477,
                "container": null
            },
            {
                "exe": "/usr/libexec/upowerd",
                "cmdline": "/usr/libexec/upowerd",
                "pid": 1059,
                "resources_usage": null,
                "consumption": 0.0,
                "timestamp": 1721774926.9391284,
                "container": null
            },
            {
                "exe": "",
                "cmdline": "",
                "pid": 440952,
                "resources_usage": null,
                "consumption": 0.0,
                "timestamp": 1721774926.9391296,
                "container": null
            },
            {
                "exe": "",
                "cmdline": "",
                "pid": 40,
                "resources_usage": null,
                "consumption": 0.0,
                "timestamp": 1721774926.9391298,
                "container": null
            },
            {
                "exe": "/usr/lib/systemd/systemd",
                "cmdline": "/lib/systemd/systemd--user",
                "pid": 1553,
                "resources_usage": null,
                "consumption": 0.0,
                "timestamp": 1721774926.9391303,
                "container": null
            },
            {
                "exe": "",
                "cmdline": "",
                "pid": 68,
                "resources_usage": null,
                "consumption": 0.0,
                "timestamp": 1721774926.9391305,
                "container": null
            },
            {
                "exe": "/usr/bin/bash",
                "cmdline": "-bash",
                "pid": 274978,
                "resources_usage": null,
                "consumption": 0.0,
                "timestamp": 1721774926.9391308,
                "container": null
            },
            {
                "exe": "/usr/sbin/multipathd",
                "cmdline": "/sbin/multipathd-d-s",
                "pid": 478,
                "resources_usage": null,
                "consumption": 0.0,
                "timestamp": 1721774926.9391313,
                "container": null
            },
            {
                "exe": "/home/philipp/.vscode-server/cli/servers/Stable-f1e16e1e6214d7c44d078b1f0607b2388f29d729/server/node",
                "cmdline": "/home/philipp/.vscode-server/cli/servers/Stable-f1e16e1e6214d7c44d078b1f0607b2388f29d729/server/node/home/philipp/.vscode-server/extensions/ms-python.vscode-pylance-2024.7.1/dist/server.bundle.js--cancellationReceive=file:8b607677abfa53b0032d91cc3df1c86b7cc7a672b1--node-ipc--clientProcessId=1834",
                "pid": 2165,
                "resources_usage": null,
                "consumption": 0.0,
                "timestamp": 1721774926.9391317,
                "container": null
            }
        ],
        "sockets": [
            {
                "id": 0,
                "consumption": 16848252.0,
                "domains": [
                    {
                        "name": "uncore",
                        "consumption": 0.0,
                        "timestamp": 1721774926.9206808
                    },
                    {
                        "name": "core",
                        "consumption": 14560125.0,
                        "timestamp": 1721774926.9205065
                    }
                ],
                "timestamp": 1721774926.9201434
            }
        ]
    },
    {
        "host": {
            "consumption": 18770780.0,
            "timestamp": 1721774926.9735782,
            "components": {
                "disks": [
                    {
                        "disk_type": "SSD",
                        "disk_mount_point": "/etc/hosts",
                        "disk_is_removable": false,
                        "disk_file_system": "ext4",
                        "disk_total_bytes": "33634926592",
                        "disk_available_bytes": "9872617472",
                        "disk_name": "/dev/nvme0n1p4"
                    }
                ]
            }
        },
        "consumers": [
            {
                "exe": "/",
                "cmdline": "runcinit",
                "pid": 462035,
                "resources_usage": null,
                "consumption": 349766.06,
                "timestamp": 1721774926.9733343,
                "container": null
            },
            {
                "exe": "/usr/local/bin/scaphandre",
                "cmdline": "/usr/local/bin/scaphandrejson-s0--step-nano10000000-f/home/ce-p2-r-1/28/power.json",
                "pid": 461927,
                "resources_usage": null,
                "consumption": 233177.38,
                "timestamp": 1721774926.9732854,
                "container": null
            },
            {
                "exe": "/usr/libexec/upowerd",
                "cmdline": "/usr/libexec/upowerd",
                "pid": 1059,
                "resources_usage": null,
                "consumption": 0.0,
                "timestamp": 1721774926.9732647,
                "container": null
            },
            {
                "exe": "",
                "cmdline": "",
                "pid": 440952,
                "resources_usage": null,
                "consumption": 0.0,
                "timestamp": 1721774926.973266,
                "container": null
            },
            {
                "exe": "",
                "cmdline": "",
                "pid": 40,
                "resources_usage": null,
                "consumption": 0.0,
                "timestamp": 1721774926.9732664,
                "container": null
            },
            {
                "exe": "/usr/lib/systemd/systemd",
                "cmdline": "/lib/systemd/systemd--user",
                "pid": 1553,
                "resources_usage": null,
                "consumption": 0.0,
                "timestamp": 1721774926.9732666,
                "container": null
            },
            {
                "exe": "",
                "cmdline": "",
                "pid": 68,
                "resources_usage": null,
                "consumption": 0.0,
                "timestamp": 1721774926.973267,
                "container": null
            },
            {
                "exe": "/usr/bin/bash",
                "cmdline": "-bash",
                "pid": 274978,
                "resources_usage": null,
                "consumption": 0.0,
                "timestamp": 1721774926.9732673,
                "container": null
            },
            {
                "exe": "/usr/sbin/multipathd",
                "cmdline": "/sbin/multipathd-d-s",
                "pid": 478,
                "resources_usage": null,
                "consumption": 0.0,
                "timestamp": 1721774926.9732676,
                "container": null
            },
            {
                "exe": "/home/philipp/.vscode-server/cli/servers/Stable-f1e16e1e6214d7c44d078b1f0607b2388f29d729/server/node",
                "cmdline": "/home/philipp/.vscode-server/cli/servers/Stable-f1e16e1e6214d7c44d078b1f0607b2388f29d729/server/node/home/philipp/.vscode-server/extensions/ms-python.vscode-pylance-2024.7.1/dist/server.bundle.js--cancellationReceive=file:8b607677abfa53b0032d91cc3df1c86b7cc7a672b1--node-ipc--clientProcessId=1834",
                "pid": 2165,
                "resources_usage": null,
                "consumption": 0.0,
                "timestamp": 1721774926.9732685,
                "container": null
            }
        ],
        "sockets": [
            {
                "id": 0,
                "consumption": 19734882.0,
                "domains": [
                    {
                        "name": "uncore",
                        "consumption": 0.0,
                        "timestamp": 1721774926.954687
                    },
                    {
                        "name": "core",
                        "consumption": 17621394.0,
                        "timestamp": 1721774926.9545822
                    }
                ],
                "timestamp": 1721774926.9544048
            }
        ]
    },
    {
        "host": {
            "consumption": 30724164.0,
            "timestamp": 1721774927.0080428,
            "components": {
                "disks": [
                    {
                        "disk_type": "SSD",
                        "disk_mount_point": "/etc/hosts",
                        "disk_is_removable": false,
                        "disk_file_system": "ext4",
                        "disk_total_bytes": "33634926592",
                        "disk_available_bytes": "9872617472",
                        "disk_name": "/dev/nvme0n1p4"
                    }
                ]
            }
        },
        "consumers": [
            {
                "exe": "/",
                "cmdline": "runcinit",
                "pid": 462035,
                "resources_usage": null,
                "consumption": 763333.3,
                "timestamp": 1721774927.007946,
                "container": null
            },
            {
                "exe": "/usr/local/bin/scaphandre",
                "cmdline": "/usr/local/bin/scaphandrejson-s0--step-nano10000000-f/home/ce-p2-r-1/28/power.json",
                "pid": 461927,
                "resources_usage": null,
                "consumption": 381666.66,
                "timestamp": 1721774927.0078974,
                "container": null
            },
            {
                "exe": "/usr/libexec/upowerd",
                "cmdline": "/usr/libexec/upowerd",
                "pid": 1059,
                "resources_usage": null,
                "consumption": 0.0,
                "timestamp": 1721774927.0078785,
                "container": null
            },
            {
                "exe": "",
                "cmdline": "",
                "pid": 440952,
                "resources_usage": null,
                "consumption": 0.0,
                "timestamp": 1721774927.0078795,
                "container": null
            },
            {
                "exe": "",
                "cmdline": "",
                "pid": 40,
                "resources_usage": null,
                "consumption": 0.0,
                "timestamp": 1721774927.0078797,
                "container": null
            },
            {
                "exe": "/usr/lib/systemd/systemd",
                "cmdline": "/lib/systemd/systemd--user",
                "pid": 1553,
                "resources_usage": null,
                "consumption": 0.0,
                "timestamp": 1721774927.0078802,
                "container": null
            },
            {
                "exe": "",
                "cmdline": "",
                "pid": 68,
                "resources_usage": null,
                "consumption": 0.0,
                "timestamp": 1721774927.0078804,
                "container": null
            },
            {
                "exe": "/usr/bin/bash",
                "cmdline": "-bash",
                "pid": 274978,
                "resources_usage": null,
                "consumption": 0.0,
                "timestamp": 1721774927.0078807,
                "container": null
            },
            {
                "exe": "/usr/sbin/multipathd",
                "cmdline": "/sbin/multipathd-d-s",
                "pid": 478,
                "resources_usage": null,
                "consumption": 0.0,
                "timestamp": 1721774927.0078812,
                "container": null
            },
            {
                "exe": "/home/philipp/.vscode-server/cli/servers/Stable-f1e16e1e6214d7c44d078b1f0607b2388f29d729/server/node",
                "cmdline": "/home/philipp/.vscode-server/cli/servers/Stable-f1e16e1e6214d7c44d078b1f0607b2388f29d729/server/node/home/philipp/.vscode-server/extensions/ms-python.vscode-pylance-2024.7.1/dist/server.bundle.js--cancellationReceive=file:8b607677abfa53b0032d91cc3df1c86b7cc7a672b1--node-ipc--clientProcessId=1834",
                "pid": 2165,
                "resources_usage": null,
                "consumption": 0.0,
                "timestamp": 1721774927.0078816,
                "container": null
            }
        ],
        "sockets": [
            {
                "id": 0,
                "consumption": 23677184.0,
                "domains": [
                    {
                        "name": "uncore",
                        "consumption": 0.0,
                        "timestamp": 1721774926.9891398
                    },
                    {
                        "name": "core",
                        "consumption": 21396192.0,
                        "timestamp": 1721774926.9889476
                    }
                ],
                "timestamp": 1721774926.9886818
            }
        ]
    },
    {
        "host": {
            "consumption": 8295450.0,
            "timestamp": 1721774927.0438745,
            "components": {
                "disks": [
                    {
                        "disk_type": "SSD",
                        "disk_mount_point": "/etc/hosts",
                        "disk_is_removable": false,
                        "disk_file_system": "ext4",
                        "disk_total_bytes": "33634926592",
                        "disk_available_bytes": "9872613376",
                        "disk_name": "/dev/nvme0n1p4"
                    }
                ]
            }
        },
        "consumers": [
            {
                "exe": "/usr/local/bin/scaphandre",
                "cmdline": "/usr/local/bin/scaphandrejson-s0--step-nano10000000-f/home/ce-p2-r-1/28/power.json",
                "pid": 461927,
                "resources_usage": null,
                "consumption": 154573.61,
                "timestamp": 1721774927.0437803,
                "container": null
            },
            {
                "exe": "/",
                "cmdline": "runcinit",
                "pid": 462035,
                "resources_usage": null,
                "consumption": 154573.61,
                "timestamp": 1721774927.0438344,
                "container": null
            },
            {
                "exe": "/usr/libexec/upowerd",
                "cmdline": "/usr/libexec/upowerd",
                "pid": 1059,
                "resources_usage": null,
                "consumption": 0.0,
                "timestamp": 1721774927.043757,
                "container": null
            },
            {
                "exe": "",
                "cmdline": "",
                "pid": 440952,
                "resources_usage": null,
                "consumption": 0.0,
                "timestamp": 1721774927.0437582,
                "container": null
            },
            {
                "exe": "",
                "cmdline": "",
                "pid": 40,
                "resources_usage": null,
                "consumption": 0.0,
                "timestamp": 1721774927.0437586,
                "container": null
            },
            {
                "exe": "/usr/lib/systemd/systemd",
                "cmdline": "/lib/systemd/systemd--user",
                "pid": 1553,
                "resources_usage": null,
                "consumption": 0.0,
                "timestamp": 1721774927.043759,
                "container": null
            },
            {
                "exe": "",
                "cmdline": "",
                "pid": 68,
                "resources_usage": null,
                "consumption": 0.0,
                "timestamp": 1721774927.0437598,
                "container": null
            },
            {
                "exe": "/usr/bin/bash",
                "cmdline": "-bash",
                "pid": 274978,
                "resources_usage": null,
                "consumption": 0.0,
                "timestamp": 1721774927.04376,
                "container": null
            },
            {
                "exe": "/usr/sbin/multipathd",
                "cmdline": "/sbin/multipathd-d-s",
                "pid": 478,
                "resources_usage": null,
                "consumption": 0.0,
                "timestamp": 1721774927.0437605,
                "container": null
            },
            {
                "exe": "/home/philipp/.vscode-server/cli/servers/Stable-f1e16e1e6214d7c44d078b1f0607b2388f29d729/server/node",
                "cmdline": "/home/philipp/.vscode-server/cli/servers/Stable-f1e16e1e6214d7c44d078b1f0607b2388f29d729/server/node/home/philipp/.vscode-server/extensions/ms-python.vscode-pylance-2024.7.1/dist/server.bundle.js--cancellationReceive=file:8b607677abfa53b0032d91cc3df1c86b7cc7a672b1--node-ipc--clientProcessId=1834",
                "pid": 2165,
                "resources_usage": null,
                "consumption": 0.0,
                "timestamp": 1721774927.043761,
                "container": null
            }
        ],
        "sockets": [
            {
                "id": 0,
                "consumption": 20142960.0,
                "domains": [
                    {
                        "name": "uncore",
                        "consumption": 0.0,
                        "timestamp": 1721774927.0233219
                    },
                    {
                        "name": "core",
                        "consumption": 17910896.0,
                        "timestamp": 1721774927.023311
                    }
                ],
                "timestamp": 1721774927.0231006
            }
        ]
    },
    {
        "host": {
            "consumption": 21023282.0,
            "timestamp": 1721774927.0790353,
            "components": {
                "disks": [
                    {
                        "disk_type": "SSD",
                        "disk_mount_point": "/etc/hosts",
                        "disk_is_removable": false,
                        "disk_file_system": "ext4",
                        "disk_total_bytes": "33634926592",
                        "disk_available_bytes": "9872613376",
                        "disk_name": "/dev/nvme0n1p4"
                    }
                ]
            }
        },
        "consumers": [
            {
                "exe": "/",
                "cmdline": "runcinit",
                "pid": 462035,
                "resources_usage": null,
                "consumption": 522317.56,
                "timestamp": 1721774927.0790012,
                "container": null
            },
            {
                "exe": "/usr/bin/dbus-daemon",
                "cmdline": "@dbus-daemon--system--address=systemd:--nofork--nopidfile--systemd-activation--syslog-only",
                "pid": 809,
                "resources_usage": null,
                "consumption": 130579.39,
                "timestamp": 1721774927.0789392,
                "container": null
            },
            {
                "exe": "/usr/local/bin/scaphandre",
                "cmdline": "/usr/local/bin/scaphandrejson-s0--step-nano10000000-f/home/ce-p2-r-1/28/power.json",
                "pid": 461927,
                "resources_usage": null,
                "consumption": 130579.39,
                "timestamp": 1721774927.0789542,
                "container": null
            },
            {
                "exe": "/usr/lib/systemd/systemd",
                "cmdline": "/sbin/init",
                "pid": 1,
                "resources_usage": null,
                "consumption": 130579.39,
                "timestamp": 1721774927.0789883,
                "container": null
            },
            {
                "exe": "/usr/libexec/upowerd",
                "cmdline": "/usr/libexec/upowerd",
                "pid": 1059,
                "resources_usage": null,
                "consumption": 0.0,
                "timestamp": 1721774927.0789354,
                "container": null
            },
            {
                "exe": "",
                "cmdline": "",
                "pid": 440952,
                "resources_usage": null,
                "consumption": 0.0,
                "timestamp": 1721774927.078936,
                "container": null
            },
            {
                "exe": "",
                "cmdline": "",
                "pid": 40,
                "resources_usage": null,
                "consumption": 0.0,
                "timestamp": 1721774927.0789366,
                "container": null
            },
            {
                "exe": "/usr/lib/systemd/systemd",
                "cmdline": "/lib/systemd/systemd--user",
                "pid": 1553,
                "resources_usage": null,
                "consumption": 0.0,
                "timestamp": 1721774927.078937,
                "container": null
            },
            {
                "exe": "",
                "cmdline": "",
                "pid": 68,
                "resources_usage": null,
                "consumption": 0.0,
                "timestamp": 1721774927.0789375,
                "container": null
            },
            {
                "exe": "/usr/bin/bash",
                "cmdline": "-bash",
                "pid": 274978,
                "resources_usage": null,
                "consumption": 0.0,
                "timestamp": 1721774927.0789378,
                "container": null
            }
        ],
        "sockets": [
            {
                "id": 0,
                "consumption": 13267424.0,
                "domains": [
                    {
                        "name": "uncore",
                        "consumption": 0.0,
                        "timestamp": 1721774927.0593307
                    },
                    {
                        "name": "core",
                        "consumption": 10999312.0,
                        "timestamp": 1721774927.0593238
                    }
                ],
                "timestamp": 1721774927.0592227
            }
        ]
    },
    {
        "host": {
            "consumption": 14470309.0,
            "timestamp": 1721774927.1132681,
            "components": {
                "disks": [
                    {
                        "disk_type": "SSD",
                        "disk_mount_point": "/etc/hosts",
                        "disk_is_removable": false,
                        "disk_file_system": "ext4",
                        "disk_total_bytes": "33634926592",
                        "disk_available_bytes": "9872609280",
                        "disk_name": "/dev/nvme0n1p4"
                    }
                ]
            }
        },
        "consumers": [
            {
                "exe": "/",
                "cmdline": "runcinit",
                "pid": 462035,
                "resources_usage": null,
                "consumption": 269633.1,
                "timestamp": 1721774927.113234,
                "container": null
            },
            {
                "exe": "/usr/local/bin/scaphandre",
                "cmdline": "/usr/local/bin/scaphandrejson-s0--step-nano10000000-f/home/ce-p2-r-1/28/power.json",
                "pid": 461927,
                "resources_usage": null,
                "consumption": 179755.39,
                "timestamp": 1721774927.113186,
                "container": null
            },
            {
                "exe": "/usr/libexec/upowerd",
                "cmdline": "/usr/libexec/upowerd",
                "pid": 1059,
                "resources_usage": null,
                "consumption": 0.0,
                "timestamp": 1721774927.1131656,
                "container": null
            },
            {
                "exe": "",
                "cmdline": "",
                "pid": 440952,
                "resources_usage": null,
                "consumption": 0.0,
                "timestamp": 1721774927.1131673,
                "container": null
            },
            {
                "exe": "",
                "cmdline": "",
                "pid": 40,
                "resources_usage": null,
                "consumption": 0.0,
                "timestamp": 1721774927.1131675,
                "container": null
            },
            {
                "exe": "/usr/lib/systemd/systemd",
                "cmdline": "/lib/systemd/systemd--user",
                "pid": 1553,
                "resources_usage": null,
                "consumption": 0.0,
                "timestamp": 1721774927.1131678,
                "container": null
            },
            {
                "exe": "",
                "cmdline": "",
                "pid": 68,
                "resources_usage": null,
                "consumption": 0.0,
                "timestamp": 1721774927.1131682,
                "container": null
            },
            {
                "exe": "/usr/bin/bash",
                "cmdline": "-bash",
                "pid": 274978,
                "resources_usage": null,
                "consumption": 0.0,
                "timestamp": 1721774927.1131685,
                "container": null
            },
            {
                "exe": "/usr/sbin/multipathd",
                "cmdline": "/sbin/multipathd-d-s",
                "pid": 478,
                "resources_usage": null,
                "consumption": 0.0,
                "timestamp": 1721774927.1131687,
                "container": null
            },
            {
                "exe": "/home/philipp/.vscode-server/cli/servers/Stable-f1e16e1e6214d7c44d078b1f0607b2388f29d729/server/node",
                "cmdline": "/home/philipp/.vscode-server/cli/servers/Stable-f1e16e1e6214d7c44d078b1f0607b2388f29d729/server/node/home/philipp/.vscode-server/extensions/ms-python.vscode-pylance-2024.7.1/dist/server.bundle.js--cancellationReceive=file:8b607677abfa53b0032d91cc3df1c86b7cc7a672b1--node-ipc--clientProcessId=1834",
                "pid": 2165,
                "resources_usage": null,
                "consumption": 0.0,
                "timestamp": 1721774927.1131692,
                "container": null
            }
        ],
        "sockets": [
            {
                "id": 0,
                "consumption": 14216342.0,
                "domains": [
                    {
                        "name": "uncore",
                        "consumption": 0.0,
                        "timestamp": 1721774927.0942156
                    },
                    {
                        "name": "core",
                        "consumption": 11956906.0,
                        "timestamp": 1721774927.0942085
                    }
                ],
                "timestamp": 1721774927.0941057
            }
        ]
    },
    {
        "host": {
            "consumption": 21555432.0,
            "timestamp": 1721774927.148484,
            "components": {
                "disks": [
                    {
                        "disk_type": "SSD",
                        "disk_mount_point": "/etc/hosts",
                        "disk_is_removable": false,
                        "disk_file_system": "ext4",
                        "disk_total_bytes": "33634926592",
                        "disk_available_bytes": "9872609280",
                        "disk_name": "/dev/nvme0n1p4"
                    }
                ]
            }
        },
        "consumers": [
            {
                "exe": "/",
                "cmdline": "runcinit",
                "pid": 462035,
                "resources_usage": null,
                "consumption": 535538.7,
                "timestamp": 1721774927.148297,
                "container": null
            },
            {
                "exe": "/usr/local/bin/scaphandre",
                "cmdline": "/usr/local/bin/scaphandrejson-s0--step-nano10000000-f/home/ce-p2-r-1/28/power.json",
                "pid": 461927,
                "resources_usage": null,
                "consumption": 133884.67,
                "timestamp": 1721774927.1482124,
                "container": null
            },
            {
                "exe": "/usr/libexec/upowerd",
                "cmdline": "/usr/libexec/upowerd",
                "pid": 1059,
                "resources_usage": null,
                "consumption": 0.0,
                "timestamp": 1721774927.14818,
                "container": null
            },
            {
                "exe": "",
                "cmdline": "",
                "pid": 440952,
                "resources_usage": null,
                "consumption": 0.0,
                "timestamp": 1721774927.1481812,
                "container": null
            },
            {
                "exe": "",
                "cmdline": "",
                "pid": 40,
                "resources_usage": null,
                "consumption": 0.0,
                "timestamp": 1721774927.1481817,
                "container": null
            },
            {
                "exe": "/usr/lib/systemd/systemd",
                "cmdline": "/lib/systemd/systemd--user",
                "pid": 1553,
                "resources_usage": null,
                "consumption": 0.0,
                "timestamp": 1721774927.1481822,
                "container": null
            },
            {
                "exe": "",
                "cmdline": "",
                "pid": 68,
                "resources_usage": null,
                "consumption": 0.0,
                "timestamp": 1721774927.1481826,
                "container": null
            },
            {
                "exe": "/usr/bin/bash",
                "cmdline": "-bash",
                "pid": 274978,
                "resources_usage": null,
                "consumption": 0.0,
                "timestamp": 1721774927.148183,
                "container": null
            },
            {
                "exe": "/usr/sbin/multipathd",
                "cmdline": "/sbin/multipathd-d-s",
                "pid": 478,
                "resources_usage": null,
                "consumption": 0.0,
                "timestamp": 1721774927.1481833,
                "container": null
            },
            {
                "exe": "/home/philipp/.vscode-server/cli/servers/Stable-f1e16e1e6214d7c44d078b1f0607b2388f29d729/server/node",
                "cmdline": "/home/philipp/.vscode-server/cli/servers/Stable-f1e16e1e6214d7c44d078b1f0607b2388f29d729/server/node/home/philipp/.vscode-server/extensions/ms-python.vscode-pylance-2024.7.1/dist/server.bundle.js--cancellationReceive=file:8b607677abfa53b0032d91cc3df1c86b7cc7a672b1--node-ipc--clientProcessId=1834",
                "pid": 2165,
                "resources_usage": null,
                "consumption": 0.0,
                "timestamp": 1721774927.1481838,
                "container": null
            }
        ],
        "sockets": [
            {
                "id": 0,
                "consumption": 22477728.0,
                "domains": [
                    {
                        "name": "uncore",
                        "consumption": 0.0,
                        "timestamp": 1721774927.128823
                    },
                    {
                        "name": "core",
                        "consumption": 20066132.0,
                        "timestamp": 1721774927.1286435
                    }
                ],
                "timestamp": 1721774927.1283002
            }
        ]
    },
    {
        "host": {
            "consumption": 20838400.0,
            "timestamp": 1721774927.182709,
            "components": {
                "disks": [
                    {
                        "disk_type": "SSD",
                        "disk_mount_point": "/etc/hosts",
                        "disk_is_removable": false,
                        "disk_file_system": "ext4",
                        "disk_total_bytes": "33634926592",
                        "disk_available_bytes": "9872605184",
                        "disk_name": "/dev/nvme0n1p4"
                    }
                ]
            }
        },
        "consumers": [
            {
                "exe": "/",
                "cmdline": "runcinit",
                "pid": 462035,
                "resources_usage": null,
                "consumption": 374342.53,
                "timestamp": 1721774927.1826055,
                "container": null
            },
            {
                "exe": "/usr/local/bin/scaphandre",
                "cmdline": "/usr/local/bin/scaphandrejson-s0--step-nano10000000-f/home/ce-p2-r-1/28/power.json",
                "pid": 461927,
                "resources_usage": null,
                "consumption": 249561.7,
                "timestamp": 1721774927.182557,
                "container": null
            },
            {
                "exe": "/usr/libexec/upowerd",
                "cmdline": "/usr/libexec/upowerd",
                "pid": 1059,
                "resources_usage": null,
                "consumption": 0.0,
                "timestamp": 1721774927.1825364,
                "container": null
            },
            {
                "exe": "",
                "cmdline": "",
                "pid": 440952,
                "resources_usage": null,
                "consumption": 0.0,
                "timestamp": 1721774927.1825376,
                "container": null
            },
            {
                "exe": "",
                "cmdline": "",
                "pid": 40,
                "resources_usage": null,
                "consumption": 0.0,
                "timestamp": 1721774927.1825378,
                "container": null
            },
            {
                "exe": "/usr/lib/systemd/systemd",
                "cmdline": "/lib/systemd/systemd--user",
                "pid": 1553,
                "resources_usage": null,
                "consumption": 0.0,
                "timestamp": 1721774927.1825383,
                "container": null
            },
            {
                "exe": "",
                "cmdline": "",
                "pid": 68,
                "resources_usage": null,
                "consumption": 0.0,
                "timestamp": 1721774927.1825387,
                "container": null
            },
            {
                "exe": "/usr/bin/bash",
                "cmdline": "-bash",
                "pid": 274978,
                "resources_usage": null,
                "consumption": 0.0,
                "timestamp": 1721774927.1825395,
                "container": null
            },
            {
                "exe": "/usr/sbin/multipathd",
                "cmdline": "/sbin/multipathd-d-s",
                "pid": 478,
                "resources_usage": null,
                "consumption": 0.0,
                "timestamp": 1721774927.1825397,
                "container": null
            },
            {
                "exe": "/home/philipp/.vscode-server/cli/servers/Stable-f1e16e1e6214d7c44d078b1f0607b2388f29d729/server/node",
                "cmdline": "/home/philipp/.vscode-server/cli/servers/Stable-f1e16e1e6214d7c44d078b1f0607b2388f29d729/server/node/home/philipp/.vscode-server/extensions/ms-python.vscode-pylance-2024.7.1/dist/server.bundle.js--cancellationReceive=file:8b607677abfa53b0032d91cc3df1c86b7cc7a672b1--node-ipc--clientProcessId=1834",
                "pid": 2165,
                "resources_usage": null,
                "consumption": 0.0,
                "timestamp": 1721774927.18254,
                "container": null
            }
        ],
        "sockets": [
            {
                "id": 0,
                "consumption": 19652476.0,
                "domains": [
                    {
                        "name": "uncore",
                        "consumption": 0.0,
                        "timestamp": 1721774927.163607
                    },
                    {
                        "name": "core",
                        "consumption": 17519940.0,
                        "timestamp": 1721774927.163596
                    }
                ],
                "timestamp": 1721774927.1634817
            }
        ]
    },
    {
        "host": {
            "consumption": 21256294.0,
            "timestamp": 1721774927.2193134,
            "components": {
                "disks": [
                    {
                        "disk_type": "SSD",
                        "disk_mount_point": "/etc/hosts",
                        "disk_is_removable": false,
                        "disk_file_system": "ext4",
                        "disk_total_bytes": "33634926592",
                        "disk_available_bytes": "9872601088",
                        "disk_name": "/dev/nvme0n1p4"
                    }
                ]
            }
        },
        "consumers": [
            {
                "exe": "/",
                "cmdline": "runcinit",
                "pid": 462035,
                "resources_usage": null,
                "consumption": 509132.84,
                "timestamp": 1721774927.2192667,
                "container": null
            },
            {
                "exe": "/usr/local/bin/scaphandre",
                "cmdline": "/usr/local/bin/scaphandrejson-s0--step-nano10000000-f/home/ce-p2-r-1/28/power.json",
                "pid": 461927,
                "resources_usage": null,
                "consumption": 381849.6,
                "timestamp": 1721774927.219212,
                "container": null
            },
            {
                "exe": "",
                "cmdline": "",
                "pid": 13,
                "resources_usage": null,
                "consumption": 127283.21,
                "timestamp": 1721774927.2191942,
                "container": null
            },
            {
                "exe": "/usr/libexec/upowerd",
                "cmdline": "/usr/libexec/upowerd",
                "pid": 1059,
                "resources_usage": null,
                "consumption": 0.0,
                "timestamp": 1721774927.2191875,
                "container": null
            },
            {
                "exe": "",
                "cmdline": "",
                "pid": 440952,
                "resources_usage": null,
                "consumption": 0.0,
                "timestamp": 1721774927.2191887,
                "container": null
            },
            {
                "exe": "",
                "cmdline": "",
                "pid": 40,
                "resources_usage": null,
                "consumption": 0.0,
                "timestamp": 1721774927.2191892,
                "container": null
            },
            {
                "exe": "/usr/lib/systemd/systemd",
                "cmdline": "/lib/systemd/systemd--user",
                "pid": 1553,
                "resources_usage": null,
                "consumption": 0.0,
                "timestamp": 1721774927.2191896,
                "container": null
            },
            {
                "exe": "",
                "cmdline": "",
                "pid": 68,
                "resources_usage": null,
                "consumption": 0.0,
                "timestamp": 1721774927.2191904,
                "container": null
            },
            {
                "exe": "/usr/bin/bash",
                "cmdline": "-bash",
                "pid": 274978,
                "resources_usage": null,
                "consumption": 0.0,
                "timestamp": 1721774927.2191906,
                "container": null
            },
            {
                "exe": "/usr/sbin/multipathd",
                "cmdline": "/sbin/multipathd-d-s",
                "pid": 478,
                "resources_usage": null,
                "consumption": 0.0,
                "timestamp": 1721774927.219191,
                "container": null
            }
        ],
        "sockets": [
            {
                "id": 0,
                "consumption": 26314676.0,
                "domains": [
                    {
                        "name": "uncore",
                        "consumption": 0.0,
                        "timestamp": 1721774927.198278
                    },
                    {
                        "name": "core",
                        "consumption": 23890408.0,
                        "timestamp": 1721774927.198267
                    }
                ],
                "timestamp": 1721774927.1981432
            }
        ]
    },
    {
        "host": {
            "consumption": 16650832.0,
            "timestamp": 1721774927.2536929,
            "components": {
                "disks": [
                    {
                        "disk_type": "SSD",
                        "disk_mount_point": "/etc/hosts",
                        "disk_is_removable": false,
                        "disk_file_system": "ext4",
                        "disk_total_bytes": "33634926592",
                        "disk_available_bytes": "9872601088",
                        "disk_name": "/dev/nvme0n1p4"
                    }
                ]
            }
        },
        "consumers": [
            {
                "exe": "/",
                "cmdline": "runcinit",
                "pid": 462035,
                "resources_usage": null,
                "consumption": 299116.75,
                "timestamp": 1721774927.2536528,
                "container": null
            },
            {
                "exe": "/usr/local/bin/scaphandre",
                "cmdline": "/usr/local/bin/scaphandrejson-s0--step-nano10000000-f/home/ce-p2-r-1/28/power.json",
                "pid": 461927,
                "resources_usage": null,
                "consumption": 99705.586,
                "timestamp": 1721774927.2536051,
                "container": null
            },
            {
                "exe": "/usr/libexec/upowerd",
                "cmdline": "/usr/libexec/upowerd",
                "pid": 1059,
                "resources_usage": null,
                "consumption": 0.0,
                "timestamp": 1721774927.2535858,
                "container": null
            },
            {
                "exe": "",
                "cmdline": "",
                "pid": 440952,
                "resources_usage": null,
                "consumption": 0.0,
                "timestamp": 1721774927.2535868,
                "container": null
            },
            {
                "exe": "",
                "cmdline": "",
                "pid": 40,
                "resources_usage": null,
                "consumption": 0.0,
                "timestamp": 1721774927.2535872,
                "container": null
            },
            {
                "exe": "/usr/lib/systemd/systemd",
                "cmdline": "/lib/systemd/systemd--user",
                "pid": 1553,
                "resources_usage": null,
                "consumption": 0.0,
                "timestamp": 1721774927.2535875,
                "container": null
            },
            {
                "exe": "",
                "cmdline": "",
                "pid": 68,
                "resources_usage": null,
                "consumption": 0.0,
                "timestamp": 1721774927.253588,
                "container": null
            },
            {
                "exe": "/usr/bin/bash",
                "cmdline": "-bash",
                "pid": 274978,
                "resources_usage": null,
                "consumption": 0.0,
                "timestamp": 1721774927.2535882,
                "container": null
            },
            {
                "exe": "/usr/sbin/multipathd",
                "cmdline": "/sbin/multipathd-d-s",
                "pid": 478,
                "resources_usage": null,
                "consumption": 0.0,
                "timestamp": 1721774927.2535887,
                "container": null
            },
            {
                "exe": "/home/philipp/.vscode-server/cli/servers/Stable-f1e16e1e6214d7c44d078b1f0607b2388f29d729/server/node",
                "cmdline": "/home/philipp/.vscode-server/cli/servers/Stable-f1e16e1e6214d7c44d078b1f0607b2388f29d729/server/node/home/philipp/.vscode-server/extensions/ms-python.vscode-pylance-2024.7.1/dist/server.bundle.js--cancellationReceive=file:8b607677abfa53b0032d91cc3df1c86b7cc7a672b1--node-ipc--clientProcessId=1834",
                "pid": 2165,
                "resources_usage": null,
                "consumption": 0.0,
                "timestamp": 1721774927.253589,
                "container": null
            }
        ],
        "sockets": [
            {
                "id": 0,
                "consumption": 14213097.0,
                "domains": [
                    {
                        "name": "uncore",
                        "consumption": 0.0,
                        "timestamp": 1721774927.2344413
                    },
                    {
                        "name": "core",
                        "consumption": 11749637.0,
                        "timestamp": 1721774927.2344267
                    }
                ],
                "timestamp": 1721774927.2343097
            }
        ]
    },
    {
        "host": {
            "consumption": 26109802.0,
            "timestamp": 1721774927.2875464,
            "components": {
                "disks": [
                    {
                        "disk_type": "SSD",
                        "disk_mount_point": "/etc/hosts",
                        "disk_is_removable": false,
                        "disk_file_system": "ext4",
                        "disk_total_bytes": "33634926592",
                        "disk_available_bytes": "9872596992",
                        "disk_name": "/dev/nvme0n1p4"
                    }
                ]
            }
        },
        "consumers": [
            {
                "exe": "/",
                "cmdline": "runcinit",
                "pid": 462035,
                "resources_usage": null,
                "consumption": 625384.56,
                "timestamp": 1721774927.2875063,
                "container": null
            },
            {
                "exe": "/usr/local/bin/scaphandre",
                "cmdline": "/usr/local/bin/scaphandrejson-s0--step-nano10000000-f/home/ce-p2-r-1/28/power.json",
                "pid": 461927,
                "resources_usage": null,
                "consumption": 312692.28,
                "timestamp": 1721774927.2874577,
                "container": null
            },
            {
                "exe": "/usr/libexec/upowerd",
                "cmdline": "/usr/libexec/upowerd",
                "pid": 1059,
                "resources_usage": null,
                "consumption": 0.0,
                "timestamp": 1721774927.2874384,
                "container": null
            },
            {
                "exe": "",
                "cmdline": "",
                "pid": 440952,
                "resources_usage": null,
                "consumption": 0.0,
                "timestamp": 1721774927.2874396,
                "container": null
            },
            {
                "exe": "",
                "cmdline": "",
                "pid": 40,
                "resources_usage": null,
                "consumption": 0.0,
                "timestamp": 1721774927.2874398,
                "container": null
            },
            {
                "exe": "/usr/lib/systemd/systemd",
                "cmdline": "/lib/systemd/systemd--user",
                "pid": 1553,
                "resources_usage": null,
                "consumption": 0.0,
                "timestamp": 1721774927.2874405,
                "container": null
            },
            {
                "exe": "",
                "cmdline": "",
                "pid": 68,
                "resources_usage": null,
                "consumption": 0.0,
                "timestamp": 1721774927.287441,
                "container": null
            },
            {
                "exe": "/usr/bin/bash",
                "cmdline": "-bash",
                "pid": 274978,
                "resources_usage": null,
                "consumption": 0.0,
                "timestamp": 1721774927.2874413,
                "container": null
            },
            {
                "exe": "/usr/sbin/multipathd",
                "cmdline": "/sbin/multipathd-d-s",
                "pid": 478,
                "resources_usage": null,
                "consumption": 0.0,
                "timestamp": 1721774927.2874417,
                "container": null
            },
            {
                "exe": "/home/philipp/.vscode-server/cli/servers/Stable-f1e16e1e6214d7c44d078b1f0607b2388f29d729/server/node",
                "cmdline": "/home/philipp/.vscode-server/cli/servers/Stable-f1e16e1e6214d7c44d078b1f0607b2388f29d729/server/node/home/philipp/.vscode-server/extensions/ms-python.vscode-pylance-2024.7.1/dist/server.bundle.js--cancellationReceive=file:8b607677abfa53b0032d91cc3df1c86b7cc7a672b1--node-ipc--clientProcessId=1834",
                "pid": 2165,
                "resources_usage": null,
                "consumption": 0.0,
                "timestamp": 1721774927.287442,
                "container": null
            }
        ],
        "sockets": [
            {
                "id": 0,
                "consumption": 20971724.0,
                "domains": [
                    {
                        "name": "uncore",
                        "consumption": 0.0,
                        "timestamp": 1721774927.2686865
                    },
                    {
                        "name": "core",
                        "consumption": 18674460.0,
                        "timestamp": 1721774927.2686727
                    }
                ],
                "timestamp": 1721774927.2685645
            }
        ]
    },
    {
        "host": {
            "consumption": 25494130.0,
            "timestamp": 1721774927.3221025,
            "components": {
                "disks": [
                    {
                        "disk_type": "SSD",
                        "disk_mount_point": "/etc/hosts",
                        "disk_is_removable": false,
                        "disk_file_system": "ext4",
                        "disk_total_bytes": "33634926592",
                        "disk_available_bytes": "9872596992",
                        "disk_name": "/dev/nvme0n1p4"
                    }
                ]
            }
        },
        "consumers": [
            {
                "exe": "/",
                "cmdline": "runcinit",
                "pid": 462035,
                "resources_usage": null,
                "consumption": 457978.4,
                "timestamp": 1721774927.3220637,
                "container": null
            },
            {
                "exe": "/usr/local/bin/scaphandre",
                "cmdline": "/usr/local/bin/scaphandrejson-s0--step-nano10000000-f/home/ce-p2-r-1/28/power.json",
                "pid": 461927,
                "resources_usage": null,
                "consumption": 305318.94,
                "timestamp": 1721774927.3220158,
                "container": null
            },
            {
                "exe": "/usr/libexec/upowerd",
                "cmdline": "/usr/libexec/upowerd",
                "pid": 1059,
                "resources_usage": null,
                "consumption": 0.0,
                "timestamp": 1721774927.3219953,
                "container": null
            },
            {
                "exe": "",
                "cmdline": "",
                "pid": 440952,
                "resources_usage": null,
                "consumption": 0.0,
                "timestamp": 1721774927.3219962,
                "container": null
            },
            {
                "exe": "",
                "cmdline": "",
                "pid": 40,
                "resources_usage": null,
                "consumption": 0.0,
                "timestamp": 1721774927.3219967,
                "container": null
            },
            {
                "exe": "/usr/lib/systemd/systemd",
                "cmdline": "/lib/systemd/systemd--user",
                "pid": 1553,
                "resources_usage": null,
                "consumption": 0.0,
                "timestamp": 1721774927.321997,
                "container": null
            },
            {
                "exe": "",
                "cmdline": "",
                "pid": 68,
                "resources_usage": null,
                "consumption": 0.0,
                "timestamp": 1721774927.3219974,
                "container": null
            },
            {
                "exe": "/usr/bin/bash",
                "cmdline": "-bash",
                "pid": 274978,
                "resources_usage": null,
                "consumption": 0.0,
                "timestamp": 1721774927.3219981,
                "container": null
            },
            {
                "exe": "/usr/sbin/multipathd",
                "cmdline": "/sbin/multipathd-d-s",
                "pid": 478,
                "resources_usage": null,
                "consumption": 0.0,
                "timestamp": 1721774927.3219984,
                "container": null
            },
            {
                "exe": "/home/philipp/.vscode-server/cli/servers/Stable-f1e16e1e6214d7c44d078b1f0607b2388f29d729/server/node",
                "cmdline": "/home/philipp/.vscode-server/cli/servers/Stable-f1e16e1e6214d7c44d078b1f0607b2388f29d729/server/node/home/philipp/.vscode-server/extensions/ms-python.vscode-pylance-2024.7.1/dist/server.bundle.js--cancellationReceive=file:8b607677abfa53b0032d91cc3df1c86b7cc7a672b1--node-ipc--clientProcessId=1834",
                "pid": 2165,
                "resources_usage": null,
                "consumption": 0.0,
                "timestamp": 1721774927.3219988,
                "container": null
            }
        ],
        "sockets": [
            {
                "id": 0,
                "consumption": 22711918.0,
                "domains": [
                    {
                        "name": "uncore",
                        "consumption": 0.0,
                        "timestamp": 1721774927.3026068
                    },
                    {
                        "name": "core",
                        "consumption": 20380284.0,
                        "timestamp": 1721774927.302595
                    }
                ],
                "timestamp": 1721774927.3024843
            }
        ]
    },
    {
        "host": {
            "consumption": 25740188.0,
            "timestamp": 1721774927.3570943,
            "components": {
                "disks": [
                    {
                        "disk_type": "SSD",
                        "disk_mount_point": "/etc/hosts",
                        "disk_is_removable": false,
                        "disk_file_system": "ext4",
                        "disk_total_bytes": "33634926592",
                        "disk_available_bytes": "9872592896",
                        "disk_name": "/dev/nvme0n1p4"
                    }
                ]
            }
        },
        "consumers": [
            {
                "exe": "/",
                "cmdline": "runcinit",
                "pid": 462035,
                "resources_usage": null,
                "consumption": 462398.6,
                "timestamp": 1721774927.357053,
                "container": null
            },
            {
                "exe": "/usr/local/bin/scaphandre",
                "cmdline": "/usr/local/bin/scaphandrejson-s0--step-nano10000000-f/home/ce-p2-r-1/28/power.json",
                "pid": 461927,
                "resources_usage": null,
                "consumption": 308265.75,
                "timestamp": 1721774927.3570051,
                "container": null
            },
            {
                "exe": "/usr/libexec/upowerd",
                "cmdline": "/usr/libexec/upowerd",
                "pid": 1059,
                "resources_usage": null,
                "consumption": 0.0,
                "timestamp": 1721774927.3569841,
                "container": null
            },
            {
                "exe": "",
                "cmdline": "",
                "pid": 440952,
                "resources_usage": null,
                "consumption": 0.0,
                "timestamp": 1721774927.3569853,
                "container": null
            },
            {
                "exe": "",
                "cmdline": "",
                "pid": 40,
                "resources_usage": null,
                "consumption": 0.0,
                "timestamp": 1721774927.3569858,
                "container": null
            },
            {
                "exe": "/usr/lib/systemd/systemd",
                "cmdline": "/lib/systemd/systemd--user",
                "pid": 1553,
                "resources_usage": null,
                "consumption": 0.0,
                "timestamp": 1721774927.356986,
                "container": null
            },
            {
                "exe": "",
                "cmdline": "",
                "pid": 68,
                "resources_usage": null,
                "consumption": 0.0,
                "timestamp": 1721774927.3569865,
                "container": null
            },
            {
                "exe": "/usr/bin/bash",
                "cmdline": "-bash",
                "pid": 274978,
                "resources_usage": null,
                "consumption": 0.0,
                "timestamp": 1721774927.3569868,
                "container": null
            },
            {
                "exe": "/usr/sbin/multipathd",
                "cmdline": "/sbin/multipathd-d-s",
                "pid": 478,
                "resources_usage": null,
                "consumption": 0.0,
                "timestamp": 1721774927.3569875,
                "container": null
            },
            {
                "exe": "/home/philipp/.vscode-server/cli/servers/Stable-f1e16e1e6214d7c44d078b1f0607b2388f29d729/server/node",
                "cmdline": "/home/philipp/.vscode-server/cli/servers/Stable-f1e16e1e6214d7c44d078b1f0607b2388f29d729/server/node/home/philipp/.vscode-server/extensions/ms-python.vscode-pylance-2024.7.1/dist/server.bundle.js--cancellationReceive=file:8b607677abfa53b0032d91cc3df1c86b7cc7a672b1--node-ipc--clientProcessId=1834",
                "pid": 2165,
                "resources_usage": null,
                "consumption": 0.0,
                "timestamp": 1721774927.356988,
                "container": null
            }
        ],
        "sockets": [
            {
                "id": 0,
                "consumption": 36325412.0,
                "domains": [
                    {
                        "name": "uncore",
                        "consumption": 0.0,
                        "timestamp": 1721774927.3372889
                    },
                    {
                        "name": "core",
                        "consumption": 34009100.0,
                        "timestamp": 1721774927.337275
                    }
                ],
                "timestamp": 1721774927.3371608
            }
        ]
    },
    {
        "host": {
            "consumption": 22563966.0,
            "timestamp": 1721774927.391231,
            "components": {
                "disks": [
                    {
                        "disk_type": "SSD",
                        "disk_mount_point": "/etc/hosts",
                        "disk_is_removable": false,
                        "disk_file_system": "ext4",
                        "disk_total_bytes": "33634926592",
                        "disk_available_bytes": "9872588800",
                        "disk_name": "/dev/nvme0n1p4"
                    }
                ]
            }
        },
        "consumers": [
            {
                "exe": "/",
                "cmdline": "runcinit",
                "pid": 462035,
                "resources_usage": null,
                "consumption": 527812.1,
                "timestamp": 1721774927.391192,
                "container": null
            },
            {
                "exe": "/usr/local/bin/scaphandre",
                "cmdline": "/usr/local/bin/scaphandrejson-s0--step-nano10000000-f/home/ce-p2-r-1/28/power.json",
                "pid": 461927,
                "resources_usage": null,
                "consumption": 263906.06,
                "timestamp": 1721774927.3911438,
                "container": null
            },
            {
                "exe": "/usr/libexec/upowerd",
                "cmdline": "/usr/libexec/upowerd",
                "pid": 1059,
                "resources_usage": null,
                "consumption": 0.0,
                "timestamp": 1721774927.3911238,
                "container": null
            },
            {
                "exe": "",
                "cmdline": "",
                "pid": 440952,
                "resources_usage": null,
                "consumption": 0.0,
                "timestamp": 1721774927.3911247,
                "container": null
            },
            {
                "exe": "",
                "cmdline": "",
                "pid": 40,
                "resources_usage": null,
                "consumption": 0.0,
                "timestamp": 1721774927.391125,
                "container": null
            },
            {
                "exe": "/usr/lib/systemd/systemd",
                "cmdline": "/lib/systemd/systemd--user",
                "pid": 1553,
                "resources_usage": null,
                "consumption": 0.0,
                "timestamp": 1721774927.3911252,
                "container": null
            },
            {
                "exe": "",
                "cmdline": "",
                "pid": 68,
                "resources_usage": null,
                "consumption": 0.0,
                "timestamp": 1721774927.3911257,
                "container": null
            },
            {
                "exe": "/usr/bin/bash",
                "cmdline": "-bash",
                "pid": 274978,
                "resources_usage": null,
                "consumption": 0.0,
                "timestamp": 1721774927.3911262,
                "container": null
            },
            {
                "exe": "/usr/sbin/multipathd",
                "cmdline": "/sbin/multipathd-d-s",
                "pid": 478,
                "resources_usage": null,
                "consumption": 0.0,
                "timestamp": 1721774927.3911264,
                "container": null
            },
            {
                "exe": "/home/philipp/.vscode-server/cli/servers/Stable-f1e16e1e6214d7c44d078b1f0607b2388f29d729/server/node",
                "cmdline": "/home/philipp/.vscode-server/cli/servers/Stable-f1e16e1e6214d7c44d078b1f0607b2388f29d729/server/node/home/philipp/.vscode-server/extensions/ms-python.vscode-pylance-2024.7.1/dist/server.bundle.js--cancellationReceive=file:8b607677abfa53b0032d91cc3df1c86b7cc7a672b1--node-ipc--clientProcessId=1834",
                "pid": 2165,
                "resources_usage": null,
                "consumption": 0.0,
                "timestamp": 1721774927.3911273,
                "container": null
            }
        ],
        "sockets": [
            {
                "id": 0,
                "consumption": 16458107.0,
                "domains": [
                    {
                        "name": "uncore",
                        "consumption": 0.0,
                        "timestamp": 1721774927.3721278
                    },
                    {
                        "name": "core",
                        "consumption": 14182953.0,
                        "timestamp": 1721774927.3721154
                    }
                ],
                "timestamp": 1721774927.3719985
            }
        ]
    }
]