{
    "timestamp_analysis": {
        "mean": 0.03481502089389535,
        "std": 0.001619628896694975,
        "min": 0.03139638900756836,
        "max": 0.042720794677734375,
        "median": 0.03453826904296875,
        "running_time": 7.485352039337158
    },
    "host_energy_analysis": {
        "total": 143.6593544465153,
        "per_repetition": 0.0002873187088930306
    },
    "host_power_analysis": {
        "mean": 19.218197078703703,
        "std": 5.200701755432552,
        "min": 7.379771,
        "max": 34.575004,
        "median": 19.375231
    },
    "process_energy_analysis": {
        "total": 3.0931747480361595,
        "per_repetition": 6.186349496072319e-06
    }
}