[
    {
        "host": {
            "consumption": 14133456.0,
            "timestamp": 1721774860.6243963,
            "components": {
                "disks": [
                    {
                        "disk_type": "SSD",
                        "disk_mount_point": "/etc/hosts",
                        "disk_is_removable": false,
                        "disk_file_system": "ext4",
                        "disk_total_bytes": "33634926592",
                        "disk_available_bytes": "9873940480",
                        "disk_name": "/dev/nvme0n1p4"
                    }
                ]
            }
        },
        "consumers": [
            {
                "exe": "/usr/local/bin/scaphandre",
                "cmdline": "/usr/local/bin/scaphandrejson-s0--step-nano10000000-f/home/ce-p2-r-1/12/power.json",
                "pid": 458322,
                "resources_usage": null,
                "consumption": 338525.9,
                "timestamp": 1721774860.624295,
                "container": null
            },
            {
                "exe": "/usr/bin/dockerd",
                "cmdline": "/usr/bin/dockerd-Hfd://--containerd=/run/containerd/containerd.sock",
                "pid": 1100,
                "resources_usage": null,
                "consumption": 84631.48,
                "timestamp": 1721774860.6242561,
                "container": null
            },
            {
                "exe": "/usr/lib/systemd/systemd",
                "cmdline": "/sbin/init",
                "pid": 1,
                "resources_usage": null,
                "consumption": 84631.48,
                "timestamp": 1721774860.6243012,
                "container": null
            },
            {
                "exe": "",
                "cmdline": "",
                "pid": 125,
                "resources_usage": null,
                "consumption": 0.0,
                "timestamp": 1721774860.6242478,
                "container": null
            },
            {
                "exe": "",
                "cmdline": "",
                "pid": 141,
                "resources_usage": null,
                "consumption": 0.0,
                "timestamp": 1721774860.624249,
                "container": null
            },
            {
                "exe": "",
                "cmdline": "",
                "pid": 458255,
                "resources_usage": null,
                "consumption": 0.0,
                "timestamp": 1721774860.6242497,
                "container": null
            },
            {
                "exe": "",
                "cmdline": "",
                "pid": 54,
                "resources_usage": null,
                "consumption": 0.0,
                "timestamp": 1721774860.62425,
                "container": null
            },
            {
                "exe": "",
                "cmdline": "",
                "pid": 135,
                "resources_usage": null,
                "consumption": 0.0,
                "timestamp": 1721774860.6242504,
                "container": null
            },
            {
                "exe": "",
                "cmdline": "",
                "pid": 160,
                "resources_usage": null,
                "consumption": 0.0,
                "timestamp": 1721774860.624251,
                "container": null
            },
            {
                "exe": "/usr/bin/udevadm",
                "cmdline": "/lib/systemd/systemd-udevd",
                "pid": 458270,
                "resources_usage": null,
                "consumption": 0.0,
                "timestamp": 1721774860.6242511,
                "container": null
            }
        ],
        "sockets": [
            {
                "id": 0,
                "consumption": 8340372.0,
                "domains": [
                    {
                        "name": "uncore",
                        "consumption": 0.0,
                        "timestamp": 1721774860.6039755
                    },
                    {
                        "name": "core",
                        "consumption": 5846765.0,
                        "timestamp": 1721774860.6039643
                    }
                ],
                "timestamp": 1721774860.603838
            }
        ]
    },
    {
        "host": {
            "consumption": 12971643.0,
            "timestamp": 1721774860.6578178,
            "components": {
                "disks": [
                    {
                        "disk_type": "SSD",
                        "disk_mount_point": "/etc/hosts",
                        "disk_is_removable": false,
                        "disk_file_system": "ext4",
                        "disk_total_bytes": "33634926592",
                        "disk_available_bytes": "9873948672",
                        "disk_name": "/dev/nvme0n1p4"
                    }
                ]
            }
        },
        "consumers": [
            {
                "exe": "/",
                "cmdline": "runcinit",
                "pid": 458397,
                "resources_usage": null,
                "consumption": 233023.53,
                "timestamp": 1721774860.657772,
                "container": null
            },
            {
                "exe": "/usr/local/bin/scaphandre",
                "cmdline": "/usr/local/bin/scaphandrejson-s0--step-nano10000000-f/home/ce-p2-r-1/12/power.json",
                "pid": 458322,
                "resources_usage": null,
                "consumption": 155349.03,
                "timestamp": 1721774860.6577463,
                "container": null
            },
            {
                "exe": "",
                "cmdline": "",
                "pid": 125,
                "resources_usage": null,
                "consumption": 0.0,
                "timestamp": 1721774860.6577127,
                "container": null
            },
            {
                "exe": "",
                "cmdline": "",
                "pid": 141,
                "resources_usage": null,
                "consumption": 0.0,
                "timestamp": 1721774860.6577137,
                "container": null
            },
            {
                "exe": "",
                "cmdline": "",
                "pid": 458255,
                "resources_usage": null,
                "consumption": 0.0,
                "timestamp": 1721774860.657714,
                "container": null
            },
            {
                "exe": "",
                "cmdline": "",
                "pid": 54,
                "resources_usage": null,
                "consumption": 0.0,
                "timestamp": 1721774860.6577141,
                "container": null
            },
            {
                "exe": "",
                "cmdline": "",
                "pid": 135,
                "resources_usage": null,
                "consumption": 0.0,
                "timestamp": 1721774860.6577144,
                "container": null
            },
            {
                "exe": "",
                "cmdline": "",
                "pid": 160,
                "resources_usage": null,
                "consumption": 0.0,
                "timestamp": 1721774860.6577148,
                "container": null
            },
            {
                "exe": "/usr/bin/udevadm",
                "cmdline": "/lib/systemd/systemd-udevd",
                "pid": 458270,
                "resources_usage": null,
                "consumption": 0.0,
                "timestamp": 1721774860.657715,
                "container": null
            },
            {
                "exe": "",
                "cmdline": "",
                "pid": 241,
                "resources_usage": null,
                "consumption": 0.0,
                "timestamp": 1721774860.6577153,
                "container": null
            }
        ],
        "sockets": [
            {
                "id": 0,
                "consumption": 15977095.0,
                "domains": [
                    {
                        "name": "uncore",
                        "consumption": 0.0,
                        "timestamp": 1721774860.6401649
                    },
                    {
                        "name": "core",
                        "consumption": 13103175.0,
                        "timestamp": 1721774860.640148
                    }
                ],
                "timestamp": 1721774860.6400225
            }
        ]
    },
    {
        "host": {
            "consumption": 20400156.0,
            "timestamp": 1721774860.689122,
            "components": {
                "disks": [
                    {
                        "disk_type": "SSD",
                        "disk_mount_point": "/etc/hosts",
                        "disk_is_removable": false,
                        "disk_file_system": "ext4",
                        "disk_total_bytes": "33634926592",
                        "disk_available_bytes": "9873944576",
                        "disk_name": "/dev/nvme0n1p4"
                    }
                ]
            }
        },
        "consumers": [
            {
                "exe": "/",
                "cmdline": "runcinit",
                "pid": 458397,
                "resources_usage": null,
                "consumption": 366469.9,
                "timestamp": 1721774860.689081,
                "container": null
            },
            {
                "exe": "/usr/local/bin/scaphandre",
                "cmdline": "/usr/local/bin/scaphandrejson-s0--step-nano10000000-f/home/ce-p2-r-1/12/power.json",
                "pid": 458322,
                "resources_usage": null,
                "consumption": 244313.28,
                "timestamp": 1721774860.6890554,
                "container": null
            },
            {
                "exe": "",
                "cmdline": "",
                "pid": 125,
                "resources_usage": null,
                "consumption": 0.0,
                "timestamp": 1721774860.689023,
                "container": null
            },
            {
                "exe": "",
                "cmdline": "",
                "pid": 141,
                "resources_usage": null,
                "consumption": 0.0,
                "timestamp": 1721774860.689024,
                "container": null
            },
            {
                "exe": "",
                "cmdline": "",
                "pid": 458255,
                "resources_usage": null,
                "consumption": 0.0,
                "timestamp": 1721774860.6890242,
                "container": null
            },
            {
                "exe": "",
                "cmdline": "",
                "pid": 54,
                "resources_usage": null,
                "consumption": 0.0,
                "timestamp": 1721774860.6890244,
                "container": null
            },
            {
                "exe": "",
                "cmdline": "",
                "pid": 135,
                "resources_usage": null,
                "consumption": 0.0,
                "timestamp": 1721774860.6890252,
                "container": null
            },
            {
                "exe": "",
                "cmdline": "",
                "pid": 160,
                "resources_usage": null,
                "consumption": 0.0,
                "timestamp": 1721774860.6890256,
                "container": null
            },
            {
                "exe": "/usr/bin/udevadm",
                "cmdline": "/lib/systemd/systemd-udevd",
                "pid": 458270,
                "resources_usage": null,
                "consumption": 0.0,
                "timestamp": 1721774860.6890259,
                "container": null
            },
            {
                "exe": "",
                "cmdline": "",
                "pid": 241,
                "resources_usage": null,
                "consumption": 0.0,
                "timestamp": 1721774860.689026,
                "container": null
            }
        ],
        "sockets": [
            {
                "id": 0,
                "consumption": 10884046.0,
                "domains": [
                    {
                        "name": "uncore",
                        "consumption": 0.0,
                        "timestamp": 1721774860.672664
                    },
                    {
                        "name": "core",
                        "consumption": 8234524.0,
                        "timestamp": 1721774860.6726499
                    }
                ],
                "timestamp": 1721774860.6725419
            }
        ]
    },
    {
        "host": {
            "consumption": 15543960.0,
            "timestamp": 1721774860.7206604,
            "components": {
                "disks": [
                    {
                        "disk_type": "SSD",
                        "disk_mount_point": "/etc/hosts",
                        "disk_is_removable": false,
                        "disk_file_system": "ext4",
                        "disk_total_bytes": "33634926592",
                        "disk_available_bytes": "9873944576",
                        "disk_name": "/dev/nvme0n1p4"
                    }
                ]
            }
        },
        "consumers": [
            {
                "exe": "/",
                "cmdline": "runcinit",
                "pid": 458397,
                "resources_usage": null,
                "consumption": 260513.3,
                "timestamp": 1721774860.7206185,
                "container": null
            },
            {
                "exe": "/usr/local/bin/scaphandre",
                "cmdline": "/usr/local/bin/scaphandrejson-s0--step-nano10000000-f/home/ce-p2-r-1/12/power.json",
                "pid": 458322,
                "resources_usage": null,
                "consumption": 86837.766,
                "timestamp": 1721774860.7205925,
                "container": null
            },
            {
                "exe": "",
                "cmdline": "",
                "pid": 125,
                "resources_usage": null,
                "consumption": 0.0,
                "timestamp": 1721774860.7205594,
                "container": null
            },
            {
                "exe": "",
                "cmdline": "",
                "pid": 141,
                "resources_usage": null,
                "consumption": 0.0,
                "timestamp": 1721774860.7205608,
                "container": null
            },
            {
                "exe": "",
                "cmdline": "",
                "pid": 458255,
                "resources_usage": null,
                "consumption": 0.0,
                "timestamp": 1721774860.720561,
                "container": null
            },
            {
                "exe": "",
                "cmdline": "",
                "pid": 54,
                "resources_usage": null,
                "consumption": 0.0,
                "timestamp": 1721774860.7205613,
                "container": null
            },
            {
                "exe": "",
                "cmdline": "",
                "pid": 135,
                "resources_usage": null,
                "consumption": 0.0,
                "timestamp": 1721774860.7205617,
                "container": null
            },
            {
                "exe": "",
                "cmdline": "",
                "pid": 160,
                "resources_usage": null,
                "consumption": 0.0,
                "timestamp": 1721774860.720562,
                "container": null
            },
            {
                "exe": "/usr/bin/udevadm",
                "cmdline": "/lib/systemd/systemd-udevd",
                "pid": 458270,
                "resources_usage": null,
                "consumption": 0.0,
                "timestamp": 1721774860.7205622,
                "container": null
            },
            {
                "exe": "",
                "cmdline": "",
                "pid": 241,
                "resources_usage": null,
                "consumption": 0.0,
                "timestamp": 1721774860.7205627,
                "container": null
            }
        ],
        "sockets": [
            {
                "id": 0,
                "consumption": 25923922.0,
                "domains": [
                    {
                        "name": "uncore",
                        "consumption": 0.0,
                        "timestamp": 1721774860.7040994
                    },
                    {
                        "name": "core",
                        "consumption": 23211618.0,
                        "timestamp": 1721774860.7040882
                    }
                ],
                "timestamp": 1721774860.7039824
            }
        ]
    },
    {
        "host": {
            "consumption": 15126359.0,
            "timestamp": 1721774860.754034,
            "components": {
                "disks": [
                    {
                        "disk_type": "SSD",
                        "disk_mount_point": "/etc/hosts",
                        "disk_is_removable": false,
                        "disk_file_system": "ext4",
                        "disk_total_bytes": "33634926592",
                        "disk_available_bytes": "9873940480",
                        "disk_name": "/dev/nvme0n1p4"
                    }
                ]
            }
        },
        "consumers": [
            {
                "exe": "/",
                "cmdline": "runcinit",
                "pid": 458397,
                "resources_usage": null,
                "consumption": 253514.4,
                "timestamp": 1721774860.7537944,
                "container": null
            },
            {
                "exe": "/usr/local/bin/scaphandre",
                "cmdline": "/usr/local/bin/scaphandrejson-s0--step-nano10000000-f/home/ce-p2-r-1/12/power.json",
                "pid": 458322,
                "resources_usage": null,
                "consumption": 169009.6,
                "timestamp": 1721774860.753769,
                "container": null
            },
            {
                "exe": "/usr/bin/python3.10",
                "cmdline": "python3src/experiment/runner.pytest.yaml",
                "pid": 458168,
                "resources_usage": null,
                "consumption": 84504.8,
                "timestamp": 1721774860.753745,
                "container": null
            },
            {
                "exe": "",
                "cmdline": "",
                "pid": 125,
                "resources_usage": null,
                "consumption": 0.0,
                "timestamp": 1721774860.753734,
                "container": null
            },
            {
                "exe": "",
                "cmdline": "",
                "pid": 141,
                "resources_usage": null,
                "consumption": 0.0,
                "timestamp": 1721774860.753735,
                "container": null
            },
            {
                "exe": "",
                "cmdline": "",
                "pid": 458255,
                "resources_usage": null,
                "consumption": 0.0,
                "timestamp": 1721774860.7537353,
                "container": null
            },
            {
                "exe": "",
                "cmdline": "",
                "pid": 54,
                "resources_usage": null,
                "consumption": 0.0,
                "timestamp": 1721774860.7537355,
                "container": null
            },
            {
                "exe": "",
                "cmdline": "",
                "pid": 135,
                "resources_usage": null,
                "consumption": 0.0,
                "timestamp": 1721774860.753736,
                "container": null
            },
            {
                "exe": "",
                "cmdline": "",
                "pid": 160,
                "resources_usage": null,
                "consumption": 0.0,
                "timestamp": 1721774860.7537363,
                "container": null
            },
            {
                "exe": "/usr/bin/udevadm",
                "cmdline": "/lib/systemd/systemd-udevd",
                "pid": 458270,
                "resources_usage": null,
                "consumption": 0.0,
                "timestamp": 1721774860.7537365,
                "container": null
            }
        ],
        "sockets": [
            {
                "id": 0,
                "consumption": 12940744.0,
                "domains": [
                    {
                        "name": "uncore",
                        "consumption": 0.0,
                        "timestamp": 1721774860.7355354
                    },
                    {
                        "name": "core",
                        "consumption": 10406017.0,
                        "timestamp": 1721774860.7355206
                    }
                ],
                "timestamp": 1721774860.7353518
            }
        ]
    },
    {
        "host": {
            "consumption": 11985551.0,
            "timestamp": 1721774860.789085,
            "components": {
                "disks": [
                    {
                        "disk_type": "SSD",
                        "disk_mount_point": "/etc/hosts",
                        "disk_is_removable": false,
                        "disk_file_system": "ext4",
                        "disk_total_bytes": "33634926592",
                        "disk_available_bytes": "9873940480",
                        "disk_name": "/dev/nvme0n1p4"
                    }
                ]
            }
        },
        "consumers": [
            {
                "exe": "/",
                "cmdline": "runcinit",
                "pid": 458397,
                "resources_usage": null,
                "consumption": 267833.53,
                "timestamp": 1721774860.7888336,
                "container": null
            },
            {
                "exe": "/usr/local/bin/scaphandre",
                "cmdline": "/usr/local/bin/scaphandrejson-s0--step-nano10000000-f/home/ce-p2-r-1/12/power.json",
                "pid": 458322,
                "resources_usage": null,
                "consumption": 133916.77,
                "timestamp": 1721774860.788807,
                "container": null
            },
            {
                "exe": "",
                "cmdline": "",
                "pid": 125,
                "resources_usage": null,
                "consumption": 0.0,
                "timestamp": 1721774860.7887728,
                "container": null
            },
            {
                "exe": "",
                "cmdline": "",
                "pid": 141,
                "resources_usage": null,
                "consumption": 0.0,
                "timestamp": 1721774860.7887738,
                "container": null
            },
            {
                "exe": "",
                "cmdline": "",
                "pid": 458255,
                "resources_usage": null,
                "consumption": 0.0,
                "timestamp": 1721774860.788774,
                "container": null
            },
            {
                "exe": "",
                "cmdline": "",
                "pid": 54,
                "resources_usage": null,
                "consumption": 0.0,
                "timestamp": 1721774860.7887743,
                "container": null
            },
            {
                "exe": "",
                "cmdline": "",
                "pid": 135,
                "resources_usage": null,
                "consumption": 0.0,
                "timestamp": 1721774860.7887747,
                "container": null
            },
            {
                "exe": "",
                "cmdline": "",
                "pid": 160,
                "resources_usage": null,
                "consumption": 0.0,
                "timestamp": 1721774860.788775,
                "container": null
            },
            {
                "exe": "/usr/bin/udevadm",
                "cmdline": "/lib/systemd/systemd-udevd",
                "pid": 458270,
                "resources_usage": null,
                "consumption": 0.0,
                "timestamp": 1721774860.7887754,
                "container": null
            },
            {
                "exe": "",
                "cmdline": "",
                "pid": 241,
                "resources_usage": null,
                "consumption": 0.0,
                "timestamp": 1721774860.7887757,
                "container": null
            }
        ],
        "sockets": [
            {
                "id": 0,
                "consumption": 11645692.0,
                "domains": [
                    {
                        "name": "uncore",
                        "consumption": 0.0,
                        "timestamp": 1721774860.7696676
                    },
                    {
                        "name": "core",
                        "consumption": 9303180.0,
                        "timestamp": 1721774860.7694917
                    }
                ],
                "timestamp": 1721774860.7691667
            }
        ]
    },
    {
        "host": {
            "consumption": 17907388.0,
            "timestamp": 1721774860.827187,
            "components": {
                "disks": [
                    {
                        "disk_type": "SSD",
                        "disk_mount_point": "/etc/hosts",
                        "disk_is_removable": false,
                        "disk_file_system": "ext4",
                        "disk_total_bytes": "33634926592",
                        "disk_available_bytes": "9873936384",
                        "disk_name": "/dev/nvme0n1p4"
                    }
                ]
            }
        },
        "consumers": [
            {
                "exe": "/",
                "cmdline": "runcinit",
                "pid": 458397,
                "resources_usage": null,
                "consumption": 400165.1,
                "timestamp": 1721774860.8270912,
                "container": null
            },
            {
                "exe": "/usr/local/bin/scaphandre",
                "cmdline": "/usr/local/bin/scaphandrejson-s0--step-nano10000000-f/home/ce-p2-r-1/12/power.json",
                "pid": 458322,
                "resources_usage": null,
                "consumption": 200082.55,
                "timestamp": 1721774860.8270638,
                "container": null
            },
            {
                "exe": "",
                "cmdline": "",
                "pid": 125,
                "resources_usage": null,
                "consumption": 0.0,
                "timestamp": 1721774860.827029,
                "container": null
            },
            {
                "exe": "",
                "cmdline": "",
                "pid": 141,
                "resources_usage": null,
                "consumption": 0.0,
                "timestamp": 1721774860.82703,
                "container": null
            },
            {
                "exe": "",
                "cmdline": "",
                "pid": 458255,
                "resources_usage": null,
                "consumption": 0.0,
                "timestamp": 1721774860.8270302,
                "container": null
            },
            {
                "exe": "",
                "cmdline": "",
                "pid": 54,
                "resources_usage": null,
                "consumption": 0.0,
                "timestamp": 1721774860.8270304,
                "container": null
            },
            {
                "exe": "",
                "cmdline": "",
                "pid": 135,
                "resources_usage": null,
                "consumption": 0.0,
                "timestamp": 1721774860.827031,
                "container": null
            },
            {
                "exe": "",
                "cmdline": "",
                "pid": 160,
                "resources_usage": null,
                "consumption": 0.0,
                "timestamp": 1721774860.8270311,
                "container": null
            },
            {
                "exe": "/usr/bin/udevadm",
                "cmdline": "/lib/systemd/systemd-udevd",
                "pid": 458270,
                "resources_usage": null,
                "consumption": 0.0,
                "timestamp": 1721774860.8270314,
                "container": null
            },
            {
                "exe": "",
                "cmdline": "",
                "pid": 241,
                "resources_usage": null,
                "consumption": 0.0,
                "timestamp": 1721774860.8270319,
                "container": null
            }
        ],
        "sockets": [
            {
                "id": 0,
                "consumption": 16485345.0,
                "domains": [
                    {
                        "name": "uncore",
                        "consumption": 0.0,
                        "timestamp": 1721774860.8040175
                    },
                    {
                        "name": "core",
                        "consumption": 14369763.0,
                        "timestamp": 1721774860.8040066
                    }
                ],
                "timestamp": 1721774860.8038876
            }
        ]
    },
    {
        "host": {
            "consumption": 17966422.0,
            "timestamp": 1721774860.8610399,
            "components": {
                "disks": [
                    {
                        "disk_type": "SSD",
                        "disk_mount_point": "/etc/hosts",
                        "disk_is_removable": false,
                        "disk_file_system": "ext4",
                        "disk_total_bytes": "33634926592",
                        "disk_available_bytes": "9873936384",
                        "disk_name": "/dev/nvme0n1p4"
                    }
                ]
            }
        },
        "consumers": [
            {
                "exe": "/",
                "cmdline": "runcinit",
                "pid": 458397,
                "resources_usage": null,
                "consumption": 301113.22,
                "timestamp": 1721774860.860995,
                "container": null
            },
            {
                "exe": "/usr/local/bin/scaphandre",
                "cmdline": "/usr/local/bin/scaphandrejson-s0--step-nano10000000-f/home/ce-p2-r-1/12/power.json",
                "pid": 458322,
                "resources_usage": null,
                "consumption": 200742.14,
                "timestamp": 1721774860.8609705,
                "container": null
            },
            {
                "exe": "",
                "cmdline": "",
                "pid": 125,
                "resources_usage": null,
                "consumption": 0.0,
                "timestamp": 1721774860.8609362,
                "container": null
            },
            {
                "exe": "",
                "cmdline": "",
                "pid": 141,
                "resources_usage": null,
                "consumption": 0.0,
                "timestamp": 1721774860.860937,
                "container": null
            },
            {
                "exe": "",
                "cmdline": "",
                "pid": 458255,
                "resources_usage": null,
                "consumption": 0.0,
                "timestamp": 1721774860.8609374,
                "container": null
            },
            {
                "exe": "",
                "cmdline": "",
                "pid": 54,
                "resources_usage": null,
                "consumption": 0.0,
                "timestamp": 1721774860.8609376,
                "container": null
            },
            {
                "exe": "",
                "cmdline": "",
                "pid": 135,
                "resources_usage": null,
                "consumption": 0.0,
                "timestamp": 1721774860.8609378,
                "container": null
            },
            {
                "exe": "",
                "cmdline": "",
                "pid": 160,
                "resources_usage": null,
                "consumption": 0.0,
                "timestamp": 1721774860.860938,
                "container": null
            },
            {
                "exe": "/usr/bin/udevadm",
                "cmdline": "/lib/systemd/systemd-udevd",
                "pid": 458270,
                "resources_usage": null,
                "consumption": 0.0,
                "timestamp": 1721774860.8609383,
                "container": null
            },
            {
                "exe": "",
                "cmdline": "",
                "pid": 241,
                "resources_usage": null,
                "consumption": 0.0,
                "timestamp": 1721774860.8609388,
                "container": null
            }
        ],
        "sockets": [
            {
                "id": 0,
                "consumption": 20432568.0,
                "domains": [
                    {
                        "name": "uncore",
                        "consumption": 0.0,
                        "timestamp": 1721774860.8426182
                    },
                    {
                        "name": "core",
                        "consumption": 17963798.0,
                        "timestamp": 1721774860.8424885
                    }
                ],
                "timestamp": 1721774860.8422306
            }
        ]
    },
    {
        "host": {
            "consumption": 28447586.0,
            "timestamp": 1721774860.894761,
            "components": {
                "disks": [
                    {
                        "disk_type": "SSD",
                        "disk_mount_point": "/etc/hosts",
                        "disk_is_removable": false,
                        "disk_file_system": "ext4",
                        "disk_total_bytes": "33634926592",
                        "disk_available_bytes": "9873932288",
                        "disk_name": "/dev/nvme0n1p4"
                    }
                ]
            }
        },
        "consumers": [
            {
                "exe": "/",
                "cmdline": "runcinit",
                "pid": 458397,
                "resources_usage": null,
                "consumption": 635700.25,
                "timestamp": 1721774860.8947148,
                "container": null
            },
            {
                "exe": "/usr/local/bin/scaphandre",
                "cmdline": "/usr/local/bin/scaphandrejson-s0--step-nano10000000-f/home/ce-p2-r-1/12/power.json",
                "pid": 458322,
                "resources_usage": null,
                "consumption": 158925.06,
                "timestamp": 1721774860.894689,
                "container": null
            },
            {
                "exe": "",
                "cmdline": "",
                "pid": 125,
                "resources_usage": null,
                "consumption": 0.0,
                "timestamp": 1721774860.894655,
                "container": null
            },
            {
                "exe": "",
                "cmdline": "",
                "pid": 141,
                "resources_usage": null,
                "consumption": 0.0,
                "timestamp": 1721774860.894656,
                "container": null
            },
            {
                "exe": "",
                "cmdline": "",
                "pid": 458255,
                "resources_usage": null,
                "consumption": 0.0,
                "timestamp": 1721774860.8946562,
                "container": null
            },
            {
                "exe": "",
                "cmdline": "",
                "pid": 54,
                "resources_usage": null,
                "consumption": 0.0,
                "timestamp": 1721774860.8946564,
                "container": null
            },
            {
                "exe": "",
                "cmdline": "",
                "pid": 135,
                "resources_usage": null,
                "consumption": 0.0,
                "timestamp": 1721774860.894657,
                "container": null
            },
            {
                "exe": "",
                "cmdline": "",
                "pid": 160,
                "resources_usage": null,
                "consumption": 0.0,
                "timestamp": 1721774860.8946571,
                "container": null
            },
            {
                "exe": "/usr/bin/udevadm",
                "cmdline": "/lib/systemd/systemd-udevd",
                "pid": 458270,
                "resources_usage": null,
                "consumption": 0.0,
                "timestamp": 1721774860.8946574,
                "container": null
            },
            {
                "exe": "",
                "cmdline": "",
                "pid": 241,
                "resources_usage": null,
                "consumption": 0.0,
                "timestamp": 1721774860.8946579,
                "container": null
            }
        ],
        "sockets": [
            {
                "id": 0,
                "consumption": 17017570.0,
                "domains": [
                    {
                        "name": "uncore",
                        "consumption": 0.0,
                        "timestamp": 1721774860.875937
                    },
                    {
                        "name": "core",
                        "consumption": 14924239.0,
                        "timestamp": 1721774860.8759255
                    }
                ],
                "timestamp": 1721774860.8758225
            }
        ]
    },
    {
        "host": {
            "consumption": 13268699.0,
            "timestamp": 1721774860.927646,
            "components": {
                "disks": [
                    {
                        "disk_type": "SSD",
                        "disk_mount_point": "/etc/hosts",
                        "disk_is_removable": false,
                        "disk_file_system": "ext4",
                        "disk_total_bytes": "33634926592",
                        "disk_available_bytes": "9873932288",
                        "disk_name": "/dev/nvme0n1p4"
                    }
                ]
            }
        },
        "consumers": [
            {
                "exe": "/",
                "cmdline": "runcinit",
                "pid": 458397,
                "resources_usage": null,
                "consumption": 242720.1,
                "timestamp": 1721774860.9276083,
                "container": null
            },
            {
                "exe": "/usr/local/bin/scaphandre",
                "cmdline": "/usr/local/bin/scaphandrejson-s0--step-nano10000000-f/home/ce-p2-r-1/12/power.json",
                "pid": 458322,
                "resources_usage": null,
                "consumption": 161813.39,
                "timestamp": 1721774860.9275818,
                "container": null
            },
            {
                "exe": "",
                "cmdline": "",
                "pid": 125,
                "resources_usage": null,
                "consumption": 0.0,
                "timestamp": 1721774860.9275482,
                "container": null
            },
            {
                "exe": "",
                "cmdline": "",
                "pid": 141,
                "resources_usage": null,
                "consumption": 0.0,
                "timestamp": 1721774860.9275491,
                "container": null
            },
            {
                "exe": "",
                "cmdline": "",
                "pid": 458255,
                "resources_usage": null,
                "consumption": 0.0,
                "timestamp": 1721774860.9275494,
                "container": null
            },
            {
                "exe": "",
                "cmdline": "",
                "pid": 54,
                "resources_usage": null,
                "consumption": 0.0,
                "timestamp": 1721774860.9275498,
                "container": null
            },
            {
                "exe": "",
                "cmdline": "",
                "pid": 135,
                "resources_usage": null,
                "consumption": 0.0,
                "timestamp": 1721774860.92755,
                "container": null
            },
            {
                "exe": "",
                "cmdline": "",
                "pid": 160,
                "resources_usage": null,
                "consumption": 0.0,
                "timestamp": 1721774860.9275503,
                "container": null
            },
            {
                "exe": "/usr/bin/udevadm",
                "cmdline": "/lib/systemd/systemd-udevd",
                "pid": 458270,
                "resources_usage": null,
                "consumption": 0.0,
                "timestamp": 1721774860.9275506,
                "container": null
            },
            {
                "exe": "",
                "cmdline": "",
                "pid": 241,
                "resources_usage": null,
                "consumption": 0.0,
                "timestamp": 1721774860.927551,
                "container": null
            }
        ],
        "sockets": [
            {
                "id": 0,
                "consumption": 21636644.0,
                "domains": [
                    {
                        "name": "uncore",
                        "consumption": 0.0,
                        "timestamp": 1721774860.9097145
                    },
                    {
                        "name": "core",
                        "consumption": 19443912.0,
                        "timestamp": 1721774860.9097078
                    }
                ],
                "timestamp": 1721774860.9096057
            }
        ]
    },
    {
        "host": {
            "consumption": 11716094.0,
            "timestamp": 1721774860.961841,
            "components": {
                "disks": [
                    {
                        "disk_type": "SSD",
                        "disk_mount_point": "/etc/hosts",
                        "disk_is_removable": false,
                        "disk_file_system": "ext4",
                        "disk_total_bytes": "33634926592",
                        "disk_available_bytes": "9873928192",
                        "disk_name": "/dev/nvme0n1p4"
                    }
                ]
            }
        },
        "consumers": [
            {
                "exe": "/",
                "cmdline": "runcinit",
                "pid": 458397,
                "resources_usage": null,
                "consumption": 214318.78,
                "timestamp": 1721774860.9617403,
                "container": null
            },
            {
                "exe": "/usr/local/bin/scaphandre",
                "cmdline": "/usr/local/bin/scaphandrejson-s0--step-nano10000000-f/home/ce-p2-r-1/12/power.json",
                "pid": 458322,
                "resources_usage": null,
                "consumption": 142879.19,
                "timestamp": 1721774860.961704,
                "container": null
            },
            {
                "exe": "",
                "cmdline": "",
                "pid": 125,
                "resources_usage": null,
                "consumption": 0.0,
                "timestamp": 1721774860.961659,
                "container": null
            },
            {
                "exe": "",
                "cmdline": "",
                "pid": 141,
                "resources_usage": null,
                "consumption": 0.0,
                "timestamp": 1721774860.9616601,
                "container": null
            },
            {
                "exe": "",
                "cmdline": "",
                "pid": 458255,
                "resources_usage": null,
                "consumption": 0.0,
                "timestamp": 1721774860.9616604,
                "container": null
            },
            {
                "exe": "",
                "cmdline": "",
                "pid": 54,
                "resources_usage": null,
                "consumption": 0.0,
                "timestamp": 1721774860.9616609,
                "container": null
            },
            {
                "exe": "",
                "cmdline": "",
                "pid": 135,
                "resources_usage": null,
                "consumption": 0.0,
                "timestamp": 1721774860.961661,
                "container": null
            },
            {
                "exe": "",
                "cmdline": "",
                "pid": 160,
                "resources_usage": null,
                "consumption": 0.0,
                "timestamp": 1721774860.9616616,
                "container": null
            },
            {
                "exe": "/usr/bin/udevadm",
                "cmdline": "/lib/systemd/systemd-udevd",
                "pid": 458270,
                "resources_usage": null,
                "consumption": 0.0,
                "timestamp": 1721774860.9616618,
                "container": null
            },
            {
                "exe": "",
                "cmdline": "",
                "pid": 241,
                "resources_usage": null,
                "consumption": 0.0,
                "timestamp": 1721774860.9616623,
                "container": null
            }
        ],
        "sockets": [
            {
                "id": 0,
                "consumption": 10738227.0,
                "domains": [
                    {
                        "name": "uncore",
                        "consumption": 0.0,
                        "timestamp": 1721774860.9427288
                    },
                    {
                        "name": "core",
                        "consumption": 8498804.0,
                        "timestamp": 1721774860.9427216
                    }
                ],
                "timestamp": 1721774860.942618
            }
        ]
    },
    {
        "host": {
            "consumption": 12808622.0,
            "timestamp": 1721774860.9988043,
            "components": {
                "disks": [
                    {
                        "disk_type": "SSD",
                        "disk_mount_point": "/etc/hosts",
                        "disk_is_removable": false,
                        "disk_file_system": "ext4",
                        "disk_total_bytes": "33634926592",
                        "disk_available_bytes": "9873928192",
                        "disk_name": "/dev/nvme0n1p4"
                    }
                ]
            }
        },
        "consumers": [
            {
                "exe": "/",
                "cmdline": "runcinit",
                "pid": 458397,
                "resources_usage": null,
                "consumption": 312405.4,
                "timestamp": 1721774860.9987054,
                "container": null
            },
            {
                "exe": "/usr/local/bin/scaphandre",
                "cmdline": "/usr/local/bin/scaphandrejson-s0--step-nano10000000-f/home/ce-p2-r-1/12/power.json",
                "pid": 458322,
                "resources_usage": null,
                "consumption": 234304.05,
                "timestamp": 1721774860.998669,
                "container": null
            },
            {
                "exe": "",
                "cmdline": "",
                "pid": 125,
                "resources_usage": null,
                "consumption": 0.0,
                "timestamp": 1721774860.9986238,
                "container": null
            },
            {
                "exe": "",
                "cmdline": "",
                "pid": 141,
                "resources_usage": null,
                "consumption": 0.0,
                "timestamp": 1721774860.9986248,
                "container": null
            },
            {
                "exe": "",
                "cmdline": "",
                "pid": 458255,
                "resources_usage": null,
                "consumption": 0.0,
                "timestamp": 1721774860.9986253,
                "container": null
            },
            {
                "exe": "",
                "cmdline": "",
                "pid": 54,
                "resources_usage": null,
                "consumption": 0.0,
                "timestamp": 1721774860.9986255,
                "container": null
            },
            {
                "exe": "",
                "cmdline": "",
                "pid": 135,
                "resources_usage": null,
                "consumption": 0.0,
                "timestamp": 1721774860.9986258,
                "container": null
            },
            {
                "exe": "",
                "cmdline": "",
                "pid": 160,
                "resources_usage": null,
                "consumption": 0.0,
                "timestamp": 1721774860.998626,
                "container": null
            },
            {
                "exe": "/usr/bin/udevadm",
                "cmdline": "/lib/systemd/systemd-udevd",
                "pid": 458270,
                "resources_usage": null,
                "consumption": 0.0,
                "timestamp": 1721774860.9986262,
                "container": null
            },
            {
                "exe": "",
                "cmdline": "",
                "pid": 241,
                "resources_usage": null,
                "consumption": 0.0,
                "timestamp": 1721774860.9986267,
                "container": null
            }
        ],
        "sockets": [
            {
                "id": 0,
                "consumption": 11918329.0,
                "domains": [
                    {
                        "name": "uncore",
                        "consumption": 0.0,
                        "timestamp": 1721774860.9793692
                    },
                    {
                        "name": "core",
                        "consumption": 9718284.0,
                        "timestamp": 1721774860.9793553
                    }
                ],
                "timestamp": 1721774860.9791927
            }
        ]
    },
    {
        "host": {
            "consumption": 14154874.0,
            "timestamp": 1721774861.0355291,
            "components": {
                "disks": [
                    {
                        "disk_type": "SSD",
                        "disk_mount_point": "/etc/hosts",
                        "disk_is_removable": false,
                        "disk_file_system": "ext4",
                        "disk_total_bytes": "33634926592",
                        "disk_available_bytes": "9873928192",
                        "disk_name": "/dev/nvme0n1p4"
                    }
                ]
            }
        },
        "consumers": [
            {
                "exe": "/",
                "cmdline": "runcinit",
                "pid": 458397,
                "resources_usage": null,
                "consumption": 345240.8,
                "timestamp": 1721774861.035426,
                "container": null
            },
            {
                "exe": "/usr/local/bin/scaphandre",
                "cmdline": "/usr/local/bin/scaphandrejson-s0--step-nano10000000-f/home/ce-p2-r-1/12/power.json",
                "pid": 458322,
                "resources_usage": null,
                "consumption": 172620.4,
                "timestamp": 1721774861.0353997,
                "container": null
            },
            {
                "exe": "",
                "cmdline": "",
                "pid": 125,
                "resources_usage": null,
                "consumption": 0.0,
                "timestamp": 1721774861.035365,
                "container": null
            },
            {
                "exe": "",
                "cmdline": "",
                "pid": 141,
                "resources_usage": null,
                "consumption": 0.0,
                "timestamp": 1721774861.035366,
                "container": null
            },
            {
                "exe": "",
                "cmdline": "",
                "pid": 458255,
                "resources_usage": null,
                "consumption": 0.0,
                "timestamp": 1721774861.0353663,
                "container": null
            },
            {
                "exe": "",
                "cmdline": "",
                "pid": 54,
                "resources_usage": null,
                "consumption": 0.0,
                "timestamp": 1721774861.0353668,
                "container": null
            },
            {
                "exe": "",
                "cmdline": "",
                "pid": 135,
                "resources_usage": null,
                "consumption": 0.0,
                "timestamp": 1721774861.0353673,
                "container": null
            },
            {
                "exe": "",
                "cmdline": "",
                "pid": 160,
                "resources_usage": null,
                "consumption": 0.0,
                "timestamp": 1721774861.0353675,
                "container": null
            },
            {
                "exe": "/usr/bin/udevadm",
                "cmdline": "/lib/systemd/systemd-udevd",
                "pid": 458270,
                "resources_usage": null,
                "consumption": 0.0,
                "timestamp": 1721774861.0353677,
                "container": null
            },
            {
                "exe": "",
                "cmdline": "",
                "pid": 241,
                "resources_usage": null,
                "consumption": 0.0,
                "timestamp": 1721774861.0353682,
                "container": null
            }
        ],
        "sockets": [
            {
                "id": 0,
                "consumption": 19537064.0,
                "domains": [
                    {
                        "name": "uncore",
                        "consumption": 0.0,
                        "timestamp": 1721774861.0164514
                    },
                    {
                        "name": "core",
                        "consumption": 17370364.0,
                        "timestamp": 1721774861.0163832
                    }
                ],
                "timestamp": 1721774861.0160973
            }
        ]
    },
    {
        "host": {
            "consumption": 22456018.0,
            "timestamp": 1721774861.0708737,
            "components": {
                "disks": [
                    {
                        "disk_type": "SSD",
                        "disk_mount_point": "/etc/hosts",
                        "disk_is_removable": false,
                        "disk_file_system": "ext4",
                        "disk_total_bytes": "33634926592",
                        "disk_available_bytes": "9873924096",
                        "disk_name": "/dev/nvme0n1p4"
                    }
                ]
            }
        },
        "consumers": [
            {
                "exe": "/",
                "cmdline": "runcinit",
                "pid": 458397,
                "resources_usage": null,
                "consumption": 410780.8,
                "timestamp": 1721774861.070778,
                "container": null
            },
            {
                "exe": "/usr/local/bin/scaphandre",
                "cmdline": "/usr/local/bin/scaphandrejson-s0--step-nano10000000-f/home/ce-p2-r-1/12/power.json",
                "pid": 458322,
                "resources_usage": null,
                "consumption": 273853.84,
                "timestamp": 1721774861.0707366,
                "container": null
            },
            {
                "exe": "",
                "cmdline": "",
                "pid": 125,
                "resources_usage": null,
                "consumption": 0.0,
                "timestamp": 1721774861.0706842,
                "container": null
            },
            {
                "exe": "",
                "cmdline": "",
                "pid": 141,
                "resources_usage": null,
                "consumption": 0.0,
                "timestamp": 1721774861.0706854,
                "container": null
            },
            {
                "exe": "",
                "cmdline": "",
                "pid": 458255,
                "resources_usage": null,
                "consumption": 0.0,
                "timestamp": 1721774861.0706856,
                "container": null
            },
            {
                "exe": "",
                "cmdline": "",
                "pid": 54,
                "resources_usage": null,
                "consumption": 0.0,
                "timestamp": 1721774861.0706863,
                "container": null
            },
            {
                "exe": "",
                "cmdline": "",
                "pid": 135,
                "resources_usage": null,
                "consumption": 0.0,
                "timestamp": 1721774861.0706866,
                "container": null
            },
            {
                "exe": "",
                "cmdline": "",
                "pid": 160,
                "resources_usage": null,
                "consumption": 0.0,
                "timestamp": 1721774861.070687,
                "container": null
            },
            {
                "exe": "/usr/bin/udevadm",
                "cmdline": "/lib/systemd/systemd-udevd",
                "pid": 458270,
                "resources_usage": null,
                "consumption": 0.0,
                "timestamp": 1721774861.0706875,
                "container": null
            },
            {
                "exe": "",
                "cmdline": "",
                "pid": 241,
                "resources_usage": null,
                "consumption": 0.0,
                "timestamp": 1721774861.070688,
                "container": null
            }
        ],
        "sockets": [
            {
                "id": 0,
                "consumption": 14937603.0,
                "domains": [
                    {
                        "name": "uncore",
                        "consumption": 0.0,
                        "timestamp": 1721774861.0508883
                    },
                    {
                        "name": "core",
                        "consumption": 12817032.0,
                        "timestamp": 1721774861.0508697
                    }
                ],
                "timestamp": 1721774861.0505872
            }
        ]
    },
    {
        "host": {
            "consumption": 14780708.0,
            "timestamp": 1721774861.108546,
            "components": {
                "disks": [
                    {
                        "disk_type": "SSD",
                        "disk_mount_point": "/etc/hosts",
                        "disk_is_removable": false,
                        "disk_file_system": "ext4",
                        "disk_total_bytes": "33634926592",
                        "disk_available_bytes": "9873924096",
                        "disk_name": "/dev/nvme0n1p4"
                    }
                ]
            }
        },
        "consumers": [
            {
                "exe": "/",
                "cmdline": "runcinit",
                "pid": 458397,
                "resources_usage": null,
                "consumption": 360505.03,
                "timestamp": 1721774861.1082964,
                "container": null
            },
            {
                "exe": "/usr/local/bin/scaphandre",
                "cmdline": "/usr/local/bin/scaphandrejson-s0--step-nano10000000-f/home/ce-p2-r-1/12/power.json",
                "pid": 458322,
                "resources_usage": null,
                "consumption": 180252.52,
                "timestamp": 1721774861.1082702,
                "container": null
            },
            {
                "exe": "",
                "cmdline": "",
                "pid": 125,
                "resources_usage": null,
                "consumption": 0.0,
                "timestamp": 1721774861.1082017,
                "container": null
            },
            {
                "exe": "",
                "cmdline": "",
                "pid": 141,
                "resources_usage": null,
                "consumption": 0.0,
                "timestamp": 1721774861.1082027,
                "container": null
            },
            {
                "exe": "",
                "cmdline": "",
                "pid": 458255,
                "resources_usage": null,
                "consumption": 0.0,
                "timestamp": 1721774861.108203,
                "container": null
            },
            {
                "exe": "",
                "cmdline": "",
                "pid": 54,
                "resources_usage": null,
                "consumption": 0.0,
                "timestamp": 1721774861.1082034,
                "container": null
            },
            {
                "exe": "",
                "cmdline": "",
                "pid": 135,
                "resources_usage": null,
                "consumption": 0.0,
                "timestamp": 1721774861.1082036,
                "container": null
            },
            {
                "exe": "",
                "cmdline": "",
                "pid": 160,
                "resources_usage": null,
                "consumption": 0.0,
                "timestamp": 1721774861.1082041,
                "container": null
            },
            {
                "exe": "/usr/bin/udevadm",
                "cmdline": "/lib/systemd/systemd-udevd",
                "pid": 458270,
                "resources_usage": null,
                "consumption": 0.0,
                "timestamp": 1721774861.1082044,
                "container": null
            },
            {
                "exe": "",
                "cmdline": "",
                "pid": 241,
                "resources_usage": null,
                "consumption": 0.0,
                "timestamp": 1721774861.1082048,
                "container": null
            }
        ],
        "sockets": [
            {
                "id": 0,
                "consumption": 18919288.0,
                "domains": [
                    {
                        "name": "uncore",
                        "consumption": 0.0,
                        "timestamp": 1721774861.0886247
                    },
                    {
                        "name": "core",
                        "consumption": 16790988.0,
                        "timestamp": 1721774861.0885572
                    }
                ],
                "timestamp": 1721774861.0883548
            }
        ]
    },
    {
        "host": {
            "consumption": 10147730.0,
            "timestamp": 1721774861.1427693,
            "components": {
                "disks": [
                    {
                        "disk_type": "SSD",
                        "disk_mount_point": "/etc/hosts",
                        "disk_is_removable": false,
                        "disk_file_system": "ext4",
                        "disk_total_bytes": "33634926592",
                        "disk_available_bytes": "9873920000",
                        "disk_name": "/dev/nvme0n1p4"
                    }
                ]
            }
        },
        "consumers": [
            {
                "exe": "/",
                "cmdline": "runcinit",
                "pid": 458397,
                "resources_usage": null,
                "consumption": 176995.3,
                "timestamp": 1721774861.1426702,
                "container": null
            },
            {
                "exe": "/usr/local/bin/scaphandre",
                "cmdline": "/usr/local/bin/scaphandrejson-s0--step-nano10000000-f/home/ce-p2-r-1/12/power.json",
                "pid": 458322,
                "resources_usage": null,
                "consumption": 117996.86,
                "timestamp": 1721774861.142645,
                "container": null
            },
            {
                "exe": "",
                "cmdline": "",
                "pid": 125,
                "resources_usage": null,
                "consumption": 0.0,
                "timestamp": 1721774861.1426113,
                "container": null
            },
            {
                "exe": "",
                "cmdline": "",
                "pid": 141,
                "resources_usage": null,
                "consumption": 0.0,
                "timestamp": 1721774861.1426127,
                "container": null
            },
            {
                "exe": "",
                "cmdline": "",
                "pid": 458255,
                "resources_usage": null,
                "consumption": 0.0,
                "timestamp": 1721774861.142613,
                "container": null
            },
            {
                "exe": "",
                "cmdline": "",
                "pid": 54,
                "resources_usage": null,
                "consumption": 0.0,
                "timestamp": 1721774861.1426132,
                "container": null
            },
            {
                "exe": "",
                "cmdline": "",
                "pid": 135,
                "resources_usage": null,
                "consumption": 0.0,
                "timestamp": 1721774861.1426134,
                "container": null
            },
            {
                "exe": "",
                "cmdline": "",
                "pid": 160,
                "resources_usage": null,
                "consumption": 0.0,
                "timestamp": 1721774861.142614,
                "container": null
            },
            {
                "exe": "/usr/bin/udevadm",
                "cmdline": "/lib/systemd/systemd-udevd",
                "pid": 458270,
                "resources_usage": null,
                "consumption": 0.0,
                "timestamp": 1721774861.142614,
                "container": null
            },
            {
                "exe": "",
                "cmdline": "",
                "pid": 241,
                "resources_usage": null,
                "consumption": 0.0,
                "timestamp": 1721774861.1426144,
                "container": null
            }
        ],
        "sockets": [
            {
                "id": 0,
                "consumption": 11705938.0,
                "domains": [
                    {
                        "name": "uncore",
                        "consumption": 0.0,
                        "timestamp": 1721774861.1234741
                    },
                    {
                        "name": "core",
                        "consumption": 9567991.0,
                        "timestamp": 1721774861.1234636
                    }
                ],
                "timestamp": 1721774861.1233513
            }
        ]
    },
    {
        "host": {
            "consumption": 24479656.0,
            "timestamp": 1721774861.1774037,
            "components": {
                "disks": [
                    {
                        "disk_type": "SSD",
                        "disk_mount_point": "/etc/hosts",
                        "disk_is_removable": false,
                        "disk_file_system": "ext4",
                        "disk_total_bytes": "33634926592",
                        "disk_available_bytes": "9873920000",
                        "disk_name": "/dev/nvme0n1p4"
                    }
                ]
            }
        },
        "consumers": [
            {
                "exe": "/",
                "cmdline": "runcinit",
                "pid": 458397,
                "resources_usage": null,
                "consumption": 569294.3,
                "timestamp": 1721774861.1772077,
                "container": null
            },
            {
                "exe": "/usr/local/bin/scaphandre",
                "cmdline": "/usr/local/bin/scaphandrejson-s0--step-nano10000000-f/home/ce-p2-r-1/12/power.json",
                "pid": 458322,
                "resources_usage": null,
                "consumption": 284647.16,
                "timestamp": 1721774861.1771803,
                "container": null
            },
            {
                "exe": "",
                "cmdline": "",
                "pid": 125,
                "resources_usage": null,
                "consumption": 0.0,
                "timestamp": 1721774861.177144,
                "container": null
            },
            {
                "exe": "",
                "cmdline": "",
                "pid": 141,
                "resources_usage": null,
                "consumption": 0.0,
                "timestamp": 1721774861.177145,
                "container": null
            },
            {
                "exe": "",
                "cmdline": "",
                "pid": 458255,
                "resources_usage": null,
                "consumption": 0.0,
                "timestamp": 1721774861.1771452,
                "container": null
            },
            {
                "exe": "",
                "cmdline": "",
                "pid": 54,
                "resources_usage": null,
                "consumption": 0.0,
                "timestamp": 1721774861.1771455,
                "container": null
            },
            {
                "exe": "",
                "cmdline": "",
                "pid": 135,
                "resources_usage": null,
                "consumption": 0.0,
                "timestamp": 1721774861.177146,
                "container": null
            },
            {
                "exe": "",
                "cmdline": "",
                "pid": 160,
                "resources_usage": null,
                "consumption": 0.0,
                "timestamp": 1721774861.1771462,
                "container": null
            },
            {
                "exe": "/usr/bin/udevadm",
                "cmdline": "/lib/systemd/systemd-udevd",
                "pid": 458270,
                "resources_usage": null,
                "consumption": 0.0,
                "timestamp": 1721774861.1771464,
                "container": null
            },
            {
                "exe": "",
                "cmdline": "",
                "pid": 241,
                "resources_usage": null,
                "consumption": 0.0,
                "timestamp": 1721774861.1771472,
                "container": null
            }
        ],
        "sockets": [
            {
                "id": 0,
                "consumption": 13038929.0,
                "domains": [
                    {
                        "name": "uncore",
                        "consumption": 0.0,
                        "timestamp": 1721774861.1583579
                    },
                    {
                        "name": "core",
                        "consumption": 10831496.0,
                        "timestamp": 1721774861.1581693
                    }
                ],
                "timestamp": 1721774861.157883
            }
        ]
    },
    {
        "host": {
            "consumption": 21641906.0,
            "timestamp": 1721774861.2115989,
            "components": {
                "disks": [
                    {
                        "disk_type": "SSD",
                        "disk_mount_point": "/etc/hosts",
                        "disk_is_removable": false,
                        "disk_file_system": "ext4",
                        "disk_total_bytes": "33634926592",
                        "disk_available_bytes": "9873915904",
                        "disk_name": "/dev/nvme0n1p4"
                    }
                ]
            }
        },
        "consumers": [
            {
                "exe": "/",
                "cmdline": "runcinit",
                "pid": 458397,
                "resources_usage": null,
                "consumption": 377475.12,
                "timestamp": 1721774861.2115338,
                "container": null
            },
            {
                "exe": "/usr/local/bin/scaphandre",
                "cmdline": "/usr/local/bin/scaphandrejson-s0--step-nano10000000-f/home/ce-p2-r-1/12/power.json",
                "pid": 458322,
                "resources_usage": null,
                "consumption": 125825.03,
                "timestamp": 1721774861.2114909,
                "container": null
            },
            {
                "exe": "",
                "cmdline": "",
                "pid": 125,
                "resources_usage": null,
                "consumption": 0.0,
                "timestamp": 1721774861.2114365,
                "container": null
            },
            {
                "exe": "",
                "cmdline": "",
                "pid": 141,
                "resources_usage": null,
                "consumption": 0.0,
                "timestamp": 1721774861.2114375,
                "container": null
            },
            {
                "exe": "",
                "cmdline": "",
                "pid": 458255,
                "resources_usage": null,
                "consumption": 0.0,
                "timestamp": 1721774861.2114384,
                "container": null
            },
            {
                "exe": "",
                "cmdline": "",
                "pid": 54,
                "resources_usage": null,
                "consumption": 0.0,
                "timestamp": 1721774861.211439,
                "container": null
            },
            {
                "exe": "",
                "cmdline": "",
                "pid": 135,
                "resources_usage": null,
                "consumption": 0.0,
                "timestamp": 1721774861.2114391,
                "container": null
            },
            {
                "exe": "",
                "cmdline": "",
                "pid": 160,
                "resources_usage": null,
                "consumption": 0.0,
                "timestamp": 1721774861.2114396,
                "container": null
            },
            {
                "exe": "/usr/bin/udevadm",
                "cmdline": "/lib/systemd/systemd-udevd",
                "pid": 458270,
                "resources_usage": null,
                "consumption": 0.0,
                "timestamp": 1721774861.21144,
                "container": null
            },
            {
                "exe": "",
                "cmdline": "",
                "pid": 241,
                "resources_usage": null,
                "consumption": 0.0,
                "timestamp": 1721774861.2114406,
                "container": null
            }
        ],
        "sockets": [
            {
                "id": 0,
                "consumption": 31704932.0,
                "domains": [
                    {
                        "name": "uncore",
                        "consumption": 0.0,
                        "timestamp": 1721774861.1926985
                    },
                    {
                        "name": "core",
                        "consumption": 29398362.0,
                        "timestamp": 1721774861.1924837
                    }
                ],
                "timestamp": 1721774861.1921246
            }
        ]
    },
    {
        "host": {
            "consumption": 23181442.0,
            "timestamp": 1721774861.2471092,
            "components": {
                "disks": [
                    {
                        "disk_type": "SSD",
                        "disk_mount_point": "/etc/hosts",
                        "disk_is_removable": false,
                        "disk_file_system": "ext4",
                        "disk_total_bytes": "33634926592",
                        "disk_available_bytes": "9873915904",
                        "disk_name": "/dev/nvme0n1p4"
                    }
                ]
            }
        },
        "consumers": [
            {
                "exe": "/",
                "cmdline": "runcinit",
                "pid": 458397,
                "resources_usage": null,
                "consumption": 539103.3,
                "timestamp": 1721774861.247072,
                "container": null
            },
            {
                "exe": "/usr/local/bin/scaphandre",
                "cmdline": "/usr/local/bin/scaphandrejson-s0--step-nano10000000-f/home/ce-p2-r-1/12/power.json",
                "pid": 458322,
                "resources_usage": null,
                "consumption": 269551.66,
                "timestamp": 1721774861.2470453,
                "container": null
            },
            {
                "exe": "",
                "cmdline": "",
                "pid": 125,
                "resources_usage": null,
                "consumption": 0.0,
                "timestamp": 1721774861.2470102,
                "container": null
            },
            {
                "exe": "",
                "cmdline": "",
                "pid": 141,
                "resources_usage": null,
                "consumption": 0.0,
                "timestamp": 1721774861.2470112,
                "container": null
            },
            {
                "exe": "",
                "cmdline": "",
                "pid": 458255,
                "resources_usage": null,
                "consumption": 0.0,
                "timestamp": 1721774861.2470117,
                "container": null
            },
            {
                "exe": "",
                "cmdline": "",
                "pid": 54,
                "resources_usage": null,
                "consumption": 0.0,
                "timestamp": 1721774861.2470121,
                "container": null
            },
            {
                "exe": "",
                "cmdline": "",
                "pid": 135,
                "resources_usage": null,
                "consumption": 0.0,
                "timestamp": 1721774861.2470126,
                "container": null
            },
            {
                "exe": "",
                "cmdline": "",
                "pid": 160,
                "resources_usage": null,
                "consumption": 0.0,
                "timestamp": 1721774861.2470129,
                "container": null
            },
            {
                "exe": "/usr/bin/udevadm",
                "cmdline": "/lib/systemd/systemd-udevd",
                "pid": 458270,
                "resources_usage": null,
                "consumption": 0.0,
                "timestamp": 1721774861.2470133,
                "container": null
            },
            {
                "exe": "",
                "cmdline": "",
                "pid": 241,
                "resources_usage": null,
                "consumption": 0.0,
                "timestamp": 1721774861.2470136,
                "container": null
            }
        ],
        "sockets": [
            {
                "id": 0,
                "consumption": 19469288.0,
                "domains": [
                    {
                        "name": "uncore",
                        "consumption": 0.0,
                        "timestamp": 1721774861.2291105
                    },
                    {
                        "name": "core",
                        "consumption": 17403012.0,
                        "timestamp": 1721774861.2290387
                    }
                ],
                "timestamp": 1721774861.2288253
            }
        ]
    },
    {
        "host": {
            "consumption": 12450557.0,
            "timestamp": 1721774861.2803607,
            "components": {
                "disks": [
                    {
                        "disk_type": "SSD",
                        "disk_mount_point": "/etc/hosts",
                        "disk_is_removable": false,
                        "disk_file_system": "ext4",
                        "disk_total_bytes": "33634926592",
                        "disk_available_bytes": "9873911808",
                        "disk_name": "/dev/nvme0n1p4"
                    }
                ]
            }
        },
        "consumers": [
            {
                "exe": "/",
                "cmdline": "runcinit",
                "pid": 458397,
                "resources_usage": null,
                "consumption": 217160.89,
                "timestamp": 1721774861.2803237,
                "container": null
            },
            {
                "exe": "/usr/local/bin/scaphandre",
                "cmdline": "/usr/local/bin/scaphandrejson-s0--step-nano10000000-f/home/ce-p2-r-1/12/power.json",
                "pid": 458322,
                "resources_usage": null,
                "consumption": 144773.9,
                "timestamp": 1721774861.2802978,
                "container": null
            },
            {
                "exe": "",
                "cmdline": "",
                "pid": 125,
                "resources_usage": null,
                "consumption": 0.0,
                "timestamp": 1721774861.2802653,
                "container": null
            },
            {
                "exe": "",
                "cmdline": "",
                "pid": 141,
                "resources_usage": null,
                "consumption": 0.0,
                "timestamp": 1721774861.2802663,
                "container": null
            },
            {
                "exe": "",
                "cmdline": "",
                "pid": 458255,
                "resources_usage": null,
                "consumption": 0.0,
                "timestamp": 1721774861.2802665,
                "container": null
            },
            {
                "exe": "",
                "cmdline": "",
                "pid": 54,
                "resources_usage": null,
                "consumption": 0.0,
                "timestamp": 1721774861.2802668,
                "container": null
            },
            {
                "exe": "",
                "cmdline": "",
                "pid": 135,
                "resources_usage": null,
                "consumption": 0.0,
                "timestamp": 1721774861.2802672,
                "container": null
            },
            {
                "exe": "",
                "cmdline": "",
                "pid": 160,
                "resources_usage": null,
                "consumption": 0.0,
                "timestamp": 1721774861.2802675,
                "container": null
            },
            {
                "exe": "/usr/bin/udevadm",
                "cmdline": "/lib/systemd/systemd-udevd",
                "pid": 458270,
                "resources_usage": null,
                "consumption": 0.0,
                "timestamp": 1721774861.2802677,
                "container": null
            },
            {
                "exe": "",
                "cmdline": "",
                "pid": 241,
                "resources_usage": null,
                "consumption": 0.0,
                "timestamp": 1721774861.280268,
                "container": null
            }
        ],
        "sockets": [
            {
                "id": 0,
                "consumption": 16254666.0,
                "domains": [
                    {
                        "name": "uncore",
                        "consumption": 0.0,
                        "timestamp": 1721774861.2621584
                    },
                    {
                        "name": "core",
                        "consumption": 14126636.0,
                        "timestamp": 1721774861.2621515
                    }
                ],
                "timestamp": 1721774861.2620413
            }
        ]
    },
    {
        "host": {
            "consumption": 13204685.0,
            "timestamp": 1721774861.314103,
            "components": {
                "disks": [
                    {
                        "disk_type": "SSD",
                        "disk_mount_point": "/etc/hosts",
                        "disk_is_removable": false,
                        "disk_file_system": "ext4",
                        "disk_total_bytes": "33634926592",
                        "disk_available_bytes": "9873911808",
                        "disk_name": "/dev/nvme0n1p4"
                    }
                ]
            }
        },
        "consumers": [
            {
                "exe": "/",
                "cmdline": "runcinit",
                "pid": 458397,
                "resources_usage": null,
                "consumption": 230314.28,
                "timestamp": 1721774861.3138497,
                "container": null
            },
            {
                "exe": "/usr/local/bin/scaphandre",
                "cmdline": "/usr/local/bin/scaphandrejson-s0--step-nano10000000-f/home/ce-p2-r-1/12/power.json",
                "pid": 458322,
                "resources_usage": null,
                "consumption": 153542.84,
                "timestamp": 1721774861.313823,
                "container": null
            },
            {
                "exe": "",
                "cmdline": "",
                "pid": 125,
                "resources_usage": null,
                "consumption": 0.0,
                "timestamp": 1721774861.3137884,
                "container": null
            },
            {
                "exe": "",
                "cmdline": "",
                "pid": 141,
                "resources_usage": null,
                "consumption": 0.0,
                "timestamp": 1721774861.3137894,
                "container": null
            },
            {
                "exe": "",
                "cmdline": "",
                "pid": 458255,
                "resources_usage": null,
                "consumption": 0.0,
                "timestamp": 1721774861.3137896,
                "container": null
            },
            {
                "exe": "",
                "cmdline": "",
                "pid": 54,
                "resources_usage": null,
                "consumption": 0.0,
                "timestamp": 1721774861.3137898,
                "container": null
            },
            {
                "exe": "",
                "cmdline": "",
                "pid": 135,
                "resources_usage": null,
                "consumption": 0.0,
                "timestamp": 1721774861.31379,
                "container": null
            },
            {
                "exe": "",
                "cmdline": "",
                "pid": 160,
                "resources_usage": null,
                "consumption": 0.0,
                "timestamp": 1721774861.3137906,
                "container": null
            },
            {
                "exe": "/usr/bin/udevadm",
                "cmdline": "/lib/systemd/systemd-udevd",
                "pid": 458270,
                "resources_usage": null,
                "consumption": 0.0,
                "timestamp": 1721774861.3137908,
                "container": null
            },
            {
                "exe": "",
                "cmdline": "",
                "pid": 241,
                "resources_usage": null,
                "consumption": 0.0,
                "timestamp": 1721774861.3137913,
                "container": null
            }
        ],
        "sockets": [
            {
                "id": 0,
                "consumption": 13940886.0,
                "domains": [
                    {
                        "name": "uncore",
                        "consumption": 0.0,
                        "timestamp": 1721774861.295264
                    },
                    {
                        "name": "core",
                        "consumption": 11784673.0,
                        "timestamp": 1721774861.2952569
                    }
                ],
                "timestamp": 1721774861.2951531
            }
        ]
    }
]