{
    "timestamp_analysis": {
        "mean": 0.025207969258507466,
        "std": 0.0016587475340301867,
        "min": 0.02237105369567871,
        "max": 0.034731149673461914,
        "median": 0.024805545806884766,
        "running_time": 16.183630228042603
    },
    "host_energy_analysis": {
        "total": 280.83884904897604,
        "per_repetition": 5.616776980979521e-09
    },
    "host_power_analysis": {
        "mean": 17.380532191290822,
        "std": 5.117730174637673,
        "min": 5.023199,
        "max": 34.784892,
        "median": 17.529022
    },
    "process_energy_analysis": {
        "total": 4.220478651439111,
        "per_repetition": 8.440957302878222e-11
    }
}