{
    "timestamp_analysis": {
        "mean": 0.024731173063272365,
        "std": 0.0016182563992613312,
        "min": 0.021322011947631836,
        "max": 0.03274059295654297,
        "median": 0.024305224418640137,
        "running_time": 16.174381256103516
    },
    "host_energy_analysis": {
        "total": 274.0959354350226,
        "per_repetition": 5.481918708700452e-09
    },
    "host_power_analysis": {
        "mean": 16.96788843206107,
        "std": 5.197783109221346,
        "min": 2.797674,
        "max": 38.78251,
        "median": 16.840268
    },
    "process_energy_analysis": {
        "total": 4.043915156760004,
        "per_repetition": 8.087830313520008e-11
    }
}