{
    "timestamp_analysis": {
        "mean": 0.03681025505065918,
        "std": 0.0027258002653918565,
        "min": 0.032793283462524414,
        "max": 0.0481722354888916,
        "median": 0.03597235679626465,
        "running_time": 10.859160661697388
    },
    "host_energy_analysis": {
        "total": 266.11686377053854,
        "per_repetition": 0.0008870562125684619
    },
    "host_power_analysis": {
        "mean": 24.303083942567568,
        "std": 7.819492716510405,
        "min": 9.099579,
        "max": 48.870136,
        "median": 23.901215999999998
    },
    "process_energy_analysis": {
        "total": 10.884904551457673,
        "per_repetition": 3.6283015171525574e-05
    }
}