{
    "timestamp_analysis": {
        "mean": 0.034263275856534464,
        "std": 0.0016393295968363253,
        "min": 0.030889272689819336,
        "max": 0.042337656021118164,
        "median": 0.03387320041656494,
        "running_time": 31.38527202606201
    },
    "host_energy_analysis": {
        "total": 502.12818252506725,
        "per_repetition": 1.673760608416891e-05
    },
    "host_power_analysis": {
        "mean": 16.01405270010905,
        "std": 4.505371170875839,
        "min": 4.744593,
        "max": 32.260544,
        "median": 15.793323
    },
    "process_energy_analysis": {
        "total": 10.419570016773427,
        "per_repetition": 3.4731900055911426e-07
    }
}