{
    "timestamp_analysis": {
        "mean": 0.03504573025749725,
        "std": 0.0017843258268445857,
        "min": 0.03147292137145996,
        "max": 0.04469704627990723,
        "median": 0.03464555740356445,
        "running_time": 21.658439874649048
    },
    "host_energy_analysis": {
        "total": 415.4492569412751,
        "per_repetition": 1.3848308564709171e-05
    },
    "host_power_analysis": {
        "mean": 19.17818689499192,
        "std": 5.5666006790847575,
        "min": 6.530348,
        "max": 39.466664,
        "median": 18.691528
    },
    "process_energy_analysis": {
        "total": 9.057085197170496,
        "per_repetition": 3.019028399056832e-07
    }
}