{
    "timestamp_analysis": {
        "mean": 0.034522759914398196,
        "std": 0.001170311383918357,
        "min": 0.031778812408447266,
        "max": 0.038055419921875,
        "median": 0.03461658954620361,
        "running_time": 0.6905746459960938
    },
    "host_energy_analysis": {
        "total": 13.200205526232958,
        "per_repetition": 4.400068508744319e-07
    },
    "host_power_analysis": {
        "mean": 19.032464809523812,
        "std": 6.077051601313515,
        "min": 6.594657,
        "max": 31.212612,
        "median": 18.033892
    },
    "process_energy_analysis": {
        "total": 0.2612192004171157,
        "per_repetition": 8.707306680570523e-09
    }
}