{
    "host_energy_total_shapiro": {
        "stat": 0.9802831071809452,
        "p": 0.8330328902978219
    },
    "host_energy_per_repetition_shapiro": {
        "stat": 0.9802831071809455,
        "p": 0.8330328902978292
    },
    "process_energy_total_shapiro": {
        "stat": 0.9429520346274156,
        "p": 0.10924488001398308
    },
    "process_energy_per_repetition_shapiro": {
        "stat": 0.9429520346274154,
        "p": 0.10924488001398197
    },
    "timestamp_running_time_shapiro": {
        "stat": 0.9590054947629543,
        "p": 0.29209704237943274
    },
    "host_power_mean_shapiro": {
        "stat": 0.980685846138354,
        "p": 0.8434868785846272
    }
}