{
    "timestamp_analysis": {
        "mean": 0.035298806231168774,
        "std": 0.003753526160959612,
        "min": 0.032755374908447266,
        "max": 0.08431601524353027,
        "median": 0.03478813171386719,
        "running_time": 7.448214054107666
    },
    "host_energy_analysis": {
        "total": 141.07501063813686,
        "per_repetition": 0.0002821500212762737
    },
    "host_power_analysis": {
        "mean": 18.948061900943394,
        "std": 5.490171043980539,
        "min": 8.573688,
        "max": 33.298792,
        "median": 18.534271
    },
    "process_energy_analysis": {
        "total": 3.0754598285020123,
        "per_repetition": 6.1509196570040246e-06
    }
}