{
    "timestamp_analysis": {
        "mean": 0.025187323926616906,
        "std": 0.0017475672917663372,
        "min": 0.022068262100219727,
        "max": 0.03679227828979492,
        "median": 0.024793386459350586,
        "running_time": 16.648972034454346
    },
    "host_energy_analysis": {
        "total": 311.3841373167701,
        "per_repetition": 6.227682746335402e-07
    },
    "host_power_analysis": {
        "mean": 18.71323075226586,
        "std": 5.941870881520998,
        "min": 5.452489,
        "max": 37.99922,
        "median": 18.418245
    },
    "process_energy_analysis": {
        "total": 4.654259365700481,
        "per_repetition": 9.308518731400962e-09
    }
}