{
    "timestamp_analysis": {
        "mean": 0.026246651262044906,
        "std": 0.0019752000651076635,
        "min": 0.02254176139831543,
        "max": 0.03667473793029785,
        "median": 0.025766372680664062,
        "running_time": 8.399055242538452
    },
    "host_energy_analysis": {
        "total": 158.63511591101434,
        "per_repetition": 1.5863511591101432e-05
    },
    "host_power_analysis": {
        "mean": 18.940521598130843,
        "std": 5.4165105030273315,
        "min": 5.94336,
        "max": 37.916452,
        "median": 18.580884
    },
    "process_energy_analysis": {
        "total": 2.531749007436475,
        "per_repetition": 2.531749007436475e-07
    }
}