{
    "timestamp_analysis": {
        "mean": 0.03490410695656639,
        "std": 0.0014939433748300086,
        "min": 0.030982494354248047,
        "max": 0.04263019561767578,
        "median": 0.034656524658203125,
        "running_time": 9.459141492843628
    },
    "host_energy_analysis": {
        "total": 167.50055015226053,
        "per_repetition": 0.0016750055015226054
    },
    "host_power_analysis": {
        "mean": 17.684534764705884,
        "std": 4.791835494111758,
        "min": 4.199134,
        "max": 30.153676,
        "median": 17.556452
    },
    "process_energy_analysis": {
        "total": 3.5015615198338015,
        "per_repetition": 3.5015615198338015e-05
    }
}