{
    "timestamp_analysis": {
        "mean": 0.0343392448469547,
        "std": 0.001504646411451563,
        "min": 0.03084850311279297,
        "max": 0.04207587242126465,
        "median": 0.034012436866760254,
        "running_time": 29.60053062438965
    },
    "host_energy_analysis": {
        "total": 579.9207967243755,
        "per_repetition": 1.933069322414585e-05
    },
    "host_power_analysis": {
        "mean": 19.59900332676709,
        "std": 5.217306635096087,
        "min": 5.386569,
        "max": 36.31423,
        "median": 19.471276
    },
    "process_energy_analysis": {
        "total": 12.044710872783874,
        "per_repetition": 4.014903624261291e-07
    }
}