{
    "timestamp_analysis": {
        "mean": 0.025510031946243777,
        "std": 0.011621561723954014,
        "min": 0.021816015243530273,
        "max": 0.3111410140991211,
        "median": 0.0245816707611084,
        "running_time": 15.816399574279785
    },
    "host_energy_analysis": {
        "total": 288.7418953235167,
        "per_repetition": 5.774837906470334e-07
    },
    "host_power_analysis": {
        "mean": 18.202374359098226,
        "std": 5.6038150362021355,
        "min": 3.368854,
        "max": 34.453604,
        "median": 18.290568
    },
    "process_energy_analysis": {
        "total": 4.648330763983531,
        "per_repetition": 9.296661527967063e-09
    }
}