{
    "timestamp_analysis": {
        "mean": 0.03492087575624574,
        "std": 0.001475838118679782,
        "min": 0.03117513656616211,
        "max": 0.04254651069641113,
        "median": 0.0347597599029541,
        "running_time": 7.403403997421265
    },
    "host_energy_analysis": {
        "total": 141.37470222908746,
        "per_repetition": 0.0002827494044581749
    },
    "host_power_analysis": {
        "mean": 19.149969145539906,
        "std": 5.828721973270931,
        "min": 6.278533,
        "max": 36.038884,
        "median": 18.02782
    },
    "process_energy_analysis": {
        "total": 3.042456317804495,
        "per_repetition": 6.084912635608991e-06
    }
}