{
    "timestamp_analysis": {
        "mean": 0.03493657826030322,
        "std": 0.0013470367832908797,
        "min": 0.03191566467285156,
        "max": 0.04192924499511719,
        "median": 0.03470444679260254,
        "running_time": 12.367720365524292
    },
    "host_energy_analysis": {
        "total": 211.18051185868956,
        "per_repetition": 7.039350395289652e-06
    },
    "host_power_analysis": {
        "mean": 17.077372087323944,
        "std": 4.666377248286526,
        "min": 6.256426,
        "max": 32.61185,
        "median": 16.78492
    },
    "process_energy_analysis": {
        "total": 4.43199637009907,
        "per_repetition": 1.477332123366357e-07
    }
}