{
    "timestamp_analysis": {
        "mean": 0.024976281600075725,
        "std": 0.0017371382960276772,
        "min": 0.02153182029724121,
        "max": 0.03504371643066406,
        "median": 0.024646759033203125,
        "running_time": 16.959017753601074
    },
    "host_energy_analysis": {
        "total": 307.8003078028811,
        "per_repetition": 6.156006156057622e-07
    },
    "host_power_analysis": {
        "mean": 18.166535433823533,
        "std": 5.584551219881174,
        "min": 4.885653,
        "max": 32.740954,
        "median": 17.944138000000002
    },
    "process_energy_analysis": {
        "total": 4.577924104975349,
        "per_repetition": 9.155848209950697e-09
    }
}