{
    "timestamp_analysis": {
        "mean": 0.02560482313344767,
        "std": 0.001564073016555884,
        "min": 0.02298116683959961,
        "max": 0.03509855270385742,
        "median": 0.025363564491271973,
        "running_time": 4.660192489624023
    },
    "host_energy_analysis": {
        "total": 80.30178667217302,
        "per_repetition": 8.030178667217302e-08
    },
    "host_power_analysis": {
        "mean": 17.210639497267756,
        "std": 5.7570089520332015,
        "min": 5.001793,
        "max": 32.804484,
        "median": 16.801072
    },
    "process_energy_analysis": {
        "total": 1.2519118706048245,
        "per_repetition": 1.2519118706048245e-09
    }
}