{
    "timestamp_analysis": {
        "mean": 0.03452696895327663,
        "std": 0.00803955693647852,
        "min": 0.030944108963012695,
        "max": 0.1815814971923828,
        "median": 0.03372049331665039,
        "running_time": 12.119069814682007
    },
    "host_energy_analysis": {
        "total": 226.24890662827946,
        "per_repetition": 7.5416302209426484e-06
    },
    "host_power_analysis": {
        "mean": 18.679751147727274,
        "std": 5.029054210269959,
        "min": 7.083156,
        "max": 34.198576,
        "median": 18.638268
    },
    "process_energy_analysis": {
        "total": 4.804361879315498,
        "per_repetition": 1.6014539597718325e-07
    }
}