{
    "timestamp_analysis": {
        "mean": 0.02473136668896857,
        "std": 0.0014399403883210166,
        "min": 0.021149635314941406,
        "max": 0.03258013725280762,
        "median": 0.024460554122924805,
        "running_time": 16.19921112060547
    },
    "host_energy_analysis": {
        "total": 282.3248122340944,
        "per_repetition": 5.646496244681888e-09
    },
    "host_power_analysis": {
        "mean": 17.451080102134146,
        "std": 5.372661694428867,
        "min": 3.643154,
        "max": 36.310936,
        "median": 17.218314
    },
    "process_energy_analysis": {
        "total": 4.228837336397951,
        "per_repetition": 8.457674672795902e-11
    }
}