{
    "timestamp_analysis": {
        "mean": 0.035146426213415044,
        "std": 0.0019014877282600062,
        "min": 0.03164172172546387,
        "max": 0.04742002487182617,
        "median": 0.03472566604614258,
        "running_time": 21.369200944900513
    },
    "host_energy_analysis": {
        "total": 421.0558255162067,
        "per_repetition": 1.4035194183873557e-05
    },
    "host_power_analysis": {
        "mean": 19.70893492775041,
        "std": 5.282058248513969,
        "min": 5.726301,
        "max": 36.400308,
        "median": 19.459132
    },
    "process_energy_analysis": {
        "total": 9.189795092659354,
        "per_repetition": 3.0632650308864516e-07
    }
}