{
    "host_energy_total_shapiro": {
        "stat": 0.9617270720393171,
        "p": 0.3426554424165311
    },
    "host_energy_per_repetition_shapiro": {
        "stat": 0.9617270720393165,
        "p": 0.34265544241651935
    },
    "process_energy_total_shapiro": {
        "stat": 0.9532024573150967,
        "p": 0.20581774503277894
    },
    "process_energy_per_repetition_shapiro": {
        "stat": 0.9532024573150973,
        "p": 0.2058177450327871
    },
    "timestamp_running_time_shapiro": {
        "stat": 0.9212160880919059,
        "p": 0.028845021100977697
    },
    "host_power_mean_shapiro": {
        "stat": 0.9748808526617507,
        "p": 0.6792180381914761
    }
}