{
    "timestamp_analysis": {
        "mean": 0.03500231004031783,
        "std": 0.0018439982201014754,
        "min": 0.031145572662353516,
        "max": 0.04523515701293945,
        "median": 0.03452634811401367,
        "running_time": 21.596622705459595
    },
    "host_energy_analysis": {
        "total": 425.1754874971791,
        "per_repetition": 1.417251624990597e-05
    },
    "host_power_analysis": {
        "mean": 19.699059247572816,
        "std": 5.552072162759579,
        "min": 4.501563,
        "max": 42.882264,
        "median": 19.82242
    },
    "process_energy_analysis": {
        "total": 9.272224615311362,
        "per_repetition": 3.090741538437121e-07
    }
}