{
    "timestamp_analysis": {
        "mean": 0.025285526297309183,
        "std": 0.0016625692739826638,
        "min": 0.022278547286987305,
        "max": 0.03385353088378906,
        "median": 0.02494943141937256,
        "running_time": 11.12580132484436
    },
    "host_energy_analysis": {
        "total": 228.70916244488728,
        "per_repetition": 2.2870916244488727e-05
    },
    "host_power_analysis": {
        "mean": 20.59108996371882,
        "std": 6.268775818373282,
        "min": 5.533446,
        "max": 37.85084,
        "median": 20.600966
    },
    "process_energy_analysis": {
        "total": 3.5295911446401043,
        "per_repetition": 3.5295911446401044e-07
    }
}