{
    "timestamp_analysis": {
        "mean": 0.025320710780361678,
        "std": 0.002633995458558061,
        "min": 0.021431684494018555,
        "max": 0.07344937324523926,
        "median": 0.02483677864074707,
        "running_time": 15.623043537139893
    },
    "host_energy_analysis": {
        "total": 298.22528604496705,
        "per_repetition": 5.964505720899341e-07
    },
    "host_power_analysis": {
        "mean": 19.102658935275084,
        "std": 5.852319413956962,
        "min": 3.950132,
        "max": 38.828436,
        "median": 18.973295999999998
    },
    "process_energy_analysis": {
        "total": 4.543252497134373,
        "per_repetition": 9.086504994268745e-09
    }
}