{
    "timestamp_analysis": {
        "mean": 0.024709291993576767,
        "std": 0.0015438122251425854,
        "min": 0.021421432495117188,
        "max": 0.03360772132873535,
        "median": 0.02433919906616211,
        "running_time": 16.283549308776855
    },
    "host_energy_analysis": {
        "total": 275.74421298156335,
        "per_repetition": 5.514884259631267e-09
    },
    "host_power_analysis": {
        "mean": 16.935055665151516,
        "std": 5.3856097563302106,
        "min": 4.023635,
        "max": 42.78751,
        "median": 16.693449
    },
    "process_energy_analysis": {
        "total": 4.080813535500547,
        "per_repetition": 8.161627071001093e-11
    }
}