{
    "timestamp_analysis": {
        "mean": 0.02584428550130096,
        "std": 0.0020195722783095554,
        "min": 0.022820711135864258,
        "max": 0.03486347198486328,
        "median": 0.02530503273010254,
        "running_time": 4.677936792373657
    },
    "host_energy_analysis": {
        "total": 82.69510726103451,
        "per_repetition": 8.26951072610345e-08
    },
    "host_power_analysis": {
        "mean": 17.693605054945056,
        "std": 5.456655313386091,
        "min": 5.736808,
        "max": 35.028524,
        "median": 17.212923
    },
    "process_energy_analysis": {
        "total": 1.300213955657473,
        "per_repetition": 1.300213955657473e-09
    }
}