{
    "timestamp_analysis": {
        "mean": 0.02501723872862171,
        "std": 0.0017270821417055822,
        "min": 0.022092580795288086,
        "max": 0.03454947471618652,
        "median": 0.024534940719604492,
        "running_time": 16.236312866210938
    },
    "host_energy_analysis": {
        "total": 274.25510289824547,
        "per_repetition": 5.485102057964909e-09
    },
    "host_power_analysis": {
        "mean": 16.89113032,
        "std": 5.389293910941344,
        "min": 4.967829,
        "max": 34.817276,
        "median": 16.5601735
    },
    "process_energy_analysis": {
        "total": 4.112998167204978,
        "per_repetition": 8.225996334409955e-11
    }
}