{
    "timestamp_analysis": {
        "mean": 0.02577747928497454,
        "std": 0.0030849971854804,
        "min": 0.02253413200378418,
        "max": 0.07925295829772949,
        "median": 0.025268077850341797,
        "running_time": 11.290659666061401
    },
    "host_energy_analysis": {
        "total": 226.7706021145474,
        "per_repetition": 2.267706021145474e-05
    },
    "host_power_analysis": {
        "mean": 20.11222478359909,
        "std": 5.891337043326017,
        "min": 6.14181,
        "max": 38.20376,
        "median": 20.108592
    },
    "process_energy_analysis": {
        "total": 3.616503067068958,
        "per_repetition": 3.616503067068958e-07
    }
}