{
    "timestamp_analysis": {
        "mean": 0.025816973692141705,
        "std": 0.0016444868440546377,
        "min": 0.022735118865966797,
        "max": 0.03329205513000488,
        "median": 0.025458335876464844,
        "running_time": 8.313313961029053
    },
    "host_energy_analysis": {
        "total": 161.60894115070369,
        "per_repetition": 1.6160894115070368e-05
    },
    "host_power_analysis": {
        "mean": 19.45330694736842,
        "std": 5.622787017552351,
        "min": 4.953168,
        "max": 35.190464,
        "median": 19.662272
    },
    "process_energy_analysis": {
        "total": 2.5557224956525446,
        "per_repetition": 2.555722495652545e-07
    }
}