[
    {
        "host": {
            "consumption": 16469814.0,
            "timestamp": 1721775066.2159789,
            "components": {
                "disks": [
                    {
                        "disk_type": "SSD",
                        "disk_mount_point": "/etc/hosts",
                        "disk_is_removable": false,
                        "disk_file_system": "ext4",
                        "disk_total_bytes": "33634926592",
                        "disk_available_bytes": "9870012416",
                        "disk_name": "/dev/nvme0n1p4"
                    }
                ]
            }
        },
        "consumers": [
            {
                "exe": "/usr/local/bin/scaphandre",
                "cmdline": "/usr/local/bin/scaphandrejson-s0--step-nano10000000-f/home/ce-p2-r-1/25/power.json",
                "pid": 467221,
                "resources_usage": null,
                "consumption": 374313.94,
                "timestamp": 1721775066.215895,
                "container": null
            },
            {
                "exe": "/usr/sbin/NetworkManager",
                "cmdline": "/usr/sbin/NetworkManager--no-daemon",
                "pid": 810,
                "resources_usage": null,
                "consumption": 93578.484,
                "timestamp": 1721775066.215864,
                "container": null
            },
            {
                "exe": "/usr/bin/dockerd",
                "cmdline": "/usr/bin/dockerd-Hfd://--containerd=/run/containerd/containerd.sock",
                "pid": 1100,
                "resources_usage": null,
                "consumption": 93578.484,
                "timestamp": 1721775066.215869,
                "container": null
            },
            {
                "exe": "",
                "cmdline": "",
                "pid": 428940,
                "resources_usage": null,
                "consumption": 0.0,
                "timestamp": 1721775066.2158582,
                "container": null
            },
            {
                "exe": "",
                "cmdline": "",
                "pid": 458451,
                "resources_usage": null,
                "consumption": 0.0,
                "timestamp": 1721775066.2158594,
                "container": null
            },
            {
                "exe": "/usr/libexec/fwupd/fwupd",
                "cmdline": "/usr/libexec/fwupd/fwupd",
                "pid": 440864,
                "resources_usage": null,
                "consumption": 0.0,
                "timestamp": 1721775066.2158597,
                "container": null
            },
            {
                "exe": "/usr/bin/containerd-shim-runc-v2",
                "cmdline": "/usr/bin/containerd-shim-runc-v2-namespacemoby-id46e34d9000204c64ee7e9e72e399ab4b1b4a1a44e6c38782af2d5ea3d84f8f11-address/run/containerd/containerd.sock",
                "pid": 467199,
                "resources_usage": null,
                "consumption": 0.0,
                "timestamp": 1721775066.2158601,
                "container": null
            },
            {
                "exe": "",
                "cmdline": "",
                "pid": 706,
                "resources_usage": null,
                "consumption": 0.0,
                "timestamp": 1721775066.2158608,
                "container": null
            },
            {
                "exe": "",
                "cmdline": "",
                "pid": 121,
                "resources_usage": null,
                "consumption": 0.0,
                "timestamp": 1721775066.215861,
                "container": null
            },
            {
                "exe": "",
                "cmdline": "",
                "pid": 45,
                "resources_usage": null,
                "consumption": 0.0,
                "timestamp": 1721775066.2158613,
                "container": null
            }
        ],
        "sockets": [
            {
                "id": 0,
                "consumption": 8699704.0,
                "domains": [
                    {
                        "name": "uncore",
                        "consumption": 0.0,
                        "timestamp": 1721775066.1978688
                    },
                    {
                        "name": "core",
                        "consumption": 6012562.0,
                        "timestamp": 1721775066.1978605
                    }
                ],
                "timestamp": 1721775066.197728
            }
        ]
    },
    {
        "host": {
            "consumption": 10705760.0,
            "timestamp": 1721775066.2538629,
            "components": {
                "disks": [
                    {
                        "disk_type": "SSD",
                        "disk_mount_point": "/etc/hosts",
                        "disk_is_removable": false,
                        "disk_file_system": "ext4",
                        "disk_total_bytes": "33634926592",
                        "disk_available_bytes": "9870020608",
                        "disk_name": "/dev/nvme0n1p4"
                    }
                ]
            }
        },
        "consumers": [
            {
                "exe": "/",
                "cmdline": "runcinit",
                "pid": 467296,
                "resources_usage": null,
                "consumption": 182484.55,
                "timestamp": 1721775066.253734,
                "container": null
            },
            {
                "exe": "/usr/local/bin/scaphandre",
                "cmdline": "/usr/local/bin/scaphandrejson-s0--step-nano10000000-f/home/ce-p2-r-1/25/power.json",
                "pid": 467221,
                "resources_usage": null,
                "consumption": 121656.36,
                "timestamp": 1721775066.253713,
                "container": null
            },
            {
                "exe": "/usr/bin/python3.10",
                "cmdline": "python3src/experiment/runner.pytest.yaml",
                "pid": 458168,
                "resources_usage": null,
                "consumption": 60828.18,
                "timestamp": 1721775066.2537205,
                "container": null
            },
            {
                "exe": "",
                "cmdline": "",
                "pid": 428940,
                "resources_usage": null,
                "consumption": 0.0,
                "timestamp": 1721775066.253671,
                "container": null
            },
            {
                "exe": "",
                "cmdline": "",
                "pid": 458451,
                "resources_usage": null,
                "consumption": 0.0,
                "timestamp": 1721775066.253672,
                "container": null
            },
            {
                "exe": "/usr/libexec/fwupd/fwupd",
                "cmdline": "/usr/libexec/fwupd/fwupd",
                "pid": 440864,
                "resources_usage": null,
                "consumption": 0.0,
                "timestamp": 1721775066.2536726,
                "container": null
            },
            {
                "exe": "/usr/bin/containerd-shim-runc-v2",
                "cmdline": "/usr/bin/containerd-shim-runc-v2-namespacemoby-id46e34d9000204c64ee7e9e72e399ab4b1b4a1a44e6c38782af2d5ea3d84f8f11-address/run/containerd/containerd.sock",
                "pid": 467199,
                "resources_usage": null,
                "consumption": 0.0,
                "timestamp": 1721775066.2536733,
                "container": null
            },
            {
                "exe": "",
                "cmdline": "",
                "pid": 706,
                "resources_usage": null,
                "consumption": 0.0,
                "timestamp": 1721775066.2536743,
                "container": null
            },
            {
                "exe": "",
                "cmdline": "",
                "pid": 121,
                "resources_usage": null,
                "consumption": 0.0,
                "timestamp": 1721775066.2536747,
                "container": null
            },
            {
                "exe": "",
                "cmdline": "",
                "pid": 45,
                "resources_usage": null,
                "consumption": 0.0,
                "timestamp": 1721775066.253675,
                "container": null
            }
        ],
        "sockets": [
            {
                "id": 0,
                "consumption": 12710496.0,
                "domains": [
                    {
                        "name": "uncore",
                        "consumption": 0.0,
                        "timestamp": 1721775066.2324815
                    },
                    {
                        "name": "core",
                        "consumption": 9505241.0,
                        "timestamp": 1721775066.2324708
                    }
                ],
                "timestamp": 1721775066.232105
            }
        ]
    },
    {
        "host": {
            "consumption": 16601814.0,
            "timestamp": 1721775066.2890792,
            "components": {
                "disks": [
                    {
                        "disk_type": "SSD",
                        "disk_mount_point": "/etc/hosts",
                        "disk_is_removable": false,
                        "disk_file_system": "ext4",
                        "disk_total_bytes": "33634926592",
                        "disk_available_bytes": "9870016512",
                        "disk_name": "/dev/nvme0n1p4"
                    }
                ]
            }
        },
        "consumers": [
            {
                "exe": "/",
                "cmdline": "runcinit",
                "pid": 467296,
                "resources_usage": null,
                "consumption": 364875.06,
                "timestamp": 1721775066.2890248,
                "container": null
            },
            {
                "exe": "/usr/local/bin/scaphandre",
                "cmdline": "/usr/local/bin/scaphandrejson-s0--step-nano10000000-f/home/ce-p2-r-1/25/power.json",
                "pid": 467221,
                "resources_usage": null,
                "consumption": 273656.3,
                "timestamp": 1721775066.2890077,
                "container": null
            },
            {
                "exe": "",
                "cmdline": "",
                "pid": 428940,
                "resources_usage": null,
                "consumption": 0.0,
                "timestamp": 1721775066.2889733,
                "container": null
            },
            {
                "exe": "",
                "cmdline": "",
                "pid": 458451,
                "resources_usage": null,
                "consumption": 0.0,
                "timestamp": 1721775066.2889748,
                "container": null
            },
            {
                "exe": "/usr/libexec/fwupd/fwupd",
                "cmdline": "/usr/libexec/fwupd/fwupd",
                "pid": 440864,
                "resources_usage": null,
                "consumption": 0.0,
                "timestamp": 1721775066.288975,
                "container": null
            },
            {
                "exe": "/usr/bin/containerd-shim-runc-v2",
                "cmdline": "/usr/bin/containerd-shim-runc-v2-namespacemoby-id46e34d9000204c64ee7e9e72e399ab4b1b4a1a44e6c38782af2d5ea3d84f8f11-address/run/containerd/containerd.sock",
                "pid": 467199,
                "resources_usage": null,
                "consumption": 0.0,
                "timestamp": 1721775066.2889755,
                "container": null
            },
            {
                "exe": "",
                "cmdline": "",
                "pid": 706,
                "resources_usage": null,
                "consumption": 0.0,
                "timestamp": 1721775066.2889762,
                "container": null
            },
            {
                "exe": "",
                "cmdline": "",
                "pid": 121,
                "resources_usage": null,
                "consumption": 0.0,
                "timestamp": 1721775066.2889764,
                "container": null
            },
            {
                "exe": "",
                "cmdline": "",
                "pid": 45,
                "resources_usage": null,
                "consumption": 0.0,
                "timestamp": 1721775066.2889767,
                "container": null
            },
            {
                "exe": "/usr/sbin/agetty",
                "cmdline": "/sbin/agetty-o-p -- \\u--nocleartty3linux",
                "pid": 1643,
                "resources_usage": null,
                "consumption": 0.0,
                "timestamp": 1721775066.288977,
                "container": null
            }
        ],
        "sockets": [
            {
                "id": 0,
                "consumption": 12451960.0,
                "domains": [
                    {
                        "name": "uncore",
                        "consumption": 0.0,
                        "timestamp": 1721775066.271297
                    },
                    {
                        "name": "core",
                        "consumption": 9664681.0,
                        "timestamp": 1721775066.2712843
                    }
                ],
                "timestamp": 1721775066.271127
            }
        ]
    },
    {
        "host": {
            "consumption": 17900298.0,
            "timestamp": 1721775066.322375,
            "components": {
                "disks": [
                    {
                        "disk_type": "SSD",
                        "disk_mount_point": "/etc/hosts",
                        "disk_is_removable": false,
                        "disk_file_system": "ext4",
                        "disk_total_bytes": "33634926592",
                        "disk_available_bytes": "9870016512",
                        "disk_name": "/dev/nvme0n1p4"
                    }
                ]
            }
        },
        "consumers": [
            {
                "exe": "/",
                "cmdline": "runcinit",
                "pid": 467296,
                "resources_usage": null,
                "consumption": 295059.88,
                "timestamp": 1721775066.3221085,
                "container": null
            },
            {
                "exe": "/usr/local/bin/scaphandre",
                "cmdline": "/usr/local/bin/scaphandrejson-s0--step-nano10000000-f/home/ce-p2-r-1/25/power.json",
                "pid": 467221,
                "resources_usage": null,
                "consumption": 196706.58,
                "timestamp": 1721775066.3220916,
                "container": null
            },
            {
                "exe": "",
                "cmdline": "",
                "pid": 428940,
                "resources_usage": null,
                "consumption": 0.0,
                "timestamp": 1721775066.3220572,
                "container": null
            },
            {
                "exe": "",
                "cmdline": "",
                "pid": 458451,
                "resources_usage": null,
                "consumption": 0.0,
                "timestamp": 1721775066.3220587,
                "container": null
            },
            {
                "exe": "/usr/libexec/fwupd/fwupd",
                "cmdline": "/usr/libexec/fwupd/fwupd",
                "pid": 440864,
                "resources_usage": null,
                "consumption": 0.0,
                "timestamp": 1721775066.322059,
                "container": null
            },
            {
                "exe": "/usr/bin/containerd-shim-runc-v2",
                "cmdline": "/usr/bin/containerd-shim-runc-v2-namespacemoby-id46e34d9000204c64ee7e9e72e399ab4b1b4a1a44e6c38782af2d5ea3d84f8f11-address/run/containerd/containerd.sock",
                "pid": 467199,
                "resources_usage": null,
                "consumption": 0.0,
                "timestamp": 1721775066.3220592,
                "container": null
            },
            {
                "exe": "",
                "cmdline": "",
                "pid": 706,
                "resources_usage": null,
                "consumption": 0.0,
                "timestamp": 1721775066.3220599,
                "container": null
            },
            {
                "exe": "",
                "cmdline": "",
                "pid": 121,
                "resources_usage": null,
                "consumption": 0.0,
                "timestamp": 1721775066.32206,
                "container": null
            },
            {
                "exe": "",
                "cmdline": "",
                "pid": 45,
                "resources_usage": null,
                "consumption": 0.0,
                "timestamp": 1721775066.3220606,
                "container": null
            },
            {
                "exe": "/usr/sbin/agetty",
                "cmdline": "/sbin/agetty-o-p -- \\u--nocleartty3linux",
                "pid": 1643,
                "resources_usage": null,
                "consumption": 0.0,
                "timestamp": 1721775066.3220608,
                "container": null
            }
        ],
        "sockets": [
            {
                "id": 0,
                "consumption": 19259706.0,
                "domains": [
                    {
                        "name": "uncore",
                        "consumption": 0.0,
                        "timestamp": 1721775066.304944
                    },
                    {
                        "name": "core",
                        "consumption": 16451774.0,
                        "timestamp": 1721775066.3049371
                    }
                ],
                "timestamp": 1721775066.3048298
            }
        ]
    },
    {
        "host": {
            "consumption": 18734652.0,
            "timestamp": 1721775066.3569345,
            "components": {
                "disks": [
                    {
                        "disk_type": "SSD",
                        "disk_mount_point": "/etc/hosts",
                        "disk_is_removable": false,
                        "disk_file_system": "ext4",
                        "disk_total_bytes": "33634926592",
                        "disk_available_bytes": "9870012416",
                        "disk_name": "/dev/nvme0n1p4"
                    }
                ]
            }
        },
        "consumers": [
            {
                "exe": "/",
                "cmdline": "runcinit",
                "pid": 467296,
                "resources_usage": null,
                "consumption": 411750.62,
                "timestamp": 1721775066.3566625,
                "container": null
            },
            {
                "exe": "/usr/local/bin/scaphandre",
                "cmdline": "/usr/local/bin/scaphandrejson-s0--step-nano10000000-f/home/ce-p2-r-1/25/power.json",
                "pid": 467221,
                "resources_usage": null,
                "consumption": 205875.31,
                "timestamp": 1721775066.3566463,
                "container": null
            },
            {
                "exe": "",
                "cmdline": "",
                "pid": 560,
                "resources_usage": null,
                "consumption": 102937.66,
                "timestamp": 1721775066.356638,
                "container": null
            },
            {
                "exe": "",
                "cmdline": "",
                "pid": 428940,
                "resources_usage": null,
                "consumption": 0.0,
                "timestamp": 1721775066.356614,
                "container": null
            },
            {
                "exe": "",
                "cmdline": "",
                "pid": 458451,
                "resources_usage": null,
                "consumption": 0.0,
                "timestamp": 1721775066.356615,
                "container": null
            },
            {
                "exe": "/usr/libexec/fwupd/fwupd",
                "cmdline": "/usr/libexec/fwupd/fwupd",
                "pid": 440864,
                "resources_usage": null,
                "consumption": 0.0,
                "timestamp": 1721775066.3566153,
                "container": null
            },
            {
                "exe": "/usr/bin/containerd-shim-runc-v2",
                "cmdline": "/usr/bin/containerd-shim-runc-v2-namespacemoby-id46e34d9000204c64ee7e9e72e399ab4b1b4a1a44e6c38782af2d5ea3d84f8f11-address/run/containerd/containerd.sock",
                "pid": 467199,
                "resources_usage": null,
                "consumption": 0.0,
                "timestamp": 1721775066.356616,
                "container": null
            },
            {
                "exe": "",
                "cmdline": "",
                "pid": 706,
                "resources_usage": null,
                "consumption": 0.0,
                "timestamp": 1721775066.3566165,
                "container": null
            },
            {
                "exe": "",
                "cmdline": "",
                "pid": 121,
                "resources_usage": null,
                "consumption": 0.0,
                "timestamp": 1721775066.3566167,
                "container": null
            },
            {
                "exe": "",
                "cmdline": "",
                "pid": 45,
                "resources_usage": null,
                "consumption": 0.0,
                "timestamp": 1721775066.356617,
                "container": null
            }
        ],
        "sockets": [
            {
                "id": 0,
                "consumption": 20513078.0,
                "domains": [
                    {
                        "name": "uncore",
                        "consumption": 0.0,
                        "timestamp": 1721775066.338262
                    },
                    {
                        "name": "core",
                        "consumption": 17833804.0,
                        "timestamp": 1721775066.338039
                    }
                ],
                "timestamp": 1721775066.3377588
            }
        ]
    },
    {
        "host": {
            "consumption": 11439827.0,
            "timestamp": 1721775066.3913152,
            "components": {
                "disks": [
                    {
                        "disk_type": "SSD",
                        "disk_mount_point": "/etc/hosts",
                        "disk_is_removable": false,
                        "disk_file_system": "ext4",
                        "disk_total_bytes": "33634926592",
                        "disk_available_bytes": "9870012416",
                        "disk_name": "/dev/nvme0n1p4"
                    }
                ]
            }
        },
        "consumers": [
            {
                "exe": "/",
                "cmdline": "runcinit",
                "pid": 467296,
                "resources_usage": null,
                "consumption": 188568.6,
                "timestamp": 1721775066.3911917,
                "container": null
            },
            {
                "exe": "/usr/local/bin/scaphandre",
                "cmdline": "/usr/local/bin/scaphandrejson-s0--step-nano10000000-f/home/ce-p2-r-1/25/power.json",
                "pid": 467221,
                "resources_usage": null,
                "consumption": 125712.39,
                "timestamp": 1721775066.3911731,
                "container": null
            },
            {
                "exe": "",
                "cmdline": "",
                "pid": 428940,
                "resources_usage": null,
                "consumption": 0.0,
                "timestamp": 1721775066.3911319,
                "container": null
            },
            {
                "exe": "",
                "cmdline": "",
                "pid": 458451,
                "resources_usage": null,
                "consumption": 0.0,
                "timestamp": 1721775066.391133,
                "container": null
            },
            {
                "exe": "/usr/libexec/fwupd/fwupd",
                "cmdline": "/usr/libexec/fwupd/fwupd",
                "pid": 440864,
                "resources_usage": null,
                "consumption": 0.0,
                "timestamp": 1721775066.3911335,
                "container": null
            },
            {
                "exe": "/usr/bin/containerd-shim-runc-v2",
                "cmdline": "/usr/bin/containerd-shim-runc-v2-namespacemoby-id46e34d9000204c64ee7e9e72e399ab4b1b4a1a44e6c38782af2d5ea3d84f8f11-address/run/containerd/containerd.sock",
                "pid": 467199,
                "resources_usage": null,
                "consumption": 0.0,
                "timestamp": 1721775066.391134,
                "container": null
            },
            {
                "exe": "",
                "cmdline": "",
                "pid": 706,
                "resources_usage": null,
                "consumption": 0.0,
                "timestamp": 1721775066.391135,
                "container": null
            },
            {
                "exe": "",
                "cmdline": "",
                "pid": 121,
                "resources_usage": null,
                "consumption": 0.0,
                "timestamp": 1721775066.3911352,
                "container": null
            },
            {
                "exe": "",
                "cmdline": "",
                "pid": 45,
                "resources_usage": null,
                "consumption": 0.0,
                "timestamp": 1721775066.3911352,
                "container": null
            },
            {
                "exe": "/usr/sbin/agetty",
                "cmdline": "/sbin/agetty-o-p -- \\u--nocleartty3linux",
                "pid": 1643,
                "resources_usage": null,
                "consumption": 0.0,
                "timestamp": 1721775066.3911357,
                "container": null
            }
        ],
        "sockets": [
            {
                "id": 0,
                "consumption": 16758549.0,
                "domains": [
                    {
                        "name": "uncore",
                        "consumption": 0.0,
                        "timestamp": 1721775066.372711
                    },
                    {
                        "name": "core",
                        "consumption": 14438797.0,
                        "timestamp": 1721775066.372507
                    }
                ],
                "timestamp": 1721775066.372205
            }
        ]
    },
    {
        "host": {
            "consumption": 22919696.0,
            "timestamp": 1721775066.4260087,
            "components": {
                "disks": [
                    {
                        "disk_type": "SSD",
                        "disk_mount_point": "/etc/hosts",
                        "disk_is_removable": false,
                        "disk_file_system": "ext4",
                        "disk_total_bytes": "33634926592",
                        "disk_available_bytes": "9870008320",
                        "disk_name": "/dev/nvme0n1p4"
                    }
                ]
            }
        },
        "consumers": [
            {
                "exe": "/",
                "cmdline": "runcinit",
                "pid": 467296,
                "resources_usage": null,
                "consumption": 503729.6,
                "timestamp": 1721775066.4259562,
                "container": null
            },
            {
                "exe": "/usr/local/bin/scaphandre",
                "cmdline": "/usr/local/bin/scaphandrejson-s0--step-nano10000000-f/home/ce-p2-r-1/25/power.json",
                "pid": 467221,
                "resources_usage": null,
                "consumption": 125932.4,
                "timestamp": 1721775066.425938,
                "container": null
            },
            {
                "exe": "",
                "cmdline": "",
                "pid": 428940,
                "resources_usage": null,
                "consumption": 0.0,
                "timestamp": 1721775066.4259021,
                "container": null
            },
            {
                "exe": "",
                "cmdline": "",
                "pid": 458451,
                "resources_usage": null,
                "consumption": 0.0,
                "timestamp": 1721775066.425903,
                "container": null
            },
            {
                "exe": "/usr/libexec/fwupd/fwupd",
                "cmdline": "/usr/libexec/fwupd/fwupd",
                "pid": 440864,
                "resources_usage": null,
                "consumption": 0.0,
                "timestamp": 1721775066.4259036,
                "container": null
            },
            {
                "exe": "/usr/bin/containerd-shim-runc-v2",
                "cmdline": "/usr/bin/containerd-shim-runc-v2-namespacemoby-id46e34d9000204c64ee7e9e72e399ab4b1b4a1a44e6c38782af2d5ea3d84f8f11-address/run/containerd/containerd.sock",
                "pid": 467199,
                "resources_usage": null,
                "consumption": 0.0,
                "timestamp": 1721775066.4259038,
                "container": null
            },
            {
                "exe": "",
                "cmdline": "",
                "pid": 706,
                "resources_usage": null,
                "consumption": 0.0,
                "timestamp": 1721775066.4259045,
                "container": null
            },
            {
                "exe": "",
                "cmdline": "",
                "pid": 121,
                "resources_usage": null,
                "consumption": 0.0,
                "timestamp": 1721775066.425905,
                "container": null
            },
            {
                "exe": "",
                "cmdline": "",
                "pid": 45,
                "resources_usage": null,
                "consumption": 0.0,
                "timestamp": 1721775066.4259052,
                "container": null
            },
            {
                "exe": "/usr/sbin/agetty",
                "cmdline": "/sbin/agetty-o-p -- \\u--nocleartty3linux",
                "pid": 1643,
                "resources_usage": null,
                "consumption": 0.0,
                "timestamp": 1721775066.4259055,
                "container": null
            }
        ],
        "sockets": [
            {
                "id": 0,
                "consumption": 10953134.0,
                "domains": [
                    {
                        "name": "uncore",
                        "consumption": 0.0,
                        "timestamp": 1721775066.40701
                    },
                    {
                        "name": "core",
                        "consumption": 8627846.0,
                        "timestamp": 1721775066.4069371
                    }
                ],
                "timestamp": 1721775066.4066367
            }
        ]
    },
    {
        "host": {
            "consumption": 11739160.0,
            "timestamp": 1721775066.461218,
            "components": {
                "disks": [
                    {
                        "disk_type": "SSD",
                        "disk_mount_point": "/etc/hosts",
                        "disk_is_removable": false,
                        "disk_file_system": "ext4",
                        "disk_total_bytes": "33634926592",
                        "disk_available_bytes": "9870004224",
                        "disk_name": "/dev/nvme0n1p4"
                    }
                ]
            }
        },
        "consumers": [
            {
                "exe": "/",
                "cmdline": "runcinit",
                "pid": 467296,
                "resources_usage": null,
                "consumption": 193502.66,
                "timestamp": 1721775066.4609349,
                "container": null
            },
            {
                "exe": "/usr/local/bin/scaphandre",
                "cmdline": "/usr/local/bin/scaphandrejson-s0--step-nano10000000-f/home/ce-p2-r-1/25/power.json",
                "pid": 467221,
                "resources_usage": null,
                "consumption": 129001.766,
                "timestamp": 1721775066.4609184,
                "container": null
            },
            {
                "exe": "",
                "cmdline": "",
                "pid": 428940,
                "resources_usage": null,
                "consumption": 0.0,
                "timestamp": 1721775066.4608827,
                "container": null
            },
            {
                "exe": "",
                "cmdline": "",
                "pid": 458451,
                "resources_usage": null,
                "consumption": 0.0,
                "timestamp": 1721775066.4608843,
                "container": null
            },
            {
                "exe": "/usr/libexec/fwupd/fwupd",
                "cmdline": "/usr/libexec/fwupd/fwupd",
                "pid": 440864,
                "resources_usage": null,
                "consumption": 0.0,
                "timestamp": 1721775066.4608846,
                "container": null
            },
            {
                "exe": "/usr/bin/containerd-shim-runc-v2",
                "cmdline": "/usr/bin/containerd-shim-runc-v2-namespacemoby-id46e34d9000204c64ee7e9e72e399ab4b1b4a1a44e6c38782af2d5ea3d84f8f11-address/run/containerd/containerd.sock",
                "pid": 467199,
                "resources_usage": null,
                "consumption": 0.0,
                "timestamp": 1721775066.4608853,
                "container": null
            },
            {
                "exe": "",
                "cmdline": "",
                "pid": 706,
                "resources_usage": null,
                "consumption": 0.0,
                "timestamp": 1721775066.4608858,
                "container": null
            },
            {
                "exe": "",
                "cmdline": "",
                "pid": 121,
                "resources_usage": null,
                "consumption": 0.0,
                "timestamp": 1721775066.460886,
                "container": null
            },
            {
                "exe": "",
                "cmdline": "",
                "pid": 45,
                "resources_usage": null,
                "consumption": 0.0,
                "timestamp": 1721775066.4608862,
                "container": null
            },
            {
                "exe": "/usr/sbin/agetty",
                "cmdline": "/sbin/agetty-o-p -- \\u--nocleartty3linux",
                "pid": 1643,
                "resources_usage": null,
                "consumption": 0.0,
                "timestamp": 1721775066.4608865,
                "container": null
            }
        ],
        "sockets": [
            {
                "id": 0,
                "consumption": 22809874.0,
                "domains": [
                    {
                        "name": "uncore",
                        "consumption": 0.0,
                        "timestamp": 1721775066.4411485
                    },
                    {
                        "name": "core",
                        "consumption": 20618790.0,
                        "timestamp": 1721775066.4411418
                    }
                ],
                "timestamp": 1721775066.4410343
            }
        ]
    },
    {
        "host": {
            "consumption": 27823456.0,
            "timestamp": 1721775066.4970865,
            "components": {
                "disks": [
                    {
                        "disk_type": "SSD",
                        "disk_mount_point": "/etc/hosts",
                        "disk_is_removable": false,
                        "disk_file_system": "ext4",
                        "disk_total_bytes": "33634926592",
                        "disk_available_bytes": "9870004224",
                        "disk_name": "/dev/nvme0n1p4"
                    }
                ]
            }
        },
        "consumers": [
            {
                "exe": "/",
                "cmdline": "runcinit",
                "pid": 467296,
                "resources_usage": null,
                "consumption": 691265.94,
                "timestamp": 1721775066.4968197,
                "container": null
            },
            {
                "exe": "/usr/local/bin/scaphandre",
                "cmdline": "/usr/local/bin/scaphandrejson-s0--step-nano10000000-f/home/ce-p2-r-1/25/power.json",
                "pid": 467221,
                "resources_usage": null,
                "consumption": 345632.97,
                "timestamp": 1721775066.4968023,
                "container": null
            },
            {
                "exe": "",
                "cmdline": "",
                "pid": 428940,
                "resources_usage": null,
                "consumption": 0.0,
                "timestamp": 1721775066.4967666,
                "container": null
            },
            {
                "exe": "",
                "cmdline": "",
                "pid": 458451,
                "resources_usage": null,
                "consumption": 0.0,
                "timestamp": 1721775066.4967675,
                "container": null
            },
            {
                "exe": "/usr/libexec/fwupd/fwupd",
                "cmdline": "/usr/libexec/fwupd/fwupd",
                "pid": 440864,
                "resources_usage": null,
                "consumption": 0.0,
                "timestamp": 1721775066.496768,
                "container": null
            },
            {
                "exe": "/usr/bin/containerd-shim-runc-v2",
                "cmdline": "/usr/bin/containerd-shim-runc-v2-namespacemoby-id46e34d9000204c64ee7e9e72e399ab4b1b4a1a44e6c38782af2d5ea3d84f8f11-address/run/containerd/containerd.sock",
                "pid": 467199,
                "resources_usage": null,
                "consumption": 0.0,
                "timestamp": 1721775066.4967687,
                "container": null
            },
            {
                "exe": "",
                "cmdline": "",
                "pid": 706,
                "resources_usage": null,
                "consumption": 0.0,
                "timestamp": 1721775066.4967692,
                "container": null
            },
            {
                "exe": "",
                "cmdline": "",
                "pid": 121,
                "resources_usage": null,
                "consumption": 0.0,
                "timestamp": 1721775066.4967694,
                "container": null
            },
            {
                "exe": "",
                "cmdline": "",
                "pid": 45,
                "resources_usage": null,
                "consumption": 0.0,
                "timestamp": 1721775066.4967701,
                "container": null
            },
            {
                "exe": "/usr/sbin/agetty",
                "cmdline": "/sbin/agetty-o-p -- \\u--nocleartty3linux",
                "pid": 1643,
                "resources_usage": null,
                "consumption": 0.0,
                "timestamp": 1721775066.4967704,
                "container": null
            }
        ],
        "sockets": [
            {
                "id": 0,
                "consumption": 19349000.0,
                "domains": [
                    {
                        "name": "uncore",
                        "consumption": 0.0,
                        "timestamp": 1721775066.477058
                    },
                    {
                        "name": "core",
                        "consumption": 16899552.0,
                        "timestamp": 1721775066.4768465
                    }
                ],
                "timestamp": 1721775066.4764712
            }
        ]
    },
    {
        "host": {
            "consumption": 25652900.0,
            "timestamp": 1721775066.5325923,
            "components": {
                "disks": [
                    {
                        "disk_type": "SSD",
                        "disk_mount_point": "/etc/hosts",
                        "disk_is_removable": false,
                        "disk_file_system": "ext4",
                        "disk_total_bytes": "33634926592",
                        "disk_available_bytes": "9870000128",
                        "disk_name": "/dev/nvme0n1p4"
                    }
                ]
            }
        },
        "consumers": [
            {
                "exe": "/usr/local/bin/scaphandre",
                "cmdline": "/usr/local/bin/scaphandrejson-s0--step-nano10000000-f/home/ce-p2-r-1/25/power.json",
                "pid": 467221,
                "resources_usage": null,
                "consumption": 478004.34,
                "timestamp": 1721775066.532365,
                "container": null
            },
            {
                "exe": "/",
                "cmdline": "runcinit",
                "pid": 467296,
                "resources_usage": null,
                "consumption": 478004.34,
                "timestamp": 1721775066.5323822,
                "container": null
            },
            {
                "exe": "/usr/lib/systemd/systemd",
                "cmdline": "/lib/systemd/systemd--user",
                "pid": 1553,
                "resources_usage": null,
                "consumption": 159334.78,
                "timestamp": 1721775066.5323944,
                "container": null
            },
            {
                "exe": "",
                "cmdline": "",
                "pid": 428940,
                "resources_usage": null,
                "consumption": 0.0,
                "timestamp": 1721775066.5323315,
                "container": null
            },
            {
                "exe": "",
                "cmdline": "",
                "pid": 458451,
                "resources_usage": null,
                "consumption": 0.0,
                "timestamp": 1721775066.5323324,
                "container": null
            },
            {
                "exe": "/usr/libexec/fwupd/fwupd",
                "cmdline": "/usr/libexec/fwupd/fwupd",
                "pid": 440864,
                "resources_usage": null,
                "consumption": 0.0,
                "timestamp": 1721775066.5323331,
                "container": null
            },
            {
                "exe": "/usr/bin/containerd-shim-runc-v2",
                "cmdline": "/usr/bin/containerd-shim-runc-v2-namespacemoby-id46e34d9000204c64ee7e9e72e399ab4b1b4a1a44e6c38782af2d5ea3d84f8f11-address/run/containerd/containerd.sock",
                "pid": 467199,
                "resources_usage": null,
                "consumption": 0.0,
                "timestamp": 1721775066.5323336,
                "container": null
            },
            {
                "exe": "",
                "cmdline": "",
                "pid": 706,
                "resources_usage": null,
                "consumption": 0.0,
                "timestamp": 1721775066.5323343,
                "container": null
            },
            {
                "exe": "",
                "cmdline": "",
                "pid": 121,
                "resources_usage": null,
                "consumption": 0.0,
                "timestamp": 1721775066.5323346,
                "container": null
            },
            {
                "exe": "",
                "cmdline": "",
                "pid": 45,
                "resources_usage": null,
                "consumption": 0.0,
                "timestamp": 1721775066.5323348,
                "container": null
            }
        ],
        "sockets": [
            {
                "id": 0,
                "consumption": 22593144.0,
                "domains": [
                    {
                        "name": "uncore",
                        "consumption": 0.0,
                        "timestamp": 1721775066.5126612
                    },
                    {
                        "name": "core",
                        "consumption": 20207684.0,
                        "timestamp": 1721775066.512472
                    }
                ],
                "timestamp": 1721775066.5121064
            }
        ]
    },
    {
        "host": {
            "consumption": 17960674.0,
            "timestamp": 1721775066.5668943,
            "components": {
                "disks": [
                    {
                        "disk_type": "SSD",
                        "disk_mount_point": "/etc/hosts",
                        "disk_is_removable": false,
                        "disk_file_system": "ext4",
                        "disk_total_bytes": "33634926592",
                        "disk_available_bytes": "9870000128",
                        "disk_name": "/dev/nvme0n1p4"
                    }
                ]
            }
        },
        "consumers": [
            {
                "exe": "/",
                "cmdline": "runcinit",
                "pid": 467296,
                "resources_usage": null,
                "consumption": 446227.94,
                "timestamp": 1721775066.5668426,
                "container": null
            },
            {
                "exe": "/usr/local/bin/scaphandre",
                "cmdline": "/usr/local/bin/scaphandrejson-s0--step-nano10000000-f/home/ce-p2-r-1/25/power.json",
                "pid": 467221,
                "resources_usage": null,
                "consumption": 223113.97,
                "timestamp": 1721775066.5668254,
                "container": null
            },
            {
                "exe": "",
                "cmdline": "",
                "pid": 428940,
                "resources_usage": null,
                "consumption": 0.0,
                "timestamp": 1721775066.5667922,
                "container": null
            },
            {
                "exe": "",
                "cmdline": "",
                "pid": 458451,
                "resources_usage": null,
                "consumption": 0.0,
                "timestamp": 1721775066.5667934,
                "container": null
            },
            {
                "exe": "/usr/libexec/fwupd/fwupd",
                "cmdline": "/usr/libexec/fwupd/fwupd",
                "pid": 440864,
                "resources_usage": null,
                "consumption": 0.0,
                "timestamp": 1721775066.5667937,
                "container": null
            },
            {
                "exe": "/usr/bin/containerd-shim-runc-v2",
                "cmdline": "/usr/bin/containerd-shim-runc-v2-namespacemoby-id46e34d9000204c64ee7e9e72e399ab4b1b4a1a44e6c38782af2d5ea3d84f8f11-address/run/containerd/containerd.sock",
                "pid": 467199,
                "resources_usage": null,
                "consumption": 0.0,
                "timestamp": 1721775066.5667942,
                "container": null
            },
            {
                "exe": "",
                "cmdline": "",
                "pid": 706,
                "resources_usage": null,
                "consumption": 0.0,
                "timestamp": 1721775066.5667949,
                "container": null
            },
            {
                "exe": "",
                "cmdline": "",
                "pid": 121,
                "resources_usage": null,
                "consumption": 0.0,
                "timestamp": 1721775066.566795,
                "container": null
            },
            {
                "exe": "",
                "cmdline": "",
                "pid": 45,
                "resources_usage": null,
                "consumption": 0.0,
                "timestamp": 1721775066.5667953,
                "container": null
            },
            {
                "exe": "/usr/sbin/agetty",
                "cmdline": "/sbin/agetty-o-p -- \\u--nocleartty3linux",
                "pid": 1643,
                "resources_usage": null,
                "consumption": 0.0,
                "timestamp": 1721775066.5667956,
                "container": null
            }
        ],
        "sockets": [
            {
                "id": 0,
                "consumption": 25864706.0,
                "domains": [
                    {
                        "name": "uncore",
                        "consumption": 0.0,
                        "timestamp": 1721775066.5479255
                    },
                    {
                        "name": "core",
                        "consumption": 23592490.0,
                        "timestamp": 1721775066.5479145
                    }
                ],
                "timestamp": 1721775066.5477934
            }
        ]
    },
    {
        "host": {
            "consumption": 24828902.0,
            "timestamp": 1721775066.6019707,
            "components": {
                "disks": [
                    {
                        "disk_type": "SSD",
                        "disk_mount_point": "/etc/hosts",
                        "disk_is_removable": false,
                        "disk_file_system": "ext4",
                        "disk_total_bytes": "33634926592",
                        "disk_available_bytes": "9869996032",
                        "disk_name": "/dev/nvme0n1p4"
                    }
                ]
            }
        },
        "consumers": [
            {
                "exe": "/",
                "cmdline": "runcinit",
                "pid": 467296,
                "resources_usage": null,
                "consumption": 462650.38,
                "timestamp": 1721775066.6019053,
                "container": null
            },
            {
                "exe": "/usr/local/bin/scaphandre",
                "cmdline": "/usr/local/bin/scaphandrejson-s0--step-nano10000000-f/home/ce-p2-r-1/25/power.json",
                "pid": 467221,
                "resources_usage": null,
                "consumption": 154216.78,
                "timestamp": 1721775066.6018877,
                "container": null
            },
            {
                "exe": "",
                "cmdline": "",
                "pid": 428940,
                "resources_usage": null,
                "consumption": 0.0,
                "timestamp": 1721775066.6018481,
                "container": null
            },
            {
                "exe": "",
                "cmdline": "",
                "pid": 458451,
                "resources_usage": null,
                "consumption": 0.0,
                "timestamp": 1721775066.6018493,
                "container": null
            },
            {
                "exe": "/usr/libexec/fwupd/fwupd",
                "cmdline": "/usr/libexec/fwupd/fwupd",
                "pid": 440864,
                "resources_usage": null,
                "consumption": 0.0,
                "timestamp": 1721775066.6018498,
                "container": null
            },
            {
                "exe": "/usr/bin/containerd-shim-runc-v2",
                "cmdline": "/usr/bin/containerd-shim-runc-v2-namespacemoby-id46e34d9000204c64ee7e9e72e399ab4b1b4a1a44e6c38782af2d5ea3d84f8f11-address/run/containerd/containerd.sock",
                "pid": 467199,
                "resources_usage": null,
                "consumption": 0.0,
                "timestamp": 1721775066.6018505,
                "container": null
            },
            {
                "exe": "",
                "cmdline": "",
                "pid": 706,
                "resources_usage": null,
                "consumption": 0.0,
                "timestamp": 1721775066.6018512,
                "container": null
            },
            {
                "exe": "",
                "cmdline": "",
                "pid": 121,
                "resources_usage": null,
                "consumption": 0.0,
                "timestamp": 1721775066.6018515,
                "container": null
            },
            {
                "exe": "",
                "cmdline": "",
                "pid": 45,
                "resources_usage": null,
                "consumption": 0.0,
                "timestamp": 1721775066.6018517,
                "container": null
            },
            {
                "exe": "/usr/sbin/agetty",
                "cmdline": "/sbin/agetty-o-p -- \\u--nocleartty3linux",
                "pid": 1643,
                "resources_usage": null,
                "consumption": 0.0,
                "timestamp": 1721775066.601852,
                "container": null
            }
        ],
        "sockets": [
            {
                "id": 0,
                "consumption": 14102821.0,
                "domains": [
                    {
                        "name": "uncore",
                        "consumption": 0.0,
                        "timestamp": 1721775066.5819662
                    },
                    {
                        "name": "core",
                        "consumption": 11771450.0,
                        "timestamp": 1721775066.5819592
                    }
                ],
                "timestamp": 1721775066.581858
            }
        ]
    },
    {
        "host": {
            "consumption": 19118262.0,
            "timestamp": 1721775066.6366189,
            "components": {
                "disks": [
                    {
                        "disk_type": "SSD",
                        "disk_mount_point": "/etc/hosts",
                        "disk_is_removable": false,
                        "disk_file_system": "ext4",
                        "disk_total_bytes": "33634926592",
                        "disk_available_bytes": "9869996032",
                        "disk_name": "/dev/nvme0n1p4"
                    }
                ]
            }
        },
        "consumers": [
            {
                "exe": "/",
                "cmdline": "runcinit",
                "pid": 467296,
                "resources_usage": null,
                "consumption": 474987.88,
                "timestamp": 1721775066.6363747,
                "container": null
            },
            {
                "exe": "/usr/local/bin/scaphandre",
                "cmdline": "/usr/local/bin/scaphandrejson-s0--step-nano10000000-f/home/ce-p2-r-1/25/power.json",
                "pid": 467221,
                "resources_usage": null,
                "consumption": 237493.94,
                "timestamp": 1721775066.6363575,
                "container": null
            },
            {
                "exe": "",
                "cmdline": "",
                "pid": 428940,
                "resources_usage": null,
                "consumption": 0.0,
                "timestamp": 1721775066.636287,
                "container": null
            },
            {
                "exe": "",
                "cmdline": "",
                "pid": 458451,
                "resources_usage": null,
                "consumption": 0.0,
                "timestamp": 1721775066.636288,
                "container": null
            },
            {
                "exe": "/usr/libexec/fwupd/fwupd",
                "cmdline": "/usr/libexec/fwupd/fwupd",
                "pid": 440864,
                "resources_usage": null,
                "consumption": 0.0,
                "timestamp": 1721775066.6362884,
                "container": null
            },
            {
                "exe": "/usr/bin/containerd-shim-runc-v2",
                "cmdline": "/usr/bin/containerd-shim-runc-v2-namespacemoby-id46e34d9000204c64ee7e9e72e399ab4b1b4a1a44e6c38782af2d5ea3d84f8f11-address/run/containerd/containerd.sock",
                "pid": 467199,
                "resources_usage": null,
                "consumption": 0.0,
                "timestamp": 1721775066.636289,
                "container": null
            },
            {
                "exe": "",
                "cmdline": "",
                "pid": 706,
                "resources_usage": null,
                "consumption": 0.0,
                "timestamp": 1721775066.6362894,
                "container": null
            },
            {
                "exe": "",
                "cmdline": "",
                "pid": 121,
                "resources_usage": null,
                "consumption": 0.0,
                "timestamp": 1721775066.6362896,
                "container": null
            },
            {
                "exe": "",
                "cmdline": "",
                "pid": 45,
                "resources_usage": null,
                "consumption": 0.0,
                "timestamp": 1721775066.6362898,
                "container": null
            },
            {
                "exe": "/usr/sbin/agetty",
                "cmdline": "/sbin/agetty-o-p -- \\u--nocleartty3linux",
                "pid": 1643,
                "resources_usage": null,
                "consumption": 0.0,
                "timestamp": 1721775066.6362903,
                "container": null
            }
        ],
        "sockets": [
            {
                "id": 0,
                "consumption": 27507428.0,
                "domains": [
                    {
                        "name": "uncore",
                        "consumption": 0.0,
                        "timestamp": 1721775066.6178577
                    },
                    {
                        "name": "core",
                        "consumption": 29967492.0,
                        "timestamp": 1721775066.6177483
                    }
                ],
                "timestamp": 1721775066.6175416
            }
        ]
    },
    {
        "host": {
            "consumption": 16699094.0,
            "timestamp": 1721775066.671027,
            "components": {
                "disks": [
                    {
                        "disk_type": "SSD",
                        "disk_mount_point": "/etc/hosts",
                        "disk_is_removable": false,
                        "disk_file_system": "ext4",
                        "disk_total_bytes": "33634926592",
                        "disk_available_bytes": "9869991936",
                        "disk_name": "/dev/nvme0n1p4"
                    }
                ]
            }
        },
        "consumers": [
            {
                "exe": "/",
                "cmdline": "runcinit",
                "pid": 467296,
                "resources_usage": null,
                "consumption": 311163.25,
                "timestamp": 1721775066.6709096,
                "container": null
            },
            {
                "exe": "/usr/local/bin/scaphandre",
                "cmdline": "/usr/local/bin/scaphandrejson-s0--step-nano10000000-f/home/ce-p2-r-1/25/power.json",
                "pid": 467221,
                "resources_usage": null,
                "consumption": 207442.16,
                "timestamp": 1721775066.6708934,
                "container": null
            },
            {
                "exe": "",
                "cmdline": "",
                "pid": 428940,
                "resources_usage": null,
                "consumption": 0.0,
                "timestamp": 1721775066.6708558,
                "container": null
            },
            {
                "exe": "",
                "cmdline": "",
                "pid": 458451,
                "resources_usage": null,
                "consumption": 0.0,
                "timestamp": 1721775066.6708567,
                "container": null
            },
            {
                "exe": "/usr/libexec/fwupd/fwupd",
                "cmdline": "/usr/libexec/fwupd/fwupd",
                "pid": 440864,
                "resources_usage": null,
                "consumption": 0.0,
                "timestamp": 1721775066.6708572,
                "container": null
            },
            {
                "exe": "/usr/bin/containerd-shim-runc-v2",
                "cmdline": "/usr/bin/containerd-shim-runc-v2-namespacemoby-id46e34d9000204c64ee7e9e72e399ab4b1b4a1a44e6c38782af2d5ea3d84f8f11-address/run/containerd/containerd.sock",
                "pid": 467199,
                "resources_usage": null,
                "consumption": 0.0,
                "timestamp": 1721775066.6708577,
                "container": null
            },
            {
                "exe": "",
                "cmdline": "",
                "pid": 706,
                "resources_usage": null,
                "consumption": 0.0,
                "timestamp": 1721775066.6708584,
                "container": null
            },
            {
                "exe": "",
                "cmdline": "",
                "pid": 121,
                "resources_usage": null,
                "consumption": 0.0,
                "timestamp": 1721775066.6708584,
                "container": null
            },
            {
                "exe": "",
                "cmdline": "",
                "pid": 45,
                "resources_usage": null,
                "consumption": 0.0,
                "timestamp": 1721775066.6708589,
                "container": null
            },
            {
                "exe": "/usr/sbin/agetty",
                "cmdline": "/sbin/agetty-o-p -- \\u--nocleartty3linux",
                "pid": 1643,
                "resources_usage": null,
                "consumption": 0.0,
                "timestamp": 1721775066.670859,
                "container": null
            }
        ],
        "sockets": [
            {
                "id": 0,
                "consumption": 17170682.0,
                "domains": [
                    {
                        "name": "uncore",
                        "consumption": 0.0,
                        "timestamp": 1721775066.6521144
                    },
                    {
                        "name": "core",
                        "consumption": 9557972.0,
                        "timestamp": 1721775066.6521037
                    }
                ],
                "timestamp": 1721775066.6519892
            }
        ]
    },
    {
        "host": {
            "consumption": 27664390.0,
            "timestamp": 1721775066.7066846,
            "components": {
                "disks": [
                    {
                        "disk_type": "SSD",
                        "disk_mount_point": "/etc/hosts",
                        "disk_is_removable": false,
                        "disk_file_system": "ext4",
                        "disk_total_bytes": "33634926592",
                        "disk_available_bytes": "9869991936",
                        "disk_name": "/dev/nvme0n1p4"
                    }
                ]
            }
        },
        "consumers": [
            {
                "exe": "/",
                "cmdline": "runcinit",
                "pid": 467296,
                "resources_usage": null,
                "consumption": 654778.5,
                "timestamp": 1721775066.7066114,
                "container": null
            },
            {
                "exe": "/usr/local/bin/scaphandre",
                "cmdline": "/usr/local/bin/scaphandrejson-s0--step-nano10000000-f/home/ce-p2-r-1/25/power.json",
                "pid": 467221,
                "resources_usage": null,
                "consumption": 327389.25,
                "timestamp": 1721775066.706592,
                "container": null
            },
            {
                "exe": "",
                "cmdline": "",
                "pid": 34,
                "resources_usage": null,
                "consumption": 163694.62,
                "timestamp": 1721775066.7065961,
                "container": null
            },
            {
                "exe": "",
                "cmdline": "",
                "pid": 428940,
                "resources_usage": null,
                "consumption": 0.0,
                "timestamp": 1721775066.706553,
                "container": null
            },
            {
                "exe": "",
                "cmdline": "",
                "pid": 458451,
                "resources_usage": null,
                "consumption": 0.0,
                "timestamp": 1721775066.7065542,
                "container": null
            },
            {
                "exe": "/usr/libexec/fwupd/fwupd",
                "cmdline": "/usr/libexec/fwupd/fwupd",
                "pid": 440864,
                "resources_usage": null,
                "consumption": 0.0,
                "timestamp": 1721775066.7065547,
                "container": null
            },
            {
                "exe": "/usr/bin/containerd-shim-runc-v2",
                "cmdline": "/usr/bin/containerd-shim-runc-v2-namespacemoby-id46e34d9000204c64ee7e9e72e399ab4b1b4a1a44e6c38782af2d5ea3d84f8f11-address/run/containerd/containerd.sock",
                "pid": 467199,
                "resources_usage": null,
                "consumption": 0.0,
                "timestamp": 1721775066.7065551,
                "container": null
            },
            {
                "exe": "",
                "cmdline": "",
                "pid": 706,
                "resources_usage": null,
                "consumption": 0.0,
                "timestamp": 1721775066.7065558,
                "container": null
            },
            {
                "exe": "",
                "cmdline": "",
                "pid": 121,
                "resources_usage": null,
                "consumption": 0.0,
                "timestamp": 1721775066.706556,
                "container": null
            },
            {
                "exe": "",
                "cmdline": "",
                "pid": 45,
                "resources_usage": null,
                "consumption": 0.0,
                "timestamp": 1721775066.7065563,
                "container": null
            }
        ],
        "sockets": [
            {
                "id": 0,
                "consumption": 23262596.0,
                "domains": [
                    {
                        "name": "uncore",
                        "consumption": 0.0,
                        "timestamp": 1721775066.6868877
                    },
                    {
                        "name": "core",
                        "consumption": 20835988.0,
                        "timestamp": 1721775066.6868775
                    }
                ],
                "timestamp": 1721775066.686683
            }
        ]
    },
    {
        "host": {
            "consumption": 18940040.0,
            "timestamp": 1721775066.7424226,
            "components": {
                "disks": [
                    {
                        "disk_type": "SSD",
                        "disk_mount_point": "/etc/hosts",
                        "disk_is_removable": false,
                        "disk_file_system": "ext4",
                        "disk_total_bytes": "33634926592",
                        "disk_available_bytes": "9869987840",
                        "disk_name": "/dev/nvme0n1p4"
                    }
                ]
            }
        },
        "consumers": [
            {
                "exe": "/",
                "cmdline": "runcinit",
                "pid": 467296,
                "resources_usage": null,
                "consumption": 336213.72,
                "timestamp": 1721775066.7423532,
                "container": null
            },
            {
                "exe": "/usr/local/bin/scaphandre",
                "cmdline": "/usr/local/bin/scaphandrejson-s0--step-nano10000000-f/home/ce-p2-r-1/25/power.json",
                "pid": 467221,
                "resources_usage": null,
                "consumption": 224142.48,
                "timestamp": 1721775066.742335,
                "container": null
            },
            {
                "exe": "",
                "cmdline": "",
                "pid": 461688,
                "resources_usage": null,
                "consumption": 112071.24,
                "timestamp": 1721775066.7423477,
                "container": null
            },
            {
                "exe": "",
                "cmdline": "",
                "pid": 428940,
                "resources_usage": null,
                "consumption": 0.0,
                "timestamp": 1721775066.7422984,
                "container": null
            },
            {
                "exe": "",
                "cmdline": "",
                "pid": 458451,
                "resources_usage": null,
                "consumption": 0.0,
                "timestamp": 1721775066.7422998,
                "container": null
            },
            {
                "exe": "/usr/libexec/fwupd/fwupd",
                "cmdline": "/usr/libexec/fwupd/fwupd",
                "pid": 440864,
                "resources_usage": null,
                "consumption": 0.0,
                "timestamp": 1721775066.7423003,
                "container": null
            },
            {
                "exe": "/usr/bin/containerd-shim-runc-v2",
                "cmdline": "/usr/bin/containerd-shim-runc-v2-namespacemoby-id46e34d9000204c64ee7e9e72e399ab4b1b4a1a44e6c38782af2d5ea3d84f8f11-address/run/containerd/containerd.sock",
                "pid": 467199,
                "resources_usage": null,
                "consumption": 0.0,
                "timestamp": 1721775066.7423007,
                "container": null
            },
            {
                "exe": "",
                "cmdline": "",
                "pid": 706,
                "resources_usage": null,
                "consumption": 0.0,
                "timestamp": 1721775066.7423015,
                "container": null
            },
            {
                "exe": "",
                "cmdline": "",
                "pid": 121,
                "resources_usage": null,
                "consumption": 0.0,
                "timestamp": 1721775066.7423017,
                "container": null
            },
            {
                "exe": "",
                "cmdline": "",
                "pid": 45,
                "resources_usage": null,
                "consumption": 0.0,
                "timestamp": 1721775066.742302,
                "container": null
            }
        ],
        "sockets": [
            {
                "id": 0,
                "consumption": 25986450.0,
                "domains": [
                    {
                        "name": "uncore",
                        "consumption": 0.0,
                        "timestamp": 1721775066.722841
                    },
                    {
                        "name": "core",
                        "consumption": 23474372.0,
                        "timestamp": 1721775066.7228312
                    }
                ],
                "timestamp": 1721775066.722703
            }
        ]
    },
    {
        "host": {
            "consumption": 22722448.0,
            "timestamp": 1721775066.779816,
            "components": {
                "disks": [
                    {
                        "disk_type": "SSD",
                        "disk_mount_point": "/etc/hosts",
                        "disk_is_removable": false,
                        "disk_file_system": "ext4",
                        "disk_total_bytes": "33634926592",
                        "disk_available_bytes": "9869987840",
                        "disk_name": "/dev/nvme0n1p4"
                    }
                ]
            }
        },
        "consumers": [
            {
                "exe": "/",
                "cmdline": "runcinit",
                "pid": 467296,
                "resources_usage": null,
                "consumption": 537809.44,
                "timestamp": 1721775066.7797096,
                "container": null
            },
            {
                "exe": "/usr/local/bin/scaphandre",
                "cmdline": "/usr/local/bin/scaphandrejson-s0--step-nano10000000-f/home/ce-p2-r-1/25/power.json",
                "pid": 467221,
                "resources_usage": null,
                "consumption": 403357.03,
                "timestamp": 1721775066.7796912,
                "container": null
            },
            {
                "exe": "",
                "cmdline": "",
                "pid": 428940,
                "resources_usage": null,
                "consumption": 0.0,
                "timestamp": 1721775066.779653,
                "container": null
            },
            {
                "exe": "",
                "cmdline": "",
                "pid": 458451,
                "resources_usage": null,
                "consumption": 0.0,
                "timestamp": 1721775066.7796543,
                "container": null
            },
            {
                "exe": "/usr/libexec/fwupd/fwupd",
                "cmdline": "/usr/libexec/fwupd/fwupd",
                "pid": 440864,
                "resources_usage": null,
                "consumption": 0.0,
                "timestamp": 1721775066.7796545,
                "container": null
            },
            {
                "exe": "/usr/bin/containerd-shim-runc-v2",
                "cmdline": "/usr/bin/containerd-shim-runc-v2-namespacemoby-id46e34d9000204c64ee7e9e72e399ab4b1b4a1a44e6c38782af2d5ea3d84f8f11-address/run/containerd/containerd.sock",
                "pid": 467199,
                "resources_usage": null,
                "consumption": 0.0,
                "timestamp": 1721775066.779655,
                "container": null
            },
            {
                "exe": "",
                "cmdline": "",
                "pid": 706,
                "resources_usage": null,
                "consumption": 0.0,
                "timestamp": 1721775066.7796557,
                "container": null
            },
            {
                "exe": "",
                "cmdline": "",
                "pid": 121,
                "resources_usage": null,
                "consumption": 0.0,
                "timestamp": 1721775066.7796562,
                "container": null
            },
            {
                "exe": "",
                "cmdline": "",
                "pid": 45,
                "resources_usage": null,
                "consumption": 0.0,
                "timestamp": 1721775066.7796564,
                "container": null
            },
            {
                "exe": "/usr/sbin/agetty",
                "cmdline": "/sbin/agetty-o-p -- \\u--nocleartty3linux",
                "pid": 1643,
                "resources_usage": null,
                "consumption": 0.0,
                "timestamp": 1721775066.7796566,
                "container": null
            }
        ],
        "sockets": [
            {
                "id": 0,
                "consumption": 17434520.0,
                "domains": [
                    {
                        "name": "uncore",
                        "consumption": 0.0,
                        "timestamp": 1721775066.7579806
                    },
                    {
                        "name": "core",
                        "consumption": 14885078.0,
                        "timestamp": 1721775066.7579677
                    }
                ],
                "timestamp": 1721775066.7578511
            }
        ]
    },
    {
        "host": {
            "consumption": 19426112.0,
            "timestamp": 1721775066.8141978,
            "components": {
                "disks": [
                    {
                        "disk_type": "SSD",
                        "disk_mount_point": "/etc/hosts",
                        "disk_is_removable": false,
                        "disk_file_system": "ext4",
                        "disk_total_bytes": "33634926592",
                        "disk_available_bytes": "9869983744",
                        "disk_name": "/dev/nvme0n1p4"
                    }
                ]
            }
        },
        "consumers": [
            {
                "exe": "/",
                "cmdline": "runcinit",
                "pid": 467296,
                "resources_usage": null,
                "consumption": 344842.22,
                "timestamp": 1721775066.813977,
                "container": null
            },
            {
                "exe": "/usr/local/bin/scaphandre",
                "cmdline": "/usr/local/bin/scaphandrejson-s0--step-nano10000000-f/home/ce-p2-r-1/25/power.json",
                "pid": 467221,
                "resources_usage": null,
                "consumption": 114947.414,
                "timestamp": 1721775066.8139608,
                "container": null
            },
            {
                "exe": "",
                "cmdline": "",
                "pid": 428940,
                "resources_usage": null,
                "consumption": 0.0,
                "timestamp": 1721775066.8139272,
                "container": null
            },
            {
                "exe": "",
                "cmdline": "",
                "pid": 458451,
                "resources_usage": null,
                "consumption": 0.0,
                "timestamp": 1721775066.8139281,
                "container": null
            },
            {
                "exe": "/usr/libexec/fwupd/fwupd",
                "cmdline": "/usr/libexec/fwupd/fwupd",
                "pid": 440864,
                "resources_usage": null,
                "consumption": 0.0,
                "timestamp": 1721775066.8139284,
                "container": null
            },
            {
                "exe": "/usr/bin/containerd-shim-runc-v2",
                "cmdline": "/usr/bin/containerd-shim-runc-v2-namespacemoby-id46e34d9000204c64ee7e9e72e399ab4b1b4a1a44e6c38782af2d5ea3d84f8f11-address/run/containerd/containerd.sock",
                "pid": 467199,
                "resources_usage": null,
                "consumption": 0.0,
                "timestamp": 1721775066.8139288,
                "container": null
            },
            {
                "exe": "",
                "cmdline": "",
                "pid": 706,
                "resources_usage": null,
                "consumption": 0.0,
                "timestamp": 1721775066.8139293,
                "container": null
            },
            {
                "exe": "",
                "cmdline": "",
                "pid": 121,
                "resources_usage": null,
                "consumption": 0.0,
                "timestamp": 1721775066.81393,
                "container": null
            },
            {
                "exe": "",
                "cmdline": "",
                "pid": 45,
                "resources_usage": null,
                "consumption": 0.0,
                "timestamp": 1721775066.81393,
                "container": null
            },
            {
                "exe": "/usr/sbin/agetty",
                "cmdline": "/sbin/agetty-o-p -- \\u--nocleartty3linux",
                "pid": 1643,
                "resources_usage": null,
                "consumption": 0.0,
                "timestamp": 1721775066.8139303,
                "container": null
            }
        ],
        "sockets": [
            {
                "id": 0,
                "consumption": 23565164.0,
                "domains": [
                    {
                        "name": "uncore",
                        "consumption": 0.0,
                        "timestamp": 1721775066.7952237
                    },
                    {
                        "name": "core",
                        "consumption": 20970714.0,
                        "timestamp": 1721775066.7952132
                    }
                ],
                "timestamp": 1721775066.7950883
            }
        ]
    },
    {
        "host": {
            "consumption": 12460852.0,
            "timestamp": 1721775066.8481076,
            "components": {
                "disks": [
                    {
                        "disk_type": "SSD",
                        "disk_mount_point": "/etc/hosts",
                        "disk_is_removable": false,
                        "disk_file_system": "ext4",
                        "disk_total_bytes": "33634926592",
                        "disk_available_bytes": "9869983744",
                        "disk_name": "/dev/nvme0n1p4"
                    }
                ]
            }
        },
        "consumers": [
            {
                "exe": "/",
                "cmdline": "runcinit",
                "pid": 467296,
                "resources_usage": null,
                "consumption": 294931.4,
                "timestamp": 1721775066.8479886,
                "container": null
            },
            {
                "exe": "/usr/local/bin/scaphandre",
                "cmdline": "/usr/local/bin/scaphandrejson-s0--step-nano10000000-f/home/ce-p2-r-1/25/power.json",
                "pid": 467221,
                "resources_usage": null,
                "consumption": 147465.7,
                "timestamp": 1721775066.8479707,
                "container": null
            },
            {
                "exe": "",
                "cmdline": "",
                "pid": 428940,
                "resources_usage": null,
                "consumption": 0.0,
                "timestamp": 1721775066.8479345,
                "container": null
            },
            {
                "exe": "",
                "cmdline": "",
                "pid": 458451,
                "resources_usage": null,
                "consumption": 0.0,
                "timestamp": 1721775066.8479354,
                "container": null
            },
            {
                "exe": "/usr/libexec/fwupd/fwupd",
                "cmdline": "/usr/libexec/fwupd/fwupd",
                "pid": 440864,
                "resources_usage": null,
                "consumption": 0.0,
                "timestamp": 1721775066.8479357,
                "container": null
            },
            {
                "exe": "/usr/bin/containerd-shim-runc-v2",
                "cmdline": "/usr/bin/containerd-shim-runc-v2-namespacemoby-id46e34d9000204c64ee7e9e72e399ab4b1b4a1a44e6c38782af2d5ea3d84f8f11-address/run/containerd/containerd.sock",
                "pid": 467199,
                "resources_usage": null,
                "consumption": 0.0,
                "timestamp": 1721775066.8479364,
                "container": null
            },
            {
                "exe": "",
                "cmdline": "",
                "pid": 706,
                "resources_usage": null,
                "consumption": 0.0,
                "timestamp": 1721775066.8479369,
                "container": null
            },
            {
                "exe": "",
                "cmdline": "",
                "pid": 121,
                "resources_usage": null,
                "consumption": 0.0,
                "timestamp": 1721775066.847937,
                "container": null
            },
            {
                "exe": "",
                "cmdline": "",
                "pid": 45,
                "resources_usage": null,
                "consumption": 0.0,
                "timestamp": 1721775066.8479373,
                "container": null
            },
            {
                "exe": "/usr/sbin/agetty",
                "cmdline": "/sbin/agetty-o-p -- \\u--nocleartty3linux",
                "pid": 1643,
                "resources_usage": null,
                "consumption": 0.0,
                "timestamp": 1721775066.8479376,
                "container": null
            }
        ],
        "sockets": [
            {
                "id": 0,
                "consumption": 13486054.0,
                "domains": [
                    {
                        "name": "uncore",
                        "consumption": 0.0,
                        "timestamp": 1721775066.8295884
                    },
                    {
                        "name": "core",
                        "consumption": 11091448.0,
                        "timestamp": 1721775066.8294742
                    }
                ],
                "timestamp": 1721775066.8292534
            }
        ]
    },
    {
        "host": {
            "consumption": 29293376.0,
            "timestamp": 1721775066.8825345,
            "components": {
                "disks": [
                    {
                        "disk_type": "SSD",
                        "disk_mount_point": "/etc/hosts",
                        "disk_is_removable": false,
                        "disk_file_system": "ext4",
                        "disk_total_bytes": "33634926592",
                        "disk_available_bytes": "9869979648",
                        "disk_name": "/dev/nvme0n1p4"
                    }
                ]
            }
        },
        "consumers": [
            {
                "exe": "/",
                "cmdline": "runcinit",
                "pid": 467296,
                "resources_usage": null,
                "consumption": 520000.78,
                "timestamp": 1721775066.8824134,
                "container": null
            },
            {
                "exe": "/usr/local/bin/scaphandre",
                "cmdline": "/usr/local/bin/scaphandrejson-s0--step-nano10000000-f/home/ce-p2-r-1/25/power.json",
                "pid": 467221,
                "resources_usage": null,
                "consumption": 346667.2,
                "timestamp": 1721775066.8823953,
                "container": null
            },
            {
                "exe": "",
                "cmdline": "",
                "pid": 428940,
                "resources_usage": null,
                "consumption": 0.0,
                "timestamp": 1721775066.8823614,
                "container": null
            },
            {
                "exe": "",
                "cmdline": "",
                "pid": 458451,
                "resources_usage": null,
                "consumption": 0.0,
                "timestamp": 1721775066.8823626,
                "container": null
            },
            {
                "exe": "/usr/libexec/fwupd/fwupd",
                "cmdline": "/usr/libexec/fwupd/fwupd",
                "pid": 440864,
                "resources_usage": null,
                "consumption": 0.0,
                "timestamp": 1721775066.8823628,
                "container": null
            },
            {
                "exe": "/usr/bin/containerd-shim-runc-v2",
                "cmdline": "/usr/bin/containerd-shim-runc-v2-namespacemoby-id46e34d9000204c64ee7e9e72e399ab4b1b4a1a44e6c38782af2d5ea3d84f8f11-address/run/containerd/containerd.sock",
                "pid": 467199,
                "resources_usage": null,
                "consumption": 0.0,
                "timestamp": 1721775066.8823636,
                "container": null
            },
            {
                "exe": "",
                "cmdline": "",
                "pid": 706,
                "resources_usage": null,
                "consumption": 0.0,
                "timestamp": 1721775066.8823643,
                "container": null
            },
            {
                "exe": "",
                "cmdline": "",
                "pid": 121,
                "resources_usage": null,
                "consumption": 0.0,
                "timestamp": 1721775066.8823643,
                "container": null
            },
            {
                "exe": "",
                "cmdline": "",
                "pid": 45,
                "resources_usage": null,
                "consumption": 0.0,
                "timestamp": 1721775066.8823645,
                "container": null
            },
            {
                "exe": "/usr/sbin/agetty",
                "cmdline": "/sbin/agetty-o-p -- \\u--nocleartty3linux",
                "pid": 1643,
                "resources_usage": null,
                "consumption": 0.0,
                "timestamp": 1721775066.882365,
                "container": null
            }
        ],
        "sockets": [
            {
                "id": 0,
                "consumption": 16194386.0,
                "domains": [
                    {
                        "name": "uncore",
                        "consumption": 0.0,
                        "timestamp": 1721775066.863367
                    },
                    {
                        "name": "core",
                        "consumption": 13912235.0,
                        "timestamp": 1721775066.863356
                    }
                ],
                "timestamp": 1721775066.8632376
            }
        ]
    },
    {
        "host": {
            "consumption": 15029905.0,
            "timestamp": 1721775066.9173446,
            "components": {
                "disks": [
                    {
                        "disk_type": "SSD",
                        "disk_mount_point": "/etc/hosts",
                        "disk_is_removable": false,
                        "disk_file_system": "ext4",
                        "disk_total_bytes": "33634926592",
                        "disk_available_bytes": "9869979648",
                        "disk_name": "/dev/nvme0n1p4"
                    }
                ]
            }
        },
        "consumers": [
            {
                "exe": "/",
                "cmdline": "runcinit",
                "pid": 467296,
                "resources_usage": null,
                "consumption": 353644.84,
                "timestamp": 1721775066.9172287,
                "container": null
            },
            {
                "exe": "/usr/local/bin/scaphandre",
                "cmdline": "/usr/local/bin/scaphandrejson-s0--step-nano10000000-f/home/ce-p2-r-1/25/power.json",
                "pid": 467221,
                "resources_usage": null,
                "consumption": 176822.42,
                "timestamp": 1721775066.9172106,
                "container": null
            },
            {
                "exe": "",
                "cmdline": "",
                "pid": 428940,
                "resources_usage": null,
                "consumption": 0.0,
                "timestamp": 1721775066.9171755,
                "container": null
            },
            {
                "exe": "",
                "cmdline": "",
                "pid": 458451,
                "resources_usage": null,
                "consumption": 0.0,
                "timestamp": 1721775066.9171767,
                "container": null
            },
            {
                "exe": "/usr/libexec/fwupd/fwupd",
                "cmdline": "/usr/libexec/fwupd/fwupd",
                "pid": 440864,
                "resources_usage": null,
                "consumption": 0.0,
                "timestamp": 1721775066.9171772,
                "container": null
            },
            {
                "exe": "/usr/bin/containerd-shim-runc-v2",
                "cmdline": "/usr/bin/containerd-shim-runc-v2-namespacemoby-id46e34d9000204c64ee7e9e72e399ab4b1b4a1a44e6c38782af2d5ea3d84f8f11-address/run/containerd/containerd.sock",
                "pid": 467199,
                "resources_usage": null,
                "consumption": 0.0,
                "timestamp": 1721775066.9171777,
                "container": null
            },
            {
                "exe": "",
                "cmdline": "",
                "pid": 706,
                "resources_usage": null,
                "consumption": 0.0,
                "timestamp": 1721775066.9171784,
                "container": null
            },
            {
                "exe": "",
                "cmdline": "",
                "pid": 121,
                "resources_usage": null,
                "consumption": 0.0,
                "timestamp": 1721775066.9171786,
                "container": null
            },
            {
                "exe": "",
                "cmdline": "",
                "pid": 45,
                "resources_usage": null,
                "consumption": 0.0,
                "timestamp": 1721775066.9171789,
                "container": null
            },
            {
                "exe": "/usr/sbin/agetty",
                "cmdline": "/sbin/agetty-o-p -- \\u--nocleartty3linux",
                "pid": 1643,
                "resources_usage": null,
                "consumption": 0.0,
                "timestamp": 1721775066.917179,
                "container": null
            }
        ],
        "sockets": [
            {
                "id": 0,
                "consumption": 29410626.0,
                "domains": [
                    {
                        "name": "uncore",
                        "consumption": 0.0,
                        "timestamp": 1721775066.8981917
                    },
                    {
                        "name": "core",
                        "consumption": 26927684.0,
                        "timestamp": 1721775066.898108
                    }
                ],
                "timestamp": 1721775066.8978324
            }
        ]
    }
]