{
    "timestamp_analysis": {
        "mean": 0.024850828385979535,
        "std": 0.0016877060613754613,
        "min": 0.021921157836914062,
        "max": 0.03348565101623535,
        "median": 0.024436473846435547,
        "running_time": 16.078650951385498
    },
    "host_energy_analysis": {
        "total": 278.6473726407254,
        "per_repetition": 5.572947452814508e-09
    },
    "host_power_analysis": {
        "mean": 17.342345632716047,
        "std": 5.386079063432066,
        "min": 4.739422,
        "max": 36.003596,
        "median": 17.301068
    },
    "process_energy_analysis": {
        "total": 4.146868487959095,
        "per_repetition": 8.29373697591819e-11
    }
}