{
    "timestamp_analysis": {
        "mean": 0.02522069685386889,
        "std": 0.0017273064384017477,
        "min": 0.02183365821838379,
        "max": 0.032328128814697266,
        "median": 0.024852395057678223,
        "running_time": 8.322969913482666
    },
    "host_energy_analysis": {
        "total": 156.88588476551308,
        "per_repetition": 3.137717695310262e-07
    },
    "host_power_analysis": {
        "mean": 18.859116731117822,
        "std": 5.489088123089105,
        "min": 5.602045,
        "max": 33.369628,
        "median": 18.696104
    },
    "process_energy_analysis": {
        "total": 2.390770856232476,
        "per_repetition": 4.7815417124649515e-09
    }
}