{
    "timestamp_analysis": {
        "mean": 0.025510446635392012,
        "std": 0.002050668498586283,
        "min": 0.02227044105529785,
        "max": 0.0364990234375,
        "median": 0.024962663650512695,
        "running_time": 9.51550555229187
    },
    "host_energy_analysis": {
        "total": 167.584380027961,
        "per_repetition": 3.35168760055922e-07
    },
    "host_power_analysis": {
        "mean": 17.63335971657754,
        "std": 5.6159664928668125,
        "min": 5.336271,
        "max": 37.990812,
        "median": 17.338206
    },
    "process_energy_analysis": {
        "total": 2.5569303447812173,
        "per_repetition": 5.113860689562435e-09
    }
}