{
    "timestamp_analysis": {
        "mean": 0.03430403315502664,
        "std": 0.0015907671870662877,
        "min": 0.031183481216430664,
        "max": 0.04193258285522461,
        "median": 0.03389275074005127,
        "running_time": 12.62417984008789
    },
    "host_energy_analysis": {
        "total": 229.90946474985003,
        "per_repetition": 7.663648824995002e-06
    },
    "host_power_analysis": {
        "mean": 18.238822991869917,
        "std": 5.003114886969558,
        "min": 4.618631,
        "max": 36.568788,
        "median": 17.780386
    },
    "process_energy_analysis": {
        "total": 4.795437379908094,
        "per_repetition": 1.5984791266360313e-07
    }
}