{
    "host_energy_total_shapiro": {
        "stat": 0.9499376010934265,
        "p": 0.1684107355209088
    },
    "host_energy_per_repetition_shapiro": {
        "stat": 0.9499376010934274,
        "p": 0.16841073552091756
    },
    "process_energy_total_shapiro": {
        "stat": 0.9522330742424081,
        "p": 0.19395527317765965
    },
    "process_energy_per_repetition_shapiro": {
        "stat": 0.9522330742424089,
        "p": 0.19395527317766897
    },
    "timestamp_running_time_shapiro": {
        "stat": 0.9656460094922515,
        "p": 0.42784524512350963
    },
    "host_power_mean_shapiro": {
        "stat": 0.9451951335312074,
        "p": 0.12556463093069625
    }
}