{
    "timestamp_analysis": {
        "mean": 0.03659936908173234,
        "std": 0.0040684461411230185,
        "min": 0.03238320350646973,
        "max": 0.08331656455993652,
        "median": 0.03544151782989502,
        "running_time": 10.687201499938965
    },
    "host_energy_analysis": {
        "total": 266.4632446085613,
        "per_repetition": 0.000888210815361871
    },
    "host_power_analysis": {
        "mean": 24.828283641638226,
        "std": 6.7256581594467315,
        "min": 10.230691,
        "max": 44.971504,
        "median": 24.230996
    },
    "process_energy_analysis": {
        "total": 10.92666730997114,
        "per_repetition": 3.6422224366570466e-05
    }
}