{
    "timestamp_analysis": {
        "mean": 0.037720035200249656,
        "std": 0.003241379827204769,
        "min": 0.0327761173248291,
        "max": 0.057070016860961914,
        "median": 0.03661036491394043,
        "running_time": 11.014396667480469
    },
    "host_energy_analysis": {
        "total": 271.6624597390323,
        "per_repetition": 0.0009055415324634409
    },
    "host_power_analysis": {
        "mean": 24.561969215017065,
        "std": 6.17989084394209,
        "min": 8.210128,
        "max": 42.238664,
        "median": 24.07216
    },
    "process_energy_analysis": {
        "total": 10.99357723201749,
        "per_repetition": 3.66452574400583e-05
    }
}