{
    "timestamp_analysis": {
        "mean": 0.02506067946150496,
        "std": 0.0015503418977422967,
        "min": 0.02177143096923828,
        "max": 0.03197360038757324,
        "median": 0.02466297149658203,
        "running_time": 8.345411777496338
    },
    "host_energy_analysis": {
        "total": 154.0659975518428,
        "per_repetition": 3.081319951036856e-07
    },
    "host_power_analysis": {
        "mean": 18.476052670658685,
        "std": 5.595884249492773,
        "min": 3.207561,
        "max": 32.99312,
        "median": 18.546481
    },
    "process_energy_analysis": {
        "total": 2.320133174061745,
        "per_repetition": 4.64026634812349e-09
    }
}