{
    "timestamp_analysis": {
        "mean": 0.025175666457172688,
        "std": 0.0018068394792629778,
        "min": 0.021860361099243164,
        "max": 0.03280234336853027,
        "median": 0.024715662002563477,
        "running_time": 6.822735786437988
    },
    "host_energy_analysis": {
        "total": 116.14388432856809,
        "per_repetition": 1.1614388432856809e-07
    },
    "host_power_analysis": {
        "mean": 17.039606886029414,
        "std": 5.63258182107452,
        "min": 3.37752,
        "max": 32.884044,
        "median": 16.833420500000003
    },
    "process_energy_analysis": {
        "total": 1.7754965890541392,
        "per_repetition": 1.7754965890541393e-09
    }
}