{
    "timestamp_analysis": {
        "mean": 0.02573741966823362,
        "std": 0.0015741764832132702,
        "min": 0.022729158401489258,
        "max": 0.03498339653015137,
        "median": 0.025452852249145508,
        "running_time": 6.820584058761597
    },
    "host_energy_analysis": {
        "total": 117.47865580112982,
        "per_repetition": 1.1747865580112982e-07
    },
    "host_power_analysis": {
        "mean": 17.225600139097743,
        "std": 5.103594698460987,
        "min": 4.74182,
        "max": 35.09104,
        "median": 17.291336
    },
    "process_energy_analysis": {
        "total": 1.8327125635933816,
        "per_repetition": 1.8327125635933816e-09
    }
}