{
    "timestamp_analysis": {
        "mean": 0.03437300671137507,
        "std": 0.0015699364820763386,
        "min": 0.031217336654663086,
        "max": 0.04171609878540039,
        "median": 0.03411746025085449,
        "running_time": 11.996447324752808
    },
    "host_energy_analysis": {
        "total": 235.59089085770248,
        "per_repetition": 7.853029695256749e-06
    },
    "host_power_analysis": {
        "mean": 19.63912858285714,
        "std": 5.555581868086997,
        "min": 6.750452,
        "max": 37.274176,
        "median": 19.652846
    },
    "process_energy_analysis": {
        "total": 4.879231825666037,
        "per_repetition": 1.6264106085553455e-07
    }
}