{
    "timestamp_analysis": {
        "mean": 0.03445984345895273,
        "std": 0.0014484239176049665,
        "min": 0.03140687942504883,
        "max": 0.04048562049865723,
        "median": 0.03415274620056152,
        "running_time": 9.304301738739014
    },
    "host_energy_analysis": {
        "total": 167.2746789298804,
        "per_repetition": 0.001672746789298804
    },
    "host_power_analysis": {
        "mean": 17.973055055350557,
        "std": 4.733674437714034,
        "min": 7.193044,
        "max": 32.443586,
        "median": 17.923002
    },
    "process_energy_analysis": {
        "total": 3.4690320838707374,
        "per_repetition": 3.4690320838707376e-05
    }
}