{
    "timestamp_analysis": {
        "mean": 0.034710705280303955,
        "std": 0.0018819282735392517,
        "min": 0.03211712837219238,
        "max": 0.04217100143432617,
        "median": 0.0344998836517334,
        "running_time": 0.8331892490386963
    },
    "host_energy_analysis": {
        "total": 16.8776151765033,
        "per_repetition": 0.0056258717255011
    },
    "host_power_analysis": {
        "mean": 20.08961252,
        "std": 4.907736011919346,
        "min": 11.172801,
        "max": 28.897226,
        "median": 20.5295
    },
    "process_energy_analysis": {
        "total": 0.33742354861674306,
        "per_repetition": 0.00011247451620558101
    }
}