{
    "timestamp_analysis": {
        "mean": 0.02512826188124035,
        "std": 0.0018515633913958043,
        "min": 0.022096633911132812,
        "max": 0.03592228889465332,
        "median": 0.02464008331298828,
        "running_time": 8.518604278564453
    },
    "host_energy_analysis": {
        "total": 153.7509357504146,
        "per_repetition": 3.075018715008292e-07
    },
    "host_power_analysis": {
        "mean": 18.100126164705884,
        "std": 5.4243483378245445,
        "min": 6.287065,
        "max": 38.123624,
        "median": 17.888176
    },
    "process_energy_analysis": {
        "total": 2.323724703070224,
        "per_repetition": 4.647449406140448e-09
    }
}