{
    "timestamp_analysis": {
        "mean": 0.025517892692589108,
        "std": 0.0016756594493067135,
        "min": 0.022011756896972656,
        "max": 0.033994197845458984,
        "median": 0.025159835815429688,
        "running_time": 8.395511150360107
    },
    "host_energy_analysis": {
        "total": 160.67810401927053,
        "per_repetition": 1.6067810401927053e-05
    },
    "host_power_analysis": {
        "mean": 19.195774766666666,
        "std": 5.954960637242457,
        "min": 4.765113,
        "max": 36.58406,
        "median": 19.162851
    },
    "process_energy_analysis": {
        "total": 2.508349112514021,
        "per_repetition": 2.5083491125140214e-07
    }
}