{
    "timestamp_analysis": {
        "mean": 0.025601176303177053,
        "std": 0.0016755679542871582,
        "min": 0.02254033088684082,
        "max": 0.03516030311584473,
        "median": 0.025217533111572266,
        "running_time": 11.239040851593018
    },
    "host_energy_analysis": {
        "total": 234.30827163485444,
        "per_repetition": 2.3430827163485443e-05
    },
    "host_power_analysis": {
        "mean": 20.87244810909091,
        "std": 6.1035382233402675,
        "min": 6.537444,
        "max": 42.50347,
        "median": 20.443942999999997
    },
    "process_energy_analysis": {
        "total": 3.6518349214939536,
        "per_repetition": 3.6518349214939534e-07
    }
}