{
    "timestamp_analysis": {
        "mean": 0.037027270861074955,
        "std": 0.005000853501628494,
        "min": 0.03215289115905762,
        "max": 0.09050464630126953,
        "median": 0.035472750663757324,
        "running_time": 10.516017436981201
    },
    "host_energy_analysis": {
        "total": 278.84828712607896,
        "per_repetition": 0.0009294942904202631
    },
    "host_power_analysis": {
        "mean": 26.32690250526316,
        "std": 7.211551244667224,
        "min": 6.059254,
        "max": 47.12385,
        "median": 25.713612
    },
    "process_energy_analysis": {
        "total": 10.937045660571787,
        "per_repetition": 3.6456818868572625e-05
    }
}