{
    "timestamp_analysis": {
        "mean": 0.026226816921059146,
        "std": 0.001997935479881764,
        "min": 0.022707462310791016,
        "max": 0.035687923431396484,
        "median": 0.025650620460510254,
        "running_time": 11.435116052627563
    },
    "host_energy_analysis": {
        "total": 228.0374193412161,
        "per_repetition": 2.280374193412161e-05
    },
    "host_power_analysis": {
        "mean": 20.00292278718535,
        "std": 6.260055327887208,
        "min": 4.457034,
        "max": 37.51858,
        "median": 19.613468
    },
    "process_energy_analysis": {
        "total": 3.6552850765035814,
        "per_repetition": 3.6552850765035815e-07
    }
}