{
    "timestamp_analysis": {
        "mean": 0.03492604944694556,
        "std": 0.0016082044437693787,
        "min": 0.031087875366210938,
        "max": 0.043851375579833984,
        "median": 0.03457331657409668,
        "running_time": 21.898760318756104
    },
    "host_energy_analysis": {
        "total": 427.2294388089966,
        "per_repetition": 1.4240981293633218e-05
    },
    "host_power_analysis": {
        "mean": 19.528160656050954,
        "std": 5.4750652063023795,
        "min": 6.252324,
        "max": 40.197076,
        "median": 19.241676
    },
    "process_energy_analysis": {
        "total": 9.332982317766525,
        "per_repetition": 3.110994105922175e-07
    }
}