{
    "timestamp_analysis": {
        "mean": 0.03695882428182314,
        "std": 0.003727478483201573,
        "min": 0.033121347427368164,
        "max": 0.08295845985412598,
        "median": 0.035941481590270996,
        "running_time": 10.792129039764404
    },
    "host_energy_analysis": {
        "total": 271.1041411678294,
        "per_repetition": 0.0009036804705594314
    },
    "host_power_analysis": {
        "mean": 24.99502334129693,
        "std": 7.172860776110609,
        "min": 8.24724,
        "max": 56.444756,
        "median": 24.633044
    },
    "process_energy_analysis": {
        "total": 10.778070271495444,
        "per_repetition": 3.592690090498482e-05
    }
}