{
    "timestamp_analysis": {
        "mean": 0.025496666206907263,
        "std": 0.0016863920164690586,
        "min": 0.022216320037841797,
        "max": 0.03464484214782715,
        "median": 0.025099515914916992,
        "running_time": 11.371636390686035
    },
    "host_energy_analysis": {
        "total": 224.07046470140966,
        "per_repetition": 2.2407046470140965e-05
    },
    "host_power_analysis": {
        "mean": 19.72327410738255,
        "std": 6.16628801022464,
        "min": 5.682751,
        "max": 42.9659,
        "median": 19.54052
    },
    "process_energy_analysis": {
        "total": 3.5053335076606063,
        "per_repetition": 3.505333507660606e-07
    }
}