{
    "timestamp_analysis": {
        "mean": 0.033652492449750715,
        "std": 0.00216065575663898,
        "min": 0.030099153518676758,
        "max": 0.08110952377319336,
        "median": 0.03326725959777832,
        "running_time": 29.71524930000305
    },
    "host_energy_analysis": {
        "total": 584.635909847612,
        "per_repetition": 1.9487863661587066e-05
    },
    "host_power_analysis": {
        "mean": 19.698033746606335,
        "std": 5.246501001682693,
        "min": 6.369681,
        "max": 34.978916,
        "median": 19.532301
    },
    "process_energy_analysis": {
        "total": 11.810396311583958,
        "per_repetition": 3.936798770527986e-07
    }
}