{
    "timestamp_analysis": {
        "mean": 0.0365702940358056,
        "std": 0.002741623067227564,
        "min": 0.032791852951049805,
        "max": 0.04653120040893555,
        "median": 0.03570985794067383,
        "running_time": 10.53237771987915
    },
    "host_energy_analysis": {
        "total": 262.52662766874874,
        "per_repetition": 0.0008750887588958292
    },
    "host_power_analysis": {
        "mean": 24.752319038062286,
        "std": 7.57153188833474,
        "min": 9.148396,
        "max": 53.99636,
        "median": 24.762694
    },
    "process_energy_analysis": {
        "total": 10.193561005793706,
        "per_repetition": 3.397853668597902e-05
    }
}