{
    "timestamp_analysis": {
        "mean": 0.02600447999106513,
        "std": 0.0017444403537535144,
        "min": 0.022347211837768555,
        "max": 0.03339552879333496,
        "median": 0.02561008930206299,
        "running_time": 8.425573825836182
    },
    "host_energy_analysis": {
        "total": 162.4042122406894,
        "per_repetition": 1.6240421224068938e-05
    },
    "host_power_analysis": {
        "mean": 19.35369791076923,
        "std": 6.004686487378354,
        "min": 5.658673,
        "max": 36.680216,
        "median": 18.4829
    },
    "process_energy_analysis": {
        "total": 2.5797574291421803,
        "per_repetition": 2.57975742914218e-07
    }
}