{
    "timestamp_analysis": {
        "mean": 0.03685472205333912,
        "std": 0.0031545893850706656,
        "min": 0.03235983848571777,
        "max": 0.05020952224731445,
        "median": 0.035739898681640625,
        "running_time": 10.430068731307983
    },
    "host_energy_analysis": {
        "total": 261.42688058175,
        "per_repetition": 0.0008714229352725001
    },
    "host_power_analysis": {
        "mean": 25.01615061971831,
        "std": 6.1101318553810415,
        "min": 10.311473,
        "max": 43.097896,
        "median": 25.291179
    },
    "process_energy_analysis": {
        "total": 9.634532268433988,
        "per_repetition": 3.211510756144663e-05
    }
}