{
    "host_energy_total_shapiro": {
        "stat": 0.9559372309350995,
        "p": 0.24305459848654215
    },
    "host_energy_per_repetition_shapiro": {
        "stat": 0.9559372309350986,
        "p": 0.24305459848653038
    },
    "process_energy_total_shapiro": {
        "stat": 0.9673407949456425,
        "p": 0.4692107157596898
    },
    "process_energy_per_repetition_shapiro": {
        "stat": 0.9673407949456425,
        "p": 0.46921071575969087
    },
    "timestamp_running_time_shapiro": {
        "stat": 0.9782055677636159,
        "p": 0.7760972758961877
    },
    "host_power_mean_shapiro": {
        "stat": 0.9815210852177496,
        "p": 0.8643996270925254
    }
}