{
    "timestamp_analysis": {
        "mean": 0.02556706720323705,
        "std": 0.0015353509295320078,
        "min": 0.02196335792541504,
        "max": 0.032462358474731445,
        "median": 0.025243163108825684,
        "running_time": 6.852097034454346
    },
    "host_energy_analysis": {
        "total": 117.92428067576039,
        "per_repetition": 1.1792428067576038e-07
    },
    "host_power_analysis": {
        "mean": 17.239445639405204,
        "std": 5.452981023311022,
        "min": 3.676264,
        "max": 33.219456,
        "median": 17.038762
    },
    "process_energy_analysis": {
        "total": 1.8511544276760783,
        "per_repetition": 1.8511544276760783e-09
    }
}