{
    "timestamp_analysis": {
        "mean": 0.024897885031816436,
        "std": 0.001531697427444363,
        "min": 0.02151203155517578,
        "max": 0.034975528717041016,
        "median": 0.0245436429977417,
        "running_time": 16.333129405975342
    },
    "host_energy_analysis": {
        "total": 282.2491892662269,
        "per_repetition": 5.644983785324538e-09
    },
    "host_power_analysis": {
        "mean": 17.28282077473364,
        "std": 5.470516997248587,
        "min": 3.640522,
        "max": 35.74367,
        "median": 16.944402
    },
    "process_energy_analysis": {
        "total": 4.214791261363025,
        "per_repetition": 8.42958252272605e-11
    }
}