{
    "timestamp_analysis": {
        "mean": 0.035317992394970306,
        "std": 0.002631569776150965,
        "min": 0.03199625015258789,
        "max": 0.08250617980957031,
        "median": 0.034748077392578125,
        "running_time": 21.89733076095581
    },
    "host_energy_analysis": {
        "total": 422.05397062601673,
        "per_repetition": 1.406846568753389e-05
    },
    "host_power_analysis": {
        "mean": 19.294110214170693,
        "std": 5.358062401474099,
        "min": 6.565563,
        "max": 36.066256,
        "median": 18.880412
    },
    "process_energy_analysis": {
        "total": 9.21699863255596,
        "per_repetition": 3.0723328775186535e-07
    }
}