{
    "timestamp_analysis": {
        "mean": 0.034804192695828434,
        "std": 0.0016406434330712592,
        "min": 0.03145432472229004,
        "max": 0.04694080352783203,
        "median": 0.034477949142456055,
        "running_time": 12.599332094192505
    },
    "host_energy_analysis": {
        "total": 218.28285928561436,
        "per_repetition": 7.276095309520479e-06
    },
    "host_power_analysis": {
        "mean": 17.344642107438016,
        "std": 4.864248459288562,
        "min": 6.286817,
        "max": 34.086604,
        "median": 16.980032
    },
    "process_energy_analysis": {
        "total": 4.555093358303492,
        "per_repetition": 1.5183644527678306e-07
    }
}