{
    "timestamp_analysis": {
        "mean": 0.03455326954523722,
        "std": 0.0009735329585068734,
        "min": 0.03297781944274902,
        "max": 0.03685879707336426,
        "median": 0.034485816955566406,
        "running_time": 0.8294436931610107
    },
    "host_energy_analysis": {
        "total": 15.85062264682579,
        "per_repetition": 0.005283540882275264
    },
    "host_power_analysis": {
        "mean": 19.099142880000002,
        "std": 5.539157546268878,
        "min": 8.282734,
        "max": 32.301464,
        "median": 19.307426
    },
    "process_energy_analysis": {
        "total": 0.3238350121014977,
        "per_repetition": 0.00010794500403383256
    }
}