{
    "timestamp_analysis": {
        "mean": 0.03463904474346774,
        "std": 0.0017649405901715006,
        "min": 0.031144380569458008,
        "max": 0.04303932189941406,
        "median": 0.03420305252075195,
        "running_time": 12.71266770362854
    },
    "host_energy_analysis": {
        "total": 220.58227696913946,
        "per_repetition": 7.352742565637982e-06
    },
    "host_power_analysis": {
        "mean": 17.377237951086958,
        "std": 4.594673187963855,
        "min": 6.512202,
        "max": 30.680274,
        "median": 17.201348000000003
    },
    "process_energy_analysis": {
        "total": 4.593184764380737,
        "per_repetition": 1.5310615881269125e-07
    }
}