{
    "timestamp_analysis": {
        "mean": 0.025663830663846886,
        "std": 0.0016587692169375814,
        "min": 0.022485733032226562,
        "max": 0.03370261192321777,
        "median": 0.025338411331176758,
        "running_time": 9.444414854049683
    },
    "host_energy_analysis": {
        "total": 169.03846470153485,
        "per_repetition": 3.380769294030697e-07
    },
    "host_power_analysis": {
        "mean": 17.931006401084012,
        "std": 5.9674745920222865,
        "min": 6.800937,
        "max": 35.925376,
        "median": 17.516368
    },
    "process_energy_analysis": {
        "total": 2.6216710502750207,
        "per_repetition": 5.243342100550041e-09
    }
}