{
    "host_energy_total_shapiro": {
        "stat": 0.9550743303090904,
        "p": 0.23067915614672452
    },
    "host_energy_per_repetition_shapiro": {
        "stat": 0.9550743303090901,
        "p": 0.2306791561467203
    },
    "process_energy_total_shapiro": {
        "stat": 0.9741253580661664,
        "p": 0.6569821321940449
    },
    "process_energy_per_repetition_shapiro": {
        "stat": 0.9741253580661664,
        "p": 0.6569821321940449
    },
    "timestamp_running_time_shapiro": {
        "stat": 0.9061022899613135,
        "p": 0.011881987254413598
    },
    "host_power_mean_shapiro": {
        "stat": 0.9341032261081131,
        "p": 0.06316790509392281
    }
}