{
    "timestamp_analysis": {
        "mean": 0.035480626424153644,
        "std": 0.0017048522788269025,
        "min": 0.03239035606384277,
        "max": 0.04201340675354004,
        "median": 0.03516578674316406,
        "running_time": 7.451053857803345
    },
    "host_energy_analysis": {
        "total": 138.26165657848048,
        "per_repetition": 0.00027652331315696096
    },
    "host_power_analysis": {
        "mean": 18.540871284360186,
        "std": 5.076622137605443,
        "min": 7.192806,
        "max": 43.9012,
        "median": 18.849952
    },
    "process_energy_analysis": {
        "total": 3.0182412029280385,
        "per_repetition": 6.036482405856077e-06
    }
}