{
    "timestamp_analysis": {
        "mean": 0.03513799305834801,
        "std": 0.006064926746938503,
        "min": 0.031514883041381836,
        "max": 0.17885541915893555,
        "median": 0.03445422649383545,
        "running_time": 21.504565715789795
    },
    "host_energy_analysis": {
        "total": 420.04428993020474,
        "per_repetition": 1.4001476331006824e-05
    },
    "host_power_analysis": {
        "mean": 19.540073848287115,
        "std": 5.5635033814003485,
        "min": 6.78356,
        "max": 42.268704,
        "median": 19.102756
    },
    "process_energy_analysis": {
        "total": 9.330862282585972,
        "per_repetition": 3.1102874275286574e-07
    }
}