{
    "timestamp_analysis": {
        "mean": 0.036622772640571635,
        "std": 0.002705590484035436,
        "min": 0.032315969467163086,
        "max": 0.08945012092590332,
        "median": 0.03586387634277344,
        "running_time": 385.71116828918457
    },
    "host_energy_analysis": {
        "total": 7264.971128857301,
        "per_repetition": 0.014529942257714602
    },
    "host_power_analysis": {
        "mean": 18.85033526070445,
        "std": 4.757936261612521,
        "min": 5.039845,
        "max": 41.328252,
        "median": 18.527124
    },
    "process_energy_analysis": {
        "total": 158.07561898551933,
        "per_repetition": 0.00031615123797103863
    }
}