{
    "timestamp_analysis": {
        "mean": 0.03699626573702184,
        "std": 0.00301912929527146,
        "min": 0.03215193748474121,
        "max": 0.05091261863708496,
        "median": 0.03619074821472168,
        "running_time": 10.618119478225708
    },
    "host_energy_analysis": {
        "total": 265.8776221281271,
        "per_repetition": 0.0008862587404270903
    },
    "host_power_analysis": {
        "mean": 24.86329509375,
        "std": 6.894246415765008,
        "min": 9.122957,
        "max": 47.999956,
        "median": 24.76727
    },
    "process_energy_analysis": {
        "total": 10.796135994795122,
        "per_repetition": 3.598711998265041e-05
    }
}