{
    "timestamp_analysis": {
        "mean": 0.02512550791469189,
        "std": 0.0016018112989527255,
        "min": 0.021845579147338867,
        "max": 0.0322721004486084,
        "median": 0.02473902702331543,
        "running_time": 16.43224811553955
    },
    "host_energy_analysis": {
        "total": 281.0262654283887,
        "per_repetition": 5.620525308567773e-09
    },
    "host_power_analysis": {
        "mean": 17.12072535725191,
        "std": 5.343054803626332,
        "min": 3.254361,
        "max": 32.674516,
        "median": 17.146012
    },
    "process_energy_analysis": {
        "total": 4.229642065111802,
        "per_repetition": 8.459284130223605e-11
    }
}