{
    "timestamp_analysis": {
        "mean": 0.0340141616039329,
        "std": 0.001502219378629076,
        "min": 0.030985593795776367,
        "max": 0.0435643196105957,
        "median": 0.033748626708984375,
        "running_time": 12.279279470443726
    },
    "host_energy_analysis": {
        "total": 237.92375435472715,
        "per_repetition": 7.930791811824238e-06
    },
    "host_power_analysis": {
        "mean": 19.36679508563536,
        "std": 4.851012248708781,
        "min": 4.749553,
        "max": 37.074016,
        "median": 19.360544
    },
    "process_energy_analysis": {
        "total": 4.912136174099217,
        "per_repetition": 1.637378724699739e-07
    }
}