{
    "timestamp_analysis": {
        "mean": 0.02591102785534329,
        "std": 0.001802583289469078,
        "min": 0.02287578582763672,
        "max": 0.03491783142089844,
        "median": 0.02534770965576172,
        "running_time": 4.664297103881836
    },
    "host_energy_analysis": {
        "total": 82.3092370880537,
        "per_repetition": 8.23092370880537e-08
    },
    "host_power_analysis": {
        "mean": 17.698276226519337,
        "std": 5.853430562848188,
        "min": 6.21952,
        "max": 36.17898,
        "median": 17.244284
    },
    "process_energy_analysis": {
        "total": 1.2965681079950055,
        "per_repetition": 1.2965681079950055e-09
    }
}