{
    "timestamp_analysis": {
        "mean": 0.02551527220503728,
        "std": 0.001584304264870812,
        "min": 0.022386550903320312,
        "max": 0.03534197807312012,
        "median": 0.025211572647094727,
        "running_time": 6.787176132202148
    },
    "host_energy_analysis": {
        "total": 114.27557743559623,
        "per_repetition": 1.1427557743559623e-07
    },
    "host_power_analysis": {
        "mean": 16.882941943820228,
        "std": 5.410141129875799,
        "min": 5.285193,
        "max": 33.400474,
        "median": 16.446113
    },
    "process_energy_analysis": {
        "total": 1.786981133729232,
        "per_repetition": 1.7869811337292322e-09
    }
}