{
    "timestamp_analysis": {
        "mean": 0.025103429268146384,
        "std": 0.0018547170788990946,
        "min": 0.021344661712646484,
        "max": 0.03481650352478027,
        "median": 0.02458643913269043,
        "running_time": 9.464140176773071
    },
    "host_energy_analysis": {
        "total": 176.06860118170786,
        "per_repetition": 3.521372023634157e-07
    },
    "host_power_analysis": {
        "mean": 18.64351417989418,
        "std": 5.44821890552519,
        "min": 6.046991,
        "max": 36.25061,
        "median": 18.667974
    },
    "process_energy_analysis": {
        "total": 2.650902688271457,
        "per_repetition": 5.301805376542914e-09
    }
}