{
    "timestamp_analysis": {
        "mean": 0.03517098228136698,
        "std": 0.001691210656655799,
        "min": 0.03138875961303711,
        "max": 0.0468142032623291,
        "median": 0.03509318828582764,
        "running_time": 5.908846616744995
    },
    "host_energy_analysis": {
        "total": 104.75256551738846,
        "per_repetition": 3.4917521839129487e-06
    },
    "host_power_analysis": {
        "mean": 17.69694353846154,
        "std": 4.8229772661884835,
        "min": 8.288459,
        "max": 32.659774,
        "median": 17.111708
    },
    "process_energy_analysis": {
        "total": 2.277003526395129,
        "per_repetition": 7.590011754650429e-08
    }
}