{
    "timestamp_analysis": {
        "mean": 0.025349900625009077,
        "std": 0.0018300079013792725,
        "min": 0.02114248275756836,
        "max": 0.0325319766998291,
        "median": 0.024837017059326172,
        "running_time": 6.819338321685791
    },
    "host_energy_analysis": {
        "total": 118.5362283803221,
        "per_repetition": 1.185362283803221e-07
    },
    "host_power_analysis": {
        "mean": 17.4145716962963,
        "std": 5.56253096926805,
        "min": 6.149111,
        "max": 33.232578,
        "median": 17.590218
    },
    "process_energy_analysis": {
        "total": 1.8178691077997051,
        "per_repetition": 1.8178691077997052e-09
    }
}