{
    "timestamp_analysis": {
        "mean": 0.024800115002843435,
        "std": 0.0015543670586452834,
        "min": 0.02142167091369629,
        "max": 0.03203010559082031,
        "median": 0.024512648582458496,
        "running_time": 16.566611528396606
    },
    "host_energy_analysis": {
        "total": 320.434038354379,
        "per_repetition": 6.408680767087581e-07
    },
    "host_power_analysis": {
        "mean": 19.34920477727952,
        "std": 5.795190355149186,
        "min": 4.356533,
        "max": 38.70301,
        "median": 19.293368
    },
    "process_energy_analysis": {
        "total": 4.784632363553296,
        "per_repetition": 9.569264727106592e-09
    }
}