{
    "timestamp_analysis": {
        "mean": 0.025186843828323785,
        "std": 0.002600855227306076,
        "min": 0.02165818214416504,
        "max": 0.07633113861083984,
        "median": 0.02480792999267578,
        "running_time": 16.472316026687622
    },
    "host_energy_analysis": {
        "total": 312.0433485532411,
        "per_repetition": 6.240866971064822e-07
    },
    "host_power_analysis": {
        "mean": 18.985713433587787,
        "std": 6.1155825014709775,
        "min": 3.562157,
        "max": 49.7647,
        "median": 18.7744
    },
    "process_energy_analysis": {
        "total": 4.652958525081162,
        "per_repetition": 9.305917050162323e-09
    }
}