{
    "timestamp_analysis": {
        "mean": 0.03522133827209473,
        "std": 0.001503827373448023,
        "min": 0.03309321403503418,
        "max": 0.04100608825683594,
        "median": 0.034986019134521484,
        "running_time": 5.036766767501831
    },
    "host_energy_analysis": {
        "total": 97.08603880426406,
        "per_repetition": 3.2362012934754688e-06
    },
    "host_power_analysis": {
        "mean": 19.281743631944448,
        "std": 6.252356380460527,
        "min": 7.45609,
        "max": 39.858156,
        "median": 18.898827
    },
    "process_energy_analysis": {
        "total": 2.13379604575649,
        "per_repetition": 7.112653485854966e-08
    }
}