{
    "timestamp_analysis": {
        "mean": 0.02586824156243705,
        "std": 0.0016948390969310245,
        "min": 0.02220892906188965,
        "max": 0.03343462944030762,
        "median": 0.025440335273742676,
        "running_time": 11.53736162185669
    },
    "host_energy_analysis": {
        "total": 224.17649124431597,
        "per_repetition": 2.2417649124431597e-05
    },
    "host_power_analysis": {
        "mean": 19.427053255033556,
        "std": 5.894696679946627,
        "min": 4.801592,
        "max": 36.40648,
        "median": 19.272114
    },
    "process_energy_analysis": {
        "total": 3.5697541474694177,
        "per_repetition": 3.5697541474694176e-07
    }
}