{
    "timestamp_analysis": {
        "mean": 0.02510867700164701,
        "std": 0.001731781334487623,
        "min": 0.021214008331298828,
        "max": 0.033785104751586914,
        "median": 0.02469003200531006,
        "running_time": 16.270525455474854
    },
    "host_energy_analysis": {
        "total": 278.5258703337278,
        "per_repetition": 5.570517406674557e-09
    },
    "host_power_analysis": {
        "mean": 17.13205573805855,
        "std": 5.070352655924882,
        "min": 4.778985,
        "max": 32.315474,
        "median": 16.759763
    },
    "process_energy_analysis": {
        "total": 4.218266296650086,
        "per_repetition": 8.436532593300171e-11
    }
}