{
    "timestamp_analysis": {
        "mean": 0.025218556350991326,
        "std": 0.003039703085253647,
        "min": 0.021854162216186523,
        "max": 0.07269454002380371,
        "median": 0.02470684051513672,
        "running_time": 9.507526397705078
    },
    "host_energy_analysis": {
        "total": 164.0753993118583,
        "per_repetition": 3.281507986237166e-07
    },
    "host_power_analysis": {
        "mean": 17.287098621693122,
        "std": 5.579801958608151,
        "min": 5.550585,
        "max": 34.928836,
        "median": 16.885930000000002
    },
    "process_energy_analysis": {
        "total": 2.4962108266439422,
        "per_repetition": 4.992421653287885e-09
    }
}