{
    "timestamp_analysis": {
        "mean": 0.02495688534854503,
        "std": 0.0017604051538075815,
        "min": 0.02150869369506836,
        "max": 0.03505825996398926,
        "median": 0.024554967880249023,
        "running_time": 6.663604974746704
    },
    "host_energy_analysis": {
        "total": 115.34020716067147,
        "per_repetition": 1.1534020716067147e-07
    },
    "host_power_analysis": {
        "mean": 17.357905283582088,
        "std": 5.565429262656245,
        "min": 4.284386,
        "max": 31.702462,
        "median": 16.960166
    },
    "process_energy_analysis": {
        "total": 1.7355171192377221,
        "per_repetition": 1.735517119237722e-09
    }
}