{
    "timestamp_analysis": {
        "mean": 0.025233547077622525,
        "std": 0.0017099851867826918,
        "min": 0.021840572357177734,
        "max": 0.03393101692199707,
        "median": 0.02479100227355957,
        "running_time": 16.27574348449707
    },
    "host_energy_analysis": {
        "total": 282.0164366988288,
        "per_repetition": 5.640328733976575e-09
    },
    "host_power_analysis": {
        "mean": 17.35045860681115,
        "std": 5.5823289804394625,
        "min": 4.031373,
        "max": 35.007156,
        "median": 17.078490000000002
    },
    "process_energy_analysis": {
        "total": 4.239647135592543,
        "per_repetition": 8.479294271185087e-11
    }
}