{
    "timestamp_analysis": {
        "mean": 0.02585618622998085,
        "std": 0.001610727386401643,
        "min": 0.022388696670532227,
        "max": 0.03396296501159668,
        "median": 0.025625228881835938,
        "running_time": 8.248293161392212
    },
    "host_energy_analysis": {
        "total": 159.21753537613571,
        "per_repetition": 1.5921753537613572e-05
    },
    "host_power_analysis": {
        "mean": 19.341225115625,
        "std": 6.285163087887297,
        "min": 5.121086,
        "max": 39.339692,
        "median": 19.487302999999997
    },
    "process_energy_analysis": {
        "total": 2.5334777552057632,
        "per_repetition": 2.5334777552057634e-07
    }
}