{
    "timestamp_analysis": {
        "mean": 0.02567635504014653,
        "std": 0.0018255803768919283,
        "min": 0.021997928619384766,
        "max": 0.03236985206604004,
        "median": 0.025179266929626465,
        "running_time": 8.37067461013794
    },
    "host_energy_analysis": {
        "total": 160.44651699726438,
        "per_repetition": 1.604465169972644e-05
    },
    "host_power_analysis": {
        "mean": 19.16427602446483,
        "std": 5.6948272090790155,
        "min": 5.913828,
        "max": 33.818816,
        "median": 19.034252
    },
    "process_energy_analysis": {
        "total": 2.5033241023480857,
        "per_repetition": 2.5033241023480854e-07
    }
}