{
    "timestamp_analysis": {
        "mean": 0.034496052524982355,
        "std": 0.0015523767985593437,
        "min": 0.030848979949951172,
        "max": 0.04551362991333008,
        "median": 0.034145236015319824,
        "running_time": 21.52566695213318
    },
    "host_energy_analysis": {
        "total": 427.6650401350022,
        "per_repetition": 1.4255501337833406e-05
    },
    "host_power_analysis": {
        "mean": 19.8692655744,
        "std": 5.1873057698475575,
        "min": 5.577077,
        "max": 35.88632,
        "median": 19.66943
    },
    "process_energy_analysis": {
        "total": 9.293093908374072,
        "per_repetition": 3.097697969458024e-07
    }
}