{
    "timestamp_analysis": {
        "mean": 0.025438118828325165,
        "std": 0.008578553797935807,
        "min": 0.02136993408203125,
        "max": 0.23479127883911133,
        "median": 0.02479720115661621,
        "running_time": 15.746318578720093
    },
    "host_energy_analysis": {
        "total": 288.9413710880451,
        "per_repetition": 5.778827421760902e-07
    },
    "host_power_analysis": {
        "mean": 18.375059909677418,
        "std": 5.903843654208549,
        "min": 3.549396,
        "max": 39.29061,
        "median": 18.406282
    },
    "process_energy_analysis": {
        "total": 4.476266407144255,
        "per_repetition": 8.95253281428851e-09
    }
}