{
    "timestamp_analysis": {
        "mean": 0.034437554375419406,
        "std": 0.005608199692790923,
        "min": 0.03170895576477051,
        "max": 0.19681525230407715,
        "median": 0.03403639793395996,
        "running_time": 30.82171893119812
    },
    "host_energy_analysis": {
        "total": 521.1670169258196,
        "per_repetition": 1.737223389752732e-05
    },
    "host_power_analysis": {
        "mean": 16.914251561383928,
        "std": 4.859761400424794,
        "min": 5.173702,
        "max": 32.21921,
        "median": 16.7593625
    },
    "process_energy_analysis": {
        "total": 10.949679922677753,
        "per_repetition": 3.6498933075592507e-07
    }
}