{
    "timestamp_analysis": {
        "mean": 0.03747789452715618,
        "std": 0.007821379509928332,
        "min": 0.03296494483947754,
        "max": 0.0843203067779541,
        "median": 0.035813093185424805,
        "running_time": 1.5367114543914795
    },
    "host_energy_analysis": {
        "total": 27.45320154148209,
        "per_repetition": 5.490640308296418e-05
    },
    "host_power_analysis": {
        "mean": 18.010596095238093,
        "std": 4.68092388158046,
        "min": 6.140736,
        "max": 27.053632,
        "median": 17.767696
    },
    "process_energy_analysis": {
        "total": 0.6010946155046607,
        "per_repetition": 1.2021892310093215e-06
    }
}