{
    "timestamp_analysis": {
        "mean": 0.025534873480325217,
        "std": 0.0015238132860522534,
        "min": 0.023522377014160156,
        "max": 0.03568530082702637,
        "median": 0.02525806427001953,
        "running_time": 4.647486686706543
    },
    "host_energy_analysis": {
        "total": 85.00338714283883,
        "per_repetition": 8.500338714283883e-08
    },
    "host_power_analysis": {
        "mean": 18.27749069398907,
        "std": 5.840531967279029,
        "min": 5.026032,
        "max": 34.446536,
        "median": 18.302486
    },
    "process_energy_analysis": {
        "total": 1.3282288089650087,
        "per_repetition": 1.3282288089650088e-09
    }
}