{
    "timestamp_analysis": {
        "mean": 0.025387550283361364,
        "std": 0.0017784446585736799,
        "min": 0.021721839904785156,
        "max": 0.03478741645812988,
        "median": 0.025031089782714844,
        "running_time": 6.854809284210205
    },
    "host_energy_analysis": {
        "total": 123.48453565347766,
        "per_repetition": 1.2348453565347766e-07
    },
    "host_power_analysis": {
        "mean": 17.99874001476015,
        "std": 5.223018850178344,
        "min": 4.756482,
        "max": 37.94935,
        "median": 18.351542
    },
    "process_energy_analysis": {
        "total": 1.8794478865419104,
        "per_repetition": 1.8794478865419103e-09
    }
}