{
    "timestamp_analysis": {
        "mean": 0.035105972646552824,
        "std": 0.0019108057880741953,
        "min": 0.03165602684020996,
        "max": 0.04344534873962402,
        "median": 0.03474318981170654,
        "running_time": 7.512814283370972
    },
    "host_energy_analysis": {
        "total": 134.56186583763753,
        "per_repetition": 0.0002691237316752751
    },
    "host_power_analysis": {
        "mean": 17.915833116279067,
        "std": 4.614501427023478,
        "min": 6.269984,
        "max": 32.348082,
        "median": 17.843492
    },
    "process_energy_analysis": {
        "total": 2.902089281912189,
        "per_repetition": 5.804178563824378e-06
    }
}