{
    "timestamp_analysis": {
        "mean": 0.02596345747479741,
        "std": 0.0020076778365275406,
        "min": 0.02260446548461914,
        "max": 0.036598920822143555,
        "median": 0.025342822074890137,
        "running_time": 8.360424757003784
    },
    "host_energy_analysis": {
        "total": 157.71538148489023,
        "per_repetition": 1.5771538148489023e-05
    },
    "host_power_analysis": {
        "mean": 18.883423083591328,
        "std": 6.049265679319535,
        "min": 5.640129,
        "max": 36.080068,
        "median": 18.666464
    },
    "process_energy_analysis": {
        "total": 2.4664345099001967,
        "per_repetition": 2.466434509900197e-07
    }
}