{
    "timestamp_analysis": {
        "mean": 0.03612970643573337,
        "std": 0.0021782349072918153,
        "min": 0.033109188079833984,
        "max": 0.04662203788757324,
        "median": 0.035462141036987305,
        "running_time": 5.202913522720337
    },
    "host_energy_analysis": {
        "total": 93.45678985539664,
        "per_repetition": 3.115226328513221e-06
    },
    "host_power_analysis": {
        "mean": 18.04421676551724,
        "std": 5.026051272652674,
        "min": 6.005736,
        "max": 34.307772,
        "median": 17.2968
    },
    "process_energy_analysis": {
        "total": 2.0767681692761064,
        "per_repetition": 6.922560564253688e-08
    }
}