{
    "timestamp_analysis": {
        "mean": 0.0257596263581365,
        "std": 0.005520090076083089,
        "min": 0.021818876266479492,
        "max": 0.13509345054626465,
        "median": 0.025119781494140625,
        "running_time": 11.308607578277588
    },
    "host_energy_analysis": {
        "total": 227.68903664027738,
        "per_repetition": 2.2768903664027738e-05
    },
    "host_power_analysis": {
        "mean": 20.15660858636364,
        "std": 5.8137080507128704,
        "min": 6.072819,
        "max": 39.87934,
        "median": 19.882488
    },
    "process_energy_analysis": {
        "total": 3.586960338194399,
        "per_repetition": 3.586960338194399e-07
    }
}