{
    "timestamp_analysis": {
        "mean": 0.02495363101046136,
        "std": 0.0016535445391759566,
        "min": 0.02210688591003418,
        "max": 0.033159494400024414,
        "median": 0.02459275722503662,
        "running_time": 9.38268756866455
    },
    "host_energy_analysis": {
        "total": 170.82576154121745,
        "per_repetition": 3.416515230824349e-07
    },
    "host_power_analysis": {
        "mean": 18.225683132625996,
        "std": 5.554725247578863,
        "min": 3.576471,
        "max": 32.009746,
        "median": 18.209096
    },
    "process_energy_analysis": {
        "total": 2.590686290869808,
        "per_repetition": 5.1813725817396164e-09
    }
}