{
    "timestamp_analysis": {
        "mean": 0.02547842944016191,
        "std": 0.00212803181518197,
        "min": 0.021706581115722656,
        "max": 0.036257266998291016,
        "median": 0.024732112884521484,
        "running_time": 9.605494976043701
    },
    "host_energy_analysis": {
        "total": 163.81947289325726,
        "per_repetition": 3.2763894578651453e-07
    },
    "host_power_analysis": {
        "mean": 17.136076682539684,
        "std": 5.623541502034917,
        "min": 5.97664,
        "max": 37.35512,
        "median": 16.944263999999997
    },
    "process_energy_analysis": {
        "total": 2.5046275553837956,
        "per_repetition": 5.009255110767591e-09
    }
}