{
    "timestamp_analysis": {
        "mean": 0.03642431921878103,
        "std": 0.002694449893011643,
        "min": 0.031943559646606445,
        "max": 0.04764103889465332,
        "median": 0.0355682373046875,
        "running_time": 10.745322704315186
    },
    "host_energy_analysis": {
        "total": 272.6577158279922,
        "per_repetition": 0.000908859052759974
    },
    "host_power_analysis": {
        "mean": 25.17827569256757,
        "std": 7.495582429245087,
        "min": 7.738121,
        "max": 49.91959,
        "median": 24.871771
    },
    "process_energy_analysis": {
        "total": 11.305736784130819,
        "per_repetition": 3.768578928043606e-05
    }
}