{
    "timestamp_analysis": {
        "mean": 0.03508579730987549,
        "std": 0.0016654018437001893,
        "min": 0.03183770179748535,
        "max": 0.04292464256286621,
        "median": 0.0347057580947876,
        "running_time": 7.438352346420288
    },
    "host_energy_analysis": {
        "total": 140.2368780704311,
        "per_repetition": 0.00028047375614086216
    },
    "host_power_analysis": {
        "mean": 18.831141436619724,
        "std": 5.107620794662274,
        "min": 7.315724,
        "max": 38.79871,
        "median": 18.551606
    },
    "process_energy_analysis": {
        "total": 3.062462014099842,
        "per_repetition": 6.1249240281996846e-06
    }
}