{
    "host_energy_total_shapiro": {
        "stat": 0.9656598021889897,
        "p": 0.4281710897123303
    },
    "host_energy_per_repetition_shapiro": {
        "stat": 0.9656598021889897,
        "p": 0.4281710897123296
    },
    "process_energy_total_shapiro": {
        "stat": 0.9732231775043159,
        "p": 0.6305737711560563
    },
    "process_energy_per_repetition_shapiro": {
        "stat": 0.9732231775043158,
        "p": 0.6305737711560555
    },
    "timestamp_running_time_shapiro": {
        "stat": 0.9125342134686657,
        "p": 0.017248993026540857
    },
    "host_power_mean_shapiro": {
        "stat": 0.8923457853036347,
        "p": 0.005485544754876679
    }
}