{
    "timestamp_analysis": {
        "mean": 0.03608967850847942,
        "std": 0.0017475638481726104,
        "min": 0.03351902961730957,
        "max": 0.04338669776916504,
        "median": 0.03563952445983887,
        "running_time": 7.398557901382446
    },
    "host_energy_analysis": {
        "total": 138.145339982908,
        "per_repetition": 0.000276290679965816
    },
    "host_power_analysis": {
        "mean": 18.665004733009706,
        "std": 4.932070016463402,
        "min": 5.384002,
        "max": 32.378696,
        "median": 18.542955
    },
    "process_energy_analysis": {
        "total": 2.9890764137063517,
        "per_repetition": 5.978152827412703e-06
    }
}