{
    "timestamp_analysis": {
        "mean": 0.03524280587832133,
        "std": 0.0017335165449674581,
        "min": 0.032979488372802734,
        "max": 0.040200233459472656,
        "median": 0.03527486324310303,
        "running_time": 0.8459908962249756
    },
    "host_energy_analysis": {
        "total": 15.736261574705956,
        "per_repetition": 0.005245420524901985
    },
    "host_power_analysis": {
        "mean": 18.26325052,
        "std": 5.047865725895823,
        "min": 4.421467,
        "max": 26.48349,
        "median": 19.310164
    },
    "process_energy_analysis": {
        "total": 0.311195304765526,
        "per_repetition": 0.00010373176825517532
    }
}