{
    "timestamp_analysis": {
        "mean": 0.03515009520188817,
        "std": 0.0016590005306151064,
        "min": 0.03143715858459473,
        "max": 0.042067527770996094,
        "median": 0.03485417366027832,
        "running_time": 9.314899682998657
    },
    "host_energy_analysis": {
        "total": 165.27761724190785,
        "per_repetition": 0.0016527761724190785
    },
    "host_power_analysis": {
        "mean": 17.750803484962407,
        "std": 5.175847955096051,
        "min": 6.627823,
        "max": 34.377816,
        "median": 17.545704
    },
    "process_energy_analysis": {
        "total": 3.4528991743831616,
        "per_repetition": 3.4528991743831615e-05
    }
}