{
    "timestamp_analysis": {
        "mean": 0.03709152470464292,
        "std": 0.010080599988875007,
        "min": 0.03219461441040039,
        "max": 0.08229470252990723,
        "median": 0.03462100028991699,
        "running_time": 0.8532278537750244
    },
    "host_energy_analysis": {
        "total": 15.604173657694579,
        "per_repetition": 0.005201391219231527
    },
    "host_power_analysis": {
        "mean": 18.527223666666668,
        "std": 4.823606275277619,
        "min": 7.712446,
        "max": 28.641514,
        "median": 17.851016
    },
    "process_energy_analysis": {
        "total": 0.35305029032327423,
        "per_repetition": 0.00011768343010775808
    }
}