{
    "timestamp_analysis": {
        "mean": 0.034733724951297604,
        "std": 0.0015870681082790163,
        "min": 0.03126716613769531,
        "max": 0.04256153106689453,
        "median": 0.0344393253326416,
        "running_time": 9.274037837982178
    },
    "host_energy_analysis": {
        "total": 164.79146780639564,
        "per_repetition": 0.0016479146780639564
    },
    "host_power_analysis": {
        "mean": 17.769602078358208,
        "std": 4.724207606668776,
        "min": 8.361457,
        "max": 33.574828,
        "median": 17.327787999999998
    },
    "process_energy_analysis": {
        "total": 3.41246026129771,
        "per_repetition": 3.41246026129771e-05
    }
}