{
    "timestamp_analysis": {
        "mean": 0.02540151071371199,
        "std": 0.0016822406835509194,
        "min": 0.0221407413482666,
        "max": 0.033032894134521484,
        "median": 0.025097131729125977,
        "running_time": 6.833171606063843
    },
    "host_energy_analysis": {
        "total": 114.78634197481276,
        "per_repetition": 1.1478634197481276e-07
    },
    "host_power_analysis": {
        "mean": 16.766293333333333,
        "std": 4.908712520777773,
        "min": 5.933127,
        "max": 31.172548,
        "median": 17.100786
    },
    "process_energy_analysis": {
        "total": 1.7628886658678276,
        "per_repetition": 1.7628886658678275e-09
    }
}