{
    "timestamp_analysis": {
        "mean": 0.036393205324808754,
        "std": 0.002971854023584913,
        "min": 0.03249001502990723,
        "max": 0.052138328552246094,
        "median": 0.03531980514526367,
        "running_time": 10.481438398361206
    },
    "host_energy_analysis": {
        "total": 272.58130353513866,
        "per_repetition": 0.0009086043451171289
    },
    "host_power_analysis": {
        "mean": 25.87393634256055,
        "std": 7.344641301906439,
        "min": 8.586921,
        "max": 55.530184,
        "median": 25.474604
    },
    "process_energy_analysis": {
        "total": 10.84884164110855,
        "per_repetition": 3.616280547036183e-05
    }
}