{
    "host_energy_total_shapiro": {
        "stat": 0.8529308531828627,
        "p": 0.0007145691341259633
    },
    "host_energy_per_repetition_shapiro": {
        "stat": 0.8529308531828621,
        "p": 0.000714569134125946
    },
    "process_energy_total_shapiro": {
        "stat": 0.9335236171181832,
        "p": 0.060953366445987305
    },
    "process_energy_per_repetition_shapiro": {
        "stat": 0.933523617118184,
        "p": 0.06095336644599019
    },
    "timestamp_running_time_shapiro": {
        "stat": 0.825480287420022,
        "p": 0.00019813279094910776
    },
    "host_power_mean_shapiro": {
        "stat": 0.9249516585958661,
        "p": 0.03611990407520725
    }
}