{
    "timestamp_analysis": {
        "mean": 0.02526495085658939,
        "std": 0.0018080617627730454,
        "min": 0.021820545196533203,
        "max": 0.036731719970703125,
        "median": 0.024788618087768555,
        "running_time": 16.397068977355957
    },
    "host_energy_analysis": {
        "total": 280.0890335598079,
        "per_repetition": 5.601780671196158e-09
    },
    "host_power_analysis": {
        "mean": 17.126607166153846,
        "std": 5.345121239126792,
        "min": 4.290924,
        "max": 32.881112,
        "median": 16.960364
    },
    "process_energy_analysis": {
        "total": 4.202290551760811,
        "per_repetition": 8.404581103521622e-11
    }
}