{
    "timestamp_analysis": {
        "mean": 0.02528275815091392,
        "std": 0.0015747334452382046,
        "min": 0.02167820930480957,
        "max": 0.03348660469055176,
        "median": 0.025033950805664062,
        "running_time": 16.307547092437744
    },
    "host_energy_analysis": {
        "total": 276.06547575743616,
        "per_repetition": 5.521309515148723e-09
    },
    "host_power_analysis": {
        "mean": 16.949404515479877,
        "std": 5.448137212380151,
        "min": 3.684991,
        "max": 32.705232,
        "median": 16.801294
    },
    "process_energy_analysis": {
        "total": 4.236196795349543,
        "per_repetition": 8.472393590699086e-11
    }
}