{
    "timestamp_analysis": {
        "mean": 0.03484367188953218,
        "std": 0.0018631012823094916,
        "min": 0.03262662887573242,
        "max": 0.04215240478515625,
        "median": 0.034461021423339844,
        "running_time": 0.7318263053894043
    },
    "host_energy_analysis": {
        "total": 12.542138205991506,
        "per_repetition": 4.180712735330502e-07
    },
    "host_power_analysis": {
        "mean": 17.22039309090909,
        "std": 5.948187440701449,
        "min": 6.604154,
        "max": 33.042196,
        "median": 16.7639615
    },
    "process_energy_analysis": {
        "total": 0.23844916343643782,
        "per_repetition": 7.948305447881261e-09
    }
}