{
    "timestamp_analysis": {
        "mean": 0.0352385401725769,
        "std": 0.0010425774347630776,
        "min": 0.033490657806396484,
        "max": 0.03756284713745117,
        "median": 0.035088539123535156,
        "running_time": 0.7048933506011963
    },
    "host_energy_analysis": {
        "total": 13.696492577975034,
        "per_repetition": 0.00013696492577975033
    },
    "host_power_analysis": {
        "mean": 19.4091410952381,
        "std": 3.48931538196992,
        "min": 14.042085,
        "max": 30.082326,
        "median": 18.749786
    },
    "process_energy_analysis": {
        "total": 0.2740047803948772,
        "per_repetition": 2.740047803948772e-06
    }
}