[
    {
        "host": {
            "consumption": 18837484.0,
            "timestamp": 1721775041.5913465,
            "components": {
                "disks": [
                    {
                        "disk_type": "SSD",
                        "disk_mount_point": "/etc/hosts",
                        "disk_is_removable": false,
                        "disk_file_system": "ext4",
                        "disk_total_bytes": "33634926592",
                        "disk_available_bytes": "9870471168",
                        "disk_name": "/dev/nvme0n1p4"
                    }
                ]
            }
        },
        "consumers": [
            {
                "exe": "/usr/local/bin/scaphandre",
                "cmdline": "/usr/local/bin/scaphandrejson-s0--step-nano10000000-f/home/ce-p2-r-1/23/power.json",
                "pid": 466252,
                "resources_usage": null,
                "consumption": 353202.88,
                "timestamp": 1721775041.5912411,
                "container": null
            },
            {
                "exe": "/usr/lib/systemd/systemd-resolved",
                "cmdline": "/lib/systemd/systemd-resolved",
                "pid": 698,
                "resources_usage": null,
                "consumption": 117734.28,
                "timestamp": 1721775041.5912378,
                "container": null
            },
            {
                "exe": "/usr/bin/dockerd",
                "cmdline": "/usr/bin/dockerd-Hfd://--containerd=/run/containerd/containerd.sock",
                "pid": 1100,
                "resources_usage": null,
                "consumption": 117734.28,
                "timestamp": 1721775041.591288,
                "container": null
            },
            {
                "exe": "/usr/bin/tmux",
                "cmdline": "tmux",
                "pid": 4705,
                "resources_usage": null,
                "consumption": 117734.28,
                "timestamp": 1721775041.5913048,
                "container": null
            },
            {
                "exe": "",
                "cmdline": "",
                "pid": 50,
                "resources_usage": null,
                "consumption": 0.0,
                "timestamp": 1721775041.591224,
                "container": null
            },
            {
                "exe": "",
                "cmdline": "",
                "pid": 134,
                "resources_usage": null,
                "consumption": 0.0,
                "timestamp": 1721775041.5912251,
                "container": null
            },
            {
                "exe": "/usr/bin/udevadm",
                "cmdline": "/lib/systemd/systemd-udevd",
                "pid": 465643,
                "resources_usage": null,
                "consumption": 0.0,
                "timestamp": 1721775041.5912256,
                "container": null
            },
            {
                "exe": "",
                "cmdline": "",
                "pid": 228,
                "resources_usage": null,
                "consumption": 0.0,
                "timestamp": 1721775041.591226,
                "container": null
            },
            {
                "exe": "/usr/bin/containerd-shim-runc-v2",
                "cmdline": "/usr/bin/containerd-shim-runc-v2-namespacemoby-idd5556d547cb292d66ca48b27a2f8c95c1a13a0163be38b9ea0010bb9e1ef18b4-address/run/containerd/containerd.sock",
                "pid": 466233,
                "resources_usage": null,
                "consumption": 0.0,
                "timestamp": 1721775041.5912263,
                "container": null
            },
            {
                "exe": "/usr/bin/udevadm",
                "cmdline": "/lib/systemd/systemd-udevd",
                "pid": 465627,
                "resources_usage": null,
                "consumption": 0.0,
                "timestamp": 1721775041.591227,
                "container": null
            }
        ],
        "sockets": [
            {
                "id": 0,
                "consumption": 8129397.0,
                "domains": [
                    {
                        "name": "uncore",
                        "consumption": 0.0,
                        "timestamp": 1721775041.572574
                    },
                    {
                        "name": "core",
                        "consumption": 5464927.0,
                        "timestamp": 1721775041.5725572
                    }
                ],
                "timestamp": 1721775041.572372
            }
        ]
    },
    {
        "host": {
            "consumption": 20854874.0,
            "timestamp": 1721775041.6256557,
            "components": {
                "disks": [
                    {
                        "disk_type": "SSD",
                        "disk_mount_point": "/etc/hosts",
                        "disk_is_removable": false,
                        "disk_file_system": "ext4",
                        "disk_total_bytes": "33634926592",
                        "disk_available_bytes": "9870475264",
                        "disk_name": "/dev/nvme0n1p4"
                    }
                ]
            }
        },
        "consumers": [
            {
                "exe": "/",
                "cmdline": "runcinit",
                "pid": 466325,
                "resources_usage": null,
                "consumption": 391028.9,
                "timestamp": 1721775041.625553,
                "container": null
            },
            {
                "exe": "/usr/local/bin/scaphandre",
                "cmdline": "/usr/local/bin/scaphandrejson-s0--step-nano10000000-f/home/ce-p2-r-1/23/power.json",
                "pid": 466252,
                "resources_usage": null,
                "consumption": 260685.92,
                "timestamp": 1721775041.625562,
                "container": null
            },
            {
                "exe": "/usr/bin/sudo",
                "cmdline": "sudo-EenvPATH=/home/philipp/.local/bin:/home/linuxbrew/.linuxbrew/bin:/home/linuxbrew/.linuxbrew/sbin:~/programs/scaphandre/target/release:/usr/local/sbin:/usr/local/bin:/usr/sbin:/usr/bin:/sbin:/bin:/usr/games:/usr/local/games:/snap/binPYTHONPATH=:/home/philipp/cb/calabash/src:/home/philipp/cb/calabash/srcpython3src/experiment/runner.pytest.yaml",
                "pid": 458103,
                "resources_usage": null,
                "consumption": 130342.96,
                "timestamp": 1721775041.6256156,
                "container": null
            },
            {
                "exe": "",
                "cmdline": "",
                "pid": 50,
                "resources_usage": null,
                "consumption": 0.0,
                "timestamp": 1721775041.6255429,
                "container": null
            },
            {
                "exe": "",
                "cmdline": "",
                "pid": 134,
                "resources_usage": null,
                "consumption": 0.0,
                "timestamp": 1721775041.625544,
                "container": null
            },
            {
                "exe": "/usr/bin/udevadm",
                "cmdline": "/lib/systemd/systemd-udevd",
                "pid": 465643,
                "resources_usage": null,
                "consumption": 0.0,
                "timestamp": 1721775041.6255443,
                "container": null
            },
            {
                "exe": "",
                "cmdline": "",
                "pid": 228,
                "resources_usage": null,
                "consumption": 0.0,
                "timestamp": 1721775041.625545,
                "container": null
            },
            {
                "exe": "/usr/bin/containerd-shim-runc-v2",
                "cmdline": "/usr/bin/containerd-shim-runc-v2-namespacemoby-idd5556d547cb292d66ca48b27a2f8c95c1a13a0163be38b9ea0010bb9e1ef18b4-address/run/containerd/containerd.sock",
                "pid": 466233,
                "resources_usage": null,
                "consumption": 0.0,
                "timestamp": 1721775041.6255453,
                "container": null
            },
            {
                "exe": "/usr/bin/udevadm",
                "cmdline": "/lib/systemd/systemd-udevd",
                "pid": 465627,
                "resources_usage": null,
                "consumption": 0.0,
                "timestamp": 1721775041.625546,
                "container": null
            },
            {
                "exe": "",
                "cmdline": "",
                "pid": 323,
                "resources_usage": null,
                "consumption": 0.0,
                "timestamp": 1721775041.6255465,
                "container": null
            }
        ],
        "sockets": [
            {
                "id": 0,
                "consumption": 23320166.0,
                "domains": [
                    {
                        "name": "uncore",
                        "consumption": 0.0,
                        "timestamp": 1721775041.6080103
                    },
                    {
                        "name": "core",
                        "consumption": 20059208.0,
                        "timestamp": 1721775041.607999
                    }
                ],
                "timestamp": 1721775041.6078856
            }
        ]
    },
    {
        "host": {
            "consumption": 19966510.0,
            "timestamp": 1721775041.6632185,
            "components": {
                "disks": [
                    {
                        "disk_type": "SSD",
                        "disk_mount_point": "/etc/hosts",
                        "disk_is_removable": false,
                        "disk_file_system": "ext4",
                        "disk_total_bytes": "33634926592",
                        "disk_available_bytes": "9870471168",
                        "disk_name": "/dev/nvme0n1p4"
                    }
                ]
            }
        },
        "consumers": [
            {
                "exe": "/",
                "cmdline": "runcinit",
                "pid": 466325,
                "resources_usage": null,
                "consumption": 499162.75,
                "timestamp": 1721775041.6630945,
                "container": null
            },
            {
                "exe": "/usr/local/bin/scaphandre",
                "cmdline": "/usr/local/bin/scaphandrejson-s0--step-nano10000000-f/home/ce-p2-r-1/23/power.json",
                "pid": 466252,
                "resources_usage": null,
                "consumption": 249581.38,
                "timestamp": 1721775041.6631038,
                "container": null
            },
            {
                "exe": "",
                "cmdline": "",
                "pid": 50,
                "resources_usage": null,
                "consumption": 0.0,
                "timestamp": 1721775041.6630843,
                "container": null
            },
            {
                "exe": "",
                "cmdline": "",
                "pid": 134,
                "resources_usage": null,
                "consumption": 0.0,
                "timestamp": 1721775041.6630852,
                "container": null
            },
            {
                "exe": "/usr/bin/udevadm",
                "cmdline": "/lib/systemd/systemd-udevd",
                "pid": 465643,
                "resources_usage": null,
                "consumption": 0.0,
                "timestamp": 1721775041.6630857,
                "container": null
            },
            {
                "exe": "",
                "cmdline": "",
                "pid": 228,
                "resources_usage": null,
                "consumption": 0.0,
                "timestamp": 1721775041.6630864,
                "container": null
            },
            {
                "exe": "/usr/bin/containerd-shim-runc-v2",
                "cmdline": "/usr/bin/containerd-shim-runc-v2-namespacemoby-idd5556d547cb292d66ca48b27a2f8c95c1a13a0163be38b9ea0010bb9e1ef18b4-address/run/containerd/containerd.sock",
                "pid": 466233,
                "resources_usage": null,
                "consumption": 0.0,
                "timestamp": 1721775041.663087,
                "container": null
            },
            {
                "exe": "/usr/bin/udevadm",
                "cmdline": "/lib/systemd/systemd-udevd",
                "pid": 465627,
                "resources_usage": null,
                "consumption": 0.0,
                "timestamp": 1721775041.6630876,
                "container": null
            },
            {
                "exe": "",
                "cmdline": "",
                "pid": 323,
                "resources_usage": null,
                "consumption": 0.0,
                "timestamp": 1721775041.6630883,
                "container": null
            },
            {
                "exe": "/usr/bin/udevadm",
                "cmdline": "/lib/systemd/systemd-udevd",
                "pid": 465632,
                "resources_usage": null,
                "consumption": 0.0,
                "timestamp": 1721775041.6630886,
                "container": null
            }
        ],
        "sockets": [
            {
                "id": 0,
                "consumption": 25399524.0,
                "domains": [
                    {
                        "name": "uncore",
                        "consumption": 0.0,
                        "timestamp": 1721775041.6410406
                    },
                    {
                        "name": "core",
                        "consumption": 22544206.0,
                        "timestamp": 1721775041.641026
                    }
                ],
                "timestamp": 1721775041.640898
            }
        ]
    },
    {
        "host": {
            "consumption": 21973262.0,
            "timestamp": 1721775041.6967092,
            "components": {
                "disks": [
                    {
                        "disk_type": "SSD",
                        "disk_mount_point": "/etc/hosts",
                        "disk_is_removable": false,
                        "disk_file_system": "ext4",
                        "disk_total_bytes": "33634926592",
                        "disk_available_bytes": "9870471168",
                        "disk_name": "/dev/nvme0n1p4"
                    }
                ]
            }
        },
        "consumers": [
            {
                "exe": "/",
                "cmdline": "runcinit",
                "pid": 466325,
                "resources_usage": null,
                "consumption": 411998.7,
                "timestamp": 1721775041.6966116,
                "container": null
            },
            {
                "exe": "/usr/local/bin/scaphandre",
                "cmdline": "/usr/local/bin/scaphandrejson-s0--step-nano10000000-f/home/ce-p2-r-1/23/power.json",
                "pid": 466252,
                "resources_usage": null,
                "consumption": 274665.78,
                "timestamp": 1721775041.6966195,
                "container": null
            },
            {
                "exe": "",
                "cmdline": "",
                "pid": 50,
                "resources_usage": null,
                "consumption": 0.0,
                "timestamp": 1721775041.6966043,
                "container": null
            },
            {
                "exe": "",
                "cmdline": "",
                "pid": 134,
                "resources_usage": null,
                "consumption": 0.0,
                "timestamp": 1721775041.696605,
                "container": null
            },
            {
                "exe": "/usr/bin/udevadm",
                "cmdline": "/lib/systemd/systemd-udevd",
                "pid": 465643,
                "resources_usage": null,
                "consumption": 0.0,
                "timestamp": 1721775041.6966054,
                "container": null
            },
            {
                "exe": "",
                "cmdline": "",
                "pid": 228,
                "resources_usage": null,
                "consumption": 0.0,
                "timestamp": 1721775041.696606,
                "container": null
            },
            {
                "exe": "/usr/bin/containerd-shim-runc-v2",
                "cmdline": "/usr/bin/containerd-shim-runc-v2-namespacemoby-idd5556d547cb292d66ca48b27a2f8c95c1a13a0163be38b9ea0010bb9e1ef18b4-address/run/containerd/containerd.sock",
                "pid": 466233,
                "resources_usage": null,
                "consumption": 0.0,
                "timestamp": 1721775041.6966062,
                "container": null
            },
            {
                "exe": "/usr/bin/udevadm",
                "cmdline": "/lib/systemd/systemd-udevd",
                "pid": 465627,
                "resources_usage": null,
                "consumption": 0.0,
                "timestamp": 1721775041.6966066,
                "container": null
            },
            {
                "exe": "",
                "cmdline": "",
                "pid": 323,
                "resources_usage": null,
                "consumption": 0.0,
                "timestamp": 1721775041.696607,
                "container": null
            },
            {
                "exe": "/usr/bin/udevadm",
                "cmdline": "/lib/systemd/systemd-udevd",
                "pid": 465632,
                "resources_usage": null,
                "consumption": 0.0,
                "timestamp": 1721775041.6966074,
                "container": null
            }
        ],
        "sockets": [
            {
                "id": 0,
                "consumption": 24071324.0,
                "domains": [
                    {
                        "name": "uncore",
                        "consumption": 0.0,
                        "timestamp": 1721775041.6798277
                    },
                    {
                        "name": "core",
                        "consumption": 21206868.0,
                        "timestamp": 1721775041.6798196
                    }
                ],
                "timestamp": 1721775041.6796646
            }
        ]
    },
    {
        "host": {
            "consumption": 20670276.0,
            "timestamp": 1721775041.732813,
            "components": {
                "disks": [
                    {
                        "disk_type": "SSD",
                        "disk_mount_point": "/etc/hosts",
                        "disk_is_removable": false,
                        "disk_file_system": "ext4",
                        "disk_total_bytes": "33634926592",
                        "disk_available_bytes": "9870467072",
                        "disk_name": "/dev/nvme0n1p4"
                    }
                ]
            }
        },
        "consumers": [
            {
                "exe": "/usr/local/bin/scaphandre",
                "cmdline": "/usr/local/bin/scaphandrejson-s0--step-nano10000000-f/home/ce-p2-r-1/23/power.json",
                "pid": 466252,
                "resources_usage": null,
                "consumption": 387567.7,
                "timestamp": 1721775041.732513,
                "container": null
            },
            {
                "exe": "/",
                "cmdline": "runcinit",
                "pid": 466325,
                "resources_usage": null,
                "consumption": 387567.7,
                "timestamp": 1721775041.732505,
                "container": null
            },
            {
                "exe": "",
                "cmdline": "",
                "pid": 50,
                "resources_usage": null,
                "consumption": 0.0,
                "timestamp": 1721775041.732497,
                "container": null
            },
            {
                "exe": "",
                "cmdline": "",
                "pid": 134,
                "resources_usage": null,
                "consumption": 0.0,
                "timestamp": 1721775041.732498,
                "container": null
            },
            {
                "exe": "/usr/bin/udevadm",
                "cmdline": "/lib/systemd/systemd-udevd",
                "pid": 465643,
                "resources_usage": null,
                "consumption": 0.0,
                "timestamp": 1721775041.7324982,
                "container": null
            },
            {
                "exe": "",
                "cmdline": "",
                "pid": 228,
                "resources_usage": null,
                "consumption": 0.0,
                "timestamp": 1721775041.7324986,
                "container": null
            },
            {
                "exe": "/usr/bin/containerd-shim-runc-v2",
                "cmdline": "/usr/bin/containerd-shim-runc-v2-namespacemoby-idd5556d547cb292d66ca48b27a2f8c95c1a13a0163be38b9ea0010bb9e1ef18b4-address/run/containerd/containerd.sock",
                "pid": 466233,
                "resources_usage": null,
                "consumption": 0.0,
                "timestamp": 1721775041.7324991,
                "container": null
            },
            {
                "exe": "/usr/bin/udevadm",
                "cmdline": "/lib/systemd/systemd-udevd",
                "pid": 465627,
                "resources_usage": null,
                "consumption": 0.0,
                "timestamp": 1721775041.7324998,
                "container": null
            },
            {
                "exe": "",
                "cmdline": "",
                "pid": 323,
                "resources_usage": null,
                "consumption": 0.0,
                "timestamp": 1721775041.7325,
                "container": null
            },
            {
                "exe": "/usr/bin/udevadm",
                "cmdline": "/lib/systemd/systemd-udevd",
                "pid": 465632,
                "resources_usage": null,
                "consumption": 0.0,
                "timestamp": 1721775041.7325003,
                "container": null
            }
        ],
        "sockets": [
            {
                "id": 0,
                "consumption": 19125104.0,
                "domains": [
                    {
                        "name": "uncore",
                        "consumption": 0.0,
                        "timestamp": 1721775041.7118888
                    },
                    {
                        "name": "core",
                        "consumption": 16590205.0,
                        "timestamp": 1721775041.7118819
                    }
                ],
                "timestamp": 1721775041.711776
            }
        ]
    },
    {
        "host": {
            "consumption": 22444068.0,
            "timestamp": 1721775041.7667568,
            "components": {
                "disks": [
                    {
                        "disk_type": "SSD",
                        "disk_mount_point": "/etc/hosts",
                        "disk_is_removable": false,
                        "disk_file_system": "ext4",
                        "disk_total_bytes": "33634926592",
                        "disk_available_bytes": "9870467072",
                        "disk_name": "/dev/nvme0n1p4"
                    }
                ]
            }
        },
        "consumers": [
            {
                "exe": "/",
                "cmdline": "runcinit",
                "pid": 466325,
                "resources_usage": null,
                "consumption": 561101.7,
                "timestamp": 1721775041.7665756,
                "container": null
            },
            {
                "exe": "/usr/local/bin/scaphandre",
                "cmdline": "/usr/local/bin/scaphandrejson-s0--step-nano10000000-f/home/ce-p2-r-1/23/power.json",
                "pid": 466252,
                "resources_usage": null,
                "consumption": 140275.42,
                "timestamp": 1721775041.7665865,
                "container": null
            },
            {
                "exe": "",
                "cmdline": "",
                "pid": 50,
                "resources_usage": null,
                "consumption": 0.0,
                "timestamp": 1721775041.7665658,
                "container": null
            },
            {
                "exe": "",
                "cmdline": "",
                "pid": 134,
                "resources_usage": null,
                "consumption": 0.0,
                "timestamp": 1721775041.7665668,
                "container": null
            },
            {
                "exe": "/usr/bin/udevadm",
                "cmdline": "/lib/systemd/systemd-udevd",
                "pid": 465643,
                "resources_usage": null,
                "consumption": 0.0,
                "timestamp": 1721775041.7665672,
                "container": null
            },
            {
                "exe": "",
                "cmdline": "",
                "pid": 228,
                "resources_usage": null,
                "consumption": 0.0,
                "timestamp": 1721775041.7665677,
                "container": null
            },
            {
                "exe": "/usr/bin/containerd-shim-runc-v2",
                "cmdline": "/usr/bin/containerd-shim-runc-v2-namespacemoby-idd5556d547cb292d66ca48b27a2f8c95c1a13a0163be38b9ea0010bb9e1ef18b4-address/run/containerd/containerd.sock",
                "pid": 466233,
                "resources_usage": null,
                "consumption": 0.0,
                "timestamp": 1721775041.7665682,
                "container": null
            },
            {
                "exe": "/usr/bin/udevadm",
                "cmdline": "/lib/systemd/systemd-udevd",
                "pid": 465627,
                "resources_usage": null,
                "consumption": 0.0,
                "timestamp": 1721775041.7665691,
                "container": null
            },
            {
                "exe": "",
                "cmdline": "",
                "pid": 323,
                "resources_usage": null,
                "consumption": 0.0,
                "timestamp": 1721775041.7665699,
                "container": null
            },
            {
                "exe": "/usr/bin/udevadm",
                "cmdline": "/lib/systemd/systemd-udevd",
                "pid": 465632,
                "resources_usage": null,
                "consumption": 0.0,
                "timestamp": 1721775041.76657,
                "container": null
            }
        ],
        "sockets": [
            {
                "id": 0,
                "consumption": 14505642.0,
                "domains": [
                    {
                        "name": "uncore",
                        "consumption": 0.0,
                        "timestamp": 1721775041.74854
                    },
                    {
                        "name": "core",
                        "consumption": 11923922.0,
                        "timestamp": 1721775041.748368
                    }
                ],
                "timestamp": 1721775041.7480588
            }
        ]
    },
    {
        "host": {
            "consumption": 15006264.0,
            "timestamp": 1721775041.8030412,
            "components": {
                "disks": [
                    {
                        "disk_type": "SSD",
                        "disk_mount_point": "/etc/hosts",
                        "disk_is_removable": false,
                        "disk_file_system": "ext4",
                        "disk_total_bytes": "33634926592",
                        "disk_available_bytes": "9870462976",
                        "disk_name": "/dev/nvme0n1p4"
                    }
                ]
            }
        },
        "consumers": [
            {
                "exe": "/usr/local/bin/scaphandre",
                "cmdline": "/usr/local/bin/scaphandrejson-s0--step-nano10000000-f/home/ce-p2-r-1/23/power.json",
                "pid": 466252,
                "resources_usage": null,
                "consumption": 260224.23,
                "timestamp": 1721775041.8029428,
                "container": null
            },
            {
                "exe": "/",
                "cmdline": "runcinit",
                "pid": 466325,
                "resources_usage": null,
                "consumption": 260224.23,
                "timestamp": 1721775041.802934,
                "container": null
            },
            {
                "exe": "",
                "cmdline": "",
                "pid": 50,
                "resources_usage": null,
                "consumption": 0.0,
                "timestamp": 1721775041.8029249,
                "container": null
            },
            {
                "exe": "",
                "cmdline": "",
                "pid": 134,
                "resources_usage": null,
                "consumption": 0.0,
                "timestamp": 1721775041.8029258,
                "container": null
            },
            {
                "exe": "/usr/bin/udevadm",
                "cmdline": "/lib/systemd/systemd-udevd",
                "pid": 465643,
                "resources_usage": null,
                "consumption": 0.0,
                "timestamp": 1721775041.8029263,
                "container": null
            },
            {
                "exe": "",
                "cmdline": "",
                "pid": 228,
                "resources_usage": null,
                "consumption": 0.0,
                "timestamp": 1721775041.8029268,
                "container": null
            },
            {
                "exe": "/usr/bin/containerd-shim-runc-v2",
                "cmdline": "/usr/bin/containerd-shim-runc-v2-namespacemoby-idd5556d547cb292d66ca48b27a2f8c95c1a13a0163be38b9ea0010bb9e1ef18b4-address/run/containerd/containerd.sock",
                "pid": 466233,
                "resources_usage": null,
                "consumption": 0.0,
                "timestamp": 1721775041.802927,
                "container": null
            },
            {
                "exe": "/usr/bin/udevadm",
                "cmdline": "/lib/systemd/systemd-udevd",
                "pid": 465627,
                "resources_usage": null,
                "consumption": 0.0,
                "timestamp": 1721775041.8029277,
                "container": null
            },
            {
                "exe": "",
                "cmdline": "",
                "pid": 323,
                "resources_usage": null,
                "consumption": 0.0,
                "timestamp": 1721775041.8029282,
                "container": null
            },
            {
                "exe": "/usr/bin/udevadm",
                "cmdline": "/lib/systemd/systemd-udevd",
                "pid": 465632,
                "resources_usage": null,
                "consumption": 0.0,
                "timestamp": 1721775041.8029284,
                "container": null
            }
        ],
        "sockets": [
            {
                "id": 0,
                "consumption": 22705178.0,
                "domains": [
                    {
                        "name": "uncore",
                        "consumption": 0.0,
                        "timestamp": 1721775041.7850068
                    },
                    {
                        "name": "core",
                        "consumption": 19972780.0,
                        "timestamp": 1721775041.784938
                    }
                ],
                "timestamp": 1721775041.7847252
            }
        ]
    },
    {
        "host": {
            "consumption": 17700616.0,
            "timestamp": 1721775041.8375506,
            "components": {
                "disks": [
                    {
                        "disk_type": "SSD",
                        "disk_mount_point": "/etc/hosts",
                        "disk_is_removable": false,
                        "disk_file_system": "ext4",
                        "disk_total_bytes": "33634926592",
                        "disk_available_bytes": "9870462976",
                        "disk_name": "/dev/nvme0n1p4"
                    }
                ]
            }
        },
        "consumers": [
            {
                "exe": "/",
                "cmdline": "runcinit",
                "pid": 466325,
                "resources_usage": null,
                "consumption": 409262.78,
                "timestamp": 1721775041.8372958,
                "container": null
            },
            {
                "exe": "/usr/local/bin/scaphandre",
                "cmdline": "/usr/local/bin/scaphandrejson-s0--step-nano10000000-f/home/ce-p2-r-1/23/power.json",
                "pid": 466252,
                "resources_usage": null,
                "consumption": 102315.695,
                "timestamp": 1721775041.8373036,
                "container": null
            },
            {
                "exe": "",
                "cmdline": "",
                "pid": 50,
                "resources_usage": null,
                "consumption": 0.0,
                "timestamp": 1721775041.8372881,
                "container": null
            },
            {
                "exe": "",
                "cmdline": "",
                "pid": 134,
                "resources_usage": null,
                "consumption": 0.0,
                "timestamp": 1721775041.837289,
                "container": null
            },
            {
                "exe": "/usr/bin/udevadm",
                "cmdline": "/lib/systemd/systemd-udevd",
                "pid": 465643,
                "resources_usage": null,
                "consumption": 0.0,
                "timestamp": 1721775041.8372896,
                "container": null
            },
            {
                "exe": "",
                "cmdline": "",
                "pid": 228,
                "resources_usage": null,
                "consumption": 0.0,
                "timestamp": 1721775041.83729,
                "container": null
            },
            {
                "exe": "/usr/bin/containerd-shim-runc-v2",
                "cmdline": "/usr/bin/containerd-shim-runc-v2-namespacemoby-idd5556d547cb292d66ca48b27a2f8c95c1a13a0163be38b9ea0010bb9e1ef18b4-address/run/containerd/containerd.sock",
                "pid": 466233,
                "resources_usage": null,
                "consumption": 0.0,
                "timestamp": 1721775041.8372903,
                "container": null
            },
            {
                "exe": "/usr/bin/udevadm",
                "cmdline": "/lib/systemd/systemd-udevd",
                "pid": 465627,
                "resources_usage": null,
                "consumption": 0.0,
                "timestamp": 1721775041.837291,
                "container": null
            },
            {
                "exe": "",
                "cmdline": "",
                "pid": 323,
                "resources_usage": null,
                "consumption": 0.0,
                "timestamp": 1721775041.8372912,
                "container": null
            },
            {
                "exe": "/usr/bin/udevadm",
                "cmdline": "/lib/systemd/systemd-udevd",
                "pid": 465632,
                "resources_usage": null,
                "consumption": 0.0,
                "timestamp": 1721775041.8372915,
                "container": null
            }
        ],
        "sockets": [
            {
                "id": 0,
                "consumption": 15202815.0,
                "domains": [
                    {
                        "name": "uncore",
                        "consumption": 0.0,
                        "timestamp": 1721775041.818709
                    },
                    {
                        "name": "core",
                        "consumption": 12388675.0,
                        "timestamp": 1721775041.8186908
                    }
                ],
                "timestamp": 1721775041.8184047
            }
        ]
    },
    {
        "host": {
            "consumption": 16582673.0,
            "timestamp": 1721775041.873183,
            "components": {
                "disks": [
                    {
                        "disk_type": "SSD",
                        "disk_mount_point": "/etc/hosts",
                        "disk_is_removable": false,
                        "disk_file_system": "ext4",
                        "disk_total_bytes": "33634926592",
                        "disk_available_bytes": "9870458880",
                        "disk_name": "/dev/nvme0n1p4"
                    }
                ]
            }
        },
        "consumers": [
            {
                "exe": "/",
                "cmdline": "runcinit",
                "pid": 466325,
                "resources_usage": null,
                "consumption": 287560.8,
                "timestamp": 1721775041.8730247,
                "container": null
            },
            {
                "exe": "/usr/local/bin/scaphandre",
                "cmdline": "/usr/local/bin/scaphandrejson-s0--step-nano10000000-f/home/ce-p2-r-1/23/power.json",
                "pid": 466252,
                "resources_usage": null,
                "consumption": 191707.19,
                "timestamp": 1721775041.8730326,
                "container": null
            },
            {
                "exe": "",
                "cmdline": "",
                "pid": 50,
                "resources_usage": null,
                "consumption": 0.0,
                "timestamp": 1721775041.8730168,
                "container": null
            },
            {
                "exe": "",
                "cmdline": "",
                "pid": 134,
                "resources_usage": null,
                "consumption": 0.0,
                "timestamp": 1721775041.8730175,
                "container": null
            },
            {
                "exe": "/usr/bin/udevadm",
                "cmdline": "/lib/systemd/systemd-udevd",
                "pid": 465643,
                "resources_usage": null,
                "consumption": 0.0,
                "timestamp": 1721775041.873018,
                "container": null
            },
            {
                "exe": "",
                "cmdline": "",
                "pid": 228,
                "resources_usage": null,
                "consumption": 0.0,
                "timestamp": 1721775041.8730185,
                "container": null
            },
            {
                "exe": "/usr/bin/containerd-shim-runc-v2",
                "cmdline": "/usr/bin/containerd-shim-runc-v2-namespacemoby-idd5556d547cb292d66ca48b27a2f8c95c1a13a0163be38b9ea0010bb9e1ef18b4-address/run/containerd/containerd.sock",
                "pid": 466233,
                "resources_usage": null,
                "consumption": 0.0,
                "timestamp": 1721775041.8730187,
                "container": null
            },
            {
                "exe": "/usr/bin/udevadm",
                "cmdline": "/lib/systemd/systemd-udevd",
                "pid": 465627,
                "resources_usage": null,
                "consumption": 0.0,
                "timestamp": 1721775041.8730195,
                "container": null
            },
            {
                "exe": "",
                "cmdline": "",
                "pid": 323,
                "resources_usage": null,
                "consumption": 0.0,
                "timestamp": 1721775041.8730197,
                "container": null
            },
            {
                "exe": "/usr/bin/udevadm",
                "cmdline": "/lib/systemd/systemd-udevd",
                "pid": 465632,
                "resources_usage": null,
                "consumption": 0.0,
                "timestamp": 1721775041.87302,
                "container": null
            }
        ],
        "sockets": [
            {
                "id": 0,
                "consumption": 18175808.0,
                "domains": [
                    {
                        "name": "uncore",
                        "consumption": 0.0,
                        "timestamp": 1721775041.8534212
                    },
                    {
                        "name": "core",
                        "consumption": 15636166.0,
                        "timestamp": 1721775041.853244
                    }
                ],
                "timestamp": 1721775041.8529286
            }
        ]
    },
    {
        "host": {
            "consumption": 30082326.0,
            "timestamp": 1721775041.909162,
            "components": {
                "disks": [
                    {
                        "disk_type": "SSD",
                        "disk_mount_point": "/etc/hosts",
                        "disk_is_removable": false,
                        "disk_file_system": "ext4",
                        "disk_total_bytes": "33634926592",
                        "disk_available_bytes": "9870458880",
                        "disk_name": "/dev/nvme0n1p4"
                    }
                ]
            }
        },
        "consumers": [
            {
                "exe": "/",
                "cmdline": "runcinit",
                "pid": 466325,
                "resources_usage": null,
                "consumption": 695545.06,
                "timestamp": 1721775041.90891,
                "container": null
            },
            {
                "exe": "/usr/local/bin/scaphandre",
                "cmdline": "/usr/local/bin/scaphandrejson-s0--step-nano10000000-f/home/ce-p2-r-1/23/power.json",
                "pid": 466252,
                "resources_usage": null,
                "consumption": 521658.84,
                "timestamp": 1721775041.908918,
                "container": null
            },
            {
                "exe": "",
                "cmdline": "",
                "pid": 50,
                "resources_usage": null,
                "consumption": 0.0,
                "timestamp": 1721775041.9089017,
                "container": null
            },
            {
                "exe": "",
                "cmdline": "",
                "pid": 134,
                "resources_usage": null,
                "consumption": 0.0,
                "timestamp": 1721775041.9089026,
                "container": null
            },
            {
                "exe": "/usr/bin/udevadm",
                "cmdline": "/lib/systemd/systemd-udevd",
                "pid": 465643,
                "resources_usage": null,
                "consumption": 0.0,
                "timestamp": 1721775041.908903,
                "container": null
            },
            {
                "exe": "",
                "cmdline": "",
                "pid": 228,
                "resources_usage": null,
                "consumption": 0.0,
                "timestamp": 1721775041.9089034,
                "container": null
            },
            {
                "exe": "/usr/bin/containerd-shim-runc-v2",
                "cmdline": "/usr/bin/containerd-shim-runc-v2-namespacemoby-idd5556d547cb292d66ca48b27a2f8c95c1a13a0163be38b9ea0010bb9e1ef18b4-address/run/containerd/containerd.sock",
                "pid": 466233,
                "resources_usage": null,
                "consumption": 0.0,
                "timestamp": 1721775041.9089036,
                "container": null
            },
            {
                "exe": "/usr/bin/udevadm",
                "cmdline": "/lib/systemd/systemd-udevd",
                "pid": 465627,
                "resources_usage": null,
                "consumption": 0.0,
                "timestamp": 1721775041.9089046,
                "container": null
            },
            {
                "exe": "",
                "cmdline": "",
                "pid": 323,
                "resources_usage": null,
                "consumption": 0.0,
                "timestamp": 1721775041.9089048,
                "container": null
            },
            {
                "exe": "/usr/bin/udevadm",
                "cmdline": "/lib/systemd/systemd-udevd",
                "pid": 465632,
                "resources_usage": null,
                "consumption": 0.0,
                "timestamp": 1721775041.908905,
                "container": null
            }
        ],
        "sockets": [
            {
                "id": 0,
                "consumption": 20261282.0,
                "domains": [
                    {
                        "name": "uncore",
                        "consumption": 0.0,
                        "timestamp": 1721775041.888987
                    },
                    {
                        "name": "core",
                        "consumption": 18053524.0,
                        "timestamp": 1721775041.88881
                    }
                ],
                "timestamp": 1721775041.88849
            }
        ]
    },
    {
        "host": {
            "consumption": 17605192.0,
            "timestamp": 1721775041.944604,
            "components": {
                "disks": [
                    {
                        "disk_type": "SSD",
                        "disk_mount_point": "/etc/hosts",
                        "disk_is_removable": false,
                        "disk_file_system": "ext4",
                        "disk_total_bytes": "33634926592",
                        "disk_available_bytes": "9870454784",
                        "disk_name": "/dev/nvme0n1p4"
                    }
                ]
            }
        },
        "consumers": [
            {
                "exe": "/",
                "cmdline": "runcinit",
                "pid": 466325,
                "resources_usage": null,
                "consumption": 407056.4,
                "timestamp": 1721775041.9443035,
                "container": null
            },
            {
                "exe": "/usr/local/bin/scaphandre",
                "cmdline": "/usr/local/bin/scaphandrejson-s0--step-nano10000000-f/home/ce-p2-r-1/23/power.json",
                "pid": 466252,
                "resources_usage": null,
                "consumption": 101764.1,
                "timestamp": 1721775041.944314,
                "container": null
            },
            {
                "exe": "",
                "cmdline": "",
                "pid": 50,
                "resources_usage": null,
                "consumption": 0.0,
                "timestamp": 1721775041.9442933,
                "container": null
            },
            {
                "exe": "",
                "cmdline": "",
                "pid": 134,
                "resources_usage": null,
                "consumption": 0.0,
                "timestamp": 1721775041.9442945,
                "container": null
            },
            {
                "exe": "/usr/bin/udevadm",
                "cmdline": "/lib/systemd/systemd-udevd",
                "pid": 465643,
                "resources_usage": null,
                "consumption": 0.0,
                "timestamp": 1721775041.9442947,
                "container": null
            },
            {
                "exe": "",
                "cmdline": "",
                "pid": 228,
                "resources_usage": null,
                "consumption": 0.0,
                "timestamp": 1721775041.9442952,
                "container": null
            },
            {
                "exe": "/usr/bin/containerd-shim-runc-v2",
                "cmdline": "/usr/bin/containerd-shim-runc-v2-namespacemoby-idd5556d547cb292d66ca48b27a2f8c95c1a13a0163be38b9ea0010bb9e1ef18b4-address/run/containerd/containerd.sock",
                "pid": 466233,
                "resources_usage": null,
                "consumption": 0.0,
                "timestamp": 1721775041.9442954,
                "container": null
            },
            {
                "exe": "/usr/bin/udevadm",
                "cmdline": "/lib/systemd/systemd-udevd",
                "pid": 465627,
                "resources_usage": null,
                "consumption": 0.0,
                "timestamp": 1721775041.9442961,
                "container": null
            },
            {
                "exe": "",
                "cmdline": "",
                "pid": 323,
                "resources_usage": null,
                "consumption": 0.0,
                "timestamp": 1721775041.9442966,
                "container": null
            },
            {
                "exe": "/usr/bin/udevadm",
                "cmdline": "/lib/systemd/systemd-udevd",
                "pid": 465632,
                "resources_usage": null,
                "consumption": 0.0,
                "timestamp": 1721775041.944297,
                "container": null
            }
        ],
        "sockets": [
            {
                "id": 0,
                "consumption": 23331528.0,
                "domains": [
                    {
                        "name": "uncore",
                        "consumption": 0.0,
                        "timestamp": 1721775041.9250329
                    },
                    {
                        "name": "core",
                        "consumption": 24837952.0,
                        "timestamp": 1721775041.9248638
                    }
                ],
                "timestamp": 1721775041.9245932
            }
        ]
    },
    {
        "host": {
            "consumption": 22134520.0,
            "timestamp": 1721775041.9789977,
            "components": {
                "disks": [
                    {
                        "disk_type": "SSD",
                        "disk_mount_point": "/etc/hosts",
                        "disk_is_removable": false,
                        "disk_file_system": "ext4",
                        "disk_total_bytes": "33634926592",
                        "disk_available_bytes": "9870450688",
                        "disk_name": "/dev/nvme0n1p4"
                    }
                ]
            }
        },
        "consumers": [
            {
                "exe": "/usr/local/bin/scaphandre",
                "cmdline": "/usr/local/bin/scaphandrejson-s0--step-nano10000000-f/home/ce-p2-r-1/23/power.json",
                "pid": 466252,
                "resources_usage": null,
                "consumption": 383835.6,
                "timestamp": 1721775041.97885,
                "container": null
            },
            {
                "exe": "/",
                "cmdline": "runcinit",
                "pid": 466325,
                "resources_usage": null,
                "consumption": 383835.6,
                "timestamp": 1721775041.9788413,
                "container": null
            },
            {
                "exe": "",
                "cmdline": "",
                "pid": 50,
                "resources_usage": null,
                "consumption": 0.0,
                "timestamp": 1721775041.9788334,
                "container": null
            },
            {
                "exe": "",
                "cmdline": "",
                "pid": 134,
                "resources_usage": null,
                "consumption": 0.0,
                "timestamp": 1721775041.9788349,
                "container": null
            },
            {
                "exe": "/usr/bin/udevadm",
                "cmdline": "/lib/systemd/systemd-udevd",
                "pid": 465643,
                "resources_usage": null,
                "consumption": 0.0,
                "timestamp": 1721775041.978835,
                "container": null
            },
            {
                "exe": "",
                "cmdline": "",
                "pid": 228,
                "resources_usage": null,
                "consumption": 0.0,
                "timestamp": 1721775041.9788356,
                "container": null
            },
            {
                "exe": "/usr/bin/containerd-shim-runc-v2",
                "cmdline": "/usr/bin/containerd-shim-runc-v2-namespacemoby-idd5556d547cb292d66ca48b27a2f8c95c1a13a0163be38b9ea0010bb9e1ef18b4-address/run/containerd/containerd.sock",
                "pid": 466233,
                "resources_usage": null,
                "consumption": 0.0,
                "timestamp": 1721775041.9788358,
                "container": null
            },
            {
                "exe": "/usr/bin/udevadm",
                "cmdline": "/lib/systemd/systemd-udevd",
                "pid": 465627,
                "resources_usage": null,
                "consumption": 0.0,
                "timestamp": 1721775041.9788365,
                "container": null
            },
            {
                "exe": "",
                "cmdline": "",
                "pid": 323,
                "resources_usage": null,
                "consumption": 0.0,
                "timestamp": 1721775041.978837,
                "container": null
            },
            {
                "exe": "/usr/bin/udevadm",
                "cmdline": "/lib/systemd/systemd-udevd",
                "pid": 465632,
                "resources_usage": null,
                "consumption": 0.0,
                "timestamp": 1721775041.9788373,
                "container": null
            }
        ],
        "sockets": [
            {
                "id": 0,
                "consumption": 23536726.0,
                "domains": [
                    {
                        "name": "uncore",
                        "consumption": 0.0,
                        "timestamp": 1721775041.9597905
                    },
                    {
                        "name": "core",
                        "consumption": 17563998.0,
                        "timestamp": 1721775041.9597807
                    }
                ],
                "timestamp": 1721775041.959666
            }
        ]
    },
    {
        "host": {
            "consumption": 18444982.0,
            "timestamp": 1721775042.0136135,
            "components": {
                "disks": [
                    {
                        "disk_type": "SSD",
                        "disk_mount_point": "/etc/hosts",
                        "disk_is_removable": false,
                        "disk_file_system": "ext4",
                        "disk_total_bytes": "33634926592",
                        "disk_available_bytes": "9870450688",
                        "disk_name": "/dev/nvme0n1p4"
                    }
                ]
            }
        },
        "consumers": [
            {
                "exe": "/",
                "cmdline": "runcinit",
                "pid": 466325,
                "resources_usage": null,
                "consumption": 333343.03,
                "timestamp": 1721775042.0133655,
                "container": null
            },
            {
                "exe": "/usr/local/bin/scaphandre",
                "cmdline": "/usr/local/bin/scaphandrejson-s0--step-nano10000000-f/home/ce-p2-r-1/23/power.json",
                "pid": 466252,
                "resources_usage": null,
                "consumption": 222228.69,
                "timestamp": 1721775042.013374,
                "container": null
            },
            {
                "exe": "",
                "cmdline": "",
                "pid": 50,
                "resources_usage": null,
                "consumption": 0.0,
                "timestamp": 1721775042.0133572,
                "container": null
            },
            {
                "exe": "",
                "cmdline": "",
                "pid": 134,
                "resources_usage": null,
                "consumption": 0.0,
                "timestamp": 1721775042.0133584,
                "container": null
            },
            {
                "exe": "/usr/bin/udevadm",
                "cmdline": "/lib/systemd/systemd-udevd",
                "pid": 465643,
                "resources_usage": null,
                "consumption": 0.0,
                "timestamp": 1721775042.0133586,
                "container": null
            },
            {
                "exe": "",
                "cmdline": "",
                "pid": 228,
                "resources_usage": null,
                "consumption": 0.0,
                "timestamp": 1721775042.013359,
                "container": null
            },
            {
                "exe": "/usr/bin/containerd-shim-runc-v2",
                "cmdline": "/usr/bin/containerd-shim-runc-v2-namespacemoby-idd5556d547cb292d66ca48b27a2f8c95c1a13a0163be38b9ea0010bb9e1ef18b4-address/run/containerd/containerd.sock",
                "pid": 466233,
                "resources_usage": null,
                "consumption": 0.0,
                "timestamp": 1721775042.0133595,
                "container": null
            },
            {
                "exe": "/usr/bin/udevadm",
                "cmdline": "/lib/systemd/systemd-udevd",
                "pid": 465627,
                "resources_usage": null,
                "consumption": 0.0,
                "timestamp": 1721775042.01336,
                "container": null
            },
            {
                "exe": "",
                "cmdline": "",
                "pid": 323,
                "resources_usage": null,
                "consumption": 0.0,
                "timestamp": 1721775042.0133605,
                "container": null
            },
            {
                "exe": "/usr/bin/udevadm",
                "cmdline": "/lib/systemd/systemd-udevd",
                "pid": 465632,
                "resources_usage": null,
                "consumption": 0.0,
                "timestamp": 1721775042.0133607,
                "container": null
            }
        ],
        "sockets": [
            {
                "id": 0,
                "consumption": 16194074.0,
                "domains": [
                    {
                        "name": "uncore",
                        "consumption": 0.0,
                        "timestamp": 1721775041.9947665
                    },
                    {
                        "name": "core",
                        "consumption": 13943433.0,
                        "timestamp": 1721775041.9947555
                    }
                ],
                "timestamp": 1721775041.9945855
            }
        ]
    },
    {
        "host": {
            "consumption": 18613096.0,
            "timestamp": 1721775042.0486708,
            "components": {
                "disks": [
                    {
                        "disk_type": "SSD",
                        "disk_mount_point": "/etc/hosts",
                        "disk_is_removable": false,
                        "disk_file_system": "ext4",
                        "disk_total_bytes": "33634926592",
                        "disk_available_bytes": "9870446592",
                        "disk_name": "/dev/nvme0n1p4"
                    }
                ]
            }
        },
        "consumers": [
            {
                "exe": "/",
                "cmdline": "runcinit",
                "pid": 466325,
                "resources_usage": null,
                "consumption": 448508.28,
                "timestamp": 1721775042.0485055,
                "container": null
            },
            {
                "exe": "/usr/local/bin/scaphandre",
                "cmdline": "/usr/local/bin/scaphandrejson-s0--step-nano10000000-f/home/ce-p2-r-1/23/power.json",
                "pid": 466252,
                "resources_usage": null,
                "consumption": 112127.07,
                "timestamp": 1721775042.0485134,
                "container": null
            },
            {
                "exe": "",
                "cmdline": "",
                "pid": 50,
                "resources_usage": null,
                "consumption": 0.0,
                "timestamp": 1721775042.0484977,
                "container": null
            },
            {
                "exe": "",
                "cmdline": "",
                "pid": 134,
                "resources_usage": null,
                "consumption": 0.0,
                "timestamp": 1721775042.0484984,
                "container": null
            },
            {
                "exe": "/usr/bin/udevadm",
                "cmdline": "/lib/systemd/systemd-udevd",
                "pid": 465643,
                "resources_usage": null,
                "consumption": 0.0,
                "timestamp": 1721775042.0484989,
                "container": null
            },
            {
                "exe": "",
                "cmdline": "",
                "pid": 228,
                "resources_usage": null,
                "consumption": 0.0,
                "timestamp": 1721775042.048499,
                "container": null
            },
            {
                "exe": "/usr/bin/containerd-shim-runc-v2",
                "cmdline": "/usr/bin/containerd-shim-runc-v2-namespacemoby-idd5556d547cb292d66ca48b27a2f8c95c1a13a0163be38b9ea0010bb9e1ef18b4-address/run/containerd/containerd.sock",
                "pid": 466233,
                "resources_usage": null,
                "consumption": 0.0,
                "timestamp": 1721775042.0484996,
                "container": null
            },
            {
                "exe": "/usr/bin/udevadm",
                "cmdline": "/lib/systemd/systemd-udevd",
                "pid": 465627,
                "resources_usage": null,
                "consumption": 0.0,
                "timestamp": 1721775042.0485,
                "container": null
            },
            {
                "exe": "",
                "cmdline": "",
                "pid": 323,
                "resources_usage": null,
                "consumption": 0.0,
                "timestamp": 1721775042.0485005,
                "container": null
            },
            {
                "exe": "/usr/bin/udevadm",
                "cmdline": "/lib/systemd/systemd-udevd",
                "pid": 465632,
                "resources_usage": null,
                "consumption": 0.0,
                "timestamp": 1721775042.0485008,
                "container": null
            }
        ],
        "sockets": [
            {
                "id": 0,
                "consumption": 27056172.0,
                "domains": [
                    {
                        "name": "uncore",
                        "consumption": 0.0,
                        "timestamp": 1721775042.0295258
                    },
                    {
                        "name": "core",
                        "consumption": 24627724.0,
                        "timestamp": 1721775042.029303
                    }
                ],
                "timestamp": 1721775042.0289829
            }
        ]
    },
    {
        "host": {
            "consumption": 14042085.0,
            "timestamp": 1721775042.0837824,
            "components": {
                "disks": [
                    {
                        "disk_type": "SSD",
                        "disk_mount_point": "/etc/hosts",
                        "disk_is_removable": false,
                        "disk_file_system": "ext4",
                        "disk_total_bytes": "33634926592",
                        "disk_available_bytes": "9870446592",
                        "disk_name": "/dev/nvme0n1p4"
                    }
                ]
            }
        },
        "consumers": [
            {
                "exe": "/",
                "cmdline": "runcinit",
                "pid": 466325,
                "resources_usage": null,
                "consumption": 338363.47,
                "timestamp": 1721775042.0836325,
                "container": null
            },
            {
                "exe": "/usr/local/bin/scaphandre",
                "cmdline": "/usr/local/bin/scaphandrejson-s0--step-nano10000000-f/home/ce-p2-r-1/23/power.json",
                "pid": 466252,
                "resources_usage": null,
                "consumption": 169181.73,
                "timestamp": 1721775042.0836413,
                "container": null
            },
            {
                "exe": "/home/philipp/.vscode-server/cli/servers/Stable-f1e16e1e6214d7c44d078b1f0607b2388f29d729/server/node",
                "cmdline": "/home/philipp/.vscode-server/cli/servers/Stable-f1e16e1e6214d7c44d078b1f0607b2388f29d729/server/node--dns-result-order=ipv4first/home/philipp/.vscode-server/cli/servers/Stable-f1e16e1e6214d7c44d078b1f0607b2388f29d729/server/out/bootstrap-fork--type=extensionHost--transformURIs--useHostProxy=false",
                "pid": 1834,
                "resources_usage": null,
                "consumption": 84590.87,
                "timestamp": 1721775042.0836947,
                "container": null
            },
            {
                "exe": "",
                "cmdline": "",
                "pid": 50,
                "resources_usage": null,
                "consumption": 0.0,
                "timestamp": 1721775042.083624,
                "container": null
            },
            {
                "exe": "",
                "cmdline": "",
                "pid": 134,
                "resources_usage": null,
                "consumption": 0.0,
                "timestamp": 1721775042.083625,
                "container": null
            },
            {
                "exe": "/usr/bin/udevadm",
                "cmdline": "/lib/systemd/systemd-udevd",
                "pid": 465643,
                "resources_usage": null,
                "consumption": 0.0,
                "timestamp": 1721775042.0836256,
                "container": null
            },
            {
                "exe": "",
                "cmdline": "",
                "pid": 228,
                "resources_usage": null,
                "consumption": 0.0,
                "timestamp": 1721775042.083626,
                "container": null
            },
            {
                "exe": "/usr/bin/containerd-shim-runc-v2",
                "cmdline": "/usr/bin/containerd-shim-runc-v2-namespacemoby-idd5556d547cb292d66ca48b27a2f8c95c1a13a0163be38b9ea0010bb9e1ef18b4-address/run/containerd/containerd.sock",
                "pid": 466233,
                "resources_usage": null,
                "consumption": 0.0,
                "timestamp": 1721775042.0836263,
                "container": null
            },
            {
                "exe": "/usr/bin/udevadm",
                "cmdline": "/lib/systemd/systemd-udevd",
                "pid": 465627,
                "resources_usage": null,
                "consumption": 0.0,
                "timestamp": 1721775042.083627,
                "container": null
            },
            {
                "exe": "",
                "cmdline": "",
                "pid": 323,
                "resources_usage": null,
                "consumption": 0.0,
                "timestamp": 1721775042.0836275,
                "container": null
            }
        ],
        "sockets": [
            {
                "id": 0,
                "consumption": 11789909.0,
                "domains": [
                    {
                        "name": "uncore",
                        "consumption": 0.0,
                        "timestamp": 1721775042.0640743
                    },
                    {
                        "name": "core",
                        "consumption": 9595869.0,
                        "timestamp": 1721775042.0640635
                    }
                ],
                "timestamp": 1721775042.0639424
            }
        ]
    },
    {
        "host": {
            "consumption": 19692776.0,
            "timestamp": 1721775042.1190717,
            "components": {
                "disks": [
                    {
                        "disk_type": "SSD",
                        "disk_mount_point": "/etc/hosts",
                        "disk_is_removable": false,
                        "disk_file_system": "ext4",
                        "disk_total_bytes": "33634926592",
                        "disk_available_bytes": "9870442496",
                        "disk_name": "/dev/nvme0n1p4"
                    }
                ]
            }
        },
        "consumers": [
            {
                "exe": "/usr/local/bin/scaphandre",
                "cmdline": "/usr/local/bin/scaphandrejson-s0--step-nano10000000-f/home/ce-p2-r-1/23/power.json",
                "pid": 466252,
                "resources_usage": null,
                "consumption": 355893.5,
                "timestamp": 1721775042.118961,
                "container": null
            },
            {
                "exe": "/",
                "cmdline": "runcinit",
                "pid": 466325,
                "resources_usage": null,
                "consumption": 355893.5,
                "timestamp": 1721775042.1189525,
                "container": null
            },
            {
                "exe": "",
                "cmdline": "",
                "pid": 50,
                "resources_usage": null,
                "consumption": 0.0,
                "timestamp": 1721775042.1189444,
                "container": null
            },
            {
                "exe": "",
                "cmdline": "",
                "pid": 134,
                "resources_usage": null,
                "consumption": 0.0,
                "timestamp": 1721775042.1189456,
                "container": null
            },
            {
                "exe": "/usr/bin/udevadm",
                "cmdline": "/lib/systemd/systemd-udevd",
                "pid": 465643,
                "resources_usage": null,
                "consumption": 0.0,
                "timestamp": 1721775042.118946,
                "container": null
            },
            {
                "exe": "",
                "cmdline": "",
                "pid": 228,
                "resources_usage": null,
                "consumption": 0.0,
                "timestamp": 1721775042.1189466,
                "container": null
            },
            {
                "exe": "/usr/bin/containerd-shim-runc-v2",
                "cmdline": "/usr/bin/containerd-shim-runc-v2-namespacemoby-idd5556d547cb292d66ca48b27a2f8c95c1a13a0163be38b9ea0010bb9e1ef18b4-address/run/containerd/containerd.sock",
                "pid": 466233,
                "resources_usage": null,
                "consumption": 0.0,
                "timestamp": 1721775042.1189468,
                "container": null
            },
            {
                "exe": "/usr/bin/udevadm",
                "cmdline": "/lib/systemd/systemd-udevd",
                "pid": 465627,
                "resources_usage": null,
                "consumption": 0.0,
                "timestamp": 1721775042.1189475,
                "container": null
            },
            {
                "exe": "",
                "cmdline": "",
                "pid": 323,
                "resources_usage": null,
                "consumption": 0.0,
                "timestamp": 1721775042.118948,
                "container": null
            },
            {
                "exe": "/usr/bin/udevadm",
                "cmdline": "/lib/systemd/systemd-udevd",
                "pid": 465632,
                "resources_usage": null,
                "consumption": 0.0,
                "timestamp": 1721775042.1189482,
                "container": null
            }
        ],
        "sockets": [
            {
                "id": 0,
                "consumption": 15096595.0,
                "domains": [
                    {
                        "name": "uncore",
                        "consumption": 0.0,
                        "timestamp": 1721775042.099395
                    },
                    {
                        "name": "core",
                        "consumption": 12861643.0,
                        "timestamp": 1721775042.0993843
                    }
                ],
                "timestamp": 1721775042.0992699
            }
        ]
    },
    {
        "host": {
            "consumption": 16397315.0,
            "timestamp": 1721775042.1542099,
            "components": {
                "disks": [
                    {
                        "disk_type": "SSD",
                        "disk_mount_point": "/etc/hosts",
                        "disk_is_removable": false,
                        "disk_file_system": "ext4",
                        "disk_total_bytes": "33634926592",
                        "disk_available_bytes": "9870442496",
                        "disk_name": "/dev/nvme0n1p4"
                    }
                ]
            }
        },
        "consumers": [
            {
                "exe": "/",
                "cmdline": "runcinit",
                "pid": 466325,
                "resources_usage": null,
                "consumption": 296337.0,
                "timestamp": 1721775042.1540504,
                "container": null
            },
            {
                "exe": "/usr/local/bin/scaphandre",
                "cmdline": "/usr/local/bin/scaphandrejson-s0--step-nano10000000-f/home/ce-p2-r-1/23/power.json",
                "pid": 466252,
                "resources_usage": null,
                "consumption": 98779.0,
                "timestamp": 1721775042.1540582,
                "container": null
            },
            {
                "exe": "",
                "cmdline": "",
                "pid": 50,
                "resources_usage": null,
                "consumption": 0.0,
                "timestamp": 1721775042.1540427,
                "container": null
            },
            {
                "exe": "",
                "cmdline": "",
                "pid": 134,
                "resources_usage": null,
                "consumption": 0.0,
                "timestamp": 1721775042.154044,
                "container": null
            },
            {
                "exe": "/usr/bin/udevadm",
                "cmdline": "/lib/systemd/systemd-udevd",
                "pid": 465643,
                "resources_usage": null,
                "consumption": 0.0,
                "timestamp": 1721775042.1540442,
                "container": null
            },
            {
                "exe": "",
                "cmdline": "",
                "pid": 228,
                "resources_usage": null,
                "consumption": 0.0,
                "timestamp": 1721775042.1540446,
                "container": null
            },
            {
                "exe": "/usr/bin/containerd-shim-runc-v2",
                "cmdline": "/usr/bin/containerd-shim-runc-v2-namespacemoby-idd5556d547cb292d66ca48b27a2f8c95c1a13a0163be38b9ea0010bb9e1ef18b4-address/run/containerd/containerd.sock",
                "pid": 466233,
                "resources_usage": null,
                "consumption": 0.0,
                "timestamp": 1721775042.154045,
                "container": null
            },
            {
                "exe": "/usr/bin/udevadm",
                "cmdline": "/lib/systemd/systemd-udevd",
                "pid": 465627,
                "resources_usage": null,
                "consumption": 0.0,
                "timestamp": 1721775042.1540456,
                "container": null
            },
            {
                "exe": "",
                "cmdline": "",
                "pid": 323,
                "resources_usage": null,
                "consumption": 0.0,
                "timestamp": 1721775042.154046,
                "container": null
            },
            {
                "exe": "/usr/bin/udevadm",
                "cmdline": "/lib/systemd/systemd-udevd",
                "pid": 465632,
                "resources_usage": null,
                "consumption": 0.0,
                "timestamp": 1721775042.154046,
                "container": null
            }
        ],
        "sockets": [
            {
                "id": 0,
                "consumption": 16962232.0,
                "domains": [
                    {
                        "name": "uncore",
                        "consumption": 0.0,
                        "timestamp": 1721775042.1347446
                    },
                    {
                        "name": "core",
                        "consumption": 14640585.0,
                        "timestamp": 1721775042.1346698
                    }
                ],
                "timestamp": 1721775042.1343963
            }
        ]
    },
    {
        "host": {
            "consumption": 17270842.0,
            "timestamp": 1721775042.1916065,
            "components": {
                "disks": [
                    {
                        "disk_type": "SSD",
                        "disk_mount_point": "/etc/hosts",
                        "disk_is_removable": false,
                        "disk_file_system": "ext4",
                        "disk_total_bytes": "33634926592",
                        "disk_available_bytes": "9870438400",
                        "disk_name": "/dev/nvme0n1p4"
                    }
                ]
            }
        },
        "consumers": [
            {
                "exe": "/",
                "cmdline": "runcinit",
                "pid": 466325,
                "resources_usage": null,
                "consumption": 416164.84,
                "timestamp": 1721775042.1914856,
                "container": null
            },
            {
                "exe": "/usr/local/bin/scaphandre",
                "cmdline": "/usr/local/bin/scaphandrejson-s0--step-nano10000000-f/home/ce-p2-r-1/23/power.json",
                "pid": 466252,
                "resources_usage": null,
                "consumption": 208082.42,
                "timestamp": 1721775042.191495,
                "container": null
            },
            {
                "exe": "",
                "cmdline": "",
                "pid": 50,
                "resources_usage": null,
                "consumption": 0.0,
                "timestamp": 1721775042.191477,
                "container": null
            },
            {
                "exe": "",
                "cmdline": "",
                "pid": 134,
                "resources_usage": null,
                "consumption": 0.0,
                "timestamp": 1721775042.191478,
                "container": null
            },
            {
                "exe": "/usr/bin/udevadm",
                "cmdline": "/lib/systemd/systemd-udevd",
                "pid": 465643,
                "resources_usage": null,
                "consumption": 0.0,
                "timestamp": 1721775042.1914783,
                "container": null
            },
            {
                "exe": "",
                "cmdline": "",
                "pid": 228,
                "resources_usage": null,
                "consumption": 0.0,
                "timestamp": 1721775042.191479,
                "container": null
            },
            {
                "exe": "/usr/bin/containerd-shim-runc-v2",
                "cmdline": "/usr/bin/containerd-shim-runc-v2-namespacemoby-idd5556d547cb292d66ca48b27a2f8c95c1a13a0163be38b9ea0010bb9e1ef18b4-address/run/containerd/containerd.sock",
                "pid": 466233,
                "resources_usage": null,
                "consumption": 0.0,
                "timestamp": 1721775042.1914792,
                "container": null
            },
            {
                "exe": "/usr/bin/udevadm",
                "cmdline": "/lib/systemd/systemd-udevd",
                "pid": 465627,
                "resources_usage": null,
                "consumption": 0.0,
                "timestamp": 1721775042.19148,
                "container": null
            },
            {
                "exe": "",
                "cmdline": "",
                "pid": 323,
                "resources_usage": null,
                "consumption": 0.0,
                "timestamp": 1721775042.1914804,
                "container": null
            },
            {
                "exe": "/usr/bin/udevadm",
                "cmdline": "/lib/systemd/systemd-udevd",
                "pid": 465632,
                "resources_usage": null,
                "consumption": 0.0,
                "timestamp": 1721775042.1914806,
                "container": null
            }
        ],
        "sockets": [
            {
                "id": 0,
                "consumption": 19060536.0,
                "domains": [
                    {
                        "name": "uncore",
                        "consumption": 0.0,
                        "timestamp": 1721775042.169957
                    },
                    {
                        "name": "core",
                        "consumption": 16749997.0,
                        "timestamp": 1721775042.1698296
                    }
                ],
                "timestamp": 1721775042.169617
            }
        ]
    },
    {
        "host": {
            "consumption": 23617884.0,
            "timestamp": 1721775042.2260523,
            "components": {
                "disks": [
                    {
                        "disk_type": "SSD",
                        "disk_mount_point": "/etc/hosts",
                        "disk_is_removable": false,
                        "disk_file_system": "ext4",
                        "disk_total_bytes": "33634926592",
                        "disk_available_bytes": "9870438400",
                        "disk_name": "/dev/nvme0n1p4"
                    }
                ]
            }
        },
        "consumers": [
            {
                "exe": "/",
                "cmdline": "runcinit",
                "pid": 466325,
                "resources_usage": null,
                "consumption": 559003.2,
                "timestamp": 1721775042.225879,
                "container": null
            },
            {
                "exe": "/usr/local/bin/scaphandre",
                "cmdline": "/usr/local/bin/scaphandrejson-s0--step-nano10000000-f/home/ce-p2-r-1/23/power.json",
                "pid": 466252,
                "resources_usage": null,
                "consumption": 279501.6,
                "timestamp": 1721775042.2258868,
                "container": null
            },
            {
                "exe": "",
                "cmdline": "",
                "pid": 50,
                "resources_usage": null,
                "consumption": 0.0,
                "timestamp": 1721775042.225871,
                "container": null
            },
            {
                "exe": "",
                "cmdline": "",
                "pid": 134,
                "resources_usage": null,
                "consumption": 0.0,
                "timestamp": 1721775042.225872,
                "container": null
            },
            {
                "exe": "/usr/bin/udevadm",
                "cmdline": "/lib/systemd/systemd-udevd",
                "pid": 465643,
                "resources_usage": null,
                "consumption": 0.0,
                "timestamp": 1721775042.2258723,
                "container": null
            },
            {
                "exe": "",
                "cmdline": "",
                "pid": 228,
                "resources_usage": null,
                "consumption": 0.0,
                "timestamp": 1721775042.2258728,
                "container": null
            },
            {
                "exe": "/usr/bin/containerd-shim-runc-v2",
                "cmdline": "/usr/bin/containerd-shim-runc-v2-namespacemoby-idd5556d547cb292d66ca48b27a2f8c95c1a13a0163be38b9ea0010bb9e1ef18b4-address/run/containerd/containerd.sock",
                "pid": 466233,
                "resources_usage": null,
                "consumption": 0.0,
                "timestamp": 1721775042.2258732,
                "container": null
            },
            {
                "exe": "/usr/bin/udevadm",
                "cmdline": "/lib/systemd/systemd-udevd",
                "pid": 465627,
                "resources_usage": null,
                "consumption": 0.0,
                "timestamp": 1721775042.225874,
                "container": null
            },
            {
                "exe": "",
                "cmdline": "",
                "pid": 323,
                "resources_usage": null,
                "consumption": 0.0,
                "timestamp": 1721775042.2258747,
                "container": null
            },
            {
                "exe": "/usr/bin/udevadm",
                "cmdline": "/lib/systemd/systemd-udevd",
                "pid": 465632,
                "resources_usage": null,
                "consumption": 0.0,
                "timestamp": 1721775042.225875,
                "container": null
            }
        ],
        "sockets": [
            {
                "id": 0,
                "consumption": 19670992.0,
                "domains": [
                    {
                        "name": "uncore",
                        "consumption": 0.0,
                        "timestamp": 1721775042.2070415
                    },
                    {
                        "name": "core",
                        "consumption": 17197552.0,
                        "timestamp": 1721775042.2070308
                    }
                ],
                "timestamp": 1721775042.2069156
            }
        ]
    },
    {
        "host": {
            "consumption": 16905132.0,
            "timestamp": 1721775042.261052,
            "components": {
                "disks": [
                    {
                        "disk_type": "SSD",
                        "disk_mount_point": "/etc/hosts",
                        "disk_is_removable": false,
                        "disk_file_system": "ext4",
                        "disk_total_bytes": "33634926592",
                        "disk_available_bytes": "9870434304",
                        "disk_name": "/dev/nvme0n1p4"
                    }
                ]
            }
        },
        "consumers": [
            {
                "exe": "/",
                "cmdline": "runcinit",
                "pid": 466325,
                "resources_usage": null,
                "consumption": 300091.1,
                "timestamp": 1721775042.2607427,
                "container": null
            },
            {
                "exe": "/usr/local/bin/scaphandre",
                "cmdline": "/usr/local/bin/scaphandrejson-s0--step-nano10000000-f/home/ce-p2-r-1/23/power.json",
                "pid": 466252,
                "resources_usage": null,
                "consumption": 200060.73,
                "timestamp": 1721775042.2607512,
                "container": null
            },
            {
                "exe": "",
                "cmdline": "",
                "pid": 50,
                "resources_usage": null,
                "consumption": 0.0,
                "timestamp": 1721775042.260735,
                "container": null
            },
            {
                "exe": "",
                "cmdline": "",
                "pid": 134,
                "resources_usage": null,
                "consumption": 0.0,
                "timestamp": 1721775042.2607362,
                "container": null
            },
            {
                "exe": "/usr/bin/udevadm",
                "cmdline": "/lib/systemd/systemd-udevd",
                "pid": 465643,
                "resources_usage": null,
                "consumption": 0.0,
                "timestamp": 1721775042.2607365,
                "container": null
            },
            {
                "exe": "",
                "cmdline": "",
                "pid": 228,
                "resources_usage": null,
                "consumption": 0.0,
                "timestamp": 1721775042.2607372,
                "container": null
            },
            {
                "exe": "/usr/bin/containerd-shim-runc-v2",
                "cmdline": "/usr/bin/containerd-shim-runc-v2-namespacemoby-idd5556d547cb292d66ca48b27a2f8c95c1a13a0163be38b9ea0010bb9e1ef18b4-address/run/containerd/containerd.sock",
                "pid": 466233,
                "resources_usage": null,
                "consumption": 0.0,
                "timestamp": 1721775042.2607374,
                "container": null
            },
            {
                "exe": "/usr/bin/udevadm",
                "cmdline": "/lib/systemd/systemd-udevd",
                "pid": 465627,
                "resources_usage": null,
                "consumption": 0.0,
                "timestamp": 1721775042.260738,
                "container": null
            },
            {
                "exe": "",
                "cmdline": "",
                "pid": 323,
                "resources_usage": null,
                "consumption": 0.0,
                "timestamp": 1721775042.2607384,
                "container": null
            },
            {
                "exe": "/usr/bin/udevadm",
                "cmdline": "/lib/systemd/systemd-udevd",
                "pid": 465632,
                "resources_usage": null,
                "consumption": 0.0,
                "timestamp": 1721775042.2607386,
                "container": null
            }
        ],
        "sockets": [
            {
                "id": 0,
                "consumption": 18233074.0,
                "domains": [
                    {
                        "name": "uncore",
                        "consumption": 0.0,
                        "timestamp": 1721775042.2420785
                    },
                    {
                        "name": "core",
                        "consumption": 15852342.0,
                        "timestamp": 1721775042.2418907
                    }
                ],
                "timestamp": 1721775042.2415721
            }
        ]
    },
    {
        "host": {
            "consumption": 18749786.0,
            "timestamp": 1721775042.2961173,
            "components": {
                "disks": [
                    {
                        "disk_type": "SSD",
                        "disk_mount_point": "/etc/hosts",
                        "disk_is_removable": false,
                        "disk_file_system": "ext4",
                        "disk_total_bytes": "33634926592",
                        "disk_available_bytes": "9870434304",
                        "disk_name": "/dev/nvme0n1p4"
                    }
                ]
            }
        },
        "consumers": [
            {
                "exe": "/",
                "cmdline": "runcinit",
                "pid": 466325,
                "resources_usage": null,
                "consumption": 443781.94,
                "timestamp": 1721775042.295958,
                "container": null
            },
            {
                "exe": "/usr/local/bin/scaphandre",
                "cmdline": "/usr/local/bin/scaphandrejson-s0--step-nano10000000-f/home/ce-p2-r-1/23/power.json",
                "pid": 466252,
                "resources_usage": null,
                "consumption": 221890.97,
                "timestamp": 1721775042.2959664,
                "container": null
            },
            {
                "exe": "",
                "cmdline": "",
                "pid": 50,
                "resources_usage": null,
                "consumption": 0.0,
                "timestamp": 1721775042.29595,
                "container": null
            },
            {
                "exe": "",
                "cmdline": "",
                "pid": 134,
                "resources_usage": null,
                "consumption": 0.0,
                "timestamp": 1721775042.2959507,
                "container": null
            },
            {
                "exe": "/usr/bin/udevadm",
                "cmdline": "/lib/systemd/systemd-udevd",
                "pid": 465643,
                "resources_usage": null,
                "consumption": 0.0,
                "timestamp": 1721775042.2959511,
                "container": null
            },
            {
                "exe": "",
                "cmdline": "",
                "pid": 228,
                "resources_usage": null,
                "consumption": 0.0,
                "timestamp": 1721775042.2959516,
                "container": null
            },
            {
                "exe": "/usr/bin/containerd-shim-runc-v2",
                "cmdline": "/usr/bin/containerd-shim-runc-v2-namespacemoby-idd5556d547cb292d66ca48b27a2f8c95c1a13a0163be38b9ea0010bb9e1ef18b4-address/run/containerd/containerd.sock",
                "pid": 466233,
                "resources_usage": null,
                "consumption": 0.0,
                "timestamp": 1721775042.2959518,
                "container": null
            },
            {
                "exe": "/usr/bin/udevadm",
                "cmdline": "/lib/systemd/systemd-udevd",
                "pid": 465627,
                "resources_usage": null,
                "consumption": 0.0,
                "timestamp": 1721775042.2959523,
                "container": null
            },
            {
                "exe": "",
                "cmdline": "",
                "pid": 323,
                "resources_usage": null,
                "consumption": 0.0,
                "timestamp": 1721775042.2959528,
                "container": null
            },
            {
                "exe": "/usr/bin/udevadm",
                "cmdline": "/lib/systemd/systemd-udevd",
                "pid": 465632,
                "resources_usage": null,
                "consumption": 0.0,
                "timestamp": 1721775042.2959533,
                "container": null
            }
        ],
        "sockets": [
            {
                "id": 0,
                "consumption": 17619910.0,
                "domains": [
                    {
                        "name": "uncore",
                        "consumption": 0.0,
                        "timestamp": 1721775042.2766993
                    },
                    {
                        "name": "core",
                        "consumption": 15308171.0,
                        "timestamp": 1721775042.2765145
                    }
                ],
                "timestamp": 1721775042.27616
            }
        ]
    }
]