{
    "timestamp_analysis": {
        "mean": 0.03500253503972834,
        "std": 0.001961428020286893,
        "min": 0.03228926658630371,
        "max": 0.040416717529296875,
        "median": 0.03469383716583252,
        "running_time": 0.7701733112335205
    },
    "host_energy_analysis": {
        "total": 15.674388994720577,
        "per_repetition": 5.224796331573526e-07
    },
    "host_power_analysis": {
        "mean": 20.074633173913043,
        "std": 6.220073503455586,
        "min": 6.185982,
        "max": 31.547504,
        "median": 18.464132
    },
    "process_energy_analysis": {
        "total": 0.3233698402266097,
        "per_repetition": 1.0778994674220322e-08
    }
}