{
    "timestamp_analysis": {
        "mean": 0.03490905392213941,
        "std": 0.001607408016654261,
        "min": 0.030878543853759766,
        "max": 0.0406641960144043,
        "median": 0.03478717803955078,
        "running_time": 9.460472822189331
    },
    "host_energy_analysis": {
        "total": 168.60282955121897,
        "per_repetition": 0.0016860282955121898
    },
    "host_power_analysis": {
        "mean": 17.81475869852941,
        "std": 5.09516588120747,
        "min": 6.018591,
        "max": 40.468668,
        "median": 17.938095
    },
    "process_energy_analysis": {
        "total": 3.4977109000770406,
        "per_repetition": 3.4977109000770406e-05
    }
}