{
    "timestamp_analysis": {
        "mean": 0.03483287493387858,
        "std": 0.001260862730494164,
        "min": 0.032500505447387695,
        "max": 0.039304494857788086,
        "median": 0.0348055362701416,
        "running_time": 0.8361110687255859
    },
    "host_energy_analysis": {
        "total": 16.28939564076996,
        "per_repetition": 0.0054297985469233204
    },
    "host_power_analysis": {
        "mean": 19.44306992,
        "std": 4.5302809388683425,
        "min": 10.981297,
        "max": 26.769214,
        "median": 20.214584
    },
    "process_energy_analysis": {
        "total": 0.3222188426022458,
        "per_repetition": 0.00010740628086741527
    }
}