{
    "timestamp_analysis": {
        "mean": 0.024853603683248925,
        "std": 0.0015963018406536583,
        "min": 0.021005868911743164,
        "max": 0.031278371810913086,
        "median": 0.024627327919006348,
        "running_time": 6.810006380081177
    },
    "host_energy_analysis": {
        "total": 117.18398957149898,
        "per_repetition": 1.1718398957149898e-07
    },
    "host_power_analysis": {
        "mean": 17.28369810181818,
        "std": 5.986352746121226,
        "min": 2.949502,
        "max": 33.75305,
        "median": 17.22171
    },
    "process_energy_analysis": {
        "total": 1.7620498260911972,
        "per_repetition": 1.7620498260911973e-09
    }
}