{
    "host_energy_total": {
        "0": 169.29650644747375,
        "1": {
            "value": 13.3132694903373,
            "difference": -155.98323695713646,
            "change_perc": 92.14,
            "ttest": {
                "stat": 174.84107425637254,
                "p": 1.5313607353571189e-49
            },
            "cohen_d": 45.14377125519634
        }
    },
    "host_energy_per_repetition": {
        "0": 0.0016929650644747377,
        "1": {
            "value": 0.000133132694903373,
            "difference": -0.0015598323695713648,
            "change_perc": 92.14,
            "ttest": {
                "stat": 174.84107425637265,
                "p": 1.5313607353570754e-49
            },
            "cohen_d": 45.14377125519637
        }
    },
    "process_energy_total": {
        "0": 3.5317028161214306,
        "1": {
            "value": 0.2638517693390739,
            "difference": -3.2678510467823565,
            "change_perc": 92.53,
            "ttest": {
                "stat": 173.8102339001832,
                "p": 1.9213366263914345e-49
            },
            "cohen_d": 44.87760941972169
        }
    },
    "process_energy_per_repetition": {
        "0": 3.53170281612143e-05,
        "1": {
            "value": 2.6385176933907384e-06,
            "difference": -3.2678510467823564e-05,
            "change_perc": 92.53,
            "ttest": {
                "stat": 173.8102339001832,
                "p": 1.9213366263913794e-49
            },
            "cohen_d": 44.877609419721686
        }
    },
    "timestamp_running_time": {
        "0": 9.178957017262777,
        "1": {
            "value": 0.7161950747172038,
            "difference": -8.462761942545573,
            "change_perc": 92.2,
            "mannwhitneyu": {
                "stat": 900.0,
                "p": 3.0198593591621564e-11
            },
            "effect_size": -1.0
        }
    },
    "host_power_mean": {
        "0": 18.454225774706305,
        "1": {
            "value": 18.54715815917639,
            "difference": 0.09293238447008534,
            "change_perc": -0.5,
            "mannwhitneyu": {
                "stat": 435.0,
                "p": 0.8302552839111963
            },
            "effect_size": 0.033333333333333326
        }
    }
}