{
    "timestamp_analysis": {
        "mean": 0.0255521251690277,
        "std": 0.0013905954778110905,
        "min": 0.022127389907836914,
        "max": 0.03142499923706055,
        "median": 0.025264978408813477,
        "running_time": 8.253568410873413
    },
    "host_energy_analysis": {
        "total": 154.3969072038493,
        "per_repetition": 3.0879381440769863e-07
    },
    "host_power_analysis": {
        "mean": 18.715092546296297,
        "std": 6.128942641501411,
        "min": 3.70204,
        "max": 38.732812,
        "median": 18.522369
    },
    "process_energy_analysis": {
        "total": 2.382805990367177,
        "per_repetition": 4.765611980734354e-09
    }
}