{
    "timestamp_analysis": {
        "mean": 0.02484836323570659,
        "std": 0.002478072324693636,
        "min": 0.021668434143066406,
        "max": 0.07275915145874023,
        "median": 0.024357318878173828,
        "running_time": 16.275795936584473
    },
    "host_energy_analysis": {
        "total": 280.5112517416519,
        "per_repetition": 5.610225034833038e-09
    },
    "host_power_analysis": {
        "mean": 17.276420490853656,
        "std": 5.37910270536296,
        "min": 4.252764,
        "max": 35.597784,
        "median": 17.166947
    },
    "process_energy_analysis": {
        "total": 4.13007693380679,
        "per_repetition": 8.26015386761358e-11
    }
}