{
    "timestamp_analysis": {
        "mean": 0.03618734936381495,
        "std": 0.0022811788640536234,
        "min": 0.03340864181518555,
        "max": 0.04419374465942383,
        "median": 0.03531813621520996,
        "running_time": 1.5561754703521729
    },
    "host_energy_analysis": {
        "total": 28.44033858246315,
        "per_repetition": 5.6880677164926296e-05
    },
    "host_power_analysis": {
        "mean": 18.371744250000003,
        "std": 4.5395293767353175,
        "min": 12.356528,
        "max": 32.839288,
        "median": 18.102838
    },
    "process_energy_analysis": {
        "total": 0.6017260199204768,
        "per_repetition": 1.2034520398409536e-06
    }
}