{
    "timestamp_analysis": {
        "mean": 0.03541630635158621,
        "std": 0.0017538486927932918,
        "min": 0.03311800956726074,
        "max": 0.0428013801574707,
        "median": 0.03496384620666504,
        "running_time": 4.922993183135986
    },
    "host_energy_analysis": {
        "total": 94.82800880225098,
        "per_repetition": 3.160933626741699e-06
    },
    "host_power_analysis": {
        "mean": 19.29248531428571,
        "std": 4.885777515603718,
        "min": 8.017963,
        "max": 35.487904,
        "median": 18.734586
    },
    "process_energy_analysis": {
        "total": 2.1058791637445555,
        "per_repetition": 7.019597212481852e-08
    }
}