{
    "timestamp_analysis": {
        "mean": 0.026165930000511376,
        "std": 0.010873830197136114,
        "min": 0.021670103073120117,
        "max": 0.19801759719848633,
        "median": 0.025035381317138672,
        "running_time": 6.777179956436157
    },
    "host_energy_analysis": {
        "total": 117.01926893406332,
        "per_repetition": 1.1701926893406332e-07
    },
    "host_power_analysis": {
        "mean": 17.369718119230768,
        "std": 5.357833990529056,
        "min": 6.229336,
        "max": 31.166364,
        "median": 17.353674
    },
    "process_energy_analysis": {
        "total": 1.9022688569007882,
        "per_repetition": 1.902268856900788e-09
    }
}