{
    "timestamp_analysis": {
        "mean": 0.02490382029100421,
        "std": 0.0016778192875133123,
        "min": 0.02126598358154297,
        "max": 0.03337907791137695,
        "median": 0.024506330490112305,
        "running_time": 16.511401414871216
    },
    "host_energy_analysis": {
        "total": 316.78478483476,
        "per_repetition": 6.335695696695199e-07
    },
    "host_power_analysis": {
        "mean": 19.188493554216866,
        "std": 5.884446681131047,
        "min": 3.825419,
        "max": 39.514744,
        "median": 18.993834
    },
    "process_energy_analysis": {
        "total": 4.7164877308493525,
        "per_repetition": 9.432975461698705e-09
    }
}