{
    "timestamp_analysis": {
        "mean": 0.036418114099079434,
        "std": 0.002543518275611867,
        "min": 0.03208565711975098,
        "max": 0.04415416717529297,
        "median": 0.03580904006958008,
        "running_time": 10.670673608779907
    },
    "host_energy_analysis": {
        "total": 270.5465301521426,
        "per_repetition": 0.0009018217671738088
    },
    "host_power_analysis": {
        "mean": 25.29245225510204,
        "std": 7.086824076809844,
        "min": 7.674189,
        "max": 50.196184,
        "median": 24.815798
    },
    "process_energy_analysis": {
        "total": 10.50101195332632,
        "per_repetition": 3.5003373177754394e-05
    }
}