{
    "timestamp_analysis": {
        "mean": 0.03416521420349946,
        "std": 0.00153057790728508,
        "min": 0.030992746353149414,
        "max": 0.04595756530761719,
        "median": 0.033956289291381836,
        "running_time": 12.641252279281616
    },
    "host_energy_analysis": {
        "total": 219.16559801192784,
        "per_repetition": 7.305519933730928e-06
    },
    "host_power_analysis": {
        "mean": 17.321921444743936,
        "std": 4.794693361872238,
        "min": 5.57732,
        "max": 32.387816,
        "median": 16.873968
    },
    "process_energy_analysis": {
        "total": 4.556880380025103,
        "per_repetition": 1.5189601266750346e-07
    }
}