{
    "timestamp_analysis": {
        "mean": 0.025316905068314594,
        "std": 0.001710222807426361,
        "min": 0.022037506103515625,
        "max": 0.039655208587646484,
        "median": 0.024988532066345215,
        "running_time": 9.316797971725464
    },
    "host_energy_analysis": {
        "total": 165.56756064728523,
        "per_repetition": 3.3113512129457045e-07
    },
    "host_power_analysis": {
        "mean": 17.797599433604336,
        "std": 5.699404344806943,
        "min": 5.693214,
        "max": 33.109218,
        "median": 17.486156
    },
    "process_energy_analysis": {
        "total": 2.533940805616443,
        "per_repetition": 5.067881611232887e-09
    }
}