{
    "timestamp_analysis": {
        "mean": 0.025177693113367608,
        "std": 0.0014936342224072584,
        "min": 0.02144646644592285,
        "max": 0.03248715400695801,
        "median": 0.02488839626312256,
        "running_time": 9.467123985290527
    },
    "host_energy_analysis": {
        "total": 169.85847705926346,
        "per_repetition": 3.3971695411852695e-07
    },
    "host_power_analysis": {
        "mean": 17.92678124933687,
        "std": 5.515139787457405,
        "min": 4.885021,
        "max": 36.42761,
        "median": 17.874484
    },
    "process_energy_analysis": {
        "total": 2.604363612389882,
        "per_repetition": 5.208727224779764e-09
    }
}