{
    "timestamp_analysis": {
        "mean": 0.025766354252174856,
        "std": 0.002073240313262402,
        "min": 0.02214503288269043,
        "max": 0.0372617244720459,
        "median": 0.025188922882080078,
        "running_time": 16.001049518585205
    },
    "host_energy_analysis": {
        "total": 285.377584674951,
        "per_repetition": 5.70755169349902e-07
    },
    "host_power_analysis": {
        "mean": 17.870597887459805,
        "std": 5.681349841902424,
        "min": 3.210437,
        "max": 39.23142,
        "median": 17.559708
    },
    "process_energy_analysis": {
        "total": 4.433242319007034,
        "per_repetition": 8.866484638014068e-09
    }
}