{
    "host_energy_total_shapiro": {
        "stat": 0.9585377412751646,
        "p": 0.2840919737842007
    },
    "host_energy_per_repetition_shapiro": {
        "stat": 0.9585377412751641,
        "p": 0.2840919737841947
    },
    "process_energy_total_shapiro": {
        "stat": 0.9775967853287872,
        "p": 0.7586957733818276
    },
    "process_energy_per_repetition_shapiro": {
        "stat": 0.977596785328787,
        "p": 0.7586957733818185
    },
    "timestamp_running_time_shapiro": {
        "stat": 0.9652996620130727,
        "p": 0.419722115613116
    },
    "host_power_mean_shapiro": {
        "stat": 0.9418517193076505,
        "p": 0.10203246817726913
    }
}