{
    "timestamp_analysis": {
        "mean": 0.0345025879426919,
        "std": 0.0013707178611306846,
        "min": 0.03167986869812012,
        "max": 0.04152512550354004,
        "median": 0.034342050552368164,
        "running_time": 12.38658094406128
    },
    "host_energy_analysis": {
        "total": 240.09249788241925,
        "per_repetition": 8.003083262747308e-06
    },
    "host_power_analysis": {
        "mean": 19.37569815277778,
        "std": 5.137327569727033,
        "min": 4.944287,
        "max": 34.515144,
        "median": 19.326513
    },
    "process_energy_analysis": {
        "total": 4.972238646437168,
        "per_repetition": 1.6574128821457225e-07
    }
}