[
    {
        "host": {
            "consumption": 20114840.0,
            "timestamp": 1721774943.0423126,
            "components": {
                "disks": [
                    {
                        "disk_type": "SSD",
                        "disk_mount_point": "/etc/hosts",
                        "disk_is_removable": false,
                        "disk_file_system": "ext4",
                        "disk_total_bytes": "33634926592",
                        "disk_available_bytes": "9872310272",
                        "disk_name": "/dev/nvme0n1p4"
                    }
                ]
            }
        },
        "consumers": [
            {
                "exe": "/usr/local/bin/scaphandre",
                "cmdline": "/usr/local/bin/scaphandrejson-s0--step-nano10000000-f/home/ce-p2-r-1/26/power.json",
                "pid": 462520,
                "resources_usage": null,
                "consumption": 226009.42,
                "timestamp": 1721774943.0421941,
                "container": null
            },
            {
                "exe": "/usr/bin/dockerd",
                "cmdline": "/usr/bin/dockerd-Hfd://--containerd=/run/containerd/containerd.sock",
                "pid": 1100,
                "resources_usage": null,
                "consumption": 113004.71,
                "timestamp": 1721774943.0422661,
                "container": null
            },
            {
                "exe": "/usr/bin/udevadm",
                "cmdline": "/lib/systemd/systemd-udevd",
                "pid": 462468,
                "resources_usage": null,
                "consumption": 0.0,
                "timestamp": 1721774943.0421894,
                "container": null
            },
            {
                "exe": "/usr/bin/udevadm",
                "cmdline": "/lib/systemd/systemd-udevd",
                "pid": 462486,
                "resources_usage": null,
                "consumption": 0.0,
                "timestamp": 1721774943.0421906,
                "container": null
            },
            {
                "exe": "",
                "cmdline": "",
                "pid": 475,
                "resources_usage": null,
                "consumption": 0.0,
                "timestamp": 1721774943.042191,
                "container": null
            },
            {
                "exe": "",
                "cmdline": "",
                "pid": 390461,
                "resources_usage": null,
                "consumption": 0.0,
                "timestamp": 1721774943.0421915,
                "container": null
            },
            {
                "exe": "",
                "cmdline": "",
                "pid": 40,
                "resources_usage": null,
                "consumption": 0.0,
                "timestamp": 1721774943.0421917,
                "container": null
            },
            {
                "exe": "",
                "cmdline": "",
                "pid": 67,
                "resources_usage": null,
                "consumption": 0.0,
                "timestamp": 1721774943.0421922,
                "container": null
            },
            {
                "exe": "/usr/bin/udevadm",
                "cmdline": "/lib/systemd/systemd-udevd",
                "pid": 462474,
                "resources_usage": null,
                "consumption": 0.0,
                "timestamp": 1721774943.0421925,
                "container": null
            },
            {
                "exe": "",
                "cmdline": "",
                "pid": 56,
                "resources_usage": null,
                "consumption": 0.0,
                "timestamp": 1721774943.042193,
                "container": null
            }
        ],
        "sockets": [
            {
                "id": 0,
                "consumption": 6791266.0,
                "domains": [
                    {
                        "name": "uncore",
                        "consumption": 0.0,
                        "timestamp": 1721774943.0221663
                    },
                    {
                        "name": "core",
                        "consumption": 4123028.0,
                        "timestamp": 1721774943.0221555
                    }
                ],
                "timestamp": 1721774943.0220337
            }
        ]
    },
    {
        "host": {
            "consumption": 14872498.0,
            "timestamp": 1721774943.0765061,
            "components": {
                "disks": [
                    {
                        "disk_type": "SSD",
                        "disk_mount_point": "/etc/hosts",
                        "disk_is_removable": false,
                        "disk_file_system": "ext4",
                        "disk_total_bytes": "33634926592",
                        "disk_available_bytes": "9872314368",
                        "disk_name": "/dev/nvme0n1p4"
                    }
                ]
            }
        },
        "consumers": [
            {
                "exe": "/",
                "cmdline": "runcinit",
                "pid": 462657,
                "resources_usage": null,
                "consumption": 334213.44,
                "timestamp": 1721774943.076094,
                "container": null
            },
            {
                "exe": "/usr/local/bin/scaphandre",
                "cmdline": "/usr/local/bin/scaphandrejson-s0--step-nano10000000-f/home/ce-p2-r-1/26/power.json",
                "pid": 462520,
                "resources_usage": null,
                "consumption": 250660.08,
                "timestamp": 1721774943.0760767,
                "container": null
            },
            {
                "exe": "/usr/bin/udevadm",
                "cmdline": "/lib/systemd/systemd-udevd",
                "pid": 462468,
                "resources_usage": null,
                "consumption": 0.0,
                "timestamp": 1721774943.076073,
                "container": null
            },
            {
                "exe": "/usr/bin/udevadm",
                "cmdline": "/lib/systemd/systemd-udevd",
                "pid": 462486,
                "resources_usage": null,
                "consumption": 0.0,
                "timestamp": 1721774943.076074,
                "container": null
            },
            {
                "exe": "",
                "cmdline": "",
                "pid": 475,
                "resources_usage": null,
                "consumption": 0.0,
                "timestamp": 1721774943.0760741,
                "container": null
            },
            {
                "exe": "",
                "cmdline": "",
                "pid": 390461,
                "resources_usage": null,
                "consumption": 0.0,
                "timestamp": 1721774943.0760746,
                "container": null
            },
            {
                "exe": "",
                "cmdline": "",
                "pid": 40,
                "resources_usage": null,
                "consumption": 0.0,
                "timestamp": 1721774943.0760746,
                "container": null
            },
            {
                "exe": "",
                "cmdline": "",
                "pid": 67,
                "resources_usage": null,
                "consumption": 0.0,
                "timestamp": 1721774943.0760748,
                "container": null
            },
            {
                "exe": "/usr/bin/udevadm",
                "cmdline": "/lib/systemd/systemd-udevd",
                "pid": 462474,
                "resources_usage": null,
                "consumption": 0.0,
                "timestamp": 1721774943.0760753,
                "container": null
            },
            {
                "exe": "",
                "cmdline": "",
                "pid": 56,
                "resources_usage": null,
                "consumption": 0.0,
                "timestamp": 1721774943.0760756,
                "container": null
            }
        ],
        "sockets": [
            {
                "id": 0,
                "consumption": 23989552.0,
                "domains": [
                    {
                        "name": "uncore",
                        "consumption": 0.0,
                        "timestamp": 1721774943.0585058
                    },
                    {
                        "name": "core",
                        "consumption": 20966566.0,
                        "timestamp": 1721774943.0584943
                    }
                ],
                "timestamp": 1721774943.0583196
            }
        ]
    },
    {
        "host": {
            "consumption": 15064202.0,
            "timestamp": 1721774943.1090856,
            "components": {
                "disks": [
                    {
                        "disk_type": "SSD",
                        "disk_mount_point": "/etc/hosts",
                        "disk_is_removable": false,
                        "disk_file_system": "ext4",
                        "disk_total_bytes": "33634926592",
                        "disk_available_bytes": "9872314368",
                        "disk_name": "/dev/nvme0n1p4"
                    }
                ]
            }
        },
        "consumers": [
            {
                "exe": "/",
                "cmdline": "runcinit",
                "pid": 462657,
                "resources_usage": null,
                "consumption": 253891.03,
                "timestamp": 1721774943.1087987,
                "container": null
            },
            {
                "exe": "/usr/local/bin/scaphandre",
                "cmdline": "/usr/local/bin/scaphandrejson-s0--step-nano10000000-f/home/ce-p2-r-1/26/power.json",
                "pid": 462520,
                "resources_usage": null,
                "consumption": 169260.69,
                "timestamp": 1721774943.1087806,
                "container": null
            },
            {
                "exe": "/usr/bin/udevadm",
                "cmdline": "/lib/systemd/systemd-udevd",
                "pid": 462468,
                "resources_usage": null,
                "consumption": 0.0,
                "timestamp": 1721774943.1087766,
                "container": null
            },
            {
                "exe": "/usr/bin/udevadm",
                "cmdline": "/lib/systemd/systemd-udevd",
                "pid": 462486,
                "resources_usage": null,
                "consumption": 0.0,
                "timestamp": 1721774943.1087775,
                "container": null
            },
            {
                "exe": "",
                "cmdline": "",
                "pid": 475,
                "resources_usage": null,
                "consumption": 0.0,
                "timestamp": 1721774943.1087778,
                "container": null
            },
            {
                "exe": "",
                "cmdline": "",
                "pid": 390461,
                "resources_usage": null,
                "consumption": 0.0,
                "timestamp": 1721774943.108778,
                "container": null
            },
            {
                "exe": "",
                "cmdline": "",
                "pid": 40,
                "resources_usage": null,
                "consumption": 0.0,
                "timestamp": 1721774943.1087782,
                "container": null
            },
            {
                "exe": "",
                "cmdline": "",
                "pid": 67,
                "resources_usage": null,
                "consumption": 0.0,
                "timestamp": 1721774943.1087787,
                "container": null
            },
            {
                "exe": "/usr/bin/udevadm",
                "cmdline": "/lib/systemd/systemd-udevd",
                "pid": 462474,
                "resources_usage": null,
                "consumption": 0.0,
                "timestamp": 1721774943.108779,
                "container": null
            },
            {
                "exe": "",
                "cmdline": "",
                "pid": 56,
                "resources_usage": null,
                "consumption": 0.0,
                "timestamp": 1721774943.1087794,
                "container": null
            }
        ],
        "sockets": [
            {
                "id": 0,
                "consumption": 17325264.0,
                "domains": [
                    {
                        "name": "uncore",
                        "consumption": 0.0,
                        "timestamp": 1721774943.091495
                    },
                    {
                        "name": "core",
                        "consumption": 14569922.0,
                        "timestamp": 1721774943.0914836
                    }
                ],
                "timestamp": 1721774943.0913713
            }
        ]
    },
    {
        "host": {
            "consumption": 23114228.0,
            "timestamp": 1721774943.1413746,
            "components": {
                "disks": [
                    {
                        "disk_type": "SSD",
                        "disk_mount_point": "/etc/hosts",
                        "disk_is_removable": false,
                        "disk_file_system": "ext4",
                        "disk_total_bytes": "33634926592",
                        "disk_available_bytes": "9872310272",
                        "disk_name": "/dev/nvme0n1p4"
                    }
                ]
            }
        },
        "consumers": [
            {
                "exe": "/",
                "cmdline": "runcinit",
                "pid": 462657,
                "resources_usage": null,
                "consumption": 389565.66,
                "timestamp": 1721774943.1411364,
                "container": null
            },
            {
                "exe": "/usr/local/bin/scaphandre",
                "cmdline": "/usr/local/bin/scaphandrejson-s0--step-nano10000000-f/home/ce-p2-r-1/26/power.json",
                "pid": 462520,
                "resources_usage": null,
                "consumption": 259710.44,
                "timestamp": 1721774943.1411202,
                "container": null
            },
            {
                "exe": "/usr/bin/udevadm",
                "cmdline": "/lib/systemd/systemd-udevd",
                "pid": 462468,
                "resources_usage": null,
                "consumption": 0.0,
                "timestamp": 1721774943.1411161,
                "container": null
            },
            {
                "exe": "/usr/bin/udevadm",
                "cmdline": "/lib/systemd/systemd-udevd",
                "pid": 462486,
                "resources_usage": null,
                "consumption": 0.0,
                "timestamp": 1721774943.141117,
                "container": null
            },
            {
                "exe": "",
                "cmdline": "",
                "pid": 475,
                "resources_usage": null,
                "consumption": 0.0,
                "timestamp": 1721774943.1411176,
                "container": null
            },
            {
                "exe": "",
                "cmdline": "",
                "pid": 390461,
                "resources_usage": null,
                "consumption": 0.0,
                "timestamp": 1721774943.1411178,
                "container": null
            },
            {
                "exe": "",
                "cmdline": "",
                "pid": 40,
                "resources_usage": null,
                "consumption": 0.0,
                "timestamp": 1721774943.141118,
                "container": null
            },
            {
                "exe": "",
                "cmdline": "",
                "pid": 67,
                "resources_usage": null,
                "consumption": 0.0,
                "timestamp": 1721774943.1411183,
                "container": null
            },
            {
                "exe": "/usr/bin/udevadm",
                "cmdline": "/lib/systemd/systemd-udevd",
                "pid": 462474,
                "resources_usage": null,
                "consumption": 0.0,
                "timestamp": 1721774943.1411188,
                "container": null
            },
            {
                "exe": "",
                "cmdline": "",
                "pid": 56,
                "resources_usage": null,
                "consumption": 0.0,
                "timestamp": 1721774943.141119,
                "container": null
            }
        ],
        "sockets": [
            {
                "id": 0,
                "consumption": 22560716.0,
                "domains": [
                    {
                        "name": "uncore",
                        "consumption": 0.0,
                        "timestamp": 1721774943.124123
                    },
                    {
                        "name": "core",
                        "consumption": 19903628.0,
                        "timestamp": 1721774943.1241114
                    }
                ],
                "timestamp": 1721774943.1239953
            }
        ]
    },
    {
        "host": {
            "consumption": 24763468.0,
            "timestamp": 1721774943.173729,
            "components": {
                "disks": [
                    {
                        "disk_type": "SSD",
                        "disk_mount_point": "/etc/hosts",
                        "disk_is_removable": false,
                        "disk_file_system": "ext4",
                        "disk_total_bytes": "33634926592",
                        "disk_available_bytes": "9872310272",
                        "disk_name": "/dev/nvme0n1p4"
                    }
                ]
            }
        },
        "consumers": [
            {
                "exe": "/",
                "cmdline": "runcinit",
                "pid": 462657,
                "resources_usage": null,
                "consumption": 556482.4,
                "timestamp": 1721774943.1735895,
                "container": null
            },
            {
                "exe": "/usr/local/bin/scaphandre",
                "cmdline": "/usr/local/bin/scaphandrejson-s0--step-nano10000000-f/home/ce-p2-r-1/26/power.json",
                "pid": 462520,
                "resources_usage": null,
                "consumption": 139120.6,
                "timestamp": 1721774943.1735716,
                "container": null
            },
            {
                "exe": "/usr/bin/udevadm",
                "cmdline": "/lib/systemd/systemd-udevd",
                "pid": 462468,
                "resources_usage": null,
                "consumption": 0.0,
                "timestamp": 1721774943.173567,
                "container": null
            },
            {
                "exe": "/usr/bin/udevadm",
                "cmdline": "/lib/systemd/systemd-udevd",
                "pid": 462486,
                "resources_usage": null,
                "consumption": 0.0,
                "timestamp": 1721774943.1735685,
                "container": null
            },
            {
                "exe": "",
                "cmdline": "",
                "pid": 475,
                "resources_usage": null,
                "consumption": 0.0,
                "timestamp": 1721774943.173569,
                "container": null
            },
            {
                "exe": "",
                "cmdline": "",
                "pid": 390461,
                "resources_usage": null,
                "consumption": 0.0,
                "timestamp": 1721774943.1735692,
                "container": null
            },
            {
                "exe": "",
                "cmdline": "",
                "pid": 40,
                "resources_usage": null,
                "consumption": 0.0,
                "timestamp": 1721774943.1735694,
                "container": null
            },
            {
                "exe": "",
                "cmdline": "",
                "pid": 67,
                "resources_usage": null,
                "consumption": 0.0,
                "timestamp": 1721774943.1735697,
                "container": null
            },
            {
                "exe": "/usr/bin/udevadm",
                "cmdline": "/lib/systemd/systemd-udevd",
                "pid": 462474,
                "resources_usage": null,
                "consumption": 0.0,
                "timestamp": 1721774943.17357,
                "container": null
            },
            {
                "exe": "",
                "cmdline": "",
                "pid": 56,
                "resources_usage": null,
                "consumption": 0.0,
                "timestamp": 1721774943.1735704,
                "container": null
            }
        ],
        "sockets": [
            {
                "id": 0,
                "consumption": 19579060.0,
                "domains": [
                    {
                        "name": "uncore",
                        "consumption": 0.0,
                        "timestamp": 1721774943.156831
                    },
                    {
                        "name": "core",
                        "consumption": 16838924.0,
                        "timestamp": 1721774943.156668
                    }
                ],
                "timestamp": 1721774943.1561384
            }
        ]
    },
    {
        "host": {
            "consumption": 24525700.0,
            "timestamp": 1721774943.2063024,
            "components": {
                "disks": [
                    {
                        "disk_type": "SSD",
                        "disk_mount_point": "/etc/hosts",
                        "disk_is_removable": false,
                        "disk_file_system": "ext4",
                        "disk_total_bytes": "33634926592",
                        "disk_available_bytes": "9872306176",
                        "disk_name": "/dev/nvme0n1p4"
                    }
                ]
            }
        },
        "consumers": [
            {
                "exe": "/",
                "cmdline": "runcinit",
                "pid": 462657,
                "resources_usage": null,
                "consumption": 413354.5,
                "timestamp": 1721774943.2061565,
                "container": null
            },
            {
                "exe": "/usr/local/bin/scaphandre",
                "cmdline": "/usr/local/bin/scaphandrejson-s0--step-nano10000000-f/home/ce-p2-r-1/26/power.json",
                "pid": 462520,
                "resources_usage": null,
                "consumption": 275569.66,
                "timestamp": 1721774943.2061393,
                "container": null
            },
            {
                "exe": "/usr/bin/udevadm",
                "cmdline": "/lib/systemd/systemd-udevd",
                "pid": 462468,
                "resources_usage": null,
                "consumption": 0.0,
                "timestamp": 1721774943.206135,
                "container": null
            },
            {
                "exe": "/usr/bin/udevadm",
                "cmdline": "/lib/systemd/systemd-udevd",
                "pid": 462486,
                "resources_usage": null,
                "consumption": 0.0,
                "timestamp": 1721774943.2061365,
                "container": null
            },
            {
                "exe": "",
                "cmdline": "",
                "pid": 475,
                "resources_usage": null,
                "consumption": 0.0,
                "timestamp": 1721774943.2061367,
                "container": null
            },
            {
                "exe": "",
                "cmdline": "",
                "pid": 390461,
                "resources_usage": null,
                "consumption": 0.0,
                "timestamp": 1721774943.206137,
                "container": null
            },
            {
                "exe": "",
                "cmdline": "",
                "pid": 40,
                "resources_usage": null,
                "consumption": 0.0,
                "timestamp": 1721774943.2061372,
                "container": null
            },
            {
                "exe": "",
                "cmdline": "",
                "pid": 67,
                "resources_usage": null,
                "consumption": 0.0,
                "timestamp": 1721774943.2061377,
                "container": null
            },
            {
                "exe": "/usr/bin/udevadm",
                "cmdline": "/lib/systemd/systemd-udevd",
                "pid": 462474,
                "resources_usage": null,
                "consumption": 0.0,
                "timestamp": 1721774943.206138,
                "container": null
            },
            {
                "exe": "",
                "cmdline": "",
                "pid": 56,
                "resources_usage": null,
                "consumption": 0.0,
                "timestamp": 1721774943.2061381,
                "container": null
            }
        ],
        "sockets": [
            {
                "id": 0,
                "consumption": 28339444.0,
                "domains": [
                    {
                        "name": "uncore",
                        "consumption": 0.0,
                        "timestamp": 1721774943.1893818
                    },
                    {
                        "name": "core",
                        "consumption": 25793416.0,
                        "timestamp": 1721774943.1891572
                    }
                ],
                "timestamp": 1721774943.1887822
            }
        ]
    },
    {
        "host": {
            "consumption": 12467160.0,
            "timestamp": 1721774943.239304,
            "components": {
                "disks": [
                    {
                        "disk_type": "SSD",
                        "disk_mount_point": "/etc/hosts",
                        "disk_is_removable": false,
                        "disk_file_system": "ext4",
                        "disk_total_bytes": "33634926592",
                        "disk_available_bytes": "9872306176",
                        "disk_name": "/dev/nvme0n1p4"
                    }
                ]
            }
        },
        "consumers": [
            {
                "exe": "/",
                "cmdline": "runcinit",
                "pid": 462657,
                "resources_usage": null,
                "consumption": 210120.67,
                "timestamp": 1721774943.239162,
                "container": null
            },
            {
                "exe": "/usr/local/bin/scaphandre",
                "cmdline": "/usr/local/bin/scaphandrejson-s0--step-nano10000000-f/home/ce-p2-r-1/26/power.json",
                "pid": 462520,
                "resources_usage": null,
                "consumption": 140080.45,
                "timestamp": 1721774943.239146,
                "container": null
            },
            {
                "exe": "/usr/bin/udevadm",
                "cmdline": "/lib/systemd/systemd-udevd",
                "pid": 462468,
                "resources_usage": null,
                "consumption": 0.0,
                "timestamp": 1721774943.2391422,
                "container": null
            },
            {
                "exe": "/usr/bin/udevadm",
                "cmdline": "/lib/systemd/systemd-udevd",
                "pid": 462486,
                "resources_usage": null,
                "consumption": 0.0,
                "timestamp": 1721774943.2391431,
                "container": null
            },
            {
                "exe": "",
                "cmdline": "",
                "pid": 475,
                "resources_usage": null,
                "consumption": 0.0,
                "timestamp": 1721774943.2391434,
                "container": null
            },
            {
                "exe": "",
                "cmdline": "",
                "pid": 390461,
                "resources_usage": null,
                "consumption": 0.0,
                "timestamp": 1721774943.2391436,
                "container": null
            },
            {
                "exe": "",
                "cmdline": "",
                "pid": 40,
                "resources_usage": null,
                "consumption": 0.0,
                "timestamp": 1721774943.2391438,
                "container": null
            },
            {
                "exe": "",
                "cmdline": "",
                "pid": 67,
                "resources_usage": null,
                "consumption": 0.0,
                "timestamp": 1721774943.2391443,
                "container": null
            },
            {
                "exe": "/usr/bin/udevadm",
                "cmdline": "/lib/systemd/systemd-udevd",
                "pid": 462474,
                "resources_usage": null,
                "consumption": 0.0,
                "timestamp": 1721774943.2391448,
                "container": null
            },
            {
                "exe": "",
                "cmdline": "",
                "pid": 56,
                "resources_usage": null,
                "consumption": 0.0,
                "timestamp": 1721774943.239145,
                "container": null
            }
        ],
        "sockets": [
            {
                "id": 0,
                "consumption": 9415659.0,
                "domains": [
                    {
                        "name": "uncore",
                        "consumption": 0.0,
                        "timestamp": 1721774943.221845
                    },
                    {
                        "name": "core",
                        "consumption": 6679840.0,
                        "timestamp": 1721774943.2216766
                    }
                ],
                "timestamp": 1721774943.2214077
            }
        ]
    },
    {
        "host": {
            "consumption": 28633172.0,
            "timestamp": 1721774943.274723,
            "components": {
                "disks": [
                    {
                        "disk_type": "SSD",
                        "disk_mount_point": "/etc/hosts",
                        "disk_is_removable": false,
                        "disk_file_system": "ext4",
                        "disk_total_bytes": "33634926592",
                        "disk_available_bytes": "9872302080",
                        "disk_name": "/dev/nvme0n1p4"
                    }
                ]
            }
        },
        "consumers": [
            {
                "exe": "/",
                "cmdline": "runcinit",
                "pid": 462657,
                "resources_usage": null,
                "consumption": 729507.6,
                "timestamp": 1721774943.2745998,
                "container": null
            },
            {
                "exe": "/usr/local/bin/scaphandre",
                "cmdline": "/usr/local/bin/scaphandrejson-s0--step-nano10000000-f/home/ce-p2-r-1/26/power.json",
                "pid": 462520,
                "resources_usage": null,
                "consumption": 364753.8,
                "timestamp": 1721774943.274577,
                "container": null
            },
            {
                "exe": "/usr/bin/udevadm",
                "cmdline": "/lib/systemd/systemd-udevd",
                "pid": 462468,
                "resources_usage": null,
                "consumption": 0.0,
                "timestamp": 1721774943.2745714,
                "container": null
            },
            {
                "exe": "/usr/bin/udevadm",
                "cmdline": "/lib/systemd/systemd-udevd",
                "pid": 462486,
                "resources_usage": null,
                "consumption": 0.0,
                "timestamp": 1721774943.2745726,
                "container": null
            },
            {
                "exe": "",
                "cmdline": "",
                "pid": 475,
                "resources_usage": null,
                "consumption": 0.0,
                "timestamp": 1721774943.274573,
                "container": null
            },
            {
                "exe": "",
                "cmdline": "",
                "pid": 390461,
                "resources_usage": null,
                "consumption": 0.0,
                "timestamp": 1721774943.2745736,
                "container": null
            },
            {
                "exe": "",
                "cmdline": "",
                "pid": 40,
                "resources_usage": null,
                "consumption": 0.0,
                "timestamp": 1721774943.2745738,
                "container": null
            },
            {
                "exe": "",
                "cmdline": "",
                "pid": 67,
                "resources_usage": null,
                "consumption": 0.0,
                "timestamp": 1721774943.2745745,
                "container": null
            },
            {
                "exe": "/usr/bin/udevadm",
                "cmdline": "/lib/systemd/systemd-udevd",
                "pid": 462474,
                "resources_usage": null,
                "consumption": 0.0,
                "timestamp": 1721774943.274575,
                "container": null
            },
            {
                "exe": "",
                "cmdline": "",
                "pid": 56,
                "resources_usage": null,
                "consumption": 0.0,
                "timestamp": 1721774943.2745752,
                "container": null
            }
        ],
        "sockets": [
            {
                "id": 0,
                "consumption": 27478148.0,
                "domains": [
                    {
                        "name": "uncore",
                        "consumption": 0.0,
                        "timestamp": 1721774943.254525
                    },
                    {
                        "name": "core",
                        "consumption": 24942068.0,
                        "timestamp": 1721774943.2544086
                    }
                ],
                "timestamp": 1721774943.2542417
            }
        ]
    },
    {
        "host": {
            "consumption": 7443696.0,
            "timestamp": 1721774943.3101041,
            "components": {
                "disks": [
                    {
                        "disk_type": "SSD",
                        "disk_mount_point": "/etc/hosts",
                        "disk_is_removable": false,
                        "disk_file_system": "ext4",
                        "disk_total_bytes": "33634926592",
                        "disk_available_bytes": "9872302080",
                        "disk_name": "/dev/nvme0n1p4"
                    }
                ]
            }
        },
        "consumers": [
            {
                "exe": "/",
                "cmdline": "runcinit",
                "pid": 462657,
                "resources_usage": null,
                "consumption": 142236.23,
                "timestamp": 1721774943.3100145,
                "container": null
            },
            {
                "exe": "/usr/local/bin/scaphandre",
                "cmdline": "/usr/local/bin/scaphandrejson-s0--step-nano10000000-f/home/ce-p2-r-1/26/power.json",
                "pid": 462520,
                "resources_usage": null,
                "consumption": 94824.16,
                "timestamp": 1721774943.3099952,
                "container": null
            },
            {
                "exe": "/usr/bin/udevadm",
                "cmdline": "/lib/systemd/systemd-udevd",
                "pid": 462468,
                "resources_usage": null,
                "consumption": 0.0,
                "timestamp": 1721774943.309991,
                "container": null
            },
            {
                "exe": "/usr/bin/udevadm",
                "cmdline": "/lib/systemd/systemd-udevd",
                "pid": 462486,
                "resources_usage": null,
                "consumption": 0.0,
                "timestamp": 1721774943.309992,
                "container": null
            },
            {
                "exe": "",
                "cmdline": "",
                "pid": 475,
                "resources_usage": null,
                "consumption": 0.0,
                "timestamp": 1721774943.3099923,
                "container": null
            },
            {
                "exe": "",
                "cmdline": "",
                "pid": 390461,
                "resources_usage": null,
                "consumption": 0.0,
                "timestamp": 1721774943.3099928,
                "container": null
            },
            {
                "exe": "",
                "cmdline": "",
                "pid": 40,
                "resources_usage": null,
                "consumption": 0.0,
                "timestamp": 1721774943.3099933,
                "container": null
            },
            {
                "exe": "",
                "cmdline": "",
                "pid": 67,
                "resources_usage": null,
                "consumption": 0.0,
                "timestamp": 1721774943.3099935,
                "container": null
            },
            {
                "exe": "/usr/bin/udevadm",
                "cmdline": "/lib/systemd/systemd-udevd",
                "pid": 462474,
                "resources_usage": null,
                "consumption": 0.0,
                "timestamp": 1721774943.3099937,
                "container": null
            },
            {
                "exe": "",
                "cmdline": "",
                "pid": 56,
                "resources_usage": null,
                "consumption": 0.0,
                "timestamp": 1721774943.309994,
                "container": null
            }
        ],
        "sockets": [
            {
                "id": 0,
                "consumption": 14958856.0,
                "domains": [
                    {
                        "name": "uncore",
                        "consumption": 0.0,
                        "timestamp": 1721774943.289775
                    },
                    {
                        "name": "core",
                        "consumption": 12659639.0,
                        "timestamp": 1721774943.2897675
                    }
                ],
                "timestamp": 1721774943.289666
            }
        ]
    },
    {
        "host": {
            "consumption": 29393678.0,
            "timestamp": 1721774943.344887,
            "components": {
                "disks": [
                    {
                        "disk_type": "SSD",
                        "disk_mount_point": "/etc/hosts",
                        "disk_is_removable": false,
                        "disk_file_system": "ext4",
                        "disk_total_bytes": "33634926592",
                        "disk_available_bytes": "9872297984",
                        "disk_name": "/dev/nvme0n1p4"
                    }
                ]
            }
        },
        "consumers": [
            {
                "exe": "/",
                "cmdline": "runcinit",
                "pid": 462657,
                "resources_usage": null,
                "consumption": 748883.5,
                "timestamp": 1721774943.3448012,
                "container": null
            },
            {
                "exe": "/usr/local/bin/scaphandre",
                "cmdline": "/usr/local/bin/scaphandrejson-s0--step-nano10000000-f/home/ce-p2-r-1/26/power.json",
                "pid": 462520,
                "resources_usage": null,
                "consumption": 187220.88,
                "timestamp": 1721774943.3447835,
                "container": null
            },
            {
                "exe": "/usr/bin/udevadm",
                "cmdline": "/lib/systemd/systemd-udevd",
                "pid": 462468,
                "resources_usage": null,
                "consumption": 0.0,
                "timestamp": 1721774943.344779,
                "container": null
            },
            {
                "exe": "/usr/bin/udevadm",
                "cmdline": "/lib/systemd/systemd-udevd",
                "pid": 462486,
                "resources_usage": null,
                "consumption": 0.0,
                "timestamp": 1721774943.34478,
                "container": null
            },
            {
                "exe": "",
                "cmdline": "",
                "pid": 475,
                "resources_usage": null,
                "consumption": 0.0,
                "timestamp": 1721774943.3447804,
                "container": null
            },
            {
                "exe": "",
                "cmdline": "",
                "pid": 390461,
                "resources_usage": null,
                "consumption": 0.0,
                "timestamp": 1721774943.3447807,
                "container": null
            },
            {
                "exe": "",
                "cmdline": "",
                "pid": 40,
                "resources_usage": null,
                "consumption": 0.0,
                "timestamp": 1721774943.344781,
                "container": null
            },
            {
                "exe": "",
                "cmdline": "",
                "pid": 67,
                "resources_usage": null,
                "consumption": 0.0,
                "timestamp": 1721774943.3447812,
                "container": null
            },
            {
                "exe": "/usr/bin/udevadm",
                "cmdline": "/lib/systemd/systemd-udevd",
                "pid": 462474,
                "resources_usage": null,
                "consumption": 0.0,
                "timestamp": 1721774943.3447816,
                "container": null
            },
            {
                "exe": "",
                "cmdline": "",
                "pid": 56,
                "resources_usage": null,
                "consumption": 0.0,
                "timestamp": 1721774943.3447819,
                "container": null
            }
        ],
        "sockets": [
            {
                "id": 0,
                "consumption": 21746116.0,
                "domains": [
                    {
                        "name": "uncore",
                        "consumption": 0.0,
                        "timestamp": 1721774943.32525
                    },
                    {
                        "name": "core",
                        "consumption": 19585024.0,
                        "timestamp": 1721774943.3252354
                    }
                ],
                "timestamp": 1721774943.325123
            }
        ]
    },
    {
        "host": {
            "consumption": 15825567.0,
            "timestamp": 1721774943.384677,
            "components": {
                "disks": [
                    {
                        "disk_type": "SSD",
                        "disk_mount_point": "/etc/hosts",
                        "disk_is_removable": false,
                        "disk_file_system": "ext4",
                        "disk_total_bytes": "33634926592",
                        "disk_available_bytes": "9872297984",
                        "disk_name": "/dev/nvme0n1p4"
                    }
                ]
            }
        },
        "consumers": [
            {
                "exe": "/",
                "cmdline": "runcinit",
                "pid": 462657,
                "resources_usage": null,
                "consumption": 403199.16,
                "timestamp": 1721774943.384588,
                "container": null
            },
            {
                "exe": "/usr/local/bin/scaphandre",
                "cmdline": "/usr/local/bin/scaphandrejson-s0--step-nano10000000-f/home/ce-p2-r-1/26/power.json",
                "pid": 462520,
                "resources_usage": null,
                "consumption": 201599.58,
                "timestamp": 1721774943.384569,
                "container": null
            },
            {
                "exe": "/usr/bin/python3.10",
                "cmdline": "python3src/experiment/runner.pytest.yaml",
                "pid": 458168,
                "resources_usage": null,
                "consumption": 100799.79,
                "timestamp": 1721774943.3846037,
                "container": null
            },
            {
                "exe": "/usr/bin/udevadm",
                "cmdline": "/lib/systemd/systemd-udevd",
                "pid": 462468,
                "resources_usage": null,
                "consumption": 0.0,
                "timestamp": 1721774943.3845649,
                "container": null
            },
            {
                "exe": "/usr/bin/udevadm",
                "cmdline": "/lib/systemd/systemd-udevd",
                "pid": 462486,
                "resources_usage": null,
                "consumption": 0.0,
                "timestamp": 1721774943.3845658,
                "container": null
            },
            {
                "exe": "",
                "cmdline": "",
                "pid": 475,
                "resources_usage": null,
                "consumption": 0.0,
                "timestamp": 1721774943.3845663,
                "container": null
            },
            {
                "exe": "",
                "cmdline": "",
                "pid": 390461,
                "resources_usage": null,
                "consumption": 0.0,
                "timestamp": 1721774943.3845665,
                "container": null
            },
            {
                "exe": "",
                "cmdline": "",
                "pid": 40,
                "resources_usage": null,
                "consumption": 0.0,
                "timestamp": 1721774943.3845668,
                "container": null
            },
            {
                "exe": "",
                "cmdline": "",
                "pid": 67,
                "resources_usage": null,
                "consumption": 0.0,
                "timestamp": 1721774943.384567,
                "container": null
            },
            {
                "exe": "/usr/bin/udevadm",
                "cmdline": "/lib/systemd/systemd-udevd",
                "pid": 462474,
                "resources_usage": null,
                "consumption": 0.0,
                "timestamp": 1721774943.3845673,
                "container": null
            }
        ],
        "sockets": [
            {
                "id": 0,
                "consumption": 13516629.0,
                "domains": [
                    {
                        "name": "uncore",
                        "consumption": 0.0,
                        "timestamp": 1721774943.3600032
                    },
                    {
                        "name": "core",
                        "consumption": 11297079.0,
                        "timestamp": 1721774943.359991
                    }
                ],
                "timestamp": 1721774943.3598702
            }
        ]
    },
    {
        "host": {
            "consumption": 17930528.0,
            "timestamp": 1721774943.4187405,
            "components": {
                "disks": [
                    {
                        "disk_type": "SSD",
                        "disk_mount_point": "/etc/hosts",
                        "disk_is_removable": false,
                        "disk_file_system": "ext4",
                        "disk_total_bytes": "33634926592",
                        "disk_available_bytes": "9872293888",
                        "disk_name": "/dev/nvme0n1p4"
                    }
                ]
            }
        },
        "consumers": [
            {
                "exe": "/",
                "cmdline": "runcinit",
                "pid": 462657,
                "resources_usage": null,
                "consumption": 342621.6,
                "timestamp": 1721774943.4186504,
                "container": null
            },
            {
                "exe": "/usr/local/bin/scaphandre",
                "cmdline": "/usr/local/bin/scaphandrejson-s0--step-nano10000000-f/home/ce-p2-r-1/26/power.json",
                "pid": 462520,
                "resources_usage": null,
                "consumption": 228414.39,
                "timestamp": 1721774943.4186323,
                "container": null
            },
            {
                "exe": "/usr/sbin/sshd",
                "cmdline": "sshd: philipp@notty",
                "pid": 274977,
                "resources_usage": null,
                "consumption": 114207.195,
                "timestamp": 1721774943.4186585,
                "container": null
            },
            {
                "exe": "/usr/bin/udevadm",
                "cmdline": "/lib/systemd/systemd-udevd",
                "pid": 462468,
                "resources_usage": null,
                "consumption": 0.0,
                "timestamp": 1721774943.418628,
                "container": null
            },
            {
                "exe": "/usr/bin/udevadm",
                "cmdline": "/lib/systemd/systemd-udevd",
                "pid": 462486,
                "resources_usage": null,
                "consumption": 0.0,
                "timestamp": 1721774943.4186292,
                "container": null
            },
            {
                "exe": "",
                "cmdline": "",
                "pid": 475,
                "resources_usage": null,
                "consumption": 0.0,
                "timestamp": 1721774943.4186296,
                "container": null
            },
            {
                "exe": "",
                "cmdline": "",
                "pid": 390461,
                "resources_usage": null,
                "consumption": 0.0,
                "timestamp": 1721774943.4186301,
                "container": null
            },
            {
                "exe": "",
                "cmdline": "",
                "pid": 40,
                "resources_usage": null,
                "consumption": 0.0,
                "timestamp": 1721774943.4186304,
                "container": null
            },
            {
                "exe": "",
                "cmdline": "",
                "pid": 67,
                "resources_usage": null,
                "consumption": 0.0,
                "timestamp": 1721774943.4186306,
                "container": null
            },
            {
                "exe": "/usr/bin/udevadm",
                "cmdline": "/lib/systemd/systemd-udevd",
                "pid": 462474,
                "resources_usage": null,
                "consumption": 0.0,
                "timestamp": 1721774943.4186308,
                "container": null
            }
        ],
        "sockets": [
            {
                "id": 0,
                "consumption": 19513564.0,
                "domains": [
                    {
                        "name": "uncore",
                        "consumption": 0.0,
                        "timestamp": 1721774943.4000378
                    },
                    {
                        "name": "core",
                        "consumption": 17003724.0,
                        "timestamp": 1721774943.400025
                    }
                ],
                "timestamp": 1721774943.3999126
            }
        ]
    },
    {
        "host": {
            "consumption": 22182148.0,
            "timestamp": 1721774943.4521744,
            "components": {
                "disks": [
                    {
                        "disk_type": "SSD",
                        "disk_mount_point": "/etc/hosts",
                        "disk_is_removable": false,
                        "disk_file_system": "ext4",
                        "disk_total_bytes": "33634926592",
                        "disk_available_bytes": "9872293888",
                        "disk_name": "/dev/nvme0n1p4"
                    }
                ]
            }
        },
        "consumers": [
            {
                "exe": "/",
                "cmdline": "runcinit",
                "pid": 462657,
                "resources_usage": null,
                "consumption": 565150.25,
                "timestamp": 1721774943.4520805,
                "container": null
            },
            {
                "exe": "/usr/local/bin/scaphandre",
                "cmdline": "/usr/local/bin/scaphandrejson-s0--step-nano10000000-f/home/ce-p2-r-1/26/power.json",
                "pid": 462520,
                "resources_usage": null,
                "consumption": 423862.7,
                "timestamp": 1721774943.4520624,
                "container": null
            },
            {
                "exe": "/usr/bin/udevadm",
                "cmdline": "/lib/systemd/systemd-udevd",
                "pid": 462468,
                "resources_usage": null,
                "consumption": 0.0,
                "timestamp": 1721774943.4520576,
                "container": null
            },
            {
                "exe": "/usr/bin/udevadm",
                "cmdline": "/lib/systemd/systemd-udevd",
                "pid": 462486,
                "resources_usage": null,
                "consumption": 0.0,
                "timestamp": 1721774943.4520586,
                "container": null
            },
            {
                "exe": "",
                "cmdline": "",
                "pid": 475,
                "resources_usage": null,
                "consumption": 0.0,
                "timestamp": 1721774943.4520593,
                "container": null
            },
            {
                "exe": "",
                "cmdline": "",
                "pid": 390461,
                "resources_usage": null,
                "consumption": 0.0,
                "timestamp": 1721774943.4520595,
                "container": null
            },
            {
                "exe": "",
                "cmdline": "",
                "pid": 40,
                "resources_usage": null,
                "consumption": 0.0,
                "timestamp": 1721774943.4520597,
                "container": null
            },
            {
                "exe": "",
                "cmdline": "",
                "pid": 67,
                "resources_usage": null,
                "consumption": 0.0,
                "timestamp": 1721774943.45206,
                "container": null
            },
            {
                "exe": "/usr/bin/udevadm",
                "cmdline": "/lib/systemd/systemd-udevd",
                "pid": 462474,
                "resources_usage": null,
                "consumption": 0.0,
                "timestamp": 1721774943.4520607,
                "container": null
            },
            {
                "exe": "",
                "cmdline": "",
                "pid": 56,
                "resources_usage": null,
                "consumption": 0.0,
                "timestamp": 1721774943.4520612,
                "container": null
            }
        ],
        "sockets": [
            {
                "id": 0,
                "consumption": 27669532.0,
                "domains": [
                    {
                        "name": "uncore",
                        "consumption": 0.0,
                        "timestamp": 1721774943.434016
                    },
                    {
                        "name": "core",
                        "consumption": 25378788.0,
                        "timestamp": 1721774943.4340022
                    }
                ],
                "timestamp": 1721774943.4338894
            }
        ]
    },
    {
        "host": {
            "consumption": 21143542.0,
            "timestamp": 1721774943.4858968,
            "components": {
                "disks": [
                    {
                        "disk_type": "SSD",
                        "disk_mount_point": "/etc/hosts",
                        "disk_is_removable": false,
                        "disk_file_system": "ext4",
                        "disk_total_bytes": "33634926592",
                        "disk_available_bytes": "9872289792",
                        "disk_name": "/dev/nvme0n1p4"
                    }
                ]
            }
        },
        "consumers": [
            {
                "exe": "/",
                "cmdline": "runcinit",
                "pid": 462657,
                "resources_usage": null,
                "consumption": 384428.03,
                "timestamp": 1721774943.485816,
                "container": null
            },
            {
                "exe": "/usr/local/bin/scaphandre",
                "cmdline": "/usr/local/bin/scaphandrejson-s0--step-nano10000000-f/home/ce-p2-r-1/26/power.json",
                "pid": 462520,
                "resources_usage": null,
                "consumption": 128142.67,
                "timestamp": 1721774943.4857993,
                "container": null
            },
            {
                "exe": "/usr/bin/udevadm",
                "cmdline": "/lib/systemd/systemd-udevd",
                "pid": 462468,
                "resources_usage": null,
                "consumption": 0.0,
                "timestamp": 1721774943.4857948,
                "container": null
            },
            {
                "exe": "/usr/bin/udevadm",
                "cmdline": "/lib/systemd/systemd-udevd",
                "pid": 462486,
                "resources_usage": null,
                "consumption": 0.0,
                "timestamp": 1721774943.4857957,
                "container": null
            },
            {
                "exe": "",
                "cmdline": "",
                "pid": 475,
                "resources_usage": null,
                "consumption": 0.0,
                "timestamp": 1721774943.4857962,
                "container": null
            },
            {
                "exe": "",
                "cmdline": "",
                "pid": 390461,
                "resources_usage": null,
                "consumption": 0.0,
                "timestamp": 1721774943.4857965,
                "container": null
            },
            {
                "exe": "",
                "cmdline": "",
                "pid": 40,
                "resources_usage": null,
                "consumption": 0.0,
                "timestamp": 1721774943.4857967,
                "container": null
            },
            {
                "exe": "",
                "cmdline": "",
                "pid": 67,
                "resources_usage": null,
                "consumption": 0.0,
                "timestamp": 1721774943.4857974,
                "container": null
            },
            {
                "exe": "/usr/bin/udevadm",
                "cmdline": "/lib/systemd/systemd-udevd",
                "pid": 462474,
                "resources_usage": null,
                "consumption": 0.0,
                "timestamp": 1721774943.485798,
                "container": null
            },
            {
                "exe": "",
                "cmdline": "",
                "pid": 56,
                "resources_usage": null,
                "consumption": 0.0,
                "timestamp": 1721774943.4857981,
                "container": null
            }
        ],
        "sockets": [
            {
                "id": 0,
                "consumption": 20360360.0,
                "domains": [
                    {
                        "name": "uncore",
                        "consumption": 0.0,
                        "timestamp": 1721774943.4672005
                    },
                    {
                        "name": "core",
                        "consumption": 18187792.0,
                        "timestamp": 1721774943.467188
                    }
                ],
                "timestamp": 1721774943.4670804
            }
        ]
    },
    {
        "host": {
            "consumption": 15591848.0,
            "timestamp": 1721774943.519883,
            "components": {
                "disks": [
                    {
                        "disk_type": "SSD",
                        "disk_mount_point": "/etc/hosts",
                        "disk_is_removable": false,
                        "disk_file_system": "ext4",
                        "disk_total_bytes": "33634926592",
                        "disk_available_bytes": "9872289792",
                        "disk_name": "/dev/nvme0n1p4"
                    }
                ]
            }
        },
        "consumers": [
            {
                "exe": "/",
                "cmdline": "runcinit",
                "pid": 462657,
                "resources_usage": null,
                "consumption": 283488.12,
                "timestamp": 1721774943.5197432,
                "container": null
            },
            {
                "exe": "/usr/local/bin/scaphandre",
                "cmdline": "/usr/local/bin/scaphandrejson-s0--step-nano10000000-f/home/ce-p2-r-1/26/power.json",
                "pid": 462520,
                "resources_usage": null,
                "consumption": 188992.08,
                "timestamp": 1721774943.519725,
                "container": null
            },
            {
                "exe": "/usr/bin/udevadm",
                "cmdline": "/lib/systemd/systemd-udevd",
                "pid": 462468,
                "resources_usage": null,
                "consumption": 0.0,
                "timestamp": 1721774943.5197206,
                "container": null
            },
            {
                "exe": "/usr/bin/udevadm",
                "cmdline": "/lib/systemd/systemd-udevd",
                "pid": 462486,
                "resources_usage": null,
                "consumption": 0.0,
                "timestamp": 1721774943.5197215,
                "container": null
            },
            {
                "exe": "",
                "cmdline": "",
                "pid": 475,
                "resources_usage": null,
                "consumption": 0.0,
                "timestamp": 1721774943.5197217,
                "container": null
            },
            {
                "exe": "",
                "cmdline": "",
                "pid": 390461,
                "resources_usage": null,
                "consumption": 0.0,
                "timestamp": 1721774943.519722,
                "container": null
            },
            {
                "exe": "",
                "cmdline": "",
                "pid": 40,
                "resources_usage": null,
                "consumption": 0.0,
                "timestamp": 1721774943.5197222,
                "container": null
            },
            {
                "exe": "",
                "cmdline": "",
                "pid": 67,
                "resources_usage": null,
                "consumption": 0.0,
                "timestamp": 1721774943.5197227,
                "container": null
            },
            {
                "exe": "/usr/bin/udevadm",
                "cmdline": "/lib/systemd/systemd-udevd",
                "pid": 462474,
                "resources_usage": null,
                "consumption": 0.0,
                "timestamp": 1721774943.519723,
                "container": null
            },
            {
                "exe": "",
                "cmdline": "",
                "pid": 56,
                "resources_usage": null,
                "consumption": 0.0,
                "timestamp": 1721774943.5197234,
                "container": null
            }
        ],
        "sockets": [
            {
                "id": 0,
                "consumption": 15484986.0,
                "domains": [
                    {
                        "name": "uncore",
                        "consumption": 0.0,
                        "timestamp": 1721774943.500917
                    },
                    {
                        "name": "core",
                        "consumption": 13245211.0,
                        "timestamp": 1721774943.5009098
                    }
                ],
                "timestamp": 1721774943.5008004
            }
        ]
    },
    {
        "host": {
            "consumption": 16259006.0,
            "timestamp": 1721774943.554618,
            "components": {
                "disks": [
                    {
                        "disk_type": "SSD",
                        "disk_mount_point": "/etc/hosts",
                        "disk_is_removable": false,
                        "disk_file_system": "ext4",
                        "disk_total_bytes": "33634926592",
                        "disk_available_bytes": "9872285696",
                        "disk_name": "/dev/nvme0n1p4"
                    }
                ]
            }
        },
        "consumers": [
            {
                "exe": "/",
                "cmdline": "runcinit",
                "pid": 462657,
                "resources_usage": null,
                "consumption": 394157.7,
                "timestamp": 1721774943.554476,
                "container": null
            },
            {
                "exe": "/usr/local/bin/scaphandre",
                "cmdline": "/usr/local/bin/scaphandrejson-s0--step-nano10000000-f/home/ce-p2-r-1/26/power.json",
                "pid": 462520,
                "resources_usage": null,
                "consumption": 197078.84,
                "timestamp": 1721774943.5544593,
                "container": null
            },
            {
                "exe": "/usr/bin/udevadm",
                "cmdline": "/lib/systemd/systemd-udevd",
                "pid": 462468,
                "resources_usage": null,
                "consumption": 0.0,
                "timestamp": 1721774943.5544548,
                "container": null
            },
            {
                "exe": "/usr/bin/udevadm",
                "cmdline": "/lib/systemd/systemd-udevd",
                "pid": 462486,
                "resources_usage": null,
                "consumption": 0.0,
                "timestamp": 1721774943.5544562,
                "container": null
            },
            {
                "exe": "",
                "cmdline": "",
                "pid": 475,
                "resources_usage": null,
                "consumption": 0.0,
                "timestamp": 1721774943.5544567,
                "container": null
            },
            {
                "exe": "",
                "cmdline": "",
                "pid": 390461,
                "resources_usage": null,
                "consumption": 0.0,
                "timestamp": 1721774943.554457,
                "container": null
            },
            {
                "exe": "",
                "cmdline": "",
                "pid": 40,
                "resources_usage": null,
                "consumption": 0.0,
                "timestamp": 1721774943.5544574,
                "container": null
            },
            {
                "exe": "",
                "cmdline": "",
                "pid": 67,
                "resources_usage": null,
                "consumption": 0.0,
                "timestamp": 1721774943.5544577,
                "container": null
            },
            {
                "exe": "/usr/bin/udevadm",
                "cmdline": "/lib/systemd/systemd-udevd",
                "pid": 462474,
                "resources_usage": null,
                "consumption": 0.0,
                "timestamp": 1721774943.554458,
                "container": null
            },
            {
                "exe": "",
                "cmdline": "",
                "pid": 56,
                "resources_usage": null,
                "consumption": 0.0,
                "timestamp": 1721774943.5544584,
                "container": null
            }
        ],
        "sockets": [
            {
                "id": 0,
                "consumption": 14492843.0,
                "domains": [
                    {
                        "name": "uncore",
                        "consumption": 0.0,
                        "timestamp": 1721774943.5351171
                    },
                    {
                        "name": "core",
                        "consumption": 12270602.0,
                        "timestamp": 1721774943.5351067
                    }
                ],
                "timestamp": 1721774943.5349927
            }
        ]
    },
    {
        "host": {
            "consumption": 17215980.0,
            "timestamp": 1721774943.589794,
            "components": {
                "disks": [
                    {
                        "disk_type": "SSD",
                        "disk_mount_point": "/etc/hosts",
                        "disk_is_removable": false,
                        "disk_file_system": "ext4",
                        "disk_total_bytes": "33634926592",
                        "disk_available_bytes": "9872285696",
                        "disk_name": "/dev/nvme0n1p4"
                    }
                ]
            }
        },
        "consumers": [
            {
                "exe": "/",
                "cmdline": "runcinit",
                "pid": 462657,
                "resources_usage": null,
                "consumption": 313017.8,
                "timestamp": 1721774943.589511,
                "container": null
            },
            {
                "exe": "/usr/local/bin/scaphandre",
                "cmdline": "/usr/local/bin/scaphandrejson-s0--step-nano10000000-f/home/ce-p2-r-1/26/power.json",
                "pid": 462520,
                "resources_usage": null,
                "consumption": 208678.53,
                "timestamp": 1721774943.5894938,
                "container": null
            },
            {
                "exe": "/usr/bin/udevadm",
                "cmdline": "/lib/systemd/systemd-udevd",
                "pid": 462468,
                "resources_usage": null,
                "consumption": 0.0,
                "timestamp": 1721774943.5894895,
                "container": null
            },
            {
                "exe": "/usr/bin/udevadm",
                "cmdline": "/lib/systemd/systemd-udevd",
                "pid": 462486,
                "resources_usage": null,
                "consumption": 0.0,
                "timestamp": 1721774943.5894904,
                "container": null
            },
            {
                "exe": "",
                "cmdline": "",
                "pid": 475,
                "resources_usage": null,
                "consumption": 0.0,
                "timestamp": 1721774943.5894907,
                "container": null
            },
            {
                "exe": "",
                "cmdline": "",
                "pid": 390461,
                "resources_usage": null,
                "consumption": 0.0,
                "timestamp": 1721774943.5894914,
                "container": null
            },
            {
                "exe": "",
                "cmdline": "",
                "pid": 40,
                "resources_usage": null,
                "consumption": 0.0,
                "timestamp": 1721774943.5894916,
                "container": null
            },
            {
                "exe": "",
                "cmdline": "",
                "pid": 67,
                "resources_usage": null,
                "consumption": 0.0,
                "timestamp": 1721774943.589492,
                "container": null
            },
            {
                "exe": "/usr/bin/udevadm",
                "cmdline": "/lib/systemd/systemd-udevd",
                "pid": 462474,
                "resources_usage": null,
                "consumption": 0.0,
                "timestamp": 1721774943.5894923,
                "container": null
            },
            {
                "exe": "",
                "cmdline": "",
                "pid": 56,
                "resources_usage": null,
                "consumption": 0.0,
                "timestamp": 1721774943.5894926,
                "container": null
            }
        ],
        "sockets": [
            {
                "id": 0,
                "consumption": 20234884.0,
                "domains": [
                    {
                        "name": "uncore",
                        "consumption": 0.0,
                        "timestamp": 1721774943.5700455
                    },
                    {
                        "name": "core",
                        "consumption": 17973144.0,
                        "timestamp": 1721774943.5699248
                    }
                ],
                "timestamp": 1721774943.5697317
            }
        ]
    },
    {
        "host": {
            "consumption": 22205528.0,
            "timestamp": 1721774943.6245587,
            "components": {
                "disks": [
                    {
                        "disk_type": "SSD",
                        "disk_mount_point": "/etc/hosts",
                        "disk_is_removable": false,
                        "disk_file_system": "ext4",
                        "disk_total_bytes": "33634926592",
                        "disk_available_bytes": "9872281600",
                        "disk_name": "/dev/nvme0n1p4"
                    }
                ]
            }
        },
        "consumers": [
            {
                "exe": "/",
                "cmdline": "runcinit",
                "pid": 462657,
                "resources_usage": null,
                "consumption": 538315.75,
                "timestamp": 1721774943.624233,
                "container": null
            },
            {
                "exe": "/usr/local/bin/scaphandre",
                "cmdline": "/usr/local/bin/scaphandrejson-s0--step-nano10000000-f/home/ce-p2-r-1/26/power.json",
                "pid": 462520,
                "resources_usage": null,
                "consumption": 269157.88,
                "timestamp": 1721774943.624215,
                "container": null
            },
            {
                "exe": "/usr/bin/udevadm",
                "cmdline": "/lib/systemd/systemd-udevd",
                "pid": 462468,
                "resources_usage": null,
                "consumption": 0.0,
                "timestamp": 1721774943.6242108,
                "container": null
            },
            {
                "exe": "/usr/bin/udevadm",
                "cmdline": "/lib/systemd/systemd-udevd",
                "pid": 462486,
                "resources_usage": null,
                "consumption": 0.0,
                "timestamp": 1721774943.6242118,
                "container": null
            },
            {
                "exe": "",
                "cmdline": "",
                "pid": 475,
                "resources_usage": null,
                "consumption": 0.0,
                "timestamp": 1721774943.6242123,
                "container": null
            },
            {
                "exe": "",
                "cmdline": "",
                "pid": 390461,
                "resources_usage": null,
                "consumption": 0.0,
                "timestamp": 1721774943.6242127,
                "container": null
            },
            {
                "exe": "",
                "cmdline": "",
                "pid": 40,
                "resources_usage": null,
                "consumption": 0.0,
                "timestamp": 1721774943.624213,
                "container": null
            },
            {
                "exe": "",
                "cmdline": "",
                "pid": 67,
                "resources_usage": null,
                "consumption": 0.0,
                "timestamp": 1721774943.6242132,
                "container": null
            },
            {
                "exe": "/usr/bin/udevadm",
                "cmdline": "/lib/systemd/systemd-udevd",
                "pid": 462474,
                "resources_usage": null,
                "consumption": 0.0,
                "timestamp": 1721774943.6242135,
                "container": null
            },
            {
                "exe": "",
                "cmdline": "",
                "pid": 56,
                "resources_usage": null,
                "consumption": 0.0,
                "timestamp": 1721774943.624214,
                "container": null
            }
        ],
        "sockets": [
            {
                "id": 0,
                "consumption": 14414977.0,
                "domains": [
                    {
                        "name": "uncore",
                        "consumption": 0.0,
                        "timestamp": 1721774943.605618
                    },
                    {
                        "name": "core",
                        "consumption": 12155648.0,
                        "timestamp": 1721774943.6054392
                    }
                ],
                "timestamp": 1721774943.6051164
            }
        ]
    },
    {
        "host": {
            "consumption": 13434670.0,
            "timestamp": 1721774943.6586728,
            "components": {
                "disks": [
                    {
                        "disk_type": "SSD",
                        "disk_mount_point": "/etc/hosts",
                        "disk_is_removable": false,
                        "disk_file_system": "ext4",
                        "disk_total_bytes": "33634926592",
                        "disk_available_bytes": "9872281600",
                        "disk_name": "/dev/nvme0n1p4"
                    }
                ]
            }
        },
        "consumers": [
            {
                "exe": "/",
                "cmdline": "runcinit",
                "pid": 462657,
                "resources_usage": null,
                "consumption": 244266.72,
                "timestamp": 1721774943.658485,
                "container": null
            },
            {
                "exe": "/usr/local/bin/scaphandre",
                "cmdline": "/usr/local/bin/scaphandrejson-s0--step-nano10000000-f/home/ce-p2-r-1/26/power.json",
                "pid": 462520,
                "resources_usage": null,
                "consumption": 81422.234,
                "timestamp": 1721774943.6584637,
                "container": null
            },
            {
                "exe": "/usr/bin/udevadm",
                "cmdline": "/lib/systemd/systemd-udevd",
                "pid": 462468,
                "resources_usage": null,
                "consumption": 0.0,
                "timestamp": 1721774943.658458,
                "container": null
            },
            {
                "exe": "/usr/bin/udevadm",
                "cmdline": "/lib/systemd/systemd-udevd",
                "pid": 462486,
                "resources_usage": null,
                "consumption": 0.0,
                "timestamp": 1721774943.6584592,
                "container": null
            },
            {
                "exe": "",
                "cmdline": "",
                "pid": 475,
                "resources_usage": null,
                "consumption": 0.0,
                "timestamp": 1721774943.6584601,
                "container": null
            },
            {
                "exe": "",
                "cmdline": "",
                "pid": 390461,
                "resources_usage": null,
                "consumption": 0.0,
                "timestamp": 1721774943.6584606,
                "container": null
            },
            {
                "exe": "",
                "cmdline": "",
                "pid": 40,
                "resources_usage": null,
                "consumption": 0.0,
                "timestamp": 1721774943.6584613,
                "container": null
            },
            {
                "exe": "",
                "cmdline": "",
                "pid": 67,
                "resources_usage": null,
                "consumption": 0.0,
                "timestamp": 1721774943.6584618,
                "container": null
            },
            {
                "exe": "/usr/bin/udevadm",
                "cmdline": "/lib/systemd/systemd-udevd",
                "pid": 462474,
                "resources_usage": null,
                "consumption": 0.0,
                "timestamp": 1721774943.658462,
                "container": null
            },
            {
                "exe": "",
                "cmdline": "",
                "pid": 56,
                "resources_usage": null,
                "consumption": 0.0,
                "timestamp": 1721774943.6584625,
                "container": null
            }
        ],
        "sockets": [
            {
                "id": 0,
                "consumption": 17723838.0,
                "domains": [
                    {
                        "name": "uncore",
                        "consumption": 0.0,
                        "timestamp": 1721774943.6396904
                    },
                    {
                        "name": "core",
                        "consumption": 15572484.0,
                        "timestamp": 1721774943.6396792
                    }
                ],
                "timestamp": 1721774943.6395462
            }
        ]
    },
    {
        "host": {
            "consumption": 23326200.0,
            "timestamp": 1721774943.6934028,
            "components": {
                "disks": [
                    {
                        "disk_type": "SSD",
                        "disk_mount_point": "/etc/hosts",
                        "disk_is_removable": false,
                        "disk_file_system": "ext4",
                        "disk_total_bytes": "33634926592",
                        "disk_available_bytes": "9872277504",
                        "disk_name": "/dev/nvme0n1p4"
                    }
                ]
            }
        },
        "consumers": [
            {
                "exe": "/",
                "cmdline": "runcinit",
                "pid": 462657,
                "resources_usage": null,
                "consumption": 562077.1,
                "timestamp": 1721774943.6931677,
                "container": null
            },
            {
                "exe": "/usr/local/bin/scaphandre",
                "cmdline": "/usr/local/bin/scaphandrejson-s0--step-nano10000000-f/home/ce-p2-r-1/26/power.json",
                "pid": 462520,
                "resources_usage": null,
                "consumption": 281038.56,
                "timestamp": 1721774943.693151,
                "container": null
            },
            {
                "exe": "/usr/bin/udevadm",
                "cmdline": "/lib/systemd/systemd-udevd",
                "pid": 462468,
                "resources_usage": null,
                "consumption": 0.0,
                "timestamp": 1721774943.6931467,
                "container": null
            },
            {
                "exe": "/usr/bin/udevadm",
                "cmdline": "/lib/systemd/systemd-udevd",
                "pid": 462486,
                "resources_usage": null,
                "consumption": 0.0,
                "timestamp": 1721774943.6931481,
                "container": null
            },
            {
                "exe": "",
                "cmdline": "",
                "pid": 475,
                "resources_usage": null,
                "consumption": 0.0,
                "timestamp": 1721774943.6931484,
                "container": null
            },
            {
                "exe": "",
                "cmdline": "",
                "pid": 390461,
                "resources_usage": null,
                "consumption": 0.0,
                "timestamp": 1721774943.6931486,
                "container": null
            },
            {
                "exe": "",
                "cmdline": "",
                "pid": 40,
                "resources_usage": null,
                "consumption": 0.0,
                "timestamp": 1721774943.6931489,
                "container": null
            },
            {
                "exe": "",
                "cmdline": "",
                "pid": 67,
                "resources_usage": null,
                "consumption": 0.0,
                "timestamp": 1721774943.6931493,
                "container": null
            },
            {
                "exe": "/usr/bin/udevadm",
                "cmdline": "/lib/systemd/systemd-udevd",
                "pid": 462474,
                "resources_usage": null,
                "consumption": 0.0,
                "timestamp": 1721774943.6931496,
                "container": null
            },
            {
                "exe": "",
                "cmdline": "",
                "pid": 56,
                "resources_usage": null,
                "consumption": 0.0,
                "timestamp": 1721774943.6931498,
                "container": null
            }
        ],
        "sockets": [
            {
                "id": 0,
                "consumption": 23589932.0,
                "domains": [
                    {
                        "name": "uncore",
                        "consumption": 0.0,
                        "timestamp": 1721774943.6744337
                    },
                    {
                        "name": "core",
                        "consumption": 21316076.0,
                        "timestamp": 1721774943.674251
                    }
                ],
                "timestamp": 1721774943.6739292
            }
        ]
    },
    {
        "host": {
            "consumption": 19063244.0,
            "timestamp": 1721774943.7282085,
            "components": {
                "disks": [
                    {
                        "disk_type": "SSD",
                        "disk_mount_point": "/etc/hosts",
                        "disk_is_removable": false,
                        "disk_file_system": "ext4",
                        "disk_total_bytes": "33634926592",
                        "disk_available_bytes": "9872277504",
                        "disk_name": "/dev/nvme0n1p4"
                    }
                ]
            }
        },
        "consumers": [
            {
                "exe": "/",
                "cmdline": "runcinit",
                "pid": 462657,
                "resources_usage": null,
                "consumption": 344516.44,
                "timestamp": 1721774943.7280598,
                "container": null
            },
            {
                "exe": "/usr/local/bin/scaphandre",
                "cmdline": "/usr/local/bin/scaphandrejson-s0--step-nano10000000-f/home/ce-p2-r-1/26/power.json",
                "pid": 462520,
                "resources_usage": null,
                "consumption": 229677.62,
                "timestamp": 1721774943.728043,
                "container": null
            },
            {
                "exe": "/usr/bin/udevadm",
                "cmdline": "/lib/systemd/systemd-udevd",
                "pid": 462468,
                "resources_usage": null,
                "consumption": 0.0,
                "timestamp": 1721774943.728039,
                "container": null
            },
            {
                "exe": "/usr/bin/udevadm",
                "cmdline": "/lib/systemd/systemd-udevd",
                "pid": 462486,
                "resources_usage": null,
                "consumption": 0.0,
                "timestamp": 1721774943.72804,
                "container": null
            },
            {
                "exe": "",
                "cmdline": "",
                "pid": 475,
                "resources_usage": null,
                "consumption": 0.0,
                "timestamp": 1721774943.7280405,
                "container": null
            },
            {
                "exe": "",
                "cmdline": "",
                "pid": 390461,
                "resources_usage": null,
                "consumption": 0.0,
                "timestamp": 1721774943.7280407,
                "container": null
            },
            {
                "exe": "",
                "cmdline": "",
                "pid": 40,
                "resources_usage": null,
                "consumption": 0.0,
                "timestamp": 1721774943.728041,
                "container": null
            },
            {
                "exe": "",
                "cmdline": "",
                "pid": 67,
                "resources_usage": null,
                "consumption": 0.0,
                "timestamp": 1721774943.7280412,
                "container": null
            },
            {
                "exe": "/usr/bin/udevadm",
                "cmdline": "/lib/systemd/systemd-udevd",
                "pid": 462474,
                "resources_usage": null,
                "consumption": 0.0,
                "timestamp": 1721774943.7280414,
                "container": null
            },
            {
                "exe": "",
                "cmdline": "",
                "pid": 56,
                "resources_usage": null,
                "consumption": 0.0,
                "timestamp": 1721774943.728042,
                "container": null
            }
        ],
        "sockets": [
            {
                "id": 0,
                "consumption": 16327511.0,
                "domains": [
                    {
                        "name": "uncore",
                        "consumption": 0.0,
                        "timestamp": 1721774943.7090473
                    },
                    {
                        "name": "core",
                        "consumption": 14148950.0,
                        "timestamp": 1721774943.7088473
                    }
                ],
                "timestamp": 1721774943.7085297
            }
        ]
    },
    {
        "host": {
            "consumption": 18397786.0,
            "timestamp": 1721774943.7626643,
            "components": {
                "disks": [
                    {
                        "disk_type": "SSD",
                        "disk_mount_point": "/etc/hosts",
                        "disk_is_removable": false,
                        "disk_file_system": "ext4",
                        "disk_total_bytes": "33634926592",
                        "disk_available_bytes": "9872273408",
                        "disk_name": "/dev/nvme0n1p4"
                    }
                ]
            }
        },
        "consumers": [
            {
                "exe": "/",
                "cmdline": "runcinit",
                "pid": 462657,
                "resources_usage": null,
                "consumption": 332490.1,
                "timestamp": 1721774943.7625644,
                "container": null
            },
            {
                "exe": "/usr/local/bin/scaphandre",
                "cmdline": "/usr/local/bin/scaphandrejson-s0--step-nano10000000-f/home/ce-p2-r-1/26/power.json",
                "pid": 462520,
                "resources_usage": null,
                "consumption": 221660.06,
                "timestamp": 1721774943.7625463,
                "container": null
            },
            {
                "exe": "/usr/bin/udevadm",
                "cmdline": "/lib/systemd/systemd-udevd",
                "pid": 462468,
                "resources_usage": null,
                "consumption": 0.0,
                "timestamp": 1721774943.7625418,
                "container": null
            },
            {
                "exe": "/usr/bin/udevadm",
                "cmdline": "/lib/systemd/systemd-udevd",
                "pid": 462486,
                "resources_usage": null,
                "consumption": 0.0,
                "timestamp": 1721774943.762543,
                "container": null
            },
            {
                "exe": "",
                "cmdline": "",
                "pid": 475,
                "resources_usage": null,
                "consumption": 0.0,
                "timestamp": 1721774943.7625432,
                "container": null
            },
            {
                "exe": "",
                "cmdline": "",
                "pid": 390461,
                "resources_usage": null,
                "consumption": 0.0,
                "timestamp": 1721774943.7625434,
                "container": null
            },
            {
                "exe": "",
                "cmdline": "",
                "pid": 40,
                "resources_usage": null,
                "consumption": 0.0,
                "timestamp": 1721774943.762544,
                "container": null
            },
            {
                "exe": "",
                "cmdline": "",
                "pid": 67,
                "resources_usage": null,
                "consumption": 0.0,
                "timestamp": 1721774943.7625442,
                "container": null
            },
            {
                "exe": "/usr/bin/udevadm",
                "cmdline": "/lib/systemd/systemd-udevd",
                "pid": 462474,
                "resources_usage": null,
                "consumption": 0.0,
                "timestamp": 1721774943.7625446,
                "container": null
            },
            {
                "exe": "",
                "cmdline": "",
                "pid": 56,
                "resources_usage": null,
                "consumption": 0.0,
                "timestamp": 1721774943.762545,
                "container": null
            }
        ],
        "sockets": [
            {
                "id": 0,
                "consumption": 20764666.0,
                "domains": [
                    {
                        "name": "uncore",
                        "consumption": 0.0,
                        "timestamp": 1721774943.743255
                    },
                    {
                        "name": "core",
                        "consumption": 18673992.0,
                        "timestamp": 1721774943.7432477
                    }
                ],
                "timestamp": 1721774943.743129
            }
        ]
    }
]