{
    "timestamp_analysis": {
        "mean": 0.03764786686695797,
        "std": 0.0036364350281317863,
        "min": 0.03256535530090332,
        "max": 0.06366896629333496,
        "median": 0.036649465560913086,
        "running_time": 10.692219018936157
    },
    "host_energy_analysis": {
        "total": 266.60806589222295,
        "per_repetition": 0.0008886935529740765
    },
    "host_power_analysis": {
        "mean": 24.820231821052634,
        "std": 6.7011989711736675,
        "min": 7.995438,
        "max": 47.022596,
        "median": 24.459216
    },
    "process_energy_analysis": {
        "total": 10.608080607411702,
        "per_repetition": 3.536026869137234e-05
    }
}