{
    "timestamp_analysis": {
        "mean": 0.02523511882105278,
        "std": 0.0016422559883855303,
        "min": 0.0216066837310791,
        "max": 0.03451657295227051,
        "median": 0.024867534637451172,
        "running_time": 16.074954986572266
    },
    "host_energy_analysis": {
        "total": 272.5571609114245,
        "per_repetition": 5.4511432182284895e-09
    },
    "host_power_analysis": {
        "mean": 16.97739520846395,
        "std": 5.367151958840523,
        "min": 3.40928,
        "max": 36.579776,
        "median": 16.649286
    },
    "process_energy_analysis": {
        "total": 4.140217697719672,
        "per_repetition": 8.280435395439344e-11
    }
}