{
    "timestamp_analysis": {
        "mean": 0.03637161139385923,
        "std": 0.002775088556965199,
        "min": 0.03207588195800781,
        "max": 0.04992032051086426,
        "median": 0.03549480438232422,
        "running_time": 10.511528968811035
    },
    "host_energy_analysis": {
        "total": 264.21014492532976,
        "per_repetition": 0.0008807004830844325
    },
    "host_power_analysis": {
        "mean": 24.97552760689655,
        "std": 7.564343173541326,
        "min": 8.049332,
        "max": 45.053284,
        "median": 23.929253000000003
    },
    "process_energy_analysis": {
        "total": 10.45133639490139,
        "per_repetition": 3.483778798300463e-05
    }
}