{
    "timestamp_analysis": {
        "mean": 0.03523771085566879,
        "std": 0.0027037349930676066,
        "min": 0.031247854232788086,
        "max": 0.08215880393981934,
        "median": 0.0346834659576416,
        "running_time": 21.459924936294556
    },
    "host_energy_analysis": {
        "total": 428.00979534944463,
        "per_repetition": 1.4266993178314821e-05
    },
    "host_power_analysis": {
        "mean": 19.958907424590166,
        "std": 5.531581117439545,
        "min": 6.47854,
        "max": 37.849932,
        "median": 19.554222
    },
    "process_energy_analysis": {
        "total": 9.388494982673938,
        "per_repetition": 3.1294983275579795e-07
    }
}