{
    "timestamp_analysis": {
        "mean": 0.02503036444280803,
        "std": 0.0017325681679290432,
        "min": 0.021665096282958984,
        "max": 0.033181190490722656,
        "median": 0.024637222290039062,
        "running_time": 8.285221576690674
    },
    "host_energy_analysis": {
        "total": 151.01173340653003,
        "per_repetition": 3.0202346681306007e-07
    },
    "host_power_analysis": {
        "mean": 18.234408677710842,
        "std": 5.607555674965214,
        "min": 4.85917,
        "max": 33.93088,
        "median": 17.870052
    },
    "process_energy_analysis": {
        "total": 2.265746264420697,
        "per_repetition": 4.531492528841394e-09
    }
}