{
    "timestamp_analysis": {
        "mean": 0.03516485788565143,
        "std": 0.0016457113503238823,
        "min": 0.0318145751953125,
        "max": 0.040923118591308594,
        "median": 0.034867286682128906,
        "running_time": 9.459474563598633
    },
    "host_energy_analysis": {
        "total": 167.59635434166228,
        "per_repetition": 0.0016759635434166228
    },
    "host_power_analysis": {
        "mean": 17.712933977777777,
        "std": 4.6473779779258955,
        "min": 3.891203,
        "max": 31.760488,
        "median": 17.372979
    },
    "process_energy_analysis": {
        "total": 3.50584508223423,
        "per_repetition": 3.50584508223423e-05
    }
}