{
    "timestamp_analysis": {
        "mean": 0.03509645660718282,
        "std": 0.0011920564583292547,
        "min": 0.03335833549499512,
        "max": 0.03792619705200195,
        "median": 0.03489792346954346,
        "running_time": 0.842583179473877
    },
    "host_energy_analysis": {
        "total": 16.045271422630787,
        "per_repetition": 0.005348423807543596
    },
    "host_power_analysis": {
        "mean": 19.28488312,
        "std": 5.409968813100576,
        "min": 10.348312,
        "max": 28.29044,
        "median": 19.708798
    },
    "process_energy_analysis": {
        "total": 0.33139402628281234,
        "per_repetition": 0.00011046467542760411
    }
}