{
    "timestamp_analysis": {
        "mean": 0.024914213034539737,
        "std": 0.0015554951506444904,
        "min": 0.02166271209716797,
        "max": 0.03334546089172363,
        "median": 0.024642467498779297,
        "running_time": 15.297452211380005
    },
    "host_energy_analysis": {
        "total": 292.0288968140422,
        "per_repetition": 5.840577936280844e-07
    },
    "host_power_analysis": {
        "mean": 19.101337887804878,
        "std": 5.968317810731754,
        "min": 4.725105,
        "max": 39.56709,
        "median": 18.937702
    },
    "process_energy_analysis": {
        "total": 4.372304267178164,
        "per_repetition": 8.744608534356327e-09
    }
}