{
    "timestamp_analysis": {
        "mean": 0.025348166742268398,
        "std": 0.0017885288273582866,
        "min": 0.022016286849975586,
        "max": 0.03493142127990723,
        "median": 0.024883747100830078,
        "running_time": 8.567803621292114
    },
    "host_energy_analysis": {
        "total": 156.51072073360564,
        "per_repetition": 3.1302144146721127e-07
    },
    "host_power_analysis": {
        "mean": 18.291174997050145,
        "std": 5.498325561147413,
        "min": 4.661523,
        "max": 35.85576,
        "median": 18.25789
    },
    "process_energy_analysis": {
        "total": 2.369669236933807,
        "per_repetition": 4.739338473867614e-09
    }
}