{
    "timestamp_analysis": {
        "mean": 0.024717097788785412,
        "std": 0.0014827190337074303,
        "min": 0.021734237670898438,
        "max": 0.035552024841308594,
        "median": 0.02444589138031006,
        "running_time": 16.758370399475098
    },
    "host_energy_analysis": {
        "total": 307.67770678913905,
        "per_repetition": 6.153554135782781e-07
    },
    "host_power_analysis": {
        "mean": 18.36545950515464,
        "std": 5.789069162607823,
        "min": 3.615029,
        "max": 35.434508,
        "median": 18.172556
    },
    "process_energy_analysis": {
        "total": 4.546605278057399,
        "per_repetition": 9.093210556114798e-09
    }
}