{
    "timestamp_analysis": {
        "mean": 0.02604373222515907,
        "std": 0.0020453533144290065,
        "min": 0.022282123565673828,
        "max": 0.036141157150268555,
        "median": 0.02543485164642334,
        "running_time": 8.438385486602783
    },
    "host_energy_analysis": {
        "total": 153.7279183041986,
        "per_repetition": 1.5372791830419858e-05
    },
    "host_power_analysis": {
        "mean": 18.210674818461534,
        "std": 5.617241658108661,
        "min": 4.377514,
        "max": 37.25763,
        "median": 17.820652
    },
    "process_energy_analysis": {
        "total": 2.402446580287626,
        "per_repetition": 2.402446580287626e-07
    }
}