{
    "timestamp_analysis": {
        "mean": 0.03457375053488916,
        "std": 0.0016327048482214696,
        "min": 0.030713319778442383,
        "max": 0.045285701751708984,
        "median": 0.034259796142578125,
        "running_time": 12.688868999481201
    },
    "host_energy_analysis": {
        "total": 222.11353506665216,
        "per_repetition": 7.403784502221739e-06
    },
    "host_power_analysis": {
        "mean": 17.52449725543478,
        "std": 4.76282656590283,
        "min": 4.457944,
        "max": 30.713474,
        "median": 17.469889000000002
    },
    "process_energy_analysis": {
        "total": 4.6260482928516256,
        "per_repetition": 1.5420160976172085e-07
    }
}