{
    "timestamp_analysis": {
        "mean": 0.026187032646273974,
        "std": 0.00180744965005073,
        "min": 0.02257823944091797,
        "max": 0.03512382507324219,
        "median": 0.0257565975189209,
        "running_time": 8.43241000175476
    },
    "host_energy_analysis": {
        "total": 157.14315974040926,
        "per_repetition": 1.5714315974040927e-05
    },
    "host_power_analysis": {
        "mean": 18.669683402476778,
        "std": 5.818748743204464,
        "min": 4.966303,
        "max": 37.755076,
        "median": 18.706128
    },
    "process_energy_analysis": {
        "total": 2.5001264753795,
        "per_repetition": 2.5001264753795e-07
    }
}