{
    "timestamp_analysis": {
        "mean": 0.03538127847619959,
        "std": 0.002308501696380643,
        "min": 0.03161978721618652,
        "max": 0.047707557678222656,
        "median": 0.03479957580566406,
        "running_time": 5.236562967300415
    },
    "host_energy_analysis": {
        "total": 95.39511530355013,
        "per_repetition": 3.179837176785004e-06
    },
    "host_power_analysis": {
        "mean": 18.23228187919463,
        "std": 5.096388077361085,
        "min": 3.976401,
        "max": 39.463308,
        "median": 17.8754
    },
    "process_energy_analysis": {
        "total": 2.1443714760200927,
        "per_repetition": 7.147904920066976e-08
    }
}