{
    "timestamp_analysis": {
        "mean": 0.034724486315691916,
        "std": 0.0016773113049183485,
        "min": 0.03144097328186035,
        "max": 0.04448199272155762,
        "median": 0.03437376022338867,
        "running_time": 9.375732898712158
    },
    "host_energy_analysis": {
        "total": 163.4804676430837,
        "per_repetition": 0.001634804676430837
    },
    "host_power_analysis": {
        "mean": 17.416632162361626,
        "std": 5.154760219564021,
        "min": 5.02054,
        "max": 34.82561,
        "median": 17.108212
    },
    "process_energy_analysis": {
        "total": 3.3842750588517867,
        "per_repetition": 3.3842750588517865e-05
    }
}