{
    "timestamp_analysis": {
        "mean": 0.03463914898947868,
        "std": 0.0016539434929164997,
        "min": 0.03147721290588379,
        "max": 0.04246211051940918,
        "median": 0.03431534767150879,
        "running_time": 21.44175910949707
    },
    "host_energy_analysis": {
        "total": 430.76855420708716,
        "per_repetition": 1.4358951806902905e-05
    },
    "host_power_analysis": {
        "mean": 20.103799691935485,
        "std": 5.480345682289191,
        "min": 5.913208,
        "max": 42.647744,
        "median": 19.686121999999997
    },
    "process_energy_analysis": {
        "total": 9.360048556285784,
        "per_repetition": 3.120016185428595e-07
    }
}