{
    "timestamp_analysis": {
        "mean": 0.03492200151364901,
        "std": 0.00162739461464633,
        "min": 0.0320584774017334,
        "max": 0.046909332275390625,
        "median": 0.03458523750305176,
        "running_time": 9.324288606643677
    },
    "host_energy_analysis": {
        "total": 167.48651893748536,
        "per_repetition": 0.0016748651893748535
    },
    "host_power_analysis": {
        "mean": 17.94176583955224,
        "std": 5.5466145288442235,
        "min": 6.375832,
        "max": 33.46906,
        "median": 17.49721
    },
    "process_energy_analysis": {
        "total": 3.488584129498701,
        "per_repetition": 3.488584129498701e-05
    }
}