{
    "timestamp_analysis": {
        "mean": 0.034841995239257816,
        "std": 0.0011771604133817308,
        "min": 0.031829118728637695,
        "max": 0.038283348083496094,
        "median": 0.03474998474121094,
        "running_time": 0.8711612224578857
    },
    "host_energy_analysis": {
        "total": 17.109249974642513,
        "per_repetition": 0.005703083324880838
    },
    "host_power_analysis": {
        "mean": 19.70823026923077,
        "std": 5.813895037972622,
        "min": 11.698227,
        "max": 29.814586,
        "median": 18.328938
    },
    "process_energy_analysis": {
        "total": 0.34371770905281185,
        "per_repetition": 0.00011457256968427061
    }
}