{
    "timestamp_analysis": {
        "mean": 0.025523665780327068,
        "std": 0.0015758295954263518,
        "min": 0.022237062454223633,
        "max": 0.03206038475036621,
        "median": 0.025140762329101562,
        "running_time": 9.469387292861938
    },
    "host_energy_analysis": {
        "total": 174.82942958875157,
        "per_repetition": 3.496588591775031e-07
    },
    "host_power_analysis": {
        "mean": 18.510604365591398,
        "std": 5.798912611125755,
        "min": 5.053623,
        "max": 36.947428,
        "median": 18.183644
    },
    "process_energy_analysis": {
        "total": 2.6920728359241037,
        "per_repetition": 5.384145671848207e-09
    }
}