{
    "timestamp_analysis": {
        "mean": 0.03421837768179881,
        "std": 0.0017086672241283262,
        "min": 0.03090977668762207,
        "max": 0.04438376426696777,
        "median": 0.033849477767944336,
        "running_time": 31.344202280044556
    },
    "host_energy_analysis": {
        "total": 516.1520344101725,
        "per_repetition": 1.7205067813672418e-05
    },
    "host_power_analysis": {
        "mean": 16.461083557251907,
        "std": 4.516403449438456,
        "min": 5.397512,
        "max": 40.41733,
        "median": 16.346788
    },
    "process_energy_analysis": {
        "total": 10.692489573416989,
        "per_repetition": 3.564163191138996e-07
    }
}