{
    "timestamp_analysis": {
        "mean": 0.024795185106503564,
        "std": 0.0025432448291343645,
        "min": 0.021707773208618164,
        "max": 0.07110404968261719,
        "median": 0.024181604385375977,
        "running_time": 16.315345287322998
    },
    "host_energy_analysis": {
        "total": 284.3025672434207,
        "per_repetition": 5.686051344868414e-09
    },
    "host_power_analysis": {
        "mean": 17.480424611532626,
        "std": 5.593273015959615,
        "min": 4.197851,
        "max": 38.0155,
        "median": 17.551456
    },
    "process_energy_analysis": {
        "total": 4.208591301340424,
        "per_repetition": 8.417182602680848e-11
    }
}