{
    "timestamp_analysis": {
        "mean": 0.034999857346216835,
        "std": 0.0008626738159180425,
        "min": 0.032692909240722656,
        "max": 0.03632760047912598,
        "median": 0.035184621810913086,
        "running_time": 0.8401334285736084
    },
    "host_energy_analysis": {
        "total": 17.120251690030095,
        "per_repetition": 0.005706750563343365
    },
    "host_power_analysis": {
        "mean": 20.456408279999998,
        "std": 5.874104007901109,
        "min": 7.693964,
        "max": 30.2728,
        "median": 21.631996
    },
    "process_energy_analysis": {
        "total": 0.34041440251745225,
        "per_repetition": 0.00011347146750581742
    }
}