{
    "timestamp_analysis": {
        "mean": 0.03443103446099991,
        "std": 0.001594632427305987,
        "min": 0.03161478042602539,
        "max": 0.0456545352935791,
        "median": 0.03410768508911133,
        "running_time": 9.15877366065979
    },
    "host_energy_analysis": {
        "total": 182.57452356758319,
        "per_repetition": 0.0018257452356758319
    },
    "host_power_analysis": {
        "mean": 19.92935704868914,
        "std": 5.329900094280893,
        "min": 8.29845,
        "max": 36.045812,
        "median": 20.143768
    },
    "process_energy_analysis": {
        "total": 3.796844819007073,
        "per_repetition": 3.796844819007073e-05
    }
}