{
    "timestamp_analysis": {
        "mean": 0.03609106590697815,
        "std": 0.001913886981871238,
        "min": 0.03303694725036621,
        "max": 0.04362034797668457,
        "median": 0.035750627517700195,
        "running_time": 5.161155462265015
    },
    "host_energy_analysis": {
        "total": 94.89321143935597,
        "per_repetition": 3.1631070479785324e-06
    },
    "host_power_analysis": {
        "mean": 18.368544118055556,
        "std": 5.024540921605806,
        "min": 6.604608,
        "max": 41.919256,
        "median": 18.466865
    },
    "process_energy_analysis": {
        "total": 2.1591318181489747,
        "per_repetition": 7.197106060496583e-08
    }
}