{
    "timestamp_analysis": {
        "mean": 0.03420169373408666,
        "std": 0.0015418664089480426,
        "min": 0.0308990478515625,
        "max": 0.04154777526855469,
        "median": 0.03383135795593262,
        "running_time": 12.278512239456177
    },
    "host_energy_analysis": {
        "total": 238.80322573113,
        "per_repetition": 7.960107524371e-06
    },
    "host_power_analysis": {
        "mean": 19.447838019444443,
        "std": 5.388539196795368,
        "min": 5.584237,
        "max": 35.44879,
        "median": 19.406259
    },
    "process_energy_analysis": {
        "total": 4.979612042991741,
        "per_repetition": 1.659870680997247e-07
    }
}