{
    "timestamp_analysis": {
        "mean": 0.025484264118520745,
        "std": 0.0014557797567930494,
        "min": 0.022559165954589844,
        "max": 0.0343327522277832,
        "median": 0.025249958038330078,
        "running_time": 6.855435609817505
    },
    "host_energy_analysis": {
        "total": 118.46461118234444,
        "per_repetition": 1.1846461118234444e-07
    },
    "host_power_analysis": {
        "mean": 17.279967385185184,
        "std": 5.339522667072005,
        "min": 5.453782,
        "max": 32.647928,
        "median": 17.357384000000003
    },
    "process_energy_analysis": {
        "total": 1.8361878631511315,
        "per_repetition": 1.8361878631511315e-09
    }
}