{
    "timestamp_analysis": {
        "mean": 0.03435917765693327,
        "std": 0.0022202114344498773,
        "min": 0.03104567527770996,
        "max": 0.08197164535522461,
        "median": 0.033989667892456055,
        "running_time": 31.060799598693848
    },
    "host_energy_analysis": {
        "total": 519.1386191981812,
        "per_repetition": 1.7304620639939373e-05
    },
    "host_power_analysis": {
        "mean": 16.70829699116022,
        "std": 4.765543661746696,
        "min": 4.899132,
        "max": 31.538348,
        "median": 16.39254
    },
    "process_energy_analysis": {
        "total": 10.892337488364413,
        "per_repetition": 3.6307791627881376e-07
    }
}