{
    "timestamp_analysis": {
        "mean": 0.03686055079312392,
        "std": 0.004054996504909426,
        "min": 0.03119659423828125,
        "max": 0.08067154884338379,
        "median": 0.0357823371887207,
        "running_time": 10.468530893325806
    },
    "host_energy_analysis": {
        "total": 264.08829051823005,
        "per_repetition": 0.0008802943017274335
    },
    "host_power_analysis": {
        "mean": 25.144463901754385,
        "std": 6.8979405480131915,
        "min": 8.094872,
        "max": 48.470556,
        "median": 24.730962
    },
    "process_energy_analysis": {
        "total": 10.449944077060277,
        "per_repetition": 3.4833146923534255e-05
    }
}