{
    "timestamp_analysis": {
        "mean": 0.024966025206656268,
        "std": 0.0017843968957792528,
        "min": 0.02179121971130371,
        "max": 0.038407087326049805,
        "median": 0.02452230453491211,
        "running_time": 16.327898740768433
    },
    "host_energy_analysis": {
        "total": 315.6109249102933,
        "per_repetition": 6.312218498205866e-07
    },
    "host_power_analysis": {
        "mean": 19.323769001526717,
        "std": 5.946284413957007,
        "min": 5.384673,
        "max": 35.78497,
        "median": 19.061944
    },
    "process_energy_analysis": {
        "total": 4.718511420652916,
        "per_repetition": 9.437022841305832e-09
    }
}