{
    "timestamp_analysis": {
        "mean": 0.025351378716160045,
        "std": 0.004476029688336569,
        "min": 0.021957874298095703,
        "max": 0.12785077095031738,
        "median": 0.024703502655029297,
        "running_time": 15.895458459854126
    },
    "host_energy_analysis": {
        "total": 277.20754845997334,
        "per_repetition": 5.544150969199467e-07
    },
    "host_power_analysis": {
        "mean": 17.45788072929936,
        "std": 5.547046336433309,
        "min": 5.50882,
        "max": 37.33787,
        "median": 17.062762
    },
    "process_energy_analysis": {
        "total": 4.276371466475699,
        "per_repetition": 8.552742932951398e-09
    }
}