{
    "timestamp_analysis": {
        "mean": 0.026540799922881785,
        "std": 0.0017614184108454922,
        "min": 0.023212671279907227,
        "max": 0.035500288009643555,
        "median": 0.02614736557006836,
        "running_time": 8.254456996917725
    },
    "host_energy_analysis": {
        "total": 158.4159073413961,
        "per_repetition": 1.584159073413961e-05
    },
    "host_power_analysis": {
        "mean": 19.201375932692308,
        "std": 5.934469684633086,
        "min": 8.096072,
        "max": 39.37066,
        "median": 19.07559
    },
    "process_energy_analysis": {
        "total": 2.5200044401737878,
        "per_repetition": 2.520004440173788e-07
    }
}