{
    "timestamp_analysis": {
        "mean": 0.034845134486322815,
        "std": 0.0013909155572815108,
        "min": 0.03225278854370117,
        "max": 0.03768444061279297,
        "median": 0.034786224365234375,
        "running_time": 0.8016502857208252
    },
    "host_energy_analysis": {
        "total": 14.635429020524025,
        "per_repetition": 4.878476340174675e-07
    },
    "host_power_analysis": {
        "mean": 18.144610166666666,
        "std": 4.747383468686475,
        "min": 9.859357,
        "max": 28.482444,
        "median": 16.595488500000002
    },
    "process_energy_analysis": {
        "total": 0.2875975118090582,
        "per_repetition": 9.586583726968606e-09
    }
}