{
    "timestamp_analysis": {
        "mean": 0.03447499345330631,
        "std": 0.001571568215045067,
        "min": 0.030958890914916992,
        "max": 0.04339098930358887,
        "median": 0.0342252254486084,
        "running_time": 9.377330303192139
    },
    "host_energy_analysis": {
        "total": 169.531474985165,
        "per_repetition": 0.00169531474985165
    },
    "host_power_analysis": {
        "mean": 18.07420158974359,
        "std": 4.825015587078616,
        "min": 6.319064,
        "max": 33.002832,
        "median": 17.839718
    },
    "process_energy_analysis": {
        "total": 3.5178414589368034,
        "per_repetition": 3.517841458936803e-05
    }
}