{
    "timestamp_analysis": {
        "mean": 0.025475523098796405,
        "std": 0.0017204686998202646,
        "min": 0.022149085998535156,
        "max": 0.03552579879760742,
        "median": 0.02508378028869629,
        "running_time": 11.234833478927612
    },
    "host_energy_analysis": {
        "total": 222.46262796128286,
        "per_repetition": 2.2246262796128287e-05
    },
    "host_power_analysis": {
        "mean": 19.811672696832577,
        "std": 5.890533534964706,
        "min": 4.478752,
        "max": 37.012336,
        "median": 19.705391
    },
    "process_energy_analysis": {
        "total": 3.45873552572895,
        "per_repetition": 3.45873552572895e-07
    }
}