{
    "timestamp_analysis": {
        "mean": 0.024905808485589227,
        "std": 0.0016976536091520102,
        "min": 0.021511077880859375,
        "max": 0.0329432487487793,
        "median": 0.024532675743103027,
        "running_time": 15.491545915603638
    },
    "host_energy_analysis": {
        "total": 288.95364305562464,
        "per_repetition": 5.779072861112493e-07
    },
    "host_power_analysis": {
        "mean": 18.69501373194222,
        "std": 5.95326456516037,
        "min": 3.327297,
        "max": 42.776824,
        "median": 18.401864
    },
    "process_energy_analysis": {
        "total": 4.309792894084296,
        "per_repetition": 8.619585788168593e-09
    }
}