{
    "timestamp_analysis": {
        "mean": 0.035355424880981444,
        "std": 0.001499155002372897,
        "min": 0.0321965217590332,
        "max": 0.037993431091308594,
        "median": 0.03538966178894043,
        "running_time": 0.7072367668151855
    },
    "host_energy_analysis": {
        "total": 13.546629988670828,
        "per_repetition": 0.0001354662998867083
    },
    "host_power_analysis": {
        "mean": 19.055021476190475,
        "std": 4.969101119161036,
        "min": 9.973664,
        "max": 27.961516,
        "median": 19.721018
    },
    "process_energy_analysis": {
        "total": 0.2642403517075741,
        "per_repetition": 2.642403517075741e-06
    }
}