[
    {
        "host": {
            "consumption": 15689034.0,
            "timestamp": 1721775082.683856,
            "components": {
                "disks": [
                    {
                        "disk_type": "SSD",
                        "disk_mount_point": "/etc/hosts",
                        "disk_is_removable": false,
                        "disk_file_system": "ext4",
                        "disk_total_bytes": "33634926592",
                        "disk_available_bytes": "9861308416",
                        "disk_name": "/dev/nvme0n1p4"
                    }
                ]
            }
        },
        "consumers": [
            {
                "exe": "/usr/local/bin/scaphandre",
                "cmdline": "/usr/local/bin/scaphandrejson-s0--step-nano10000000-f/home/ce-p2-r-1/21/power.json",
                "pid": 467842,
                "resources_usage": null,
                "consumption": 360667.44,
                "timestamp": 1721775082.683765,
                "container": null
            },
            {
                "exe": "/usr/sbin/ntpd",
                "cmdline": "/usr/sbin/ntpd-p/var/run/ntpd.pid-g-u115:121",
                "pid": 902,
                "resources_usage": null,
                "consumption": 90166.86,
                "timestamp": 1721775082.6837783,
                "container": null
            },
            {
                "exe": "/usr/lib/systemd/systemd-journald",
                "cmdline": "/lib/systemd/systemd-journald",
                "pid": 440,
                "resources_usage": null,
                "consumption": 90166.86,
                "timestamp": 1721775082.683788,
                "container": null
            },
            {
                "exe": "",
                "cmdline": "",
                "pid": 56,
                "resources_usage": null,
                "consumption": 0.0,
                "timestamp": 1721775082.6837277,
                "container": null
            },
            {
                "exe": "",
                "cmdline": "",
                "pid": 63,
                "resources_usage": null,
                "consumption": 0.0,
                "timestamp": 1721775082.6837287,
                "container": null
            },
            {
                "exe": "",
                "cmdline": "",
                "pid": 39,
                "resources_usage": null,
                "consumption": 0.0,
                "timestamp": 1721775082.6837292,
                "container": null
            },
            {
                "exe": "",
                "cmdline": "",
                "pid": 50,
                "resources_usage": null,
                "consumption": 0.0,
                "timestamp": 1721775082.6837294,
                "container": null
            },
            {
                "exe": "",
                "cmdline": "",
                "pid": 64,
                "resources_usage": null,
                "consumption": 0.0,
                "timestamp": 1721775082.68373,
                "container": null
            },
            {
                "exe": "",
                "cmdline": "",
                "pid": 459156,
                "resources_usage": null,
                "consumption": 0.0,
                "timestamp": 1721775082.6837301,
                "container": null
            },
            {
                "exe": "",
                "cmdline": "",
                "pid": 240,
                "resources_usage": null,
                "consumption": 0.0,
                "timestamp": 1721775082.6837306,
                "container": null
            }
        ],
        "sockets": [
            {
                "id": 0,
                "consumption": 9091291.0,
                "domains": [
                    {
                        "name": "uncore",
                        "consumption": 0.0,
                        "timestamp": 1721775082.6648667
                    },
                    {
                        "name": "core",
                        "consumption": 6641432.0,
                        "timestamp": 1721775082.6648529
                    }
                ],
                "timestamp": 1721775082.6647248
            }
        ]
    },
    {
        "host": {
            "consumption": 15418239.0,
            "timestamp": 1721775082.7188463,
            "components": {
                "disks": [
                    {
                        "disk_type": "SSD",
                        "disk_mount_point": "/etc/hosts",
                        "disk_is_removable": false,
                        "disk_file_system": "ext4",
                        "disk_total_bytes": "33634926592",
                        "disk_available_bytes": "9861312512",
                        "disk_name": "/dev/nvme0n1p4"
                    }
                ]
            }
        },
        "consumers": [
            {
                "exe": "/",
                "cmdline": "runcinit",
                "pid": 467977,
                "resources_usage": null,
                "consumption": 265831.7,
                "timestamp": 1721775082.718735,
                "container": null
            },
            {
                "exe": "/usr/local/bin/scaphandre",
                "cmdline": "/usr/local/bin/scaphandrejson-s0--step-nano10000000-f/home/ce-p2-r-1/21/power.json",
                "pid": 467842,
                "resources_usage": null,
                "consumption": 177221.14,
                "timestamp": 1721775082.718766,
                "container": null
            },
            {
                "exe": "/usr/bin/dockerd",
                "cmdline": "/usr/bin/dockerd-Hfd://--containerd=/run/containerd/containerd.sock",
                "pid": 1100,
                "resources_usage": null,
                "consumption": 88610.57,
                "timestamp": 1721775082.7187932,
                "container": null
            },
            {
                "exe": "",
                "cmdline": "",
                "pid": 56,
                "resources_usage": null,
                "consumption": 0.0,
                "timestamp": 1721775082.718725,
                "container": null
            },
            {
                "exe": "",
                "cmdline": "",
                "pid": 63,
                "resources_usage": null,
                "consumption": 0.0,
                "timestamp": 1721775082.718726,
                "container": null
            },
            {
                "exe": "",
                "cmdline": "",
                "pid": 39,
                "resources_usage": null,
                "consumption": 0.0,
                "timestamp": 1721775082.7187264,
                "container": null
            },
            {
                "exe": "",
                "cmdline": "",
                "pid": 50,
                "resources_usage": null,
                "consumption": 0.0,
                "timestamp": 1721775082.7187266,
                "container": null
            },
            {
                "exe": "",
                "cmdline": "",
                "pid": 64,
                "resources_usage": null,
                "consumption": 0.0,
                "timestamp": 1721775082.7187274,
                "container": null
            },
            {
                "exe": "",
                "cmdline": "",
                "pid": 459156,
                "resources_usage": null,
                "consumption": 0.0,
                "timestamp": 1721775082.7187276,
                "container": null
            },
            {
                "exe": "",
                "cmdline": "",
                "pid": 240,
                "resources_usage": null,
                "consumption": 0.0,
                "timestamp": 1721775082.7187278,
                "container": null
            }
        ],
        "sockets": [
            {
                "id": 0,
                "consumption": 16621225.0,
                "domains": [
                    {
                        "name": "uncore",
                        "consumption": 0.0,
                        "timestamp": 1721775082.7000854
                    },
                    {
                        "name": "core",
                        "consumption": 13566677.0,
                        "timestamp": 1721775082.7000747
                    }
                ],
                "timestamp": 1721775082.6999514
            }
        ]
    },
    {
        "host": {
            "consumption": 21372132.0,
            "timestamp": 1721775082.7515712,
            "components": {
                "disks": [
                    {
                        "disk_type": "SSD",
                        "disk_mount_point": "/etc/hosts",
                        "disk_is_removable": false,
                        "disk_file_system": "ext4",
                        "disk_total_bytes": "33634926592",
                        "disk_available_bytes": "9861312512",
                        "disk_name": "/dev/nvme0n1p4"
                    }
                ]
            }
        },
        "consumers": [
            {
                "exe": "/usr/local/bin/scaphandre",
                "cmdline": "/usr/local/bin/scaphandrejson-s0--step-nano10000000-f/home/ce-p2-r-1/21/power.json",
                "pid": 467842,
                "resources_usage": null,
                "consumption": 354234.22,
                "timestamp": 1721775082.751498,
                "container": null
            },
            {
                "exe": "/",
                "cmdline": "runcinit",
                "pid": 467977,
                "resources_usage": null,
                "consumption": 354234.22,
                "timestamp": 1721775082.7514727,
                "container": null
            },
            {
                "exe": "",
                "cmdline": "",
                "pid": 56,
                "resources_usage": null,
                "consumption": 0.0,
                "timestamp": 1721775082.7514637,
                "container": null
            },
            {
                "exe": "",
                "cmdline": "",
                "pid": 63,
                "resources_usage": null,
                "consumption": 0.0,
                "timestamp": 1721775082.7514648,
                "container": null
            },
            {
                "exe": "",
                "cmdline": "",
                "pid": 39,
                "resources_usage": null,
                "consumption": 0.0,
                "timestamp": 1721775082.751465,
                "container": null
            },
            {
                "exe": "",
                "cmdline": "",
                "pid": 50,
                "resources_usage": null,
                "consumption": 0.0,
                "timestamp": 1721775082.7514653,
                "container": null
            },
            {
                "exe": "",
                "cmdline": "",
                "pid": 64,
                "resources_usage": null,
                "consumption": 0.0,
                "timestamp": 1721775082.7514656,
                "container": null
            },
            {
                "exe": "",
                "cmdline": "",
                "pid": 459156,
                "resources_usage": null,
                "consumption": 0.0,
                "timestamp": 1721775082.7514658,
                "container": null
            },
            {
                "exe": "",
                "cmdline": "",
                "pid": 240,
                "resources_usage": null,
                "consumption": 0.0,
                "timestamp": 1721775082.751466,
                "container": null
            },
            {
                "exe": "",
                "cmdline": "",
                "pid": 458254,
                "resources_usage": null,
                "consumption": 0.0,
                "timestamp": 1721775082.7514663,
                "container": null
            }
        ],
        "sockets": [
            {
                "id": 0,
                "consumption": 17041480.0,
                "domains": [
                    {
                        "name": "uncore",
                        "consumption": 0.0,
                        "timestamp": 1721775082.7340727
                    },
                    {
                        "name": "core",
                        "consumption": 14188475.0,
                        "timestamp": 1721775082.7340584
                    }
                ],
                "timestamp": 1721775082.733944
            }
        ]
    },
    {
        "host": {
            "consumption": 22617598.0,
            "timestamp": 1721775082.7837677,
            "components": {
                "disks": [
                    {
                        "disk_type": "SSD",
                        "disk_mount_point": "/etc/hosts",
                        "disk_is_removable": false,
                        "disk_file_system": "ext4",
                        "disk_total_bytes": "33634926592",
                        "disk_available_bytes": "9861308416",
                        "disk_name": "/dev/nvme0n1p4"
                    }
                ]
            }
        },
        "consumers": [
            {
                "exe": "/",
                "cmdline": "runcinit",
                "pid": 467977,
                "resources_usage": null,
                "consumption": 499836.4,
                "timestamp": 1721775082.7836692,
                "container": null
            },
            {
                "exe": "/usr/local/bin/scaphandre",
                "cmdline": "/usr/local/bin/scaphandrejson-s0--step-nano10000000-f/home/ce-p2-r-1/21/power.json",
                "pid": 467842,
                "resources_usage": null,
                "consumption": 249918.2,
                "timestamp": 1721775082.7836945,
                "container": null
            },
            {
                "exe": "",
                "cmdline": "",
                "pid": 56,
                "resources_usage": null,
                "consumption": 0.0,
                "timestamp": 1721775082.7836607,
                "container": null
            },
            {
                "exe": "",
                "cmdline": "",
                "pid": 63,
                "resources_usage": null,
                "consumption": 0.0,
                "timestamp": 1721775082.7836616,
                "container": null
            },
            {
                "exe": "",
                "cmdline": "",
                "pid": 39,
                "resources_usage": null,
                "consumption": 0.0,
                "timestamp": 1721775082.7836618,
                "container": null
            },
            {
                "exe": "",
                "cmdline": "",
                "pid": 50,
                "resources_usage": null,
                "consumption": 0.0,
                "timestamp": 1721775082.7836623,
                "container": null
            },
            {
                "exe": "",
                "cmdline": "",
                "pid": 64,
                "resources_usage": null,
                "consumption": 0.0,
                "timestamp": 1721775082.7836626,
                "container": null
            },
            {
                "exe": "",
                "cmdline": "",
                "pid": 459156,
                "resources_usage": null,
                "consumption": 0.0,
                "timestamp": 1721775082.7836628,
                "container": null
            },
            {
                "exe": "",
                "cmdline": "",
                "pid": 240,
                "resources_usage": null,
                "consumption": 0.0,
                "timestamp": 1721775082.783663,
                "container": null
            },
            {
                "exe": "",
                "cmdline": "",
                "pid": 458254,
                "resources_usage": null,
                "consumption": 0.0,
                "timestamp": 1721775082.7836633,
                "container": null
            }
        ],
        "sockets": [
            {
                "id": 0,
                "consumption": 22965320.0,
                "domains": [
                    {
                        "name": "uncore",
                        "consumption": 0.0,
                        "timestamp": 1721775082.7666683
                    },
                    {
                        "name": "core",
                        "consumption": 20279008.0,
                        "timestamp": 1721775082.766657
                    }
                ],
                "timestamp": 1721775082.766546
            }
        ]
    },
    {
        "host": {
            "consumption": 27961516.0,
            "timestamp": 1721775082.8177564,
            "components": {
                "disks": [
                    {
                        "disk_type": "SSD",
                        "disk_mount_point": "/etc/hosts",
                        "disk_is_removable": false,
                        "disk_file_system": "ext4",
                        "disk_total_bytes": "33634926592",
                        "disk_available_bytes": "9861308416",
                        "disk_name": "/dev/nvme0n1p4"
                    }
                ]
            }
        },
        "consumers": [
            {
                "exe": "/",
                "cmdline": "runcinit",
                "pid": 467977,
                "resources_usage": null,
                "consumption": 463450.53,
                "timestamp": 1721775082.8176584,
                "container": null
            },
            {
                "exe": "/usr/local/bin/scaphandre",
                "cmdline": "/usr/local/bin/scaphandrejson-s0--step-nano10000000-f/home/ce-p2-r-1/21/power.json",
                "pid": 467842,
                "resources_usage": null,
                "consumption": 308967.03,
                "timestamp": 1721775082.8176844,
                "container": null
            },
            {
                "exe": "",
                "cmdline": "",
                "pid": 56,
                "resources_usage": null,
                "consumption": 0.0,
                "timestamp": 1721775082.817651,
                "container": null
            },
            {
                "exe": "",
                "cmdline": "",
                "pid": 63,
                "resources_usage": null,
                "consumption": 0.0,
                "timestamp": 1721775082.8176517,
                "container": null
            },
            {
                "exe": "",
                "cmdline": "",
                "pid": 39,
                "resources_usage": null,
                "consumption": 0.0,
                "timestamp": 1721775082.817652,
                "container": null
            },
            {
                "exe": "",
                "cmdline": "",
                "pid": 50,
                "resources_usage": null,
                "consumption": 0.0,
                "timestamp": 1721775082.8176525,
                "container": null
            },
            {
                "exe": "",
                "cmdline": "",
                "pid": 64,
                "resources_usage": null,
                "consumption": 0.0,
                "timestamp": 1721775082.8176527,
                "container": null
            },
            {
                "exe": "",
                "cmdline": "",
                "pid": 459156,
                "resources_usage": null,
                "consumption": 0.0,
                "timestamp": 1721775082.817653,
                "container": null
            },
            {
                "exe": "",
                "cmdline": "",
                "pid": 240,
                "resources_usage": null,
                "consumption": 0.0,
                "timestamp": 1721775082.8176532,
                "container": null
            },
            {
                "exe": "",
                "cmdline": "",
                "pid": 458254,
                "resources_usage": null,
                "consumption": 0.0,
                "timestamp": 1721775082.8176534,
                "container": null
            }
        ],
        "sockets": [
            {
                "id": 0,
                "consumption": 26076740.0,
                "domains": [
                    {
                        "name": "uncore",
                        "consumption": 0.0,
                        "timestamp": 1721775082.798934
                    },
                    {
                        "name": "core",
                        "consumption": 23417968.0,
                        "timestamp": 1721775082.7989235
                    }
                ],
                "timestamp": 1721775082.7988157
            }
        ]
    },
    {
        "host": {
            "consumption": 19721018.0,
            "timestamp": 1721775082.8515685,
            "components": {
                "disks": [
                    {
                        "disk_type": "SSD",
                        "disk_mount_point": "/etc/hosts",
                        "disk_is_removable": false,
                        "disk_file_system": "ext4",
                        "disk_total_bytes": "33634926592",
                        "disk_available_bytes": "9861304320",
                        "disk_name": "/dev/nvme0n1p4"
                    }
                ]
            }
        },
        "consumers": [
            {
                "exe": "/",
                "cmdline": "runcinit",
                "pid": 467977,
                "resources_usage": null,
                "consumption": 326867.7,
                "timestamp": 1721775082.85147,
                "container": null
            },
            {
                "exe": "/usr/local/bin/scaphandre",
                "cmdline": "/usr/local/bin/scaphandrejson-s0--step-nano10000000-f/home/ce-p2-r-1/21/power.json",
                "pid": 467842,
                "resources_usage": null,
                "consumption": 217911.8,
                "timestamp": 1721775082.8514943,
                "container": null
            },
            {
                "exe": "",
                "cmdline": "",
                "pid": 56,
                "resources_usage": null,
                "consumption": 0.0,
                "timestamp": 1721775082.8514621,
                "container": null
            },
            {
                "exe": "",
                "cmdline": "",
                "pid": 63,
                "resources_usage": null,
                "consumption": 0.0,
                "timestamp": 1721775082.851463,
                "container": null
            },
            {
                "exe": "",
                "cmdline": "",
                "pid": 39,
                "resources_usage": null,
                "consumption": 0.0,
                "timestamp": 1721775082.8514636,
                "container": null
            },
            {
                "exe": "",
                "cmdline": "",
                "pid": 50,
                "resources_usage": null,
                "consumption": 0.0,
                "timestamp": 1721775082.8514638,
                "container": null
            },
            {
                "exe": "",
                "cmdline": "",
                "pid": 64,
                "resources_usage": null,
                "consumption": 0.0,
                "timestamp": 1721775082.851464,
                "container": null
            },
            {
                "exe": "",
                "cmdline": "",
                "pid": 459156,
                "resources_usage": null,
                "consumption": 0.0,
                "timestamp": 1721775082.8514643,
                "container": null
            },
            {
                "exe": "",
                "cmdline": "",
                "pid": 240,
                "resources_usage": null,
                "consumption": 0.0,
                "timestamp": 1721775082.8514645,
                "container": null
            },
            {
                "exe": "",
                "cmdline": "",
                "pid": 458254,
                "resources_usage": null,
                "consumption": 0.0,
                "timestamp": 1721775082.8514647,
                "container": null
            }
        ],
        "sockets": [
            {
                "id": 0,
                "consumption": 22250624.0,
                "domains": [
                    {
                        "name": "uncore",
                        "consumption": 0.0,
                        "timestamp": 1721775082.8327906
                    },
                    {
                        "name": "core",
                        "consumption": 19972828.0,
                        "timestamp": 1721775082.8327768
                    }
                ],
                "timestamp": 1721775082.8326652
            }
        ]
    },
    {
        "host": {
            "consumption": 17223750.0,
            "timestamp": 1721775082.8865266,
            "components": {
                "disks": [
                    {
                        "disk_type": "SSD",
                        "disk_mount_point": "/etc/hosts",
                        "disk_is_removable": false,
                        "disk_file_system": "ext4",
                        "disk_total_bytes": "33634926592",
                        "disk_available_bytes": "9861304320",
                        "disk_name": "/dev/nvme0n1p4"
                    }
                ]
            }
        },
        "consumers": [
            {
                "exe": "/",
                "cmdline": "runcinit",
                "pid": 467977,
                "resources_usage": null,
                "consumption": 380635.34,
                "timestamp": 1721775082.8864257,
                "container": null
            },
            {
                "exe": "/usr/local/bin/scaphandre",
                "cmdline": "/usr/local/bin/scaphandrejson-s0--step-nano10000000-f/home/ce-p2-r-1/21/power.json",
                "pid": 467842,
                "resources_usage": null,
                "consumption": 95158.836,
                "timestamp": 1721775082.8864522,
                "container": null
            },
            {
                "exe": "",
                "cmdline": "",
                "pid": 56,
                "resources_usage": null,
                "consumption": 0.0,
                "timestamp": 1721775082.8864167,
                "container": null
            },
            {
                "exe": "",
                "cmdline": "",
                "pid": 63,
                "resources_usage": null,
                "consumption": 0.0,
                "timestamp": 1721775082.8864179,
                "container": null
            },
            {
                "exe": "",
                "cmdline": "",
                "pid": 39,
                "resources_usage": null,
                "consumption": 0.0,
                "timestamp": 1721775082.886418,
                "container": null
            },
            {
                "exe": "",
                "cmdline": "",
                "pid": 50,
                "resources_usage": null,
                "consumption": 0.0,
                "timestamp": 1721775082.8864183,
                "container": null
            },
            {
                "exe": "",
                "cmdline": "",
                "pid": 64,
                "resources_usage": null,
                "consumption": 0.0,
                "timestamp": 1721775082.8864188,
                "container": null
            },
            {
                "exe": "",
                "cmdline": "",
                "pid": 459156,
                "resources_usage": null,
                "consumption": 0.0,
                "timestamp": 1721775082.886419,
                "container": null
            },
            {
                "exe": "",
                "cmdline": "",
                "pid": 240,
                "resources_usage": null,
                "consumption": 0.0,
                "timestamp": 1721775082.8864193,
                "container": null
            },
            {
                "exe": "",
                "cmdline": "",
                "pid": 458254,
                "resources_usage": null,
                "consumption": 0.0,
                "timestamp": 1721775082.8864198,
                "container": null
            }
        ],
        "sockets": [
            {
                "id": 0,
                "consumption": 18955834.0,
                "domains": [
                    {
                        "name": "uncore",
                        "consumption": 0.0,
                        "timestamp": 1721775082.8666587
                    },
                    {
                        "name": "core",
                        "consumption": 16576483.0,
                        "timestamp": 1721775082.8666477
                    }
                ],
                "timestamp": 1721775082.866538
            }
        ]
    },
    {
        "host": {
            "consumption": 27497248.0,
            "timestamp": 1721775082.9214687,
            "components": {
                "disks": [
                    {
                        "disk_type": "SSD",
                        "disk_mount_point": "/etc/hosts",
                        "disk_is_removable": false,
                        "disk_file_system": "ext4",
                        "disk_total_bytes": "33634926592",
                        "disk_available_bytes": "9861304320",
                        "disk_name": "/dev/nvme0n1p4"
                    }
                ]
            }
        },
        "consumers": [
            {
                "exe": "/",
                "cmdline": "runcinit",
                "pid": 467977,
                "resources_usage": null,
                "consumption": 455755.5,
                "timestamp": 1721775082.9213717,
                "container": null
            },
            {
                "exe": "/usr/local/bin/scaphandre",
                "cmdline": "/usr/local/bin/scaphandrejson-s0--step-nano10000000-f/home/ce-p2-r-1/21/power.json",
                "pid": 467842,
                "resources_usage": null,
                "consumption": 151918.5,
                "timestamp": 1721775082.9213974,
                "container": null
            },
            {
                "exe": "",
                "cmdline": "",
                "pid": 56,
                "resources_usage": null,
                "consumption": 0.0,
                "timestamp": 1721775082.9213626,
                "container": null
            },
            {
                "exe": "",
                "cmdline": "",
                "pid": 63,
                "resources_usage": null,
                "consumption": 0.0,
                "timestamp": 1721775082.9213636,
                "container": null
            },
            {
                "exe": "",
                "cmdline": "",
                "pid": 39,
                "resources_usage": null,
                "consumption": 0.0,
                "timestamp": 1721775082.921364,
                "container": null
            },
            {
                "exe": "",
                "cmdline": "",
                "pid": 50,
                "resources_usage": null,
                "consumption": 0.0,
                "timestamp": 1721775082.9213643,
                "container": null
            },
            {
                "exe": "",
                "cmdline": "",
                "pid": 64,
                "resources_usage": null,
                "consumption": 0.0,
                "timestamp": 1721775082.9213648,
                "container": null
            },
            {
                "exe": "",
                "cmdline": "",
                "pid": 459156,
                "resources_usage": null,
                "consumption": 0.0,
                "timestamp": 1721775082.921365,
                "container": null
            },
            {
                "exe": "",
                "cmdline": "",
                "pid": 240,
                "resources_usage": null,
                "consumption": 0.0,
                "timestamp": 1721775082.921365,
                "container": null
            },
            {
                "exe": "",
                "cmdline": "",
                "pid": 458254,
                "resources_usage": null,
                "consumption": 0.0,
                "timestamp": 1721775082.9213655,
                "container": null
            }
        ],
        "sockets": [
            {
                "id": 0,
                "consumption": 23543526.0,
                "domains": [
                    {
                        "name": "uncore",
                        "consumption": 0.0,
                        "timestamp": 1721775082.901611
                    },
                    {
                        "name": "core",
                        "consumption": 21304028.0,
                        "timestamp": 1721775082.9015973
                    }
                ],
                "timestamp": 1721775082.9014866
            }
        ]
    },
    {
        "host": {
            "consumption": 16681456.0,
            "timestamp": 1721775082.9567657,
            "components": {
                "disks": [
                    {
                        "disk_type": "SSD",
                        "disk_mount_point": "/etc/hosts",
                        "disk_is_removable": false,
                        "disk_file_system": "ext4",
                        "disk_total_bytes": "33634926592",
                        "disk_available_bytes": "9861300224",
                        "disk_name": "/dev/nvme0n1p4"
                    }
                ]
            }
        },
        "consumers": [
            {
                "exe": "/",
                "cmdline": "runcinit",
                "pid": 467977,
                "resources_usage": null,
                "consumption": 399555.88,
                "timestamp": 1721775082.9566674,
                "container": null
            },
            {
                "exe": "/usr/local/bin/scaphandre",
                "cmdline": "/usr/local/bin/scaphandrejson-s0--step-nano10000000-f/home/ce-p2-r-1/21/power.json",
                "pid": 467842,
                "resources_usage": null,
                "consumption": 199777.94,
                "timestamp": 1721775082.9566936,
                "container": null
            },
            {
                "exe": "",
                "cmdline": "",
                "pid": 56,
                "resources_usage": null,
                "consumption": 0.0,
                "timestamp": 1721775082.9566581,
                "container": null
            },
            {
                "exe": "",
                "cmdline": "",
                "pid": 63,
                "resources_usage": null,
                "consumption": 0.0,
                "timestamp": 1721775082.9566593,
                "container": null
            },
            {
                "exe": "",
                "cmdline": "",
                "pid": 39,
                "resources_usage": null,
                "consumption": 0.0,
                "timestamp": 1721775082.9566598,
                "container": null
            },
            {
                "exe": "",
                "cmdline": "",
                "pid": 50,
                "resources_usage": null,
                "consumption": 0.0,
                "timestamp": 1721775082.95666,
                "container": null
            },
            {
                "exe": "",
                "cmdline": "",
                "pid": 64,
                "resources_usage": null,
                "consumption": 0.0,
                "timestamp": 1721775082.9566603,
                "container": null
            },
            {
                "exe": "",
                "cmdline": "",
                "pid": 459156,
                "resources_usage": null,
                "consumption": 0.0,
                "timestamp": 1721775082.9566605,
                "container": null
            },
            {
                "exe": "",
                "cmdline": "",
                "pid": 240,
                "resources_usage": null,
                "consumption": 0.0,
                "timestamp": 1721775082.9566607,
                "container": null
            },
            {
                "exe": "",
                "cmdline": "",
                "pid": 458254,
                "resources_usage": null,
                "consumption": 0.0,
                "timestamp": 1721775082.956661,
                "container": null
            }
        ],
        "sockets": [
            {
                "id": 0,
                "consumption": 17144660.0,
                "domains": [
                    {
                        "name": "uncore",
                        "consumption": 0.0,
                        "timestamp": 1721775082.936656
                    },
                    {
                        "name": "core",
                        "consumption": 19760176.0,
                        "timestamp": 1721775082.9366426
                    }
                ],
                "timestamp": 1721775082.9365313
            }
        ]
    },
    {
        "host": {
            "consumption": 25060808.0,
            "timestamp": 1721775082.9920752,
            "components": {
                "disks": [
                    {
                        "disk_type": "SSD",
                        "disk_mount_point": "/etc/hosts",
                        "disk_is_removable": false,
                        "disk_file_system": "ext4",
                        "disk_total_bytes": "33634926592",
                        "disk_available_bytes": "9861300224",
                        "disk_name": "/dev/nvme0n1p4"
                    }
                ]
            }
        },
        "consumers": [
            {
                "exe": "/usr/local/bin/scaphandre",
                "cmdline": "/usr/local/bin/scaphandrejson-s0--step-nano10000000-f/home/ce-p2-r-1/21/power.json",
                "pid": 467842,
                "resources_usage": null,
                "consumption": 450194.2,
                "timestamp": 1721775082.9920042,
                "container": null
            },
            {
                "exe": "/",
                "cmdline": "runcinit",
                "pid": 467977,
                "resources_usage": null,
                "consumption": 450194.2,
                "timestamp": 1721775082.9919794,
                "container": null
            },
            {
                "exe": "/usr/lib/systemd/systemd",
                "cmdline": "/sbin/init",
                "pid": 1,
                "resources_usage": null,
                "consumption": 150064.73,
                "timestamp": 1721775082.9920228,
                "container": null
            },
            {
                "exe": "",
                "cmdline": "",
                "pid": 56,
                "resources_usage": null,
                "consumption": 0.0,
                "timestamp": 1721775082.991971,
                "container": null
            },
            {
                "exe": "",
                "cmdline": "",
                "pid": 63,
                "resources_usage": null,
                "consumption": 0.0,
                "timestamp": 1721775082.991972,
                "container": null
            },
            {
                "exe": "",
                "cmdline": "",
                "pid": 39,
                "resources_usage": null,
                "consumption": 0.0,
                "timestamp": 1721775082.9919722,
                "container": null
            },
            {
                "exe": "",
                "cmdline": "",
                "pid": 50,
                "resources_usage": null,
                "consumption": 0.0,
                "timestamp": 1721775082.9919724,
                "container": null
            },
            {
                "exe": "",
                "cmdline": "",
                "pid": 64,
                "resources_usage": null,
                "consumption": 0.0,
                "timestamp": 1721775082.991973,
                "container": null
            },
            {
                "exe": "",
                "cmdline": "",
                "pid": 459156,
                "resources_usage": null,
                "consumption": 0.0,
                "timestamp": 1721775082.9919732,
                "container": null
            },
            {
                "exe": "",
                "cmdline": "",
                "pid": 240,
                "resources_usage": null,
                "consumption": 0.0,
                "timestamp": 1721775082.9919734,
                "container": null
            }
        ],
        "sockets": [
            {
                "id": 0,
                "consumption": 28103988.0,
                "domains": [
                    {
                        "name": "uncore",
                        "consumption": 0.0,
                        "timestamp": 1721775082.9718611
                    },
                    {
                        "name": "core",
                        "consumption": 20827204.0,
                        "timestamp": 1721775082.9718502
                    }
                ],
                "timestamp": 1721775082.9717376
            }
        ]
    },
    {
        "host": {
            "consumption": 24890476.0,
            "timestamp": 1721775083.0276484,
            "components": {
                "disks": [
                    {
                        "disk_type": "SSD",
                        "disk_mount_point": "/etc/hosts",
                        "disk_is_removable": false,
                        "disk_file_system": "ext4",
                        "disk_total_bytes": "33634926592",
                        "disk_available_bytes": "9861296128",
                        "disk_name": "/dev/nvme0n1p4"
                    }
                ]
            }
        },
        "consumers": [
            {
                "exe": "/",
                "cmdline": "runcinit",
                "pid": 467977,
                "resources_usage": null,
                "consumption": 596179.1,
                "timestamp": 1721775083.0275488,
                "container": null
            },
            {
                "exe": "/usr/local/bin/scaphandre",
                "cmdline": "/usr/local/bin/scaphandrejson-s0--step-nano10000000-f/home/ce-p2-r-1/21/power.json",
                "pid": 467842,
                "resources_usage": null,
                "consumption": 298089.56,
                "timestamp": 1721775083.0275753,
                "container": null
            },
            {
                "exe": "",
                "cmdline": "",
                "pid": 56,
                "resources_usage": null,
                "consumption": 0.0,
                "timestamp": 1721775083.0275397,
                "container": null
            },
            {
                "exe": "",
                "cmdline": "",
                "pid": 63,
                "resources_usage": null,
                "consumption": 0.0,
                "timestamp": 1721775083.0275407,
                "container": null
            },
            {
                "exe": "",
                "cmdline": "",
                "pid": 39,
                "resources_usage": null,
                "consumption": 0.0,
                "timestamp": 1721775083.0275412,
                "container": null
            },
            {
                "exe": "",
                "cmdline": "",
                "pid": 50,
                "resources_usage": null,
                "consumption": 0.0,
                "timestamp": 1721775083.0275414,
                "container": null
            },
            {
                "exe": "",
                "cmdline": "",
                "pid": 64,
                "resources_usage": null,
                "consumption": 0.0,
                "timestamp": 1721775083.0275419,
                "container": null
            },
            {
                "exe": "",
                "cmdline": "",
                "pid": 459156,
                "resources_usage": null,
                "consumption": 0.0,
                "timestamp": 1721775083.027542,
                "container": null
            },
            {
                "exe": "",
                "cmdline": "",
                "pid": 240,
                "resources_usage": null,
                "consumption": 0.0,
                "timestamp": 1721775083.0275424,
                "container": null
            },
            {
                "exe": "",
                "cmdline": "",
                "pid": 458254,
                "resources_usage": null,
                "consumption": 0.0,
                "timestamp": 1721775083.0275426,
                "container": null
            }
        ],
        "sockets": [
            {
                "id": 0,
                "consumption": 18782284.0,
                "domains": [
                    {
                        "name": "uncore",
                        "consumption": 0.0,
                        "timestamp": 1721775083.007295
                    },
                    {
                        "name": "core",
                        "consumption": 16380958.0,
                        "timestamp": 1721775083.0072842
                    }
                ],
                "timestamp": 1721775083.0071778
            }
        ]
    },
    {
        "host": {
            "consumption": 13845484.0,
            "timestamp": 1721775083.0621257,
            "components": {
                "disks": [
                    {
                        "disk_type": "SSD",
                        "disk_mount_point": "/etc/hosts",
                        "disk_is_removable": false,
                        "disk_file_system": "ext4",
                        "disk_total_bytes": "33634926592",
                        "disk_available_bytes": "9861296128",
                        "disk_name": "/dev/nvme0n1p4"
                    }
                ]
            }
        },
        "consumers": [
            {
                "exe": "/",
                "cmdline": "runcinit",
                "pid": 467977,
                "resources_usage": null,
                "consumption": 248721.28,
                "timestamp": 1721775083.061835,
                "container": null
            },
            {
                "exe": "/usr/local/bin/scaphandre",
                "cmdline": "/usr/local/bin/scaphandrejson-s0--step-nano10000000-f/home/ce-p2-r-1/21/power.json",
                "pid": 467842,
                "resources_usage": null,
                "consumption": 165814.19,
                "timestamp": 1721775083.0618627,
                "container": null
            },
            {
                "exe": "",
                "cmdline": "",
                "pid": 56,
                "resources_usage": null,
                "consumption": 0.0,
                "timestamp": 1721775083.0618262,
                "container": null
            },
            {
                "exe": "",
                "cmdline": "",
                "pid": 63,
                "resources_usage": null,
                "consumption": 0.0,
                "timestamp": 1721775083.0618272,
                "container": null
            },
            {
                "exe": "",
                "cmdline": "",
                "pid": 39,
                "resources_usage": null,
                "consumption": 0.0,
                "timestamp": 1721775083.0618274,
                "container": null
            },
            {
                "exe": "",
                "cmdline": "",
                "pid": 50,
                "resources_usage": null,
                "consumption": 0.0,
                "timestamp": 1721775083.061828,
                "container": null
            },
            {
                "exe": "",
                "cmdline": "",
                "pid": 64,
                "resources_usage": null,
                "consumption": 0.0,
                "timestamp": 1721775083.0618281,
                "container": null
            },
            {
                "exe": "",
                "cmdline": "",
                "pid": 459156,
                "resources_usage": null,
                "consumption": 0.0,
                "timestamp": 1721775083.0618284,
                "container": null
            },
            {
                "exe": "",
                "cmdline": "",
                "pid": 240,
                "resources_usage": null,
                "consumption": 0.0,
                "timestamp": 1721775083.0618286,
                "container": null
            },
            {
                "exe": "",
                "cmdline": "",
                "pid": 458254,
                "resources_usage": null,
                "consumption": 0.0,
                "timestamp": 1721775083.0618286,
                "container": null
            }
        ],
        "sockets": [
            {
                "id": 0,
                "consumption": 25451928.0,
                "domains": [
                    {
                        "name": "uncore",
                        "consumption": 0.0,
                        "timestamp": 1721775083.042844
                    },
                    {
                        "name": "core",
                        "consumption": 22835176.0,
                        "timestamp": 1721775083.042833
                    }
                ],
                "timestamp": 1721775083.0427241
            }
        ]
    },
    {
        "host": {
            "consumption": 20334296.0,
            "timestamp": 1721775083.0980456,
            "components": {
                "disks": [
                    {
                        "disk_type": "SSD",
                        "disk_mount_point": "/etc/hosts",
                        "disk_is_removable": false,
                        "disk_file_system": "ext4",
                        "disk_total_bytes": "33634926592",
                        "disk_available_bytes": "9861292032",
                        "disk_name": "/dev/nvme0n1p4"
                    }
                ]
            }
        },
        "consumers": [
            {
                "exe": "/",
                "cmdline": "runcinit",
                "pid": 467977,
                "resources_usage": null,
                "consumption": 487049.06,
                "timestamp": 1721775083.097888,
                "container": null
            },
            {
                "exe": "/usr/local/bin/scaphandre",
                "cmdline": "/usr/local/bin/scaphandrejson-s0--step-nano10000000-f/home/ce-p2-r-1/21/power.json",
                "pid": 467842,
                "resources_usage": null,
                "consumption": 243524.53,
                "timestamp": 1721775083.097914,
                "container": null
            },
            {
                "exe": "",
                "cmdline": "",
                "pid": 56,
                "resources_usage": null,
                "consumption": 0.0,
                "timestamp": 1721775083.0978792,
                "container": null
            },
            {
                "exe": "",
                "cmdline": "",
                "pid": 63,
                "resources_usage": null,
                "consumption": 0.0,
                "timestamp": 1721775083.0978801,
                "container": null
            },
            {
                "exe": "",
                "cmdline": "",
                "pid": 39,
                "resources_usage": null,
                "consumption": 0.0,
                "timestamp": 1721775083.0978806,
                "container": null
            },
            {
                "exe": "",
                "cmdline": "",
                "pid": 50,
                "resources_usage": null,
                "consumption": 0.0,
                "timestamp": 1721775083.0978808,
                "container": null
            },
            {
                "exe": "",
                "cmdline": "",
                "pid": 64,
                "resources_usage": null,
                "consumption": 0.0,
                "timestamp": 1721775083.097881,
                "container": null
            },
            {
                "exe": "",
                "cmdline": "",
                "pid": 459156,
                "resources_usage": null,
                "consumption": 0.0,
                "timestamp": 1721775083.0978813,
                "container": null
            },
            {
                "exe": "",
                "cmdline": "",
                "pid": 240,
                "resources_usage": null,
                "consumption": 0.0,
                "timestamp": 1721775083.0978818,
                "container": null
            },
            {
                "exe": "",
                "cmdline": "",
                "pid": 458254,
                "resources_usage": null,
                "consumption": 0.0,
                "timestamp": 1721775083.097882,
                "container": null
            }
        ],
        "sockets": [
            {
                "id": 0,
                "consumption": 10340087.0,
                "domains": [
                    {
                        "name": "uncore",
                        "consumption": 0.0,
                        "timestamp": 1721775083.0778499
                    },
                    {
                        "name": "core",
                        "consumption": 7944871.0,
                        "timestamp": 1721775083.0776262
                    }
                ],
                "timestamp": 1721775083.0773497
            }
        ]
    },
    {
        "host": {
            "consumption": 9973664.0,
            "timestamp": 1721775083.1341023,
            "components": {
                "disks": [
                    {
                        "disk_type": "SSD",
                        "disk_mount_point": "/etc/hosts",
                        "disk_is_removable": false,
                        "disk_file_system": "ext4",
                        "disk_total_bytes": "33634926592",
                        "disk_available_bytes": "9861292032",
                        "disk_name": "/dev/nvme0n1p4"
                    }
                ]
            }
        },
        "consumers": [
            {
                "exe": "/",
                "cmdline": "runcinit",
                "pid": 467977,
                "resources_usage": null,
                "consumption": 179167.62,
                "timestamp": 1721775083.133798,
                "container": null
            },
            {
                "exe": "/usr/local/bin/scaphandre",
                "cmdline": "/usr/local/bin/scaphandrejson-s0--step-nano10000000-f/home/ce-p2-r-1/21/power.json",
                "pid": 467842,
                "resources_usage": null,
                "consumption": 59722.543,
                "timestamp": 1721775083.1338253,
                "container": null
            },
            {
                "exe": "",
                "cmdline": "",
                "pid": 56,
                "resources_usage": null,
                "consumption": 0.0,
                "timestamp": 1721775083.1337886,
                "container": null
            },
            {
                "exe": "",
                "cmdline": "",
                "pid": 63,
                "resources_usage": null,
                "consumption": 0.0,
                "timestamp": 1721775083.1337895,
                "container": null
            },
            {
                "exe": "",
                "cmdline": "",
                "pid": 39,
                "resources_usage": null,
                "consumption": 0.0,
                "timestamp": 1721775083.13379,
                "container": null
            },
            {
                "exe": "",
                "cmdline": "",
                "pid": 50,
                "resources_usage": null,
                "consumption": 0.0,
                "timestamp": 1721775083.1337905,
                "container": null
            },
            {
                "exe": "",
                "cmdline": "",
                "pid": 64,
                "resources_usage": null,
                "consumption": 0.0,
                "timestamp": 1721775083.1337905,
                "container": null
            },
            {
                "exe": "",
                "cmdline": "",
                "pid": 459156,
                "resources_usage": null,
                "consumption": 0.0,
                "timestamp": 1721775083.133791,
                "container": null
            },
            {
                "exe": "",
                "cmdline": "",
                "pid": 240,
                "resources_usage": null,
                "consumption": 0.0,
                "timestamp": 1721775083.1337914,
                "container": null
            },
            {
                "exe": "",
                "cmdline": "",
                "pid": 458254,
                "resources_usage": null,
                "consumption": 0.0,
                "timestamp": 1721775083.1337917,
                "container": null
            }
        ],
        "sockets": [
            {
                "id": 0,
                "consumption": 20305752.0,
                "domains": [
                    {
                        "name": "uncore",
                        "consumption": 0.0,
                        "timestamp": 1721775083.113914
                    },
                    {
                        "name": "core",
                        "consumption": 17995328.0,
                        "timestamp": 1721775083.1137378
                    }
                ],
                "timestamp": 1721775083.1134253
            }
        ]
    },
    {
        "host": {
            "consumption": 22273140.0,
            "timestamp": 1721775083.1698577,
            "components": {
                "disks": [
                    {
                        "disk_type": "SSD",
                        "disk_mount_point": "/etc/hosts",
                        "disk_is_removable": false,
                        "disk_file_system": "ext4",
                        "disk_total_bytes": "33634926592",
                        "disk_available_bytes": "9861287936",
                        "disk_name": "/dev/nvme0n1p4"
                    }
                ]
            }
        },
        "consumers": [
            {
                "exe": "/",
                "cmdline": "runcinit",
                "pid": 467977,
                "resources_usage": null,
                "consumption": 536702.2,
                "timestamp": 1721775083.1696944,
                "container": null
            },
            {
                "exe": "/usr/local/bin/scaphandre",
                "cmdline": "/usr/local/bin/scaphandrejson-s0--step-nano10000000-f/home/ce-p2-r-1/21/power.json",
                "pid": 467842,
                "resources_usage": null,
                "consumption": 268351.1,
                "timestamp": 1721775083.1697206,
                "container": null
            },
            {
                "exe": "",
                "cmdline": "",
                "pid": 56,
                "resources_usage": null,
                "consumption": 0.0,
                "timestamp": 1721775083.1696856,
                "container": null
            },
            {
                "exe": "",
                "cmdline": "",
                "pid": 63,
                "resources_usage": null,
                "consumption": 0.0,
                "timestamp": 1721775083.1696866,
                "container": null
            },
            {
                "exe": "",
                "cmdline": "",
                "pid": 39,
                "resources_usage": null,
                "consumption": 0.0,
                "timestamp": 1721775083.169687,
                "container": null
            },
            {
                "exe": "",
                "cmdline": "",
                "pid": 50,
                "resources_usage": null,
                "consumption": 0.0,
                "timestamp": 1721775083.1696873,
                "container": null
            },
            {
                "exe": "",
                "cmdline": "",
                "pid": 64,
                "resources_usage": null,
                "consumption": 0.0,
                "timestamp": 1721775083.1696875,
                "container": null
            },
            {
                "exe": "",
                "cmdline": "",
                "pid": 459156,
                "resources_usage": null,
                "consumption": 0.0,
                "timestamp": 1721775083.1696877,
                "container": null
            },
            {
                "exe": "",
                "cmdline": "",
                "pid": 240,
                "resources_usage": null,
                "consumption": 0.0,
                "timestamp": 1721775083.169688,
                "container": null
            },
            {
                "exe": "",
                "cmdline": "",
                "pid": 458254,
                "resources_usage": null,
                "consumption": 0.0,
                "timestamp": 1721775083.1696882,
                "container": null
            }
        ],
        "sockets": [
            {
                "id": 0,
                "consumption": 8600675.0,
                "domains": [
                    {
                        "name": "uncore",
                        "consumption": 0.0,
                        "timestamp": 1721775083.1498275
                    },
                    {
                        "name": "core",
                        "consumption": 6328322.0,
                        "timestamp": 1721775083.149597
                    }
                ],
                "timestamp": 1721775083.1493337
            }
        ]
    },
    {
        "host": {
            "consumption": 12557947.0,
            "timestamp": 1721775083.2056682,
            "components": {
                "disks": [
                    {
                        "disk_type": "SSD",
                        "disk_mount_point": "/etc/hosts",
                        "disk_is_removable": false,
                        "disk_file_system": "ext4",
                        "disk_total_bytes": "33634926592",
                        "disk_available_bytes": "9861287936",
                        "disk_name": "/dev/nvme0n1p4"
                    }
                ]
            }
        },
        "consumers": [
            {
                "exe": "/",
                "cmdline": "runcinit",
                "pid": 467977,
                "resources_usage": null,
                "consumption": 302601.12,
                "timestamp": 1721775083.205574,
                "container": null
            },
            {
                "exe": "/usr/local/bin/scaphandre",
                "cmdline": "/usr/local/bin/scaphandrejson-s0--step-nano10000000-f/home/ce-p2-r-1/21/power.json",
                "pid": 467842,
                "resources_usage": null,
                "consumption": 226950.83,
                "timestamp": 1721775083.2055995,
                "container": null
            },
            {
                "exe": "",
                "cmdline": "",
                "pid": 56,
                "resources_usage": null,
                "consumption": 0.0,
                "timestamp": 1721775083.2055652,
                "container": null
            },
            {
                "exe": "",
                "cmdline": "",
                "pid": 63,
                "resources_usage": null,
                "consumption": 0.0,
                "timestamp": 1721775083.2055662,
                "container": null
            },
            {
                "exe": "",
                "cmdline": "",
                "pid": 39,
                "resources_usage": null,
                "consumption": 0.0,
                "timestamp": 1721775083.2055666,
                "container": null
            },
            {
                "exe": "",
                "cmdline": "",
                "pid": 50,
                "resources_usage": null,
                "consumption": 0.0,
                "timestamp": 1721775083.205567,
                "container": null
            },
            {
                "exe": "",
                "cmdline": "",
                "pid": 64,
                "resources_usage": null,
                "consumption": 0.0,
                "timestamp": 1721775083.2055671,
                "container": null
            },
            {
                "exe": "",
                "cmdline": "",
                "pid": 459156,
                "resources_usage": null,
                "consumption": 0.0,
                "timestamp": 1721775083.2055674,
                "container": null
            },
            {
                "exe": "",
                "cmdline": "",
                "pid": 240,
                "resources_usage": null,
                "consumption": 0.0,
                "timestamp": 1721775083.2055676,
                "container": null
            },
            {
                "exe": "",
                "cmdline": "",
                "pid": 458254,
                "resources_usage": null,
                "consumption": 0.0,
                "timestamp": 1721775083.2055678,
                "container": null
            }
        ],
        "sockets": [
            {
                "id": 0,
                "consumption": 24506708.0,
                "domains": [
                    {
                        "name": "uncore",
                        "consumption": 0.0,
                        "timestamp": 1721775083.18563
                    },
                    {
                        "name": "core",
                        "consumption": 22161532.0,
                        "timestamp": 1721775083.185447
                    }
                ],
                "timestamp": 1721775083.1851377
            }
        ]
    },
    {
        "host": {
            "consumption": 17756496.0,
            "timestamp": 1721775083.2421246,
            "components": {
                "disks": [
                    {
                        "disk_type": "SSD",
                        "disk_mount_point": "/etc/hosts",
                        "disk_is_removable": false,
                        "disk_file_system": "ext4",
                        "disk_total_bytes": "33634926592",
                        "disk_available_bytes": "9861283840",
                        "disk_name": "/dev/nvme0n1p4"
                    }
                ]
            }
        },
        "consumers": [
            {
                "exe": "/",
                "cmdline": "runcinit",
                "pid": 467977,
                "resources_usage": null,
                "consumption": 320900.5,
                "timestamp": 1721775083.2419422,
                "container": null
            },
            {
                "exe": "/usr/local/bin/scaphandre",
                "cmdline": "/usr/local/bin/scaphandrejson-s0--step-nano10000000-f/home/ce-p2-r-1/21/power.json",
                "pid": 467842,
                "resources_usage": null,
                "consumption": 106966.836,
                "timestamp": 1721775083.2419772,
                "container": null
            },
            {
                "exe": "",
                "cmdline": "",
                "pid": 56,
                "resources_usage": null,
                "consumption": 0.0,
                "timestamp": 1721775083.2419305,
                "container": null
            },
            {
                "exe": "",
                "cmdline": "",
                "pid": 63,
                "resources_usage": null,
                "consumption": 0.0,
                "timestamp": 1721775083.2419317,
                "container": null
            },
            {
                "exe": "",
                "cmdline": "",
                "pid": 39,
                "resources_usage": null,
                "consumption": 0.0,
                "timestamp": 1721775083.2419322,
                "container": null
            },
            {
                "exe": "",
                "cmdline": "",
                "pid": 50,
                "resources_usage": null,
                "consumption": 0.0,
                "timestamp": 1721775083.2419326,
                "container": null
            },
            {
                "exe": "",
                "cmdline": "",
                "pid": 64,
                "resources_usage": null,
                "consumption": 0.0,
                "timestamp": 1721775083.241933,
                "container": null
            },
            {
                "exe": "",
                "cmdline": "",
                "pid": 459156,
                "resources_usage": null,
                "consumption": 0.0,
                "timestamp": 1721775083.2419333,
                "container": null
            },
            {
                "exe": "",
                "cmdline": "",
                "pid": 240,
                "resources_usage": null,
                "consumption": 0.0,
                "timestamp": 1721775083.2419336,
                "container": null
            },
            {
                "exe": "",
                "cmdline": "",
                "pid": 458254,
                "resources_usage": null,
                "consumption": 0.0,
                "timestamp": 1721775083.2419338,
                "container": null
            }
        ],
        "sockets": [
            {
                "id": 0,
                "consumption": 10942240.0,
                "domains": [
                    {
                        "name": "uncore",
                        "consumption": 0.0,
                        "timestamp": 1721775083.2207294
                    },
                    {
                        "name": "core",
                        "consumption": 8640881.0,
                        "timestamp": 1721775083.2207222
                    }
                ],
                "timestamp": 1721775083.220619
            }
        ]
    },
    {
        "host": {
            "consumption": 12667221.0,
            "timestamp": 1721775083.2797124,
            "components": {
                "disks": [
                    {
                        "disk_type": "SSD",
                        "disk_mount_point": "/etc/hosts",
                        "disk_is_removable": false,
                        "disk_file_system": "ext4",
                        "disk_total_bytes": "33634926592",
                        "disk_available_bytes": "9861283840",
                        "disk_name": "/dev/nvme0n1p4"
                    }
                ]
            }
        },
        "consumers": [
            {
                "exe": "/",
                "cmdline": "runcinit",
                "pid": 467977,
                "resources_usage": null,
                "consumption": 305234.22,
                "timestamp": 1721775083.2795336,
                "container": null
            },
            {
                "exe": "/usr/local/bin/scaphandre",
                "cmdline": "/usr/local/bin/scaphandrejson-s0--step-nano10000000-f/home/ce-p2-r-1/21/power.json",
                "pid": 467842,
                "resources_usage": null,
                "consumption": 152617.11,
                "timestamp": 1721775083.2795703,
                "container": null
            },
            {
                "exe": "",
                "cmdline": "",
                "pid": 56,
                "resources_usage": null,
                "consumption": 0.0,
                "timestamp": 1721775083.2795231,
                "container": null
            },
            {
                "exe": "",
                "cmdline": "",
                "pid": 63,
                "resources_usage": null,
                "consumption": 0.0,
                "timestamp": 1721775083.279524,
                "container": null
            },
            {
                "exe": "",
                "cmdline": "",
                "pid": 39,
                "resources_usage": null,
                "consumption": 0.0,
                "timestamp": 1721775083.2795246,
                "container": null
            },
            {
                "exe": "",
                "cmdline": "",
                "pid": 50,
                "resources_usage": null,
                "consumption": 0.0,
                "timestamp": 1721775083.2795248,
                "container": null
            },
            {
                "exe": "",
                "cmdline": "",
                "pid": 64,
                "resources_usage": null,
                "consumption": 0.0,
                "timestamp": 1721775083.279525,
                "container": null
            },
            {
                "exe": "",
                "cmdline": "",
                "pid": 459156,
                "resources_usage": null,
                "consumption": 0.0,
                "timestamp": 1721775083.2795253,
                "container": null
            },
            {
                "exe": "",
                "cmdline": "",
                "pid": 240,
                "resources_usage": null,
                "consumption": 0.0,
                "timestamp": 1721775083.2795258,
                "container": null
            },
            {
                "exe": "",
                "cmdline": "",
                "pid": 458254,
                "resources_usage": null,
                "consumption": 0.0,
                "timestamp": 1721775083.279526,
                "container": null
            }
        ],
        "sockets": [
            {
                "id": 0,
                "consumption": 19202772.0,
                "domains": [
                    {
                        "name": "uncore",
                        "consumption": 0.0,
                        "timestamp": 1721775083.2597659
                    },
                    {
                        "name": "core",
                        "consumption": 16904528.0,
                        "timestamp": 1721775083.2597525
                    }
                ],
                "timestamp": 1721775083.2595708
            }
        ]
    },
    {
        "host": {
            "consumption": 20109686.0,
            "timestamp": 1721775083.3177059,
            "components": {
                "disks": [
                    {
                        "disk_type": "SSD",
                        "disk_mount_point": "/etc/hosts",
                        "disk_is_removable": false,
                        "disk_file_system": "ext4",
                        "disk_total_bytes": "33634926592",
                        "disk_available_bytes": "9861279744",
                        "disk_name": "/dev/nvme0n1p4"
                    }
                ]
            }
        },
        "consumers": [
            {
                "exe": "/",
                "cmdline": "runcinit",
                "pid": 467977,
                "resources_usage": null,
                "consumption": 484570.72,
                "timestamp": 1721775083.3175313,
                "container": null
            },
            {
                "exe": "/usr/local/bin/scaphandre",
                "cmdline": "/usr/local/bin/scaphandrejson-s0--step-nano10000000-f/home/ce-p2-r-1/21/power.json",
                "pid": 467842,
                "resources_usage": null,
                "consumption": 363428.03,
                "timestamp": 1721775083.3175654,
                "container": null
            },
            {
                "exe": "",
                "cmdline": "",
                "pid": 56,
                "resources_usage": null,
                "consumption": 0.0,
                "timestamp": 1721775083.3175206,
                "container": null
            },
            {
                "exe": "",
                "cmdline": "",
                "pid": 63,
                "resources_usage": null,
                "consumption": 0.0,
                "timestamp": 1721775083.3175218,
                "container": null
            },
            {
                "exe": "",
                "cmdline": "",
                "pid": 39,
                "resources_usage": null,
                "consumption": 0.0,
                "timestamp": 1721775083.3175223,
                "container": null
            },
            {
                "exe": "",
                "cmdline": "",
                "pid": 50,
                "resources_usage": null,
                "consumption": 0.0,
                "timestamp": 1721775083.3175225,
                "container": null
            },
            {
                "exe": "",
                "cmdline": "",
                "pid": 64,
                "resources_usage": null,
                "consumption": 0.0,
                "timestamp": 1721775083.3175228,
                "container": null
            },
            {
                "exe": "",
                "cmdline": "",
                "pid": 459156,
                "resources_usage": null,
                "consumption": 0.0,
                "timestamp": 1721775083.3175232,
                "container": null
            },
            {
                "exe": "",
                "cmdline": "",
                "pid": 240,
                "resources_usage": null,
                "consumption": 0.0,
                "timestamp": 1721775083.3175235,
                "container": null
            },
            {
                "exe": "",
                "cmdline": "",
                "pid": 458254,
                "resources_usage": null,
                "consumption": 0.0,
                "timestamp": 1721775083.317524,
                "container": null
            }
        ],
        "sockets": [
            {
                "id": 0,
                "consumption": 20426440.0,
                "domains": [
                    {
                        "name": "uncore",
                        "consumption": 0.0,
                        "timestamp": 1721775083.2976708
                    },
                    {
                        "name": "core",
                        "consumption": 18053198.0,
                        "timestamp": 1721775083.297601
                    }
                ],
                "timestamp": 1721775083.2973964
            }
        ]
    },
    {
        "host": {
            "consumption": 20738648.0,
            "timestamp": 1721775083.3554947,
            "components": {
                "disks": [
                    {
                        "disk_type": "SSD",
                        "disk_mount_point": "/etc/hosts",
                        "disk_is_removable": false,
                        "disk_file_system": "ext4",
                        "disk_total_bytes": "33634926592",
                        "disk_available_bytes": "9861279744",
                        "disk_name": "/dev/nvme0n1p4"
                    }
                ]
            }
        },
        "consumers": [
            {
                "exe": "/",
                "cmdline": "runcinit",
                "pid": 467977,
                "resources_usage": null,
                "consumption": 374794.8,
                "timestamp": 1721775083.3553083,
                "container": null
            },
            {
                "exe": "/usr/local/bin/scaphandre",
                "cmdline": "/usr/local/bin/scaphandrejson-s0--step-nano10000000-f/home/ce-p2-r-1/21/power.json",
                "pid": 467842,
                "resources_usage": null,
                "consumption": 249863.2,
                "timestamp": 1721775083.3553433,
                "container": null
            },
            {
                "exe": "",
                "cmdline": "",
                "pid": 56,
                "resources_usage": null,
                "consumption": 0.0,
                "timestamp": 1721775083.3552976,
                "container": null
            },
            {
                "exe": "",
                "cmdline": "",
                "pid": 63,
                "resources_usage": null,
                "consumption": 0.0,
                "timestamp": 1721775083.3552985,
                "container": null
            },
            {
                "exe": "",
                "cmdline": "",
                "pid": 39,
                "resources_usage": null,
                "consumption": 0.0,
                "timestamp": 1721775083.3552988,
                "container": null
            },
            {
                "exe": "",
                "cmdline": "",
                "pid": 50,
                "resources_usage": null,
                "consumption": 0.0,
                "timestamp": 1721775083.355299,
                "container": null
            },
            {
                "exe": "",
                "cmdline": "",
                "pid": 64,
                "resources_usage": null,
                "consumption": 0.0,
                "timestamp": 1721775083.3552995,
                "container": null
            },
            {
                "exe": "",
                "cmdline": "",
                "pid": 459156,
                "resources_usage": null,
                "consumption": 0.0,
                "timestamp": 1721775083.3552997,
                "container": null
            },
            {
                "exe": "",
                "cmdline": "",
                "pid": 240,
                "resources_usage": null,
                "consumption": 0.0,
                "timestamp": 1721775083.3553,
                "container": null
            },
            {
                "exe": "",
                "cmdline": "",
                "pid": 458254,
                "resources_usage": null,
                "consumption": 0.0,
                "timestamp": 1721775083.3553004,
                "container": null
            }
        ],
        "sockets": [
            {
                "id": 0,
                "consumption": 14718008.0,
                "domains": [
                    {
                        "name": "uncore",
                        "consumption": 0.0,
                        "timestamp": 1721775083.3354237
                    },
                    {
                        "name": "core",
                        "consumption": 12458896.0,
                        "timestamp": 1721775083.3354108
                    }
                ],
                "timestamp": 1721775083.3352416
            }
        ]
    },
    {
        "host": {
            "consumption": 15765594.0,
            "timestamp": 1721775083.3909645,
            "components": {
                "disks": [
                    {
                        "disk_type": "SSD",
                        "disk_mount_point": "/etc/hosts",
                        "disk_is_removable": false,
                        "disk_file_system": "ext4",
                        "disk_total_bytes": "33634926592",
                        "disk_available_bytes": "9861279744",
                        "disk_name": "/dev/nvme0n1p4"
                    }
                ]
            }
        },
        "consumers": [
            {
                "exe": "/",
                "cmdline": "runcinit",
                "pid": 467977,
                "resources_usage": null,
                "consumption": 354283.0,
                "timestamp": 1721775083.390871,
                "container": null
            },
            {
                "exe": "/usr/local/bin/scaphandre",
                "cmdline": "/usr/local/bin/scaphandrejson-s0--step-nano10000000-f/home/ce-p2-r-1/21/power.json",
                "pid": 467842,
                "resources_usage": null,
                "consumption": 265712.25,
                "timestamp": 1721775083.3908966,
                "container": null
            },
            {
                "exe": "",
                "cmdline": "",
                "pid": 56,
                "resources_usage": null,
                "consumption": 0.0,
                "timestamp": 1721775083.3908622,
                "container": null
            },
            {
                "exe": "",
                "cmdline": "",
                "pid": 63,
                "resources_usage": null,
                "consumption": 0.0,
                "timestamp": 1721775083.3908637,
                "container": null
            },
            {
                "exe": "",
                "cmdline": "",
                "pid": 39,
                "resources_usage": null,
                "consumption": 0.0,
                "timestamp": 1721775083.390864,
                "container": null
            },
            {
                "exe": "",
                "cmdline": "",
                "pid": 50,
                "resources_usage": null,
                "consumption": 0.0,
                "timestamp": 1721775083.3908641,
                "container": null
            },
            {
                "exe": "",
                "cmdline": "",
                "pid": 64,
                "resources_usage": null,
                "consumption": 0.0,
                "timestamp": 1721775083.3908646,
                "container": null
            },
            {
                "exe": "",
                "cmdline": "",
                "pid": 459156,
                "resources_usage": null,
                "consumption": 0.0,
                "timestamp": 1721775083.3908648,
                "container": null
            },
            {
                "exe": "",
                "cmdline": "",
                "pid": 240,
                "resources_usage": null,
                "consumption": 0.0,
                "timestamp": 1721775083.390865,
                "container": null
            },
            {
                "exe": "",
                "cmdline": "",
                "pid": 458254,
                "resources_usage": null,
                "consumption": 0.0,
                "timestamp": 1721775083.3908653,
                "container": null
            }
        ],
        "sockets": [
            {
                "id": 0,
                "consumption": 23807506.0,
                "domains": [
                    {
                        "name": "uncore",
                        "consumption": 0.0,
                        "timestamp": 1721775083.3710768
                    },
                    {
                        "name": "core",
                        "consumption": 21559760.0,
                        "timestamp": 1721775083.3710697
                    }
                ],
                "timestamp": 1721775083.3709512
            }
        ]
    }
]