{
    "timestamp_analysis": {
        "mean": 0.03469857434246028,
        "std": 0.0017433151321095345,
        "min": 0.03108382225036621,
        "max": 0.042348623275756836,
        "median": 0.034424424171447754,
        "running_time": 7.4256134033203125
    },
    "host_energy_analysis": {
        "total": 141.8176943502424,
        "per_repetition": 0.0002836353887004848
    },
    "host_power_analysis": {
        "mean": 19.14404980465116,
        "std": 5.445158440052963,
        "min": 6.991455,
        "max": 36.228092,
        "median": 18.663644
    },
    "process_energy_analysis": {
        "total": 3.023276954576616,
        "per_repetition": 6.046553909153232e-06
    }
}