{
    "timestamp_analysis": {
        "mean": 0.03664001358879937,
        "std": 0.011206833577998536,
        "min": 0.032867431640625,
        "max": 0.16475749015808105,
        "median": 0.03539681434631348,
        "running_time": 4.9465320110321045
    },
    "host_energy_analysis": {
        "total": 96.20689657987572,
        "per_repetition": 3.206896552662524e-06
    },
    "host_power_analysis": {
        "mean": 19.335481926470585,
        "std": 5.68475673502899,
        "min": 7.453322,
        "max": 38.835804,
        "median": 18.881558
    },
    "process_energy_analysis": {
        "total": 2.2611409896556296,
        "per_repetition": 7.537136632185432e-08
    }
}