{
    "timestamp_analysis": {
        "mean": 0.0357920893370875,
        "std": 0.018197954289048836,
        "min": 0.031426429748535156,
        "max": 0.3263418674468994,
        "median": 0.034407615661621094,
        "running_time": 9.270278930664062
    },
    "host_energy_analysis": {
        "total": 162.76551368402494,
        "per_repetition": 0.0016276551368402494
    },
    "host_power_analysis": {
        "mean": 17.590302215384614,
        "std": 4.934677062766079,
        "min": 7.556426,
        "max": 32.785516,
        "median": 17.204734000000002
    },
    "process_energy_analysis": {
        "total": 3.6394908125535856,
        "per_repetition": 3.6394908125535854e-05
    }
}