{
    "timestamp_analysis": {
        "mean": 0.03558477111484693,
        "std": 0.0023579020470864856,
        "min": 0.03231072425842285,
        "max": 0.0423886775970459,
        "median": 0.035036563873291016,
        "running_time": 0.8185534477233887
    },
    "host_energy_analysis": {
        "total": 14.363725495904681,
        "per_repetition": 0.004787908498634893
    },
    "host_power_analysis": {
        "mean": 17.873521083333333,
        "std": 4.868081749272473,
        "min": 7.997355,
        "max": 25.162396,
        "median": 17.862215
    },
    "process_energy_analysis": {
        "total": 0.2962189652174866,
        "per_repetition": 9.873965507249553e-05
    }
}