{
    "timestamp_analysis": {
        "mean": 0.0349581840609716,
        "std": 0.004234765331971673,
        "min": 0.03174233436584473,
        "max": 0.13109254837036133,
        "median": 0.034349918365478516,
        "running_time": 21.149839878082275
    },
    "host_energy_analysis": {
        "total": 420.93962283948946,
        "per_repetition": 1.4031320761316315e-05
    },
    "host_power_analysis": {
        "mean": 19.882673425742578,
        "std": 5.401348147732922,
        "min": 8.276077,
        "max": 41.367376,
        "median": 19.320545
    },
    "process_energy_analysis": {
        "total": 9.349096453783478,
        "per_repetition": 3.116365484594493e-07
    }
}