{
    "timestamp_analysis": {
        "mean": 0.03468394359575808,
        "std": 0.0016445905089507537,
        "min": 0.031205177307128906,
        "max": 0.04357552528381348,
        "median": 0.034345388412475586,
        "running_time": 30.97286057472229
    },
    "host_energy_analysis": {
        "total": 527.0440799668895,
        "per_repetition": 1.7568135998896317e-05
    },
    "host_power_analysis": {
        "mean": 17.020795702460852,
        "std": 4.611332932093197,
        "min": 4.420576,
        "max": 33.688636,
        "median": 17.121692
    },
    "process_energy_analysis": {
        "total": 11.026091030262888,
        "per_repetition": 3.675363676754296e-07
    }
}