{
    "timestamp_analysis": {
        "mean": 0.0249497719131843,
        "std": 0.0016275361601232055,
        "min": 0.02167487144470215,
        "max": 0.03672170639038086,
        "median": 0.024679064750671387,
        "running_time": 16.317318201065063
    },
    "host_energy_analysis": {
        "total": 311.64199018141073,
        "per_repetition": 6.232839803628214e-07
    },
    "host_power_analysis": {
        "mean": 19.108789146564888,
        "std": 6.019100674244339,
        "min": 4.377051,
        "max": 39.07013,
        "median": 18.81383
    },
    "process_energy_analysis": {
        "total": 4.706418162507211,
        "per_repetition": 9.412836325014422e-09
    }
}