{
    "timestamp_analysis": {
        "mean": 0.03515161342746747,
        "std": 0.0019072519627077445,
        "min": 0.030724287033081055,
        "max": 0.046530961990356445,
        "median": 0.034675002098083496,
        "running_time": 21.302002906799316
    },
    "host_energy_analysis": {
        "total": 417.55558880741404,
        "per_repetition": 1.3918519626913802e-05
    },
    "host_power_analysis": {
        "mean": 19.623798489291595,
        "std": 5.574758806547434,
        "min": 6.086448,
        "max": 49.145772,
        "median": 19.381432
    },
    "process_energy_analysis": {
        "total": 9.177955538310899,
        "per_repetition": 3.0593185127702994e-07
    }
}