{
    "timestamp_analysis": {
        "mean": 0.03546401858329773,
        "std": 0.0027571245932814683,
        "min": 0.03247189521789551,
        "max": 0.0438380241394043,
        "median": 0.035003662109375,
        "running_time": 0.8512575626373291
    },
    "host_energy_analysis": {
        "total": 18.152373685256244,
        "per_repetition": 0.006050791228418748
    },
    "host_power_analysis": {
        "mean": 21.03531412,
        "std": 4.749558880852922,
        "min": 12.47811,
        "max": 28.835856,
        "median": 21.140938
    },
    "process_energy_analysis": {
        "total": 0.37154365456910005,
        "per_repetition": 0.00012384788485636668
    }
}