{
    "timestamp_analysis": {
        "mean": 0.034488765632405,
        "std": 0.001681943425665898,
        "min": 0.031282663345336914,
        "max": 0.04273414611816406,
        "median": 0.03398168087005615,
        "running_time": 9.381113767623901
    },
    "host_energy_analysis": {
        "total": 164.59760287778522,
        "per_repetition": 0.0016459760287778522
    },
    "host_power_analysis": {
        "mean": 17.560552296703296,
        "std": 4.9007129947256525,
        "min": 6.206894,
        "max": 31.461532,
        "median": 17.405364
    },
    "process_energy_analysis": {
        "total": 3.3973620873007047,
        "per_repetition": 3.397362087300705e-05
    }
}