{
    "host_energy_total_shapiro": {
        "stat": 0.9547058130911708,
        "p": 0.22557357279918194
    },
    "host_energy_per_repetition_shapiro": {
        "stat": 0.9547058130911712,
        "p": 0.22557357279918716
    },
    "process_energy_total_shapiro": {
        "stat": 0.9765920481101257,
        "p": 0.7295326096029341
    },
    "process_energy_per_repetition_shapiro": {
        "stat": 0.9765920481101249,
        "p": 0.7295326096029104
    },
    "timestamp_running_time_shapiro": {
        "stat": 0.9267872346243697,
        "p": 0.040370583252552716
    },
    "host_power_mean_shapiro": {
        "stat": 0.9869209095711985,
        "p": 0.9652330986745637
    }
}