{
    "host_energy_total_shapiro": {
        "stat": 0.9547058130911708,
        "p": 0.22557357279918192
    },
    "host_energy_per_repetition_shapiro": {
        "stat": 0.9547058130911704,
        "p": 0.22557357279917642
    },
    "process_energy_total_shapiro": {
        "stat": 0.9765920481101257,
        "p": 0.7295326096029338
    },
    "process_energy_per_repetition_shapiro": {
        "stat": 0.9765920481101252,
        "p": 0.7295326096029219
    },
    "timestamp_running_time_shapiro": {
        "stat": 0.9267872346243694,
        "p": 0.040370583252551856
    },
    "host_power_mean_shapiro": {
        "stat": 0.986920909571198,
        "p": 0.9652330986745593
    }
}