{
    "timestamp_analysis": {
        "mean": 0.025004319786705857,
        "std": 0.0017888639989661727,
        "min": 0.022012710571289062,
        "max": 0.04082679748535156,
        "median": 0.024620532989501953,
        "running_time": 9.326807975769043
    },
    "host_energy_analysis": {
        "total": 172.5856077862601,
        "per_repetition": 3.4517121557252024e-07
    },
    "host_power_analysis": {
        "mean": 18.500008165775398,
        "std": 5.830383396419279,
        "min": 5.5022,
        "max": 38.029056,
        "median": 18.142672
    },
    "process_energy_analysis": {
        "total": 2.6379554447251503,
        "per_repetition": 5.275910889450301e-09
    }
}