{
    "timestamp_analysis": {
        "mean": 0.034987585724524733,
        "std": 0.001864420083328223,
        "min": 0.031462907791137695,
        "max": 0.04562044143676758,
        "median": 0.03464531898498535,
        "running_time": 7.417495250701904
    },
    "host_energy_analysis": {
        "total": 141.95356303180455,
        "per_repetition": 0.0002839071260636091
    },
    "host_power_analysis": {
        "mean": 19.166485953051644,
        "std": 5.0869481595443435,
        "min": 6.685043,
        "max": 33.867256,
        "median": 19.09832
    },
    "process_energy_analysis": {
        "total": 3.031933019237398,
        "per_repetition": 6.063866038474796e-06
    }
}