{
    "timestamp_analysis": {
        "mean": 0.03500890393629142,
        "std": 0.0014340622286018862,
        "min": 0.03251528739929199,
        "max": 0.042273759841918945,
        "median": 0.034856319427490234,
        "running_time": 4.936384916305542
    },
    "host_energy_analysis": {
        "total": 95.21278006238614,
        "per_repetition": 3.1737593354128714e-06
    },
    "host_power_analysis": {
        "mean": 19.24244947887324,
        "std": 5.2664995943720685,
        "min": 7.09883,
        "max": 36.418256,
        "median": 18.735254
    },
    "process_energy_analysis": {
        "total": 2.162991759586437,
        "per_repetition": 7.20997253195479e-08
    }
}