{
    "timestamp_analysis": {
        "mean": 0.03646358807881673,
        "std": 0.015055985756530034,
        "min": 0.03217196464538574,
        "max": 0.21841788291931152,
        "median": 0.03500330448150635,
        "running_time": 5.4696595668792725
    },
    "host_energy_analysis": {
        "total": 103.4640230716549,
        "per_repetition": 3.4488007690551635e-06
    },
    "host_power_analysis": {
        "mean": 19.002938006622518,
        "std": 5.538332513650237,
        "min": 6.4893,
        "max": 40.14062,
        "median": 18.743436
    },
    "process_energy_analysis": {
        "total": 2.416514879660295,
        "per_repetition": 8.055049598867651e-08
    }
}