{
    "timestamp_analysis": {
        "mean": 0.034959025610060916,
        "std": 0.001699812911441203,
        "min": 0.03181958198547363,
        "max": 0.04312539100646973,
        "median": 0.034571051597595215,
        "running_time": 7.341527938842773
    },
    "host_energy_analysis": {
        "total": 142.46462776147547,
        "per_repetition": 0.00028492925552295095
    },
    "host_power_analysis": {
        "mean": 19.39933864454976,
        "std": 5.722154839505293,
        "min": 8.778239,
        "max": 45.653428,
        "median": 19.01575
    },
    "process_energy_analysis": {
        "total": 3.1486857007192306,
        "per_repetition": 6.2973714014384615e-06
    }
}