{
    "timestamp_analysis": {
        "mean": 0.025325942501403537,
        "std": 0.002577146031481418,
        "min": 0.021899938583374023,
        "max": 0.07222318649291992,
        "median": 0.024697542190551758,
        "running_time": 16.99383306503296
    },
    "host_energy_analysis": {
        "total": 303.36439424480807,
        "per_repetition": 6.067287884896162e-07
    },
    "host_power_analysis": {
        "mean": 17.86382998809524,
        "std": 5.466380846470025,
        "min": 6.183473,
        "max": 32.602828,
        "median": 17.326108
    },
    "process_energy_analysis": {
        "total": 4.5912307523462275,
        "per_repetition": 9.182461504692456e-09
    }
}