{
    "timestamp_analysis": {
        "mean": 0.034986861916475515,
        "std": 0.0009543333208386158,
        "min": 0.033780574798583984,
        "max": 0.03962111473083496,
        "median": 0.034900665283203125,
        "running_time": 1.5045843124389648
    },
    "host_energy_analysis": {
        "total": 28.212330118225335,
        "per_repetition": 5.642466023645067e-05
    },
    "host_power_analysis": {
        "mean": 18.819124068181818,
        "std": 5.70682912689017,
        "min": 8.663394,
        "max": 33.154106,
        "median": 17.8247
    },
    "process_energy_analysis": {
        "total": 0.6105679044252872,
        "per_repetition": 1.2211358088505743e-06
    }
}