{
    "timestamp_analysis": {
        "mean": 0.02554859395499702,
        "std": 0.0018210615324880592,
        "min": 0.0212557315826416,
        "max": 0.03452754020690918,
        "median": 0.025095820426940918,
        "running_time": 11.343708276748657
    },
    "host_energy_analysis": {
        "total": 227.67901525062683,
        "per_repetition": 2.2767901525062682e-05
    },
    "host_power_analysis": {
        "mean": 20.079926957303375,
        "std": 6.449999882911941,
        "min": 5.98298,
        "max": 40.43976,
        "median": 19.701368
    },
    "process_energy_analysis": {
        "total": 3.5360198025612486,
        "per_repetition": 3.5360198025612484e-07
    }
}