{
    "timestamp_analysis": {
        "mean": 0.035306114360598696,
        "std": 0.0018499431553659527,
        "min": 0.03181171417236328,
        "max": 0.0430302619934082,
        "median": 0.035005807876586914,
        "running_time": 5.755116939544678
    },
    "host_energy_analysis": {
        "total": 106.50889464198423,
        "per_repetition": 3.550296488066141e-06
    },
    "host_power_analysis": {
        "mean": 18.5159332804878,
        "std": 5.626645282972224,
        "min": 7.962984,
        "max": 43.045564,
        "median": 17.560947
    },
    "process_energy_analysis": {
        "total": 2.3129892715775537,
        "per_repetition": 7.709964238591846e-08
    }
}