{
    "timestamp_analysis": {
        "mean": 0.035367143154144284,
        "std": 0.002338605940834238,
        "min": 0.03244781494140625,
        "max": 0.04154253005981445,
        "median": 0.035043954849243164,
        "running_time": 0.7074606418609619
    },
    "host_energy_analysis": {
        "total": 13.938123674372555,
        "per_repetition": 4.6460412247908516e-07
    },
    "host_power_analysis": {
        "mean": 19.77607819047619,
        "std": 4.113884834054735,
        "min": 13.406648,
        "max": 26.415152,
        "median": 20.134472
    },
    "process_energy_analysis": {
        "total": 0.2700623931591165,
        "per_repetition": 9.00207977197055e-09
    }
}