[
    {
        "host": {
            "consumption": 15573327.0,
            "timestamp": 1721774975.8018925,
            "components": {
                "disks": [
                    {
                        "disk_type": "SSD",
                        "disk_mount_point": "/etc/hosts",
                        "disk_is_removable": false,
                        "disk_file_system": "ext4",
                        "disk_total_bytes": "33634926592",
                        "disk_available_bytes": "9871724544",
                        "disk_name": "/dev/nvme0n1p4"
                    }
                ]
            }
        },
        "consumers": [
            {
                "exe": "/usr/local/bin/scaphandre",
                "cmdline": "/usr/local/bin/scaphandrejson-s0--step-nano10000000-f/home/ce-p2-r-1/18/power.json",
                "pid": 463783,
                "resources_usage": null,
                "consumption": 270057.7,
                "timestamp": 1721774975.8018475,
                "container": null
            },
            {
                "exe": "/usr/bin/containerd",
                "cmdline": "/usr/bin/containerd",
                "pid": 893,
                "resources_usage": null,
                "consumption": 90019.23,
                "timestamp": 1721774975.8018422,
                "container": null
            },
            {
                "exe": "/usr/bin/udevadm",
                "cmdline": "/lib/systemd/systemd-udevd",
                "pid": 463181,
                "resources_usage": null,
                "consumption": 0.0,
                "timestamp": 1721774975.8017747,
                "container": null
            },
            {
                "exe": "",
                "cmdline": "",
                "pid": 6,
                "resources_usage": null,
                "consumption": 0.0,
                "timestamp": 1721774975.801776,
                "container": null
            },
            {
                "exe": "",
                "cmdline": "",
                "pid": 40,
                "resources_usage": null,
                "consumption": 0.0,
                "timestamp": 1721774975.8017764,
                "container": null
            },
            {
                "exe": "",
                "cmdline": "",
                "pid": 458451,
                "resources_usage": null,
                "consumption": 0.0,
                "timestamp": 1721774975.801777,
                "container": null
            },
            {
                "exe": "/home/philipp/.vscode-server/extensions/ms-python.python-2024.10.0-linux-x64/python-env-tools/bin/pet",
                "cmdline": "/home/philipp/.vscode-server/extensions/ms-python.python-2024.10.0-linux-x64/python-env-tools/bin/petserver",
                "pid": 1927,
                "resources_usage": null,
                "consumption": 0.0,
                "timestamp": 1721774975.8017774,
                "container": null
            },
            {
                "exe": "",
                "cmdline": "",
                "pid": 428940,
                "resources_usage": null,
                "consumption": 0.0,
                "timestamp": 1721774975.8017778,
                "container": null
            },
            {
                "exe": "",
                "cmdline": "",
                "pid": 458362,
                "resources_usage": null,
                "consumption": 0.0,
                "timestamp": 1721774975.801778,
                "container": null
            },
            {
                "exe": "",
                "cmdline": "",
                "pid": 5,
                "resources_usage": null,
                "consumption": 0.0,
                "timestamp": 1721774975.8017786,
                "container": null
            }
        ],
        "sockets": [
            {
                "id": 0,
                "consumption": 8715488.0,
                "domains": [
                    {
                        "name": "uncore",
                        "consumption": 0.0,
                        "timestamp": 1721774975.7729988
                    },
                    {
                        "name": "core",
                        "consumption": 6398151.0,
                        "timestamp": 1721774975.7729871
                    }
                ],
                "timestamp": 1721774975.772846
            }
        ]
    },
    {
        "host": {
            "consumption": 19746360.0,
            "timestamp": 1721774975.834703,
            "components": {
                "disks": [
                    {
                        "disk_type": "SSD",
                        "disk_mount_point": "/etc/hosts",
                        "disk_is_removable": false,
                        "disk_file_system": "ext4",
                        "disk_total_bytes": "33634926592",
                        "disk_available_bytes": "9871724544",
                        "disk_name": "/dev/nvme0n1p4"
                    }
                ]
            }
        },
        "consumers": [
            {
                "exe": "/",
                "cmdline": "runcinit",
                "pid": 463854,
                "resources_usage": null,
                "consumption": 456563.22,
                "timestamp": 1721774975.8346024,
                "container": null
            },
            {
                "exe": "/usr/local/bin/scaphandre",
                "cmdline": "/usr/local/bin/scaphandrejson-s0--step-nano10000000-f/home/ce-p2-r-1/18/power.json",
                "pid": 463783,
                "resources_usage": null,
                "consumption": 228281.61,
                "timestamp": 1721774975.8346648,
                "container": null
            },
            {
                "exe": "/usr/bin/python3.10",
                "cmdline": "python3src/experiment/runner.pytest.yaml",
                "pid": 458168,
                "resources_usage": null,
                "consumption": 114140.805,
                "timestamp": 1721774975.8346589,
                "container": null
            },
            {
                "exe": "/usr/bin/udevadm",
                "cmdline": "/lib/systemd/systemd-udevd",
                "pid": 463181,
                "resources_usage": null,
                "consumption": 0.0,
                "timestamp": 1721774975.834593,
                "container": null
            },
            {
                "exe": "",
                "cmdline": "",
                "pid": 6,
                "resources_usage": null,
                "consumption": 0.0,
                "timestamp": 1721774975.8345942,
                "container": null
            },
            {
                "exe": "",
                "cmdline": "",
                "pid": 40,
                "resources_usage": null,
                "consumption": 0.0,
                "timestamp": 1721774975.8345945,
                "container": null
            },
            {
                "exe": "",
                "cmdline": "",
                "pid": 458451,
                "resources_usage": null,
                "consumption": 0.0,
                "timestamp": 1721774975.834595,
                "container": null
            },
            {
                "exe": "/home/philipp/.vscode-server/extensions/ms-python.python-2024.10.0-linux-x64/python-env-tools/bin/pet",
                "cmdline": "/home/philipp/.vscode-server/extensions/ms-python.python-2024.10.0-linux-x64/python-env-tools/bin/petserver",
                "pid": 1927,
                "resources_usage": null,
                "consumption": 0.0,
                "timestamp": 1721774975.8345952,
                "container": null
            },
            {
                "exe": "",
                "cmdline": "",
                "pid": 428940,
                "resources_usage": null,
                "consumption": 0.0,
                "timestamp": 1721774975.834596,
                "container": null
            },
            {
                "exe": "",
                "cmdline": "",
                "pid": 458362,
                "resources_usage": null,
                "consumption": 0.0,
                "timestamp": 1721774975.8345962,
                "container": null
            }
        ],
        "sockets": [
            {
                "id": 0,
                "consumption": 15134612.0,
                "domains": [
                    {
                        "name": "uncore",
                        "consumption": 0.0,
                        "timestamp": 1721774975.8180068
                    },
                    {
                        "name": "core",
                        "consumption": 12156482.0,
                        "timestamp": 1721774975.8179934
                    }
                ],
                "timestamp": 1721774975.8178763
            }
        ]
    },
    {
        "host": {
            "consumption": 17628832.0,
            "timestamp": 1721774975.8673656,
            "components": {
                "disks": [
                    {
                        "disk_type": "SSD",
                        "disk_mount_point": "/etc/hosts",
                        "disk_is_removable": false,
                        "disk_file_system": "ext4",
                        "disk_total_bytes": "33634926592",
                        "disk_available_bytes": "9871724544",
                        "disk_name": "/dev/nvme0n1p4"
                    }
                ]
            }
        },
        "consumers": [
            {
                "exe": "/",
                "cmdline": "runcinit",
                "pid": 463854,
                "resources_usage": null,
                "consumption": 305702.28,
                "timestamp": 1721774975.8672678,
                "container": null
            },
            {
                "exe": "/usr/local/bin/scaphandre",
                "cmdline": "/usr/local/bin/scaphandrejson-s0--step-nano10000000-f/home/ce-p2-r-1/18/power.json",
                "pid": 463783,
                "resources_usage": null,
                "consumption": 203801.5,
                "timestamp": 1721774975.867325,
                "container": null
            },
            {
                "exe": "/usr/bin/udevadm",
                "cmdline": "/lib/systemd/systemd-udevd",
                "pid": 463181,
                "resources_usage": null,
                "consumption": 0.0,
                "timestamp": 1721774975.8672595,
                "container": null
            },
            {
                "exe": "",
                "cmdline": "",
                "pid": 6,
                "resources_usage": null,
                "consumption": 0.0,
                "timestamp": 1721774975.8672605,
                "container": null
            },
            {
                "exe": "",
                "cmdline": "",
                "pid": 40,
                "resources_usage": null,
                "consumption": 0.0,
                "timestamp": 1721774975.8672607,
                "container": null
            },
            {
                "exe": "",
                "cmdline": "",
                "pid": 458451,
                "resources_usage": null,
                "consumption": 0.0,
                "timestamp": 1721774975.8672612,
                "container": null
            },
            {
                "exe": "/home/philipp/.vscode-server/extensions/ms-python.python-2024.10.0-linux-x64/python-env-tools/bin/pet",
                "cmdline": "/home/philipp/.vscode-server/extensions/ms-python.python-2024.10.0-linux-x64/python-env-tools/bin/petserver",
                "pid": 1927,
                "resources_usage": null,
                "consumption": 0.0,
                "timestamp": 1721774975.8672614,
                "container": null
            },
            {
                "exe": "",
                "cmdline": "",
                "pid": 428940,
                "resources_usage": null,
                "consumption": 0.0,
                "timestamp": 1721774975.867262,
                "container": null
            },
            {
                "exe": "",
                "cmdline": "",
                "pid": 458362,
                "resources_usage": null,
                "consumption": 0.0,
                "timestamp": 1721774975.8672621,
                "container": null
            },
            {
                "exe": "",
                "cmdline": "",
                "pid": 5,
                "resources_usage": null,
                "consumption": 0.0,
                "timestamp": 1721774975.8672624,
                "container": null
            }
        ],
        "sockets": [
            {
                "id": 0,
                "consumption": 27025544.0,
                "domains": [
                    {
                        "name": "uncore",
                        "consumption": 0.0,
                        "timestamp": 1721774975.8497376
                    },
                    {
                        "name": "core",
                        "consumption": 24196962.0,
                        "timestamp": 1721774975.8497255
                    }
                ],
                "timestamp": 1721774975.849614
            }
        ]
    },
    {
        "host": {
            "consumption": 26415152.0,
            "timestamp": 1721774975.8998134,
            "components": {
                "disks": [
                    {
                        "disk_type": "SSD",
                        "disk_mount_point": "/etc/hosts",
                        "disk_is_removable": false,
                        "disk_file_system": "ext4",
                        "disk_total_bytes": "33634926592",
                        "disk_available_bytes": "9871720448",
                        "disk_name": "/dev/nvme0n1p4"
                    }
                ]
            }
        },
        "consumers": [
            {
                "exe": "/",
                "cmdline": "runcinit",
                "pid": 463854,
                "resources_usage": null,
                "consumption": 430681.84,
                "timestamp": 1721774975.8997145,
                "container": null
            },
            {
                "exe": "/usr/local/bin/scaphandre",
                "cmdline": "/usr/local/bin/scaphandrejson-s0--step-nano10000000-f/home/ce-p2-r-1/18/power.json",
                "pid": 463783,
                "resources_usage": null,
                "consumption": 143560.61,
                "timestamp": 1721774975.8997726,
                "container": null
            },
            {
                "exe": "/usr/bin/udevadm",
                "cmdline": "/lib/systemd/systemd-udevd",
                "pid": 463181,
                "resources_usage": null,
                "consumption": 0.0,
                "timestamp": 1721774975.8997061,
                "container": null
            },
            {
                "exe": "",
                "cmdline": "",
                "pid": 6,
                "resources_usage": null,
                "consumption": 0.0,
                "timestamp": 1721774975.899707,
                "container": null
            },
            {
                "exe": "",
                "cmdline": "",
                "pid": 40,
                "resources_usage": null,
                "consumption": 0.0,
                "timestamp": 1721774975.8997076,
                "container": null
            },
            {
                "exe": "",
                "cmdline": "",
                "pid": 458451,
                "resources_usage": null,
                "consumption": 0.0,
                "timestamp": 1721774975.899708,
                "container": null
            },
            {
                "exe": "/home/philipp/.vscode-server/extensions/ms-python.python-2024.10.0-linux-x64/python-env-tools/bin/pet",
                "cmdline": "/home/philipp/.vscode-server/extensions/ms-python.python-2024.10.0-linux-x64/python-env-tools/bin/petserver",
                "pid": 1927,
                "resources_usage": null,
                "consumption": 0.0,
                "timestamp": 1721774975.8997083,
                "container": null
            },
            {
                "exe": "",
                "cmdline": "",
                "pid": 428940,
                "resources_usage": null,
                "consumption": 0.0,
                "timestamp": 1721774975.8997087,
                "container": null
            },
            {
                "exe": "",
                "cmdline": "",
                "pid": 458362,
                "resources_usage": null,
                "consumption": 0.0,
                "timestamp": 1721774975.899709,
                "container": null
            },
            {
                "exe": "",
                "cmdline": "",
                "pid": 5,
                "resources_usage": null,
                "consumption": 0.0,
                "timestamp": 1721774975.8997092,
                "container": null
            }
        ],
        "sockets": [
            {
                "id": 0,
                "consumption": 22572084.0,
                "domains": [
                    {
                        "name": "uncore",
                        "consumption": 0.0,
                        "timestamp": 1721774975.8824475
                    },
                    {
                        "name": "core",
                        "consumption": 19750546.0,
                        "timestamp": 1721774975.8824363
                    }
                ],
                "timestamp": 1721774975.8823242
            }
        ]
    },
    {
        "host": {
            "consumption": 15791166.0,
            "timestamp": 1721774975.941356,
            "components": {
                "disks": [
                    {
                        "disk_type": "SSD",
                        "disk_mount_point": "/etc/hosts",
                        "disk_is_removable": false,
                        "disk_file_system": "ext4",
                        "disk_total_bytes": "33634926592",
                        "disk_available_bytes": "9871720448",
                        "disk_name": "/dev/nvme0n1p4"
                    }
                ]
            }
        },
        "consumers": [
            {
                "exe": "/",
                "cmdline": "runcinit",
                "pid": 463854,
                "resources_usage": null,
                "consumption": 343286.22,
                "timestamp": 1721774975.9412496,
                "container": null
            },
            {
                "exe": "/usr/local/bin/scaphandre",
                "cmdline": "/usr/local/bin/scaphandrejson-s0--step-nano10000000-f/home/ce-p2-r-1/18/power.json",
                "pid": 463783,
                "resources_usage": null,
                "consumption": 171643.11,
                "timestamp": 1721774975.9413092,
                "container": null
            },
            {
                "exe": "/usr/bin/udevadm",
                "cmdline": "/lib/systemd/systemd-udevd",
                "pid": 463181,
                "resources_usage": null,
                "consumption": 0.0,
                "timestamp": 1721774975.9412408,
                "container": null
            },
            {
                "exe": "",
                "cmdline": "",
                "pid": 6,
                "resources_usage": null,
                "consumption": 0.0,
                "timestamp": 1721774975.9412417,
                "container": null
            },
            {
                "exe": "",
                "cmdline": "",
                "pid": 40,
                "resources_usage": null,
                "consumption": 0.0,
                "timestamp": 1721774975.9412422,
                "container": null
            },
            {
                "exe": "",
                "cmdline": "",
                "pid": 458451,
                "resources_usage": null,
                "consumption": 0.0,
                "timestamp": 1721774975.9412425,
                "container": null
            },
            {
                "exe": "/home/philipp/.vscode-server/extensions/ms-python.python-2024.10.0-linux-x64/python-env-tools/bin/pet",
                "cmdline": "/home/philipp/.vscode-server/extensions/ms-python.python-2024.10.0-linux-x64/python-env-tools/bin/petserver",
                "pid": 1927,
                "resources_usage": null,
                "consumption": 0.0,
                "timestamp": 1721774975.9412427,
                "container": null
            },
            {
                "exe": "",
                "cmdline": "",
                "pid": 428940,
                "resources_usage": null,
                "consumption": 0.0,
                "timestamp": 1721774975.9412434,
                "container": null
            },
            {
                "exe": "",
                "cmdline": "",
                "pid": 458362,
                "resources_usage": null,
                "consumption": 0.0,
                "timestamp": 1721774975.9412436,
                "container": null
            },
            {
                "exe": "",
                "cmdline": "",
                "pid": 5,
                "resources_usage": null,
                "consumption": 0.0,
                "timestamp": 1721774975.941244,
                "container": null
            }
        ],
        "sockets": [
            {
                "id": 0,
                "consumption": 15591557.0,
                "domains": [
                    {
                        "name": "uncore",
                        "consumption": 0.0,
                        "timestamp": 1721774975.915044
                    },
                    {
                        "name": "core",
                        "consumption": 13116211.0,
                        "timestamp": 1721774975.9150333
                    }
                ],
                "timestamp": 1721774975.9149213
            }
        ]
    },
    {
        "host": {
            "consumption": 13406648.0,
            "timestamp": 1721774975.975737,
            "components": {
                "disks": [
                    {
                        "disk_type": "SSD",
                        "disk_mount_point": "/etc/hosts",
                        "disk_is_removable": false,
                        "disk_file_system": "ext4",
                        "disk_total_bytes": "33634926592",
                        "disk_available_bytes": "9871716352",
                        "disk_name": "/dev/nvme0n1p4"
                    }
                ]
            }
        },
        "consumers": [
            {
                "exe": "/",
                "cmdline": "runcinit",
                "pid": 463854,
                "resources_usage": null,
                "consumption": 291448.88,
                "timestamp": 1721774975.9756315,
                "container": null
            },
            {
                "exe": "/usr/local/bin/scaphandre",
                "cmdline": "/usr/local/bin/scaphandrejson-s0--step-nano10000000-f/home/ce-p2-r-1/18/power.json",
                "pid": 463783,
                "resources_usage": null,
                "consumption": 218586.64,
                "timestamp": 1721774975.9756918,
                "container": null
            },
            {
                "exe": "/usr/bin/udevadm",
                "cmdline": "/lib/systemd/systemd-udevd",
                "pid": 463181,
                "resources_usage": null,
                "consumption": 0.0,
                "timestamp": 1721774975.9756222,
                "container": null
            },
            {
                "exe": "",
                "cmdline": "",
                "pid": 6,
                "resources_usage": null,
                "consumption": 0.0,
                "timestamp": 1721774975.9756234,
                "container": null
            },
            {
                "exe": "",
                "cmdline": "",
                "pid": 40,
                "resources_usage": null,
                "consumption": 0.0,
                "timestamp": 1721774975.9756238,
                "container": null
            },
            {
                "exe": "",
                "cmdline": "",
                "pid": 458451,
                "resources_usage": null,
                "consumption": 0.0,
                "timestamp": 1721774975.975624,
                "container": null
            },
            {
                "exe": "/home/philipp/.vscode-server/extensions/ms-python.python-2024.10.0-linux-x64/python-env-tools/bin/pet",
                "cmdline": "/home/philipp/.vscode-server/extensions/ms-python.python-2024.10.0-linux-x64/python-env-tools/bin/petserver",
                "pid": 1927,
                "resources_usage": null,
                "consumption": 0.0,
                "timestamp": 1721774975.9756243,
                "container": null
            },
            {
                "exe": "",
                "cmdline": "",
                "pid": 428940,
                "resources_usage": null,
                "consumption": 0.0,
                "timestamp": 1721774975.975625,
                "container": null
            },
            {
                "exe": "",
                "cmdline": "",
                "pid": 458362,
                "resources_usage": null,
                "consumption": 0.0,
                "timestamp": 1721774975.9756253,
                "container": null
            },
            {
                "exe": "",
                "cmdline": "",
                "pid": 5,
                "resources_usage": null,
                "consumption": 0.0,
                "timestamp": 1721774975.9756255,
                "container": null
            }
        ],
        "sockets": [
            {
                "id": 0,
                "consumption": 15700730.0,
                "domains": [
                    {
                        "name": "uncore",
                        "consumption": 0.0,
                        "timestamp": 1721774975.9566705
                    },
                    {
                        "name": "core",
                        "consumption": 13384372.0,
                        "timestamp": 1721774975.9566586
                    }
                ],
                "timestamp": 1721774975.9565475
            }
        ]
    },
    {
        "host": {
            "consumption": 21980924.0,
            "timestamp": 1721774976.0099463,
            "components": {
                "disks": [
                    {
                        "disk_type": "SSD",
                        "disk_mount_point": "/etc/hosts",
                        "disk_is_removable": false,
                        "disk_file_system": "ext4",
                        "disk_total_bytes": "33634926592",
                        "disk_available_bytes": "9871716352",
                        "disk_name": "/dev/nvme0n1p4"
                    }
                ]
            }
        },
        "consumers": [
            {
                "exe": "/",
                "cmdline": "runcinit",
                "pid": 463854,
                "resources_usage": null,
                "consumption": 358384.62,
                "timestamp": 1721774976.0098445,
                "container": null
            },
            {
                "exe": "/usr/local/bin/scaphandre",
                "cmdline": "/usr/local/bin/scaphandrejson-s0--step-nano10000000-f/home/ce-p2-r-1/18/power.json",
                "pid": 463783,
                "resources_usage": null,
                "consumption": 119461.55,
                "timestamp": 1721774976.009905,
                "container": null
            },
            {
                "exe": "/usr/bin/udevadm",
                "cmdline": "/lib/systemd/systemd-udevd",
                "pid": 463181,
                "resources_usage": null,
                "consumption": 0.0,
                "timestamp": 1721774976.0098362,
                "container": null
            },
            {
                "exe": "",
                "cmdline": "",
                "pid": 6,
                "resources_usage": null,
                "consumption": 0.0,
                "timestamp": 1721774976.0098374,
                "container": null
            },
            {
                "exe": "",
                "cmdline": "",
                "pid": 40,
                "resources_usage": null,
                "consumption": 0.0,
                "timestamp": 1721774976.0098379,
                "container": null
            },
            {
                "exe": "",
                "cmdline": "",
                "pid": 458451,
                "resources_usage": null,
                "consumption": 0.0,
                "timestamp": 1721774976.009838,
                "container": null
            },
            {
                "exe": "/home/philipp/.vscode-server/extensions/ms-python.python-2024.10.0-linux-x64/python-env-tools/bin/pet",
                "cmdline": "/home/philipp/.vscode-server/extensions/ms-python.python-2024.10.0-linux-x64/python-env-tools/bin/petserver",
                "pid": 1927,
                "resources_usage": null,
                "consumption": 0.0,
                "timestamp": 1721774976.0098383,
                "container": null
            },
            {
                "exe": "",
                "cmdline": "",
                "pid": 428940,
                "resources_usage": null,
                "consumption": 0.0,
                "timestamp": 1721774976.009839,
                "container": null
            },
            {
                "exe": "",
                "cmdline": "",
                "pid": 458362,
                "resources_usage": null,
                "consumption": 0.0,
                "timestamp": 1721774976.0098393,
                "container": null
            },
            {
                "exe": "",
                "cmdline": "",
                "pid": 5,
                "resources_usage": null,
                "consumption": 0.0,
                "timestamp": 1721774976.0098395,
                "container": null
            }
        ],
        "sockets": [
            {
                "id": 0,
                "consumption": 18127248.0,
                "domains": [
                    {
                        "name": "uncore",
                        "consumption": 0.0,
                        "timestamp": 1721774975.9910374
                    },
                    {
                        "name": "core",
                        "consumption": 15908595.0,
                        "timestamp": 1721774975.9910269
                    }
                ],
                "timestamp": 1721774975.9909148
            }
        ]
    },
    {
        "host": {
            "consumption": 20134472.0,
            "timestamp": 1721774976.044113,
            "components": {
                "disks": [
                    {
                        "disk_type": "SSD",
                        "disk_mount_point": "/etc/hosts",
                        "disk_is_removable": false,
                        "disk_file_system": "ext4",
                        "disk_total_bytes": "33634926592",
                        "disk_available_bytes": "9871712256",
                        "disk_name": "/dev/nvme0n1p4"
                    }
                ]
            }
        },
        "consumers": [
            {
                "exe": "/",
                "cmdline": "runcinit",
                "pid": 463854,
                "resources_usage": null,
                "consumption": 437705.94,
                "timestamp": 1721774976.0440042,
                "container": null
            },
            {
                "exe": "/usr/local/bin/scaphandre",
                "cmdline": "/usr/local/bin/scaphandrejson-s0--step-nano10000000-f/home/ce-p2-r-1/18/power.json",
                "pid": 463783,
                "resources_usage": null,
                "consumption": 218852.97,
                "timestamp": 1721774976.044067,
                "container": null
            },
            {
                "exe": "/usr/bin/udevadm",
                "cmdline": "/lib/systemd/systemd-udevd",
                "pid": 463181,
                "resources_usage": null,
                "consumption": 0.0,
                "timestamp": 1721774976.043995,
                "container": null
            },
            {
                "exe": "",
                "cmdline": "",
                "pid": 6,
                "resources_usage": null,
                "consumption": 0.0,
                "timestamp": 1721774976.0439959,
                "container": null
            },
            {
                "exe": "",
                "cmdline": "",
                "pid": 40,
                "resources_usage": null,
                "consumption": 0.0,
                "timestamp": 1721774976.0439963,
                "container": null
            },
            {
                "exe": "",
                "cmdline": "",
                "pid": 458451,
                "resources_usage": null,
                "consumption": 0.0,
                "timestamp": 1721774976.0439968,
                "container": null
            },
            {
                "exe": "/home/philipp/.vscode-server/extensions/ms-python.python-2024.10.0-linux-x64/python-env-tools/bin/pet",
                "cmdline": "/home/philipp/.vscode-server/extensions/ms-python.python-2024.10.0-linux-x64/python-env-tools/bin/petserver",
                "pid": 1927,
                "resources_usage": null,
                "consumption": 0.0,
                "timestamp": 1721774976.043997,
                "container": null
            },
            {
                "exe": "",
                "cmdline": "",
                "pid": 428940,
                "resources_usage": null,
                "consumption": 0.0,
                "timestamp": 1721774976.0439978,
                "container": null
            },
            {
                "exe": "",
                "cmdline": "",
                "pid": 458362,
                "resources_usage": null,
                "consumption": 0.0,
                "timestamp": 1721774976.043998,
                "container": null
            },
            {
                "exe": "",
                "cmdline": "",
                "pid": 5,
                "resources_usage": null,
                "consumption": 0.0,
                "timestamp": 1721774976.0439982,
                "container": null
            }
        ],
        "sockets": [
            {
                "id": 0,
                "consumption": 20826478.0,
                "domains": [
                    {
                        "name": "uncore",
                        "consumption": 0.0,
                        "timestamp": 1721774976.0255618
                    },
                    {
                        "name": "core",
                        "consumption": 18627784.0,
                        "timestamp": 1721774976.0255487
                    }
                ],
                "timestamp": 1721774976.025429
            }
        ]
    },
    {
        "host": {
            "consumption": 20643928.0,
            "timestamp": 1721774976.0779507,
            "components": {
                "disks": [
                    {
                        "disk_type": "SSD",
                        "disk_mount_point": "/etc/hosts",
                        "disk_is_removable": false,
                        "disk_file_system": "ext4",
                        "disk_total_bytes": "33634926592",
                        "disk_available_bytes": "9871712256",
                        "disk_name": "/dev/nvme0n1p4"
                    }
                ]
            }
        },
        "consumers": [
            {
                "exe": "/",
                "cmdline": "runcinit",
                "pid": 463854,
                "resources_usage": null,
                "consumption": 336585.75,
                "timestamp": 1721774976.0778484,
                "container": null
            },
            {
                "exe": "/usr/local/bin/scaphandre",
                "cmdline": "/usr/local/bin/scaphandrejson-s0--step-nano10000000-f/home/ce-p2-r-1/18/power.json",
                "pid": 463783,
                "resources_usage": null,
                "consumption": 224390.5,
                "timestamp": 1721774976.077907,
                "container": null
            },
            {
                "exe": "/usr/bin/udevadm",
                "cmdline": "/lib/systemd/systemd-udevd",
                "pid": 463181,
                "resources_usage": null,
                "consumption": 0.0,
                "timestamp": 1721774976.0778399,
                "container": null
            },
            {
                "exe": "",
                "cmdline": "",
                "pid": 6,
                "resources_usage": null,
                "consumption": 0.0,
                "timestamp": 1721774976.0778408,
                "container": null
            },
            {
                "exe": "",
                "cmdline": "",
                "pid": 40,
                "resources_usage": null,
                "consumption": 0.0,
                "timestamp": 1721774976.0778413,
                "container": null
            },
            {
                "exe": "",
                "cmdline": "",
                "pid": 458451,
                "resources_usage": null,
                "consumption": 0.0,
                "timestamp": 1721774976.0778415,
                "container": null
            },
            {
                "exe": "/home/philipp/.vscode-server/extensions/ms-python.python-2024.10.0-linux-x64/python-env-tools/bin/pet",
                "cmdline": "/home/philipp/.vscode-server/extensions/ms-python.python-2024.10.0-linux-x64/python-env-tools/bin/petserver",
                "pid": 1927,
                "resources_usage": null,
                "consumption": 0.0,
                "timestamp": 1721774976.0778418,
                "container": null
            },
            {
                "exe": "",
                "cmdline": "",
                "pid": 428940,
                "resources_usage": null,
                "consumption": 0.0,
                "timestamp": 1721774976.0778422,
                "container": null
            },
            {
                "exe": "",
                "cmdline": "",
                "pid": 458362,
                "resources_usage": null,
                "consumption": 0.0,
                "timestamp": 1721774976.0778427,
                "container": null
            },
            {
                "exe": "",
                "cmdline": "",
                "pid": 5,
                "resources_usage": null,
                "consumption": 0.0,
                "timestamp": 1721774976.077843,
                "container": null
            }
        ],
        "sockets": [
            {
                "id": 0,
                "consumption": 20090894.0,
                "domains": [
                    {
                        "name": "uncore",
                        "consumption": 0.0,
                        "timestamp": 1721774976.0594916
                    },
                    {
                        "name": "core",
                        "consumption": 17816308.0,
                        "timestamp": 1721774976.0594811
                    }
                ],
                "timestamp": 1721774976.059372
            }
        ]
    },
    {
        "host": {
            "consumption": 22028748.0,
            "timestamp": 1721774976.1117532,
            "components": {
                "disks": [
                    {
                        "disk_type": "SSD",
                        "disk_mount_point": "/etc/hosts",
                        "disk_is_removable": false,
                        "disk_file_system": "ext4",
                        "disk_total_bytes": "33634926592",
                        "disk_available_bytes": "9871708160",
                        "disk_name": "/dev/nvme0n1p4"
                    }
                ]
            }
        },
        "consumers": [
            {
                "exe": "/",
                "cmdline": "runcinit",
                "pid": 463854,
                "resources_usage": null,
                "consumption": 530813.2,
                "timestamp": 1721774976.1116521,
                "container": null
            },
            {
                "exe": "/usr/local/bin/scaphandre",
                "cmdline": "/usr/local/bin/scaphandrejson-s0--step-nano10000000-f/home/ce-p2-r-1/18/power.json",
                "pid": 463783,
                "resources_usage": null,
                "consumption": 265406.6,
                "timestamp": 1721774976.1117098,
                "container": null
            },
            {
                "exe": "/usr/bin/udevadm",
                "cmdline": "/lib/systemd/systemd-udevd",
                "pid": 463181,
                "resources_usage": null,
                "consumption": 0.0,
                "timestamp": 1721774976.1116433,
                "container": null
            },
            {
                "exe": "",
                "cmdline": "",
                "pid": 6,
                "resources_usage": null,
                "consumption": 0.0,
                "timestamp": 1721774976.1116445,
                "container": null
            },
            {
                "exe": "",
                "cmdline": "",
                "pid": 40,
                "resources_usage": null,
                "consumption": 0.0,
                "timestamp": 1721774976.1116447,
                "container": null
            },
            {
                "exe": "",
                "cmdline": "",
                "pid": 458451,
                "resources_usage": null,
                "consumption": 0.0,
                "timestamp": 1721774976.1116452,
                "container": null
            },
            {
                "exe": "/home/philipp/.vscode-server/extensions/ms-python.python-2024.10.0-linux-x64/python-env-tools/bin/pet",
                "cmdline": "/home/philipp/.vscode-server/extensions/ms-python.python-2024.10.0-linux-x64/python-env-tools/bin/petserver",
                "pid": 1927,
                "resources_usage": null,
                "consumption": 0.0,
                "timestamp": 1721774976.1116455,
                "container": null
            },
            {
                "exe": "",
                "cmdline": "",
                "pid": 428940,
                "resources_usage": null,
                "consumption": 0.0,
                "timestamp": 1721774976.111646,
                "container": null
            },
            {
                "exe": "",
                "cmdline": "",
                "pid": 458362,
                "resources_usage": null,
                "consumption": 0.0,
                "timestamp": 1721774976.1116462,
                "container": null
            },
            {
                "exe": "",
                "cmdline": "",
                "pid": 5,
                "resources_usage": null,
                "consumption": 0.0,
                "timestamp": 1721774976.1116464,
                "container": null
            }
        ],
        "sockets": [
            {
                "id": 0,
                "consumption": 19007340.0,
                "domains": [
                    {
                        "name": "uncore",
                        "consumption": 0.0,
                        "timestamp": 1721774976.0933185
                    },
                    {
                        "name": "core",
                        "consumption": 16766868.0,
                        "timestamp": 1721774976.093306
                    }
                ],
                "timestamp": 1721774976.0931947
            }
        ]
    },
    {
        "host": {
            "consumption": 24172724.0,
            "timestamp": 1721774976.1471202,
            "components": {
                "disks": [
                    {
                        "disk_type": "SSD",
                        "disk_mount_point": "/etc/hosts",
                        "disk_is_removable": false,
                        "disk_file_system": "ext4",
                        "disk_total_bytes": "33634926592",
                        "disk_available_bytes": "9871708160",
                        "disk_name": "/dev/nvme0n1p4"
                    }
                ]
            }
        },
        "consumers": [
            {
                "exe": "/",
                "cmdline": "runcinit",
                "pid": 463854,
                "resources_usage": null,
                "consumption": 436856.4,
                "timestamp": 1721774976.147016,
                "container": null
            },
            {
                "exe": "/usr/local/bin/scaphandre",
                "cmdline": "/usr/local/bin/scaphandrejson-s0--step-nano10000000-f/home/ce-p2-r-1/18/power.json",
                "pid": 463783,
                "resources_usage": null,
                "consumption": 291237.6,
                "timestamp": 1721774976.1470754,
                "container": null
            },
            {
                "exe": "/usr/bin/udevadm",
                "cmdline": "/lib/systemd/systemd-udevd",
                "pid": 463181,
                "resources_usage": null,
                "consumption": 0.0,
                "timestamp": 1721774976.1470068,
                "container": null
            },
            {
                "exe": "",
                "cmdline": "",
                "pid": 6,
                "resources_usage": null,
                "consumption": 0.0,
                "timestamp": 1721774976.1470077,
                "container": null
            },
            {
                "exe": "",
                "cmdline": "",
                "pid": 40,
                "resources_usage": null,
                "consumption": 0.0,
                "timestamp": 1721774976.1470082,
                "container": null
            },
            {
                "exe": "",
                "cmdline": "",
                "pid": 458451,
                "resources_usage": null,
                "consumption": 0.0,
                "timestamp": 1721774976.1470087,
                "container": null
            },
            {
                "exe": "/home/philipp/.vscode-server/extensions/ms-python.python-2024.10.0-linux-x64/python-env-tools/bin/pet",
                "cmdline": "/home/philipp/.vscode-server/extensions/ms-python.python-2024.10.0-linux-x64/python-env-tools/bin/petserver",
                "pid": 1927,
                "resources_usage": null,
                "consumption": 0.0,
                "timestamp": 1721774976.147009,
                "container": null
            },
            {
                "exe": "",
                "cmdline": "",
                "pid": 428940,
                "resources_usage": null,
                "consumption": 0.0,
                "timestamp": 1721774976.1470094,
                "container": null
            },
            {
                "exe": "",
                "cmdline": "",
                "pid": 458362,
                "resources_usage": null,
                "consumption": 0.0,
                "timestamp": 1721774976.1470098,
                "container": null
            },
            {
                "exe": "",
                "cmdline": "",
                "pid": 5,
                "resources_usage": null,
                "consumption": 0.0,
                "timestamp": 1721774976.1470103,
                "container": null
            }
        ],
        "sockets": [
            {
                "id": 0,
                "consumption": 28598260.0,
                "domains": [
                    {
                        "name": "uncore",
                        "consumption": 0.0,
                        "timestamp": 1721774976.1270883
                    },
                    {
                        "name": "core",
                        "consumption": 26397864.0,
                        "timestamp": 1721774976.1270769
                    }
                ],
                "timestamp": 1721774976.1269538
            }
        ]
    },
    {
        "host": {
            "consumption": 24908074.0,
            "timestamp": 1721774976.1825655,
            "components": {
                "disks": [
                    {
                        "disk_type": "SSD",
                        "disk_mount_point": "/etc/hosts",
                        "disk_is_removable": false,
                        "disk_file_system": "ext4",
                        "disk_total_bytes": "33634926592",
                        "disk_available_bytes": "9871704064",
                        "disk_name": "/dev/nvme0n1p4"
                    }
                ]
            }
        },
        "consumers": [
            {
                "exe": "/",
                "cmdline": "runcinit",
                "pid": 463854,
                "resources_usage": null,
                "consumption": 450145.88,
                "timestamp": 1721774976.1824632,
                "container": null
            },
            {
                "exe": "/usr/local/bin/scaphandre",
                "cmdline": "/usr/local/bin/scaphandrejson-s0--step-nano10000000-f/home/ce-p2-r-1/18/power.json",
                "pid": 463783,
                "resources_usage": null,
                "consumption": 300097.25,
                "timestamp": 1721774976.1825233,
                "container": null
            },
            {
                "exe": "/usr/bin/udevadm",
                "cmdline": "/lib/systemd/systemd-udevd",
                "pid": 463181,
                "resources_usage": null,
                "consumption": 0.0,
                "timestamp": 1721774976.1824546,
                "container": null
            },
            {
                "exe": "",
                "cmdline": "",
                "pid": 6,
                "resources_usage": null,
                "consumption": 0.0,
                "timestamp": 1721774976.1824558,
                "container": null
            },
            {
                "exe": "",
                "cmdline": "",
                "pid": 40,
                "resources_usage": null,
                "consumption": 0.0,
                "timestamp": 1721774976.1824563,
                "container": null
            },
            {
                "exe": "",
                "cmdline": "",
                "pid": 458451,
                "resources_usage": null,
                "consumption": 0.0,
                "timestamp": 1721774976.1824567,
                "container": null
            },
            {
                "exe": "/home/philipp/.vscode-server/extensions/ms-python.python-2024.10.0-linux-x64/python-env-tools/bin/pet",
                "cmdline": "/home/philipp/.vscode-server/extensions/ms-python.python-2024.10.0-linux-x64/python-env-tools/bin/petserver",
                "pid": 1927,
                "resources_usage": null,
                "consumption": 0.0,
                "timestamp": 1721774976.1824572,
                "container": null
            },
            {
                "exe": "",
                "cmdline": "",
                "pid": 428940,
                "resources_usage": null,
                "consumption": 0.0,
                "timestamp": 1721774976.1824574,
                "container": null
            },
            {
                "exe": "",
                "cmdline": "",
                "pid": 458362,
                "resources_usage": null,
                "consumption": 0.0,
                "timestamp": 1721774976.182458,
                "container": null
            },
            {
                "exe": "",
                "cmdline": "",
                "pid": 5,
                "resources_usage": null,
                "consumption": 0.0,
                "timestamp": 1721774976.1824582,
                "container": null
            }
        ],
        "sockets": [
            {
                "id": 0,
                "consumption": 25336252.0,
                "domains": [
                    {
                        "name": "uncore",
                        "consumption": 0.0,
                        "timestamp": 1721774976.1627903
                    },
                    {
                        "name": "core",
                        "consumption": 23065184.0,
                        "timestamp": 1721774976.1627793
                    }
                ],
                "timestamp": 1721774976.1626697
            }
        ]
    },
    {
        "host": {
            "consumption": 17734604.0,
            "timestamp": 1721774976.2177486,
            "components": {
                "disks": [
                    {
                        "disk_type": "SSD",
                        "disk_mount_point": "/etc/hosts",
                        "disk_is_removable": false,
                        "disk_file_system": "ext4",
                        "disk_total_bytes": "33634926592",
                        "disk_available_bytes": "9871699968",
                        "disk_name": "/dev/nvme0n1p4"
                    }
                ]
            }
        },
        "consumers": [
            {
                "exe": "/",
                "cmdline": "runcinit",
                "pid": 463854,
                "resources_usage": null,
                "consumption": 427339.84,
                "timestamp": 1721774976.2176437,
                "container": null
            },
            {
                "exe": "/usr/local/bin/scaphandre",
                "cmdline": "/usr/local/bin/scaphandrejson-s0--step-nano10000000-f/home/ce-p2-r-1/18/power.json",
                "pid": 463783,
                "resources_usage": null,
                "consumption": 213669.92,
                "timestamp": 1721774976.2177052,
                "container": null
            },
            {
                "exe": "/usr/bin/udevadm",
                "cmdline": "/lib/systemd/systemd-udevd",
                "pid": 463181,
                "resources_usage": null,
                "consumption": 0.0,
                "timestamp": 1721774976.217635,
                "container": null
            },
            {
                "exe": "",
                "cmdline": "",
                "pid": 6,
                "resources_usage": null,
                "consumption": 0.0,
                "timestamp": 1721774976.217636,
                "container": null
            },
            {
                "exe": "",
                "cmdline": "",
                "pid": 40,
                "resources_usage": null,
                "consumption": 0.0,
                "timestamp": 1721774976.2176366,
                "container": null
            },
            {
                "exe": "",
                "cmdline": "",
                "pid": 458451,
                "resources_usage": null,
                "consumption": 0.0,
                "timestamp": 1721774976.2176373,
                "container": null
            },
            {
                "exe": "/home/philipp/.vscode-server/extensions/ms-python.python-2024.10.0-linux-x64/python-env-tools/bin/pet",
                "cmdline": "/home/philipp/.vscode-server/extensions/ms-python.python-2024.10.0-linux-x64/python-env-tools/bin/petserver",
                "pid": 1927,
                "resources_usage": null,
                "consumption": 0.0,
                "timestamp": 1721774976.2176375,
                "container": null
            },
            {
                "exe": "",
                "cmdline": "",
                "pid": 428940,
                "resources_usage": null,
                "consumption": 0.0,
                "timestamp": 1721774976.217638,
                "container": null
            },
            {
                "exe": "",
                "cmdline": "",
                "pid": 458362,
                "resources_usage": null,
                "consumption": 0.0,
                "timestamp": 1721774976.2176383,
                "container": null
            },
            {
                "exe": "",
                "cmdline": "",
                "pid": 5,
                "resources_usage": null,
                "consumption": 0.0,
                "timestamp": 1721774976.2176385,
                "container": null
            }
        ],
        "sockets": [
            {
                "id": 0,
                "consumption": 17118976.0,
                "domains": [
                    {
                        "name": "uncore",
                        "consumption": 0.0,
                        "timestamp": 1721774976.197938
                    },
                    {
                        "name": "core",
                        "consumption": 14896862.0,
                        "timestamp": 1721774976.1979249
                    }
                ],
                "timestamp": 1721774976.1978025
            }
        ]
    },
    {
        "host": {
            "consumption": 22514864.0,
            "timestamp": 1721774976.2530985,
            "components": {
                "disks": [
                    {
                        "disk_type": "SSD",
                        "disk_mount_point": "/etc/hosts",
                        "disk_is_removable": false,
                        "disk_file_system": "ext4",
                        "disk_total_bytes": "33634926592",
                        "disk_available_bytes": "9871699968",
                        "disk_name": "/dev/nvme0n1p4"
                    }
                ]
            }
        },
        "consumers": [
            {
                "exe": "/",
                "cmdline": "runcinit",
                "pid": 463854,
                "resources_usage": null,
                "consumption": 542526.8,
                "timestamp": 1721774976.2529924,
                "container": null
            },
            {
                "exe": "/usr/local/bin/scaphandre",
                "cmdline": "/usr/local/bin/scaphandrejson-s0--step-nano10000000-f/home/ce-p2-r-1/18/power.json",
                "pid": 463783,
                "resources_usage": null,
                "consumption": 271263.4,
                "timestamp": 1721774976.2530553,
                "container": null
            },
            {
                "exe": "/usr/bin/udevadm",
                "cmdline": "/lib/systemd/systemd-udevd",
                "pid": 463181,
                "resources_usage": null,
                "consumption": 0.0,
                "timestamp": 1721774976.252983,
                "container": null
            },
            {
                "exe": "",
                "cmdline": "",
                "pid": 6,
                "resources_usage": null,
                "consumption": 0.0,
                "timestamp": 1721774976.2529843,
                "container": null
            },
            {
                "exe": "",
                "cmdline": "",
                "pid": 40,
                "resources_usage": null,
                "consumption": 0.0,
                "timestamp": 1721774976.2529848,
                "container": null
            },
            {
                "exe": "",
                "cmdline": "",
                "pid": 458451,
                "resources_usage": null,
                "consumption": 0.0,
                "timestamp": 1721774976.252985,
                "container": null
            },
            {
                "exe": "/home/philipp/.vscode-server/extensions/ms-python.python-2024.10.0-linux-x64/python-env-tools/bin/pet",
                "cmdline": "/home/philipp/.vscode-server/extensions/ms-python.python-2024.10.0-linux-x64/python-env-tools/bin/petserver",
                "pid": 1927,
                "resources_usage": null,
                "consumption": 0.0,
                "timestamp": 1721774976.2529852,
                "container": null
            },
            {
                "exe": "",
                "cmdline": "",
                "pid": 428940,
                "resources_usage": null,
                "consumption": 0.0,
                "timestamp": 1721774976.252986,
                "container": null
            },
            {
                "exe": "",
                "cmdline": "",
                "pid": 458362,
                "resources_usage": null,
                "consumption": 0.0,
                "timestamp": 1721774976.2529862,
                "container": null
            },
            {
                "exe": "",
                "cmdline": "",
                "pid": 5,
                "resources_usage": null,
                "consumption": 0.0,
                "timestamp": 1721774976.2529864,
                "container": null
            }
        ],
        "sockets": [
            {
                "id": 0,
                "consumption": 22650734.0,
                "domains": [
                    {
                        "name": "uncore",
                        "consumption": 0.0,
                        "timestamp": 1721774976.2330317
                    },
                    {
                        "name": "core",
                        "consumption": 20444414.0,
                        "timestamp": 1721774976.2330184
                    }
                ],
                "timestamp": 1721774976.2329
            }
        ]
    },
    {
        "host": {
            "consumption": 17976710.0,
            "timestamp": 1721774976.2868369,
            "components": {
                "disks": [
                    {
                        "disk_type": "SSD",
                        "disk_mount_point": "/etc/hosts",
                        "disk_is_removable": false,
                        "disk_file_system": "ext4",
                        "disk_total_bytes": "33634926592",
                        "disk_available_bytes": "9871695872",
                        "disk_name": "/dev/nvme0n1p4"
                    }
                ]
            }
        },
        "consumers": [
            {
                "exe": "/",
                "cmdline": "runcinit",
                "pid": 463854,
                "resources_usage": null,
                "consumption": 324880.28,
                "timestamp": 1721774976.2867332,
                "container": null
            },
            {
                "exe": "/usr/local/bin/scaphandre",
                "cmdline": "/usr/local/bin/scaphandrejson-s0--step-nano10000000-f/home/ce-p2-r-1/18/power.json",
                "pid": 463783,
                "resources_usage": null,
                "consumption": 216586.86,
                "timestamp": 1721774976.286794,
                "container": null
            },
            {
                "exe": "/usr/bin/udevadm",
                "cmdline": "/lib/systemd/systemd-udevd",
                "pid": 463181,
                "resources_usage": null,
                "consumption": 0.0,
                "timestamp": 1721774976.2867243,
                "container": null
            },
            {
                "exe": "",
                "cmdline": "",
                "pid": 6,
                "resources_usage": null,
                "consumption": 0.0,
                "timestamp": 1721774976.2867253,
                "container": null
            },
            {
                "exe": "",
                "cmdline": "",
                "pid": 40,
                "resources_usage": null,
                "consumption": 0.0,
                "timestamp": 1721774976.2867258,
                "container": null
            },
            {
                "exe": "",
                "cmdline": "",
                "pid": 458451,
                "resources_usage": null,
                "consumption": 0.0,
                "timestamp": 1721774976.286726,
                "container": null
            },
            {
                "exe": "/home/philipp/.vscode-server/extensions/ms-python.python-2024.10.0-linux-x64/python-env-tools/bin/pet",
                "cmdline": "/home/philipp/.vscode-server/extensions/ms-python.python-2024.10.0-linux-x64/python-env-tools/bin/petserver",
                "pid": 1927,
                "resources_usage": null,
                "consumption": 0.0,
                "timestamp": 1721774976.2867265,
                "container": null
            },
            {
                "exe": "",
                "cmdline": "",
                "pid": 428940,
                "resources_usage": null,
                "consumption": 0.0,
                "timestamp": 1721774976.2867272,
                "container": null
            },
            {
                "exe": "",
                "cmdline": "",
                "pid": 458362,
                "resources_usage": null,
                "consumption": 0.0,
                "timestamp": 1721774976.2867274,
                "container": null
            },
            {
                "exe": "",
                "cmdline": "",
                "pid": 5,
                "resources_usage": null,
                "consumption": 0.0,
                "timestamp": 1721774976.2867277,
                "container": null
            }
        ],
        "sockets": [
            {
                "id": 0,
                "consumption": 13048268.0,
                "domains": [
                    {
                        "name": "uncore",
                        "consumption": 0.0,
                        "timestamp": 1721774976.2686152
                    },
                    {
                        "name": "core",
                        "consumption": 10678862.0,
                        "timestamp": 1721774976.268603
                    }
                ],
                "timestamp": 1721774976.268492
            }
        ]
    },
    {
        "host": {
            "consumption": 20297758.0,
            "timestamp": 1721774976.326063,
            "components": {
                "disks": [
                    {
                        "disk_type": "SSD",
                        "disk_mount_point": "/etc/hosts",
                        "disk_is_removable": false,
                        "disk_file_system": "ext4",
                        "disk_total_bytes": "33634926592",
                        "disk_available_bytes": "9871695872",
                        "disk_name": "/dev/nvme0n1p4"
                    }
                ]
            }
        },
        "consumers": [
            {
                "exe": "/",
                "cmdline": "runcinit",
                "pid": 463854,
                "resources_usage": null,
                "consumption": 463948.72,
                "timestamp": 1721774976.3259325,
                "container": null
            },
            {
                "exe": "/usr/local/bin/scaphandre",
                "cmdline": "/usr/local/bin/scaphandrejson-s0--step-nano10000000-f/home/ce-p2-r-1/18/power.json",
                "pid": 463783,
                "resources_usage": null,
                "consumption": 231974.36,
                "timestamp": 1721774976.3260136,
                "container": null
            },
            {
                "exe": "/usr/bin/udevadm",
                "cmdline": "/lib/systemd/systemd-udevd",
                "pid": 463181,
                "resources_usage": null,
                "consumption": 0.0,
                "timestamp": 1721774976.3259208,
                "container": null
            },
            {
                "exe": "",
                "cmdline": "",
                "pid": 6,
                "resources_usage": null,
                "consumption": 0.0,
                "timestamp": 1721774976.3259223,
                "container": null
            },
            {
                "exe": "",
                "cmdline": "",
                "pid": 40,
                "resources_usage": null,
                "consumption": 0.0,
                "timestamp": 1721774976.325923,
                "container": null
            },
            {
                "exe": "",
                "cmdline": "",
                "pid": 458451,
                "resources_usage": null,
                "consumption": 0.0,
                "timestamp": 1721774976.325924,
                "container": null
            },
            {
                "exe": "/home/philipp/.vscode-server/extensions/ms-python.python-2024.10.0-linux-x64/python-env-tools/bin/pet",
                "cmdline": "/home/philipp/.vscode-server/extensions/ms-python.python-2024.10.0-linux-x64/python-env-tools/bin/petserver",
                "pid": 1927,
                "resources_usage": null,
                "consumption": 0.0,
                "timestamp": 1721774976.3259242,
                "container": null
            },
            {
                "exe": "",
                "cmdline": "",
                "pid": 428940,
                "resources_usage": null,
                "consumption": 0.0,
                "timestamp": 1721774976.3259249,
                "container": null
            },
            {
                "exe": "",
                "cmdline": "",
                "pid": 458362,
                "resources_usage": null,
                "consumption": 0.0,
                "timestamp": 1721774976.3259254,
                "container": null
            },
            {
                "exe": "",
                "cmdline": "",
                "pid": 5,
                "resources_usage": null,
                "consumption": 0.0,
                "timestamp": 1721774976.3259256,
                "container": null
            }
        ],
        "sockets": [
            {
                "id": 0,
                "consumption": 23289498.0,
                "domains": [
                    {
                        "name": "uncore",
                        "consumption": 0.0,
                        "timestamp": 1721774976.3022375
                    },
                    {
                        "name": "core",
                        "consumption": 21017708.0,
                        "timestamp": 1721774976.3022254
                    }
                ],
                "timestamp": 1721774976.3021157
            }
        ]
    },
    {
        "host": {
            "consumption": 13760091.0,
            "timestamp": 1721774976.3641608,
            "components": {
                "disks": [
                    {
                        "disk_type": "SSD",
                        "disk_mount_point": "/etc/hosts",
                        "disk_is_removable": false,
                        "disk_file_system": "ext4",
                        "disk_total_bytes": "33634926592",
                        "disk_available_bytes": "9871691776",
                        "disk_name": "/dev/nvme0n1p4"
                    }
                ]
            }
        },
        "consumers": [
            {
                "exe": "/",
                "cmdline": "runcinit",
                "pid": 463854,
                "resources_usage": null,
                "consumption": 235887.27,
                "timestamp": 1721774976.3640232,
                "container": null
            },
            {
                "exe": "/usr/local/bin/scaphandre",
                "cmdline": "/usr/local/bin/scaphandrejson-s0--step-nano10000000-f/home/ce-p2-r-1/18/power.json",
                "pid": 463783,
                "resources_usage": null,
                "consumption": 157258.17,
                "timestamp": 1721774976.3641078,
                "container": null
            },
            {
                "exe": "/usr/bin/udevadm",
                "cmdline": "/lib/systemd/systemd-udevd",
                "pid": 463181,
                "resources_usage": null,
                "consumption": 0.0,
                "timestamp": 1721774976.3640125,
                "container": null
            },
            {
                "exe": "",
                "cmdline": "",
                "pid": 6,
                "resources_usage": null,
                "consumption": 0.0,
                "timestamp": 1721774976.3640137,
                "container": null
            },
            {
                "exe": "",
                "cmdline": "",
                "pid": 40,
                "resources_usage": null,
                "consumption": 0.0,
                "timestamp": 1721774976.364014,
                "container": null
            },
            {
                "exe": "",
                "cmdline": "",
                "pid": 458451,
                "resources_usage": null,
                "consumption": 0.0,
                "timestamp": 1721774976.3640144,
                "container": null
            },
            {
                "exe": "/home/philipp/.vscode-server/extensions/ms-python.python-2024.10.0-linux-x64/python-env-tools/bin/pet",
                "cmdline": "/home/philipp/.vscode-server/extensions/ms-python.python-2024.10.0-linux-x64/python-env-tools/bin/petserver",
                "pid": 1927,
                "resources_usage": null,
                "consumption": 0.0,
                "timestamp": 1721774976.3640146,
                "container": null
            },
            {
                "exe": "",
                "cmdline": "",
                "pid": 428940,
                "resources_usage": null,
                "consumption": 0.0,
                "timestamp": 1721774976.3640153,
                "container": null
            },
            {
                "exe": "",
                "cmdline": "",
                "pid": 458362,
                "resources_usage": null,
                "consumption": 0.0,
                "timestamp": 1721774976.3640156,
                "container": null
            },
            {
                "exe": "",
                "cmdline": "",
                "pid": 5,
                "resources_usage": null,
                "consumption": 0.0,
                "timestamp": 1721774976.364016,
                "container": null
            }
        ],
        "sockets": [
            {
                "id": 0,
                "consumption": 15014635.0,
                "domains": [
                    {
                        "name": "uncore",
                        "consumption": 0.0,
                        "timestamp": 1721774976.3441095
                    },
                    {
                        "name": "core",
                        "consumption": 12558577.0,
                        "timestamp": 1721774976.3440993
                    }
                ],
                "timestamp": 1721774976.3439124
            }
        ]
    },
    {
        "host": {
            "consumption": 14083119.0,
            "timestamp": 1721774976.4021735,
            "components": {
                "disks": [
                    {
                        "disk_type": "SSD",
                        "disk_mount_point": "/etc/hosts",
                        "disk_is_removable": false,
                        "disk_file_system": "ext4",
                        "disk_total_bytes": "33634926592",
                        "disk_available_bytes": "9871691776",
                        "disk_name": "/dev/nvme0n1p4"
                    }
                ]
            }
        },
        "consumers": [
            {
                "exe": "/",
                "cmdline": "runcinit",
                "pid": 463854,
                "resources_usage": null,
                "consumption": 321899.84,
                "timestamp": 1721774976.4020495,
                "container": null
            },
            {
                "exe": "/usr/local/bin/scaphandre",
                "cmdline": "/usr/local/bin/scaphandrejson-s0--step-nano10000000-f/home/ce-p2-r-1/18/power.json",
                "pid": 463783,
                "resources_usage": null,
                "consumption": 241424.88,
                "timestamp": 1721774976.402127,
                "container": null
            },
            {
                "exe": "/usr/bin/udevadm",
                "cmdline": "/lib/systemd/systemd-udevd",
                "pid": 463181,
                "resources_usage": null,
                "consumption": 0.0,
                "timestamp": 1721774976.4020388,
                "container": null
            },
            {
                "exe": "",
                "cmdline": "",
                "pid": 6,
                "resources_usage": null,
                "consumption": 0.0,
                "timestamp": 1721774976.40204,
                "container": null
            },
            {
                "exe": "",
                "cmdline": "",
                "pid": 40,
                "resources_usage": null,
                "consumption": 0.0,
                "timestamp": 1721774976.4020405,
                "container": null
            },
            {
                "exe": "",
                "cmdline": "",
                "pid": 458451,
                "resources_usage": null,
                "consumption": 0.0,
                "timestamp": 1721774976.4020407,
                "container": null
            },
            {
                "exe": "/home/philipp/.vscode-server/extensions/ms-python.python-2024.10.0-linux-x64/python-env-tools/bin/pet",
                "cmdline": "/home/philipp/.vscode-server/extensions/ms-python.python-2024.10.0-linux-x64/python-env-tools/bin/petserver",
                "pid": 1927,
                "resources_usage": null,
                "consumption": 0.0,
                "timestamp": 1721774976.402041,
                "container": null
            },
            {
                "exe": "",
                "cmdline": "",
                "pid": 428940,
                "resources_usage": null,
                "consumption": 0.0,
                "timestamp": 1721774976.4020417,
                "container": null
            },
            {
                "exe": "",
                "cmdline": "",
                "pid": 458362,
                "resources_usage": null,
                "consumption": 0.0,
                "timestamp": 1721774976.4020422,
                "container": null
            },
            {
                "exe": "",
                "cmdline": "",
                "pid": 5,
                "resources_usage": null,
                "consumption": 0.0,
                "timestamp": 1721774976.4020424,
                "container": null
            }
        ],
        "sockets": [
            {
                "id": 0,
                "consumption": 20185816.0,
                "domains": [
                    {
                        "name": "uncore",
                        "consumption": 0.0,
                        "timestamp": 1721774976.3819358
                    },
                    {
                        "name": "core",
                        "consumption": 17909028.0,
                        "timestamp": 1721774976.3819253
                    }
                ],
                "timestamp": 1721774976.3817625
            }
        ]
    },
    {
        "host": {
            "consumption": 24528592.0,
            "timestamp": 1721774976.4391475,
            "components": {
                "disks": [
                    {
                        "disk_type": "SSD",
                        "disk_mount_point": "/etc/hosts",
                        "disk_is_removable": false,
                        "disk_file_system": "ext4",
                        "disk_total_bytes": "33634926592",
                        "disk_available_bytes": "9871687680",
                        "disk_name": "/dev/nvme0n1p4"
                    }
                ]
            }
        },
        "consumers": [
            {
                "exe": "/",
                "cmdline": "runcinit",
                "pid": 463854,
                "resources_usage": null,
                "consumption": 560653.5,
                "timestamp": 1721774976.4390457,
                "container": null
            },
            {
                "exe": "/usr/local/bin/scaphandre",
                "cmdline": "/usr/local/bin/scaphandrejson-s0--step-nano10000000-f/home/ce-p2-r-1/18/power.json",
                "pid": 463783,
                "resources_usage": null,
                "consumption": 280326.75,
                "timestamp": 1721774976.4391062,
                "container": null
            },
            {
                "exe": "",
                "cmdline": "",
                "pid": 13,
                "resources_usage": null,
                "consumption": 140163.38,
                "timestamp": 1721774976.439094,
                "container": null
            },
            {
                "exe": "/usr/bin/udevadm",
                "cmdline": "/lib/systemd/systemd-udevd",
                "pid": 463181,
                "resources_usage": null,
                "consumption": 0.0,
                "timestamp": 1721774976.439037,
                "container": null
            },
            {
                "exe": "",
                "cmdline": "",
                "pid": 6,
                "resources_usage": null,
                "consumption": 0.0,
                "timestamp": 1721774976.4390383,
                "container": null
            },
            {
                "exe": "",
                "cmdline": "",
                "pid": 40,
                "resources_usage": null,
                "consumption": 0.0,
                "timestamp": 1721774976.4390385,
                "container": null
            },
            {
                "exe": "",
                "cmdline": "",
                "pid": 458451,
                "resources_usage": null,
                "consumption": 0.0,
                "timestamp": 1721774976.4390388,
                "container": null
            },
            {
                "exe": "/home/philipp/.vscode-server/extensions/ms-python.python-2024.10.0-linux-x64/python-env-tools/bin/pet",
                "cmdline": "/home/philipp/.vscode-server/extensions/ms-python.python-2024.10.0-linux-x64/python-env-tools/bin/petserver",
                "pid": 1927,
                "resources_usage": null,
                "consumption": 0.0,
                "timestamp": 1721774976.439039,
                "container": null
            },
            {
                "exe": "",
                "cmdline": "",
                "pid": 428940,
                "resources_usage": null,
                "consumption": 0.0,
                "timestamp": 1721774976.4390395,
                "container": null
            },
            {
                "exe": "",
                "cmdline": "",
                "pid": 458362,
                "resources_usage": null,
                "consumption": 0.0,
                "timestamp": 1721774976.4390397,
                "container": null
            }
        ],
        "sockets": [
            {
                "id": 0,
                "consumption": 12146534.0,
                "domains": [
                    {
                        "name": "uncore",
                        "consumption": 0.0,
                        "timestamp": 1721774976.4198685
                    },
                    {
                        "name": "core",
                        "consumption": 9950208.0,
                        "timestamp": 1721774976.4198582
                    }
                ],
                "timestamp": 1721774976.4197457
            }
        ]
    },
    {
        "host": {
            "consumption": 15990725.0,
            "timestamp": 1721774976.4743164,
            "components": {
                "disks": [
                    {
                        "disk_type": "SSD",
                        "disk_mount_point": "/etc/hosts",
                        "disk_is_removable": false,
                        "disk_file_system": "ext4",
                        "disk_total_bytes": "33634926592",
                        "disk_available_bytes": "9871687680",
                        "disk_name": "/dev/nvme0n1p4"
                    }
                ]
            }
        },
        "consumers": [
            {
                "exe": "/",
                "cmdline": "runcinit",
                "pid": 463854,
                "resources_usage": null,
                "consumption": 365502.25,
                "timestamp": 1721774976.474201,
                "container": null
            },
            {
                "exe": "/usr/local/bin/scaphandre",
                "cmdline": "/usr/local/bin/scaphandrejson-s0--step-nano10000000-f/home/ce-p2-r-1/18/power.json",
                "pid": 463783,
                "resources_usage": null,
                "consumption": 91375.56,
                "timestamp": 1721774976.4742699,
                "container": null
            },
            {
                "exe": "/usr/bin/udevadm",
                "cmdline": "/lib/systemd/systemd-udevd",
                "pid": 463181,
                "resources_usage": null,
                "consumption": 0.0,
                "timestamp": 1721774976.4741905,
                "container": null
            },
            {
                "exe": "",
                "cmdline": "",
                "pid": 6,
                "resources_usage": null,
                "consumption": 0.0,
                "timestamp": 1721774976.4741917,
                "container": null
            },
            {
                "exe": "",
                "cmdline": "",
                "pid": 40,
                "resources_usage": null,
                "consumption": 0.0,
                "timestamp": 1721774976.4741921,
                "container": null
            },
            {
                "exe": "",
                "cmdline": "",
                "pid": 458451,
                "resources_usage": null,
                "consumption": 0.0,
                "timestamp": 1721774976.4741924,
                "container": null
            },
            {
                "exe": "/home/philipp/.vscode-server/extensions/ms-python.python-2024.10.0-linux-x64/python-env-tools/bin/pet",
                "cmdline": "/home/philipp/.vscode-server/extensions/ms-python.python-2024.10.0-linux-x64/python-env-tools/bin/petserver",
                "pid": 1927,
                "resources_usage": null,
                "consumption": 0.0,
                "timestamp": 1721774976.4741929,
                "container": null
            },
            {
                "exe": "",
                "cmdline": "",
                "pid": 428940,
                "resources_usage": null,
                "consumption": 0.0,
                "timestamp": 1721774976.4741933,
                "container": null
            },
            {
                "exe": "",
                "cmdline": "",
                "pid": 458362,
                "resources_usage": null,
                "consumption": 0.0,
                "timestamp": 1721774976.4741938,
                "container": null
            },
            {
                "exe": "",
                "cmdline": "",
                "pid": 5,
                "resources_usage": null,
                "consumption": 0.0,
                "timestamp": 1721774976.474194,
                "container": null
            }
        ],
        "sockets": [
            {
                "id": 0,
                "consumption": 26436248.0,
                "domains": [
                    {
                        "name": "uncore",
                        "consumption": 0.0,
                        "timestamp": 1721774976.4544168
                    },
                    {
                        "name": "core",
                        "consumption": 24137872.0,
                        "timestamp": 1721774976.4544065
                    }
                ],
                "timestamp": 1721774976.454294
            }
        ]
    },
    {
        "host": {
            "consumption": 25980824.0,
            "timestamp": 1721774976.5092354,
            "components": {
                "disks": [
                    {
                        "disk_type": "SSD",
                        "disk_mount_point": "/etc/hosts",
                        "disk_is_removable": false,
                        "disk_file_system": "ext4",
                        "disk_total_bytes": "33634926592",
                        "disk_available_bytes": "9871675392",
                        "disk_name": "/dev/nvme0n1p4"
                    }
                ]
            }
        },
        "consumers": [
            {
                "exe": "/usr/local/bin/scaphandre",
                "cmdline": "/usr/local/bin/scaphandrejson-s0--step-nano10000000-f/home/ce-p2-r-1/18/power.json",
                "pid": 463783,
                "resources_usage": null,
                "consumption": 445385.5,
                "timestamp": 1721774976.509199,
                "container": null
            },
            {
                "exe": "/",
                "cmdline": "runcinit",
                "pid": 463854,
                "resources_usage": null,
                "consumption": 445385.5,
                "timestamp": 1721774976.509132,
                "container": null
            },
            {
                "exe": "/usr/bin/udevadm",
                "cmdline": "/lib/systemd/systemd-udevd",
                "pid": 463181,
                "resources_usage": null,
                "consumption": 0.0,
                "timestamp": 1721774976.5091233,
                "container": null
            },
            {
                "exe": "",
                "cmdline": "",
                "pid": 6,
                "resources_usage": null,
                "consumption": 0.0,
                "timestamp": 1721774976.5091245,
                "container": null
            },
            {
                "exe": "",
                "cmdline": "",
                "pid": 40,
                "resources_usage": null,
                "consumption": 0.0,
                "timestamp": 1721774976.509125,
                "container": null
            },
            {
                "exe": "",
                "cmdline": "",
                "pid": 458451,
                "resources_usage": null,
                "consumption": 0.0,
                "timestamp": 1721774976.5091252,
                "container": null
            },
            {
                "exe": "/home/philipp/.vscode-server/extensions/ms-python.python-2024.10.0-linux-x64/python-env-tools/bin/pet",
                "cmdline": "/home/philipp/.vscode-server/extensions/ms-python.python-2024.10.0-linux-x64/python-env-tools/bin/petserver",
                "pid": 1927,
                "resources_usage": null,
                "consumption": 0.0,
                "timestamp": 1721774976.5091257,
                "container": null
            },
            {
                "exe": "",
                "cmdline": "",
                "pid": 428940,
                "resources_usage": null,
                "consumption": 0.0,
                "timestamp": 1721774976.509126,
                "container": null
            },
            {
                "exe": "",
                "cmdline": "",
                "pid": 458362,
                "resources_usage": null,
                "consumption": 0.0,
                "timestamp": 1721774976.5091262,
                "container": null
            },
            {
                "exe": "",
                "cmdline": "",
                "pid": 5,
                "resources_usage": null,
                "consumption": 0.0,
                "timestamp": 1721774976.5091267,
                "container": null
            }
        ],
        "sockets": [
            {
                "id": 0,
                "consumption": 19472002.0,
                "domains": [
                    {
                        "name": "uncore",
                        "consumption": 0.0,
                        "timestamp": 1721774976.4898813
                    },
                    {
                        "name": "core",
                        "consumption": 17003724.0,
                        "timestamp": 1721774976.4898708
                    }
                ],
                "timestamp": 1721774976.489742
            }
        ]
    }
]