{
    "timestamp_analysis": {
        "mean": 0.02486460945292715,
        "std": 0.0016775170454042302,
        "min": 0.021570682525634766,
        "max": 0.03661966323852539,
        "median": 0.0244293212890625,
        "running_time": 16.26156759262085
    },
    "host_energy_analysis": {
        "total": 283.41043039006433,
        "per_repetition": 5.668208607801287e-09
    },
    "host_power_analysis": {
        "mean": 17.458215473282443,
        "std": 5.461104127086474,
        "min": 4.687444,
        "max": 36.60304,
        "median": 17.241444
    },
    "process_energy_analysis": {
        "total": 4.181406522412453,
        "per_repetition": 8.362813044824905e-11
    }
}