{
    "timestamp_analysis": {
        "mean": 0.0352027192470711,
        "std": 0.0019282464448791164,
        "min": 0.031784772872924805,
        "max": 0.04666471481323242,
        "median": 0.03473865985870361,
        "running_time": 21.755485773086548
    },
    "host_energy_analysis": {
        "total": 420.75201634604036,
        "per_repetition": 1.4025067211534678e-05
    },
    "host_power_analysis": {
        "mean": 19.366868319870758,
        "std": 5.340953325333752,
        "min": 6.210654,
        "max": 37.58532,
        "median": 19.197702
    },
    "process_energy_analysis": {
        "total": 9.13774411002725,
        "per_repetition": 3.045914703342416e-07
    }
}