{
    "timestamp_analysis": {
        "mean": 0.025021209515860635,
        "std": 0.0017840233818429139,
        "min": 0.021529197692871094,
        "max": 0.034540414810180664,
        "median": 0.024544715881347656,
        "running_time": 15.438250064849854
    },
    "host_energy_analysis": {
        "total": 288.51852334796234,
        "per_repetition": 5.770370466959247e-07
    },
    "host_power_analysis": {
        "mean": 18.71362453236246,
        "std": 5.797228038423379,
        "min": 4.279731,
        "max": 37.21961,
        "median": 18.480018
    },
    "process_energy_analysis": {
        "total": 4.327605074896863,
        "per_repetition": 8.655210149793726e-09
    }
}