{
    "timestamp_analysis": {
        "mean": 0.035195316642377905,
        "std": 0.001819278176807662,
        "min": 0.031534433364868164,
        "max": 0.04743456840515137,
        "median": 0.034760475158691406,
        "running_time": 21.715670108795166
    },
    "host_energy_analysis": {
        "total": 424.92606520896106,
        "per_repetition": 1.4164202173632035e-05
    },
    "host_power_analysis": {
        "mean": 19.59034272330097,
        "std": 5.474632807896333,
        "min": 5.772336,
        "max": 35.756276,
        "median": 19.379815
    },
    "process_energy_analysis": {
        "total": 9.307815378134396,
        "per_repetition": 3.102605126044799e-07
    }
}