{
    "timestamp_analysis": {
        "mean": 0.02505713417416527,
        "std": 0.0015792138137135285,
        "min": 0.021625041961669922,
        "max": 0.03461289405822754,
        "median": 0.024790525436401367,
        "running_time": 6.840872287750244
    },
    "host_energy_analysis": {
        "total": 117.99182657225501,
        "per_repetition": 1.17991826572255e-07
    },
    "host_power_analysis": {
        "mean": 17.27257541605839,
        "std": 5.4184751722266755,
        "min": 5.205624,
        "max": 31.445792,
        "median": 17.186760999999997
    },
    "process_energy_analysis": {
        "total": 1.7587418623481106,
        "per_repetition": 1.7587418623481107e-09
    }
}