{
    "timestamp_analysis": {
        "mean": 0.03413301058437513,
        "std": 0.001660778517214699,
        "min": 0.03127288818359375,
        "max": 0.04300212860107422,
        "median": 0.03374171257019043,
        "running_time": 12.561214447021484
    },
    "host_energy_analysis": {
        "total": 217.6771823139399,
        "per_repetition": 7.25590607713133e-06
    },
    "host_power_analysis": {
        "mean": 17.36347713821138,
        "std": 4.714322934923281,
        "min": 4.761295,
        "max": 33.233896,
        "median": 17.143516
    },
    "process_energy_analysis": {
        "total": 4.51406442784414,
        "per_repetition": 1.5046881426147132e-07
    }
}