{
    "timestamp_analysis": {
        "mean": 0.025607241443329792,
        "std": 0.0020518501384785225,
        "min": 0.022121191024780273,
        "max": 0.03653120994567871,
        "median": 0.025049448013305664,
        "running_time": 8.34812307357788
    },
    "host_energy_analysis": {
        "total": 155.17815592365193,
        "per_repetition": 1.5517815592365194e-05
    },
    "host_power_analysis": {
        "mean": 18.56525350764526,
        "std": 5.90965985216364,
        "min": 4.720198,
        "max": 35.087376,
        "median": 18.121498
    },
    "process_energy_analysis": {
        "total": 2.386092662986604,
        "per_repetition": 2.386092662986604e-07
    }
}