{
    "timestamp_analysis": {
        "mean": 0.037071944108058835,
        "std": 0.003153714085247238,
        "min": 0.031417131423950195,
        "max": 0.05348944664001465,
        "median": 0.036351919174194336,
        "running_time": 10.7139573097229
    },
    "host_energy_analysis": {
        "total": 247.10456412864684,
        "per_repetition": 0.0008236818804288228
    },
    "host_power_analysis": {
        "mean": 22.99336956896552,
        "std": 6.414384212573324,
        "min": 6.41241,
        "max": 47.92508,
        "median": 22.618676999999998
    },
    "process_energy_analysis": {
        "total": 9.160593811163343,
        "per_repetition": 3.053531270387781e-05
    }
}