{
    "host_energy_total_shapiro": {
        "stat": 0.9594029741483906,
        "p": 0.8038197590812677
    },
    "host_energy_per_repetition_shapiro": {
        "stat": 0.9594029741483913,
        "p": 0.8038197590812719
    },
    "process_energy_total_shapiro": {
        "stat": 0.932296947403034,
        "p": 0.6121158315143289
    },
    "process_energy_per_repetition_shapiro": {
        "stat": 0.9322969474030331,
        "p": 0.6121158315143231
    },
    "timestamp_running_time_shapiro": {
        "stat": 0.7193825237640192,
        "p": 0.015109644934694386
    },
    "host_power_mean_shapiro": {
        "stat": 0.9581076844865677,
        "p": 0.7947484571878094
    }
}