{
    "timestamp_analysis": {
        "mean": 0.024926969566820566,
        "std": 0.0015703137299720622,
        "min": 0.02168416976928711,
        "max": 0.03281569480895996,
        "median": 0.024585723876953125,
        "running_time": 16.00322651863098
    },
    "host_energy_analysis": {
        "total": 271.9599688635885,
        "per_repetition": 5.439199377271769e-09
    },
    "host_power_analysis": {
        "mean": 16.998004919129084,
        "std": 5.280948662491083,
        "min": 5.620161,
        "max": 37.967784,
        "median": 16.811364
    },
    "process_energy_analysis": {
        "total": 4.0287867145475555,
        "per_repetition": 8.057573429095111e-11
    }
}