{
    "timestamp_analysis": {
        "mean": 0.025077220750233484,
        "std": 0.0016675752442940072,
        "min": 0.02113199234008789,
        "max": 0.03400373458862305,
        "median": 0.024654269218444824,
        "running_time": 15.798859596252441
    },
    "host_energy_analysis": {
        "total": 283.818690169365,
        "per_repetition": 5.6763738033873e-07
    },
    "host_power_analysis": {
        "mean": 17.994262733755946,
        "std": 5.735267637701208,
        "min": 3.424066,
        "max": 39.690316,
        "median": 17.676932
    },
    "process_energy_analysis": {
        "total": 4.251379415698783,
        "per_repetition": 8.502758831397565e-09
    }
}