{
    "timestamp_analysis": {
        "mean": 0.025617085514972764,
        "std": 0.0017623641194867772,
        "min": 0.022280454635620117,
        "max": 0.033384084701538086,
        "median": 0.025197267532348633,
        "running_time": 11.34850287437439
    },
    "host_energy_analysis": {
        "total": 226.4860051087432,
        "per_repetition": 2.264860051087432e-05
    },
    "host_power_analysis": {
        "mean": 19.978024754504503,
        "std": 5.848607608408832,
        "min": 5.492035,
        "max": 37.885724,
        "median": 19.149648
    },
    "process_energy_analysis": {
        "total": 3.5455083979202593,
        "per_repetition": 3.545508397920259e-07
    }
}