{
    "timestamp_analysis": {
        "mean": 0.025361529032389325,
        "std": 0.003124252398516362,
        "min": 0.02162790298461914,
        "max": 0.07227277755737305,
        "median": 0.024685382843017578,
        "running_time": 9.510695934295654
    },
    "host_energy_analysis": {
        "total": 167.0663120112207,
        "per_repetition": 3.3413262402244143e-07
    },
    "host_power_analysis": {
        "mean": 17.61389653457447,
        "std": 5.285308427176154,
        "min": 4.97848,
        "max": 36.228052,
        "median": 17.381371
    },
    "process_energy_analysis": {
        "total": 2.5537992761790047,
        "per_repetition": 5.1075985523580094e-09
    }
}