{
    "timestamp_analysis": {
        "mean": 0.03514615731818654,
        "std": 0.001888601920909009,
        "min": 0.03135251998901367,
        "max": 0.04415440559387207,
        "median": 0.034818053245544434,
        "running_time": 7.5214738845825195
    },
    "host_energy_analysis": {
        "total": 143.27158477372944,
        "per_repetition": 0.00028654316954745886
    },
    "host_power_analysis": {
        "mean": 19.083796986046515,
        "std": 5.3070531756853425,
        "min": 7.154823,
        "max": 36.52236,
        "median": 18.413184
    },
    "process_energy_analysis": {
        "total": 3.0803113606404686,
        "per_repetition": 6.160622721280938e-06
    }
}