{
    "timestamp_analysis": {
        "mean": 0.025257486905624616,
        "std": 0.0019136027591059243,
        "min": 0.021744966506958008,
        "max": 0.03575301170349121,
        "median": 0.024769306182861328,
        "running_time": 6.76911735534668
    },
    "host_energy_analysis": {
        "total": 117.85295924850371,
        "per_repetition": 1.178529592485037e-07
    },
    "host_power_analysis": {
        "mean": 17.415154126394054,
        "std": 5.1045894902402855,
        "min": 5.119906,
        "max": 33.189092,
        "median": 17.087896
    },
    "process_energy_analysis": {
        "total": 1.7565020242627554,
        "per_repetition": 1.7565020242627553e-09
    }
}