[
    {
        "host": {
            "consumption": 15757258.0,
            "timestamp": 1721774934.8746138,
            "components": {
                "disks": [
                    {
                        "disk_type": "SSD",
                        "disk_mount_point": "/etc/hosts",
                        "disk_is_removable": false,
                        "disk_file_system": "ext4",
                        "disk_total_bytes": "33634926592",
                        "disk_available_bytes": "9872465920",
                        "disk_name": "/dev/nvme0n1p4"
                    }
                ]
            }
        },
        "consumers": [
            {
                "exe": "/usr/local/bin/scaphandre",
                "cmdline": "/usr/local/bin/scaphandrejson-s0--step-nano10000000-f/home/ce-p2-r-1/11/power.json",
                "pid": 462239,
                "resources_usage": null,
                "consumption": 455412.1,
                "timestamp": 1721774934.8745494,
                "container": null
            },
            {
                "exe": "/usr/bin/bash",
                "cmdline": "bash",
                "pid": 274983,
                "resources_usage": null,
                "consumption": 0.0,
                "timestamp": 1721774934.8744943,
                "container": null
            },
            {
                "exe": "",
                "cmdline": "",
                "pid": 43,
                "resources_usage": null,
                "consumption": 0.0,
                "timestamp": 1721774934.8744955,
                "container": null
            },
            {
                "exe": "",
                "cmdline": "",
                "pid": 559,
                "resources_usage": null,
                "consumption": 0.0,
                "timestamp": 1721774934.874496,
                "container": null
            },
            {
                "exe": "/usr/sbin/thermald",
                "cmdline": "/usr/sbin/thermald--systemd--dbus-enable--adaptive",
                "pid": 827,
                "resources_usage": null,
                "consumption": 0.0,
                "timestamp": 1721774934.8744962,
                "container": null
            },
            {
                "exe": "",
                "cmdline": "",
                "pid": 120,
                "resources_usage": null,
                "consumption": 0.0,
                "timestamp": 1721774934.874497,
                "container": null
            },
            {
                "exe": "/home/philipp/.vscode-server/cli/servers/Stable-f1e16e1e6214d7c44d078b1f0607b2388f29d729/server/node",
                "cmdline": "/home/philipp/.vscode-server/cli/servers/Stable-f1e16e1e6214d7c44d078b1f0607b2388f29d729/server/node/home/philipp/.vscode-server/cli/servers/Stable-f1e16e1e6214d7c44d078b1f0607b2388f29d729/server/out/bootstrap-fork--type=ptyHost--logsPath/home/philipp/.vscode-server/data/logs/20240723T145959",
                "pid": 1875,
                "resources_usage": null,
                "consumption": 0.0,
                "timestamp": 1721774934.8744972,
                "container": null
            },
            {
                "exe": "",
                "cmdline": "",
                "pid": 28,
                "resources_usage": null,
                "consumption": 0.0,
                "timestamp": 1721774934.874498,
                "container": null
            },
            {
                "exe": "/usr/bin/udevadm",
                "cmdline": "/lib/systemd/systemd-udevd",
                "pid": 461877,
                "resources_usage": null,
                "consumption": 0.0,
                "timestamp": 1721774934.8744981,
                "container": null
            },
            {
                "exe": "/usr/sbin/NetworkManager",
                "cmdline": "/usr/sbin/NetworkManager--no-daemon",
                "pid": 810,
                "resources_usage": null,
                "consumption": 0.0,
                "timestamp": 1721774934.8744986,
                "container": null
            }
        ],
        "sockets": [
            {
                "id": 0,
                "consumption": 7195400.0,
                "domains": [
                    {
                        "name": "uncore",
                        "consumption": 0.0,
                        "timestamp": 1721774934.854312
                    },
                    {
                        "name": "core",
                        "consumption": 4674321.0,
                        "timestamp": 1721774934.8542964
                    }
                ],
                "timestamp": 1721774934.8541343
            }
        ]
    },
    {
        "host": {
            "consumption": 22037504.0,
            "timestamp": 1721774934.9092531,
            "components": {
                "disks": [
                    {
                        "disk_type": "SSD",
                        "disk_mount_point": "/etc/hosts",
                        "disk_is_removable": false,
                        "disk_file_system": "ext4",
                        "disk_total_bytes": "33634926592",
                        "disk_available_bytes": "9872470016",
                        "disk_name": "/dev/nvme0n1p4"
                    }
                ]
            }
        },
        "consumers": [
            {
                "exe": "/",
                "cmdline": "runcinit",
                "pid": 462313,
                "resources_usage": null,
                "consumption": 509537.6,
                "timestamp": 1721774934.9090571,
                "container": null
            },
            {
                "exe": "/usr/bin/python3.10",
                "cmdline": "python3src/experiment/runner.pytest.yaml",
                "pid": 458168,
                "resources_usage": null,
                "consumption": 127384.4,
                "timestamp": 1721774934.9090385,
                "container": null
            },
            {
                "exe": "/usr/local/bin/scaphandre",
                "cmdline": "/usr/local/bin/scaphandrejson-s0--step-nano10000000-f/home/ce-p2-r-1/11/power.json",
                "pid": 462239,
                "resources_usage": null,
                "consumption": 127384.4,
                "timestamp": 1721774934.9090414,
                "container": null
            },
            {
                "exe": "/usr/bin/bash",
                "cmdline": "bash",
                "pid": 274983,
                "resources_usage": null,
                "consumption": 0.0,
                "timestamp": 1721774934.908992,
                "container": null
            },
            {
                "exe": "",
                "cmdline": "",
                "pid": 43,
                "resources_usage": null,
                "consumption": 0.0,
                "timestamp": 1721774934.9089932,
                "container": null
            },
            {
                "exe": "",
                "cmdline": "",
                "pid": 559,
                "resources_usage": null,
                "consumption": 0.0,
                "timestamp": 1721774934.9089937,
                "container": null
            },
            {
                "exe": "/usr/sbin/thermald",
                "cmdline": "/usr/sbin/thermald--systemd--dbus-enable--adaptive",
                "pid": 827,
                "resources_usage": null,
                "consumption": 0.0,
                "timestamp": 1721774934.908994,
                "container": null
            },
            {
                "exe": "",
                "cmdline": "",
                "pid": 120,
                "resources_usage": null,
                "consumption": 0.0,
                "timestamp": 1721774934.9089947,
                "container": null
            },
            {
                "exe": "/home/philipp/.vscode-server/cli/servers/Stable-f1e16e1e6214d7c44d078b1f0607b2388f29d729/server/node",
                "cmdline": "/home/philipp/.vscode-server/cli/servers/Stable-f1e16e1e6214d7c44d078b1f0607b2388f29d729/server/node/home/philipp/.vscode-server/cli/servers/Stable-f1e16e1e6214d7c44d078b1f0607b2388f29d729/server/out/bootstrap-fork--type=ptyHost--logsPath/home/philipp/.vscode-server/data/logs/20240723T145959",
                "pid": 1875,
                "resources_usage": null,
                "consumption": 0.0,
                "timestamp": 1721774934.908995,
                "container": null
            },
            {
                "exe": "",
                "cmdline": "",
                "pid": 28,
                "resources_usage": null,
                "consumption": 0.0,
                "timestamp": 1721774934.9089954,
                "container": null
            }
        ],
        "sockets": [
            {
                "id": 0,
                "consumption": 21694272.0,
                "domains": [
                    {
                        "name": "uncore",
                        "consumption": 0.0,
                        "timestamp": 1721774934.8910668
                    },
                    {
                        "name": "core",
                        "consumption": 18732432.0,
                        "timestamp": 1721774934.891056
                    }
                ],
                "timestamp": 1721774934.8909366
            }
        ]
    },
    {
        "host": {
            "consumption": 6594657.0,
            "timestamp": 1721774934.9431827,
            "components": {
                "disks": [
                    {
                        "disk_type": "SSD",
                        "disk_mount_point": "/etc/hosts",
                        "disk_is_removable": false,
                        "disk_file_system": "ext4",
                        "disk_total_bytes": "33634926592",
                        "disk_available_bytes": "9872465920",
                        "disk_name": "/dev/nvme0n1p4"
                    }
                ]
            }
        },
        "consumers": [
            {
                "exe": "/usr/local/bin/scaphandre",
                "cmdline": "/usr/local/bin/scaphandrejson-s0--step-nano10000000-f/home/ce-p2-r-1/11/power.json",
                "pid": 462239,
                "resources_usage": null,
                "consumption": 113051.26,
                "timestamp": 1721774934.943125,
                "container": null
            },
            {
                "exe": "/",
                "cmdline": "runcinit",
                "pid": 462313,
                "resources_usage": null,
                "consumption": 113051.26,
                "timestamp": 1721774934.9431417,
                "container": null
            },
            {
                "exe": "/home/philipp/.vscode-server/cli/servers/Stable-f1e16e1e6214d7c44d078b1f0607b2388f29d729/server/node",
                "cmdline": "/home/philipp/.vscode-server/cli/servers/Stable-f1e16e1e6214d7c44d078b1f0607b2388f29d729/server/node/home/philipp/.vscode-server/cli/servers/Stable-f1e16e1e6214d7c44d078b1f0607b2388f29d729/server/out/bootstrap-fork--type=ptyHost--logsPath/home/philipp/.vscode-server/data/logs/20240723T145959",
                "pid": 1875,
                "resources_usage": null,
                "consumption": 37683.754,
                "timestamp": 1721774934.9430768,
                "container": null
            },
            {
                "exe": "/usr/bin/containerd",
                "cmdline": "/usr/bin/containerd",
                "pid": 893,
                "resources_usage": null,
                "consumption": 37683.754,
                "timestamp": 1721774934.9430983,
                "container": null
            },
            {
                "exe": "/usr/bin/bash",
                "cmdline": "bash",
                "pid": 274983,
                "resources_usage": null,
                "consumption": 0.0,
                "timestamp": 1721774934.9430742,
                "container": null
            },
            {
                "exe": "",
                "cmdline": "",
                "pid": 43,
                "resources_usage": null,
                "consumption": 0.0,
                "timestamp": 1721774934.9430754,
                "container": null
            },
            {
                "exe": "",
                "cmdline": "",
                "pid": 559,
                "resources_usage": null,
                "consumption": 0.0,
                "timestamp": 1721774934.9430757,
                "container": null
            },
            {
                "exe": "/usr/sbin/thermald",
                "cmdline": "/usr/sbin/thermald--systemd--dbus-enable--adaptive",
                "pid": 827,
                "resources_usage": null,
                "consumption": 0.0,
                "timestamp": 1721774934.9430761,
                "container": null
            },
            {
                "exe": "",
                "cmdline": "",
                "pid": 120,
                "resources_usage": null,
                "consumption": 0.0,
                "timestamp": 1721774934.9430766,
                "container": null
            },
            {
                "exe": "",
                "cmdline": "",
                "pid": 28,
                "resources_usage": null,
                "consumption": 0.0,
                "timestamp": 1721774934.9430778,
                "container": null
            }
        ],
        "sockets": [
            {
                "id": 0,
                "consumption": 13973737.0,
                "domains": [
                    {
                        "name": "uncore",
                        "consumption": 0.0,
                        "timestamp": 1721774934.9252524
                    },
                    {
                        "name": "core",
                        "consumption": 11162197.0,
                        "timestamp": 1721774934.9250178
                    }
                ],
                "timestamp": 1721774934.9247
            }
        ]
    },
    {
        "host": {
            "consumption": 31212612.0,
            "timestamp": 1721774934.9761498,
            "components": {
                "disks": [
                    {
                        "disk_type": "SSD",
                        "disk_mount_point": "/etc/hosts",
                        "disk_is_removable": false,
                        "disk_file_system": "ext4",
                        "disk_total_bytes": "33634926592",
                        "disk_available_bytes": "9872465920",
                        "disk_name": "/dev/nvme0n1p4"
                    }
                ]
            }
        },
        "consumers": [
            {
                "exe": "/",
                "cmdline": "runcinit",
                "pid": 462313,
                "resources_usage": null,
                "consumption": 713431.06,
                "timestamp": 1721774934.9761066,
                "container": null
            },
            {
                "exe": "/usr/local/bin/scaphandre",
                "cmdline": "/usr/local/bin/scaphandrejson-s0--step-nano10000000-f/home/ce-p2-r-1/11/power.json",
                "pid": 462239,
                "resources_usage": null,
                "consumption": 178357.77,
                "timestamp": 1721774934.9760904,
                "container": null
            },
            {
                "exe": "/usr/bin/bash",
                "cmdline": "bash",
                "pid": 274983,
                "resources_usage": null,
                "consumption": 0.0,
                "timestamp": 1721774934.9760425,
                "container": null
            },
            {
                "exe": "",
                "cmdline": "",
                "pid": 43,
                "resources_usage": null,
                "consumption": 0.0,
                "timestamp": 1721774934.9760435,
                "container": null
            },
            {
                "exe": "",
                "cmdline": "",
                "pid": 559,
                "resources_usage": null,
                "consumption": 0.0,
                "timestamp": 1721774934.976044,
                "container": null
            },
            {
                "exe": "/usr/sbin/thermald",
                "cmdline": "/usr/sbin/thermald--systemd--dbus-enable--adaptive",
                "pid": 827,
                "resources_usage": null,
                "consumption": 0.0,
                "timestamp": 1721774934.9760442,
                "container": null
            },
            {
                "exe": "",
                "cmdline": "",
                "pid": 120,
                "resources_usage": null,
                "consumption": 0.0,
                "timestamp": 1721774934.9760447,
                "container": null
            },
            {
                "exe": "/home/philipp/.vscode-server/cli/servers/Stable-f1e16e1e6214d7c44d078b1f0607b2388f29d729/server/node",
                "cmdline": "/home/philipp/.vscode-server/cli/servers/Stable-f1e16e1e6214d7c44d078b1f0607b2388f29d729/server/node/home/philipp/.vscode-server/cli/servers/Stable-f1e16e1e6214d7c44d078b1f0607b2388f29d729/server/out/bootstrap-fork--type=ptyHost--logsPath/home/philipp/.vscode-server/data/logs/20240723T145959",
                "pid": 1875,
                "resources_usage": null,
                "consumption": 0.0,
                "timestamp": 1721774934.976045,
                "container": null
            },
            {
                "exe": "",
                "cmdline": "",
                "pid": 28,
                "resources_usage": null,
                "consumption": 0.0,
                "timestamp": 1721774934.9760456,
                "container": null
            },
            {
                "exe": "/usr/bin/udevadm",
                "cmdline": "/lib/systemd/systemd-udevd",
                "pid": 461877,
                "resources_usage": null,
                "consumption": 0.0,
                "timestamp": 1721774934.9760458,
                "container": null
            }
        ],
        "sockets": [
            {
                "id": 0,
                "consumption": 22993972.0,
                "domains": [
                    {
                        "name": "uncore",
                        "consumption": 0.0,
                        "timestamp": 1721774934.9582696
                    },
                    {
                        "name": "core",
                        "consumption": 20474652.0,
                        "timestamp": 1721774934.958256
                    }
                ],
                "timestamp": 1721774934.958148
            }
        ]
    },
    {
        "host": {
            "consumption": 16112087.0,
            "timestamp": 1721774935.0079286,
            "components": {
                "disks": [
                    {
                        "disk_type": "SSD",
                        "disk_mount_point": "/etc/hosts",
                        "disk_is_removable": false,
                        "disk_file_system": "ext4",
                        "disk_total_bytes": "33634926592",
                        "disk_available_bytes": "9872461824",
                        "disk_name": "/dev/nvme0n1p4"
                    }
                ]
            }
        },
        "consumers": [
            {
                "exe": "/",
                "cmdline": "runcinit",
                "pid": 462313,
                "resources_usage": null,
                "consumption": 276207.2,
                "timestamp": 1721774935.007886,
                "container": null
            },
            {
                "exe": "/usr/local/bin/scaphandre",
                "cmdline": "/usr/local/bin/scaphandrejson-s0--step-nano10000000-f/home/ce-p2-r-1/11/power.json",
                "pid": 462239,
                "resources_usage": null,
                "consumption": 184138.12,
                "timestamp": 1721774935.0078697,
                "container": null
            },
            {
                "exe": "/usr/bin/bash",
                "cmdline": "bash",
                "pid": 274983,
                "resources_usage": null,
                "consumption": 0.0,
                "timestamp": 1721774935.0078197,
                "container": null
            },
            {
                "exe": "",
                "cmdline": "",
                "pid": 43,
                "resources_usage": null,
                "consumption": 0.0,
                "timestamp": 1721774935.0078206,
                "container": null
            },
            {
                "exe": "",
                "cmdline": "",
                "pid": 559,
                "resources_usage": null,
                "consumption": 0.0,
                "timestamp": 1721774935.007821,
                "container": null
            },
            {
                "exe": "/usr/sbin/thermald",
                "cmdline": "/usr/sbin/thermald--systemd--dbus-enable--adaptive",
                "pid": 827,
                "resources_usage": null,
                "consumption": 0.0,
                "timestamp": 1721774935.0078213,
                "container": null
            },
            {
                "exe": "",
                "cmdline": "",
                "pid": 120,
                "resources_usage": null,
                "consumption": 0.0,
                "timestamp": 1721774935.0078218,
                "container": null
            },
            {
                "exe": "/home/philipp/.vscode-server/cli/servers/Stable-f1e16e1e6214d7c44d078b1f0607b2388f29d729/server/node",
                "cmdline": "/home/philipp/.vscode-server/cli/servers/Stable-f1e16e1e6214d7c44d078b1f0607b2388f29d729/server/node/home/philipp/.vscode-server/cli/servers/Stable-f1e16e1e6214d7c44d078b1f0607b2388f29d729/server/out/bootstrap-fork--type=ptyHost--logsPath/home/philipp/.vscode-server/data/logs/20240723T145959",
                "pid": 1875,
                "resources_usage": null,
                "consumption": 0.0,
                "timestamp": 1721774935.007822,
                "container": null
            },
            {
                "exe": "",
                "cmdline": "",
                "pid": 28,
                "resources_usage": null,
                "consumption": 0.0,
                "timestamp": 1721774935.007823,
                "container": null
            },
            {
                "exe": "/usr/bin/udevadm",
                "cmdline": "/lib/systemd/systemd-udevd",
                "pid": 461877,
                "resources_usage": null,
                "consumption": 0.0,
                "timestamp": 1721774935.0078232,
                "container": null
            }
        ],
        "sockets": [
            {
                "id": 0,
                "consumption": 19393754.0,
                "domains": [
                    {
                        "name": "uncore",
                        "consumption": 0.0,
                        "timestamp": 1721774934.9913442
                    },
                    {
                        "name": "core",
                        "consumption": 16592285.0,
                        "timestamp": 1721774934.9913332
                    }
                ],
                "timestamp": 1721774934.9912245
            }
        ]
    },
    {
        "host": {
            "consumption": 17720892.0,
            "timestamp": 1721774935.045984,
            "components": {
                "disks": [
                    {
                        "disk_type": "SSD",
                        "disk_mount_point": "/etc/hosts",
                        "disk_is_removable": false,
                        "disk_file_system": "ext4",
                        "disk_total_bytes": "33634926592",
                        "disk_available_bytes": "9872461824",
                        "disk_name": "/dev/nvme0n1p4"
                    }
                ]
            }
        },
        "consumers": [
            {
                "exe": "/usr/local/bin/scaphandre",
                "cmdline": "/usr/local/bin/scaphandrejson-s0--step-nano10000000-f/home/ce-p2-r-1/11/power.json",
                "pid": 462239,
                "resources_usage": null,
                "consumption": 303786.7,
                "timestamp": 1721774935.0459275,
                "container": null
            },
            {
                "exe": "/",
                "cmdline": "runcinit",
                "pid": 462313,
                "resources_usage": null,
                "consumption": 303786.7,
                "timestamp": 1721774935.0459437,
                "container": null
            },
            {
                "exe": "/usr/bin/bash",
                "cmdline": "bash",
                "pid": 274983,
                "resources_usage": null,
                "consumption": 0.0,
                "timestamp": 1721774935.0458755,
                "container": null
            },
            {
                "exe": "",
                "cmdline": "",
                "pid": 43,
                "resources_usage": null,
                "consumption": 0.0,
                "timestamp": 1721774935.0458772,
                "container": null
            },
            {
                "exe": "",
                "cmdline": "",
                "pid": 559,
                "resources_usage": null,
                "consumption": 0.0,
                "timestamp": 1721774935.0458777,
                "container": null
            },
            {
                "exe": "/usr/sbin/thermald",
                "cmdline": "/usr/sbin/thermald--systemd--dbus-enable--adaptive",
                "pid": 827,
                "resources_usage": null,
                "consumption": 0.0,
                "timestamp": 1721774935.045878,
                "container": null
            },
            {
                "exe": "",
                "cmdline": "",
                "pid": 120,
                "resources_usage": null,
                "consumption": 0.0,
                "timestamp": 1721774935.0458784,
                "container": null
            },
            {
                "exe": "/home/philipp/.vscode-server/cli/servers/Stable-f1e16e1e6214d7c44d078b1f0607b2388f29d729/server/node",
                "cmdline": "/home/philipp/.vscode-server/cli/servers/Stable-f1e16e1e6214d7c44d078b1f0607b2388f29d729/server/node/home/philipp/.vscode-server/cli/servers/Stable-f1e16e1e6214d7c44d078b1f0607b2388f29d729/server/out/bootstrap-fork--type=ptyHost--logsPath/home/philipp/.vscode-server/data/logs/20240723T145959",
                "pid": 1875,
                "resources_usage": null,
                "consumption": 0.0,
                "timestamp": 1721774935.045879,
                "container": null
            },
            {
                "exe": "",
                "cmdline": "",
                "pid": 28,
                "resources_usage": null,
                "consumption": 0.0,
                "timestamp": 1721774935.0458794,
                "container": null
            },
            {
                "exe": "/usr/bin/udevadm",
                "cmdline": "/lib/systemd/systemd-udevd",
                "pid": 461877,
                "resources_usage": null,
                "consumption": 0.0,
                "timestamp": 1721774935.0458796,
                "container": null
            }
        ],
        "sockets": [
            {
                "id": 0,
                "consumption": 16173159.0,
                "domains": [
                    {
                        "name": "uncore",
                        "consumption": 0.0,
                        "timestamp": 1721774935.0231686
                    },
                    {
                        "name": "core",
                        "consumption": 13443962.0,
                        "timestamp": 1721774935.0231583
                    }
                ],
                "timestamp": 1721774935.0230494
            }
        ]
    },
    {
        "host": {
            "consumption": 17628220.0,
            "timestamp": 1721774935.0800085,
            "components": {
                "disks": [
                    {
                        "disk_type": "SSD",
                        "disk_mount_point": "/etc/hosts",
                        "disk_is_removable": false,
                        "disk_file_system": "ext4",
                        "disk_total_bytes": "33634926592",
                        "disk_available_bytes": "9872457728",
                        "disk_name": "/dev/nvme0n1p4"
                    }
                ]
            }
        },
        "consumers": [
            {
                "exe": "/",
                "cmdline": "runcinit",
                "pid": 462313,
                "resources_usage": null,
                "consumption": 402930.72,
                "timestamp": 1721774935.0799723,
                "container": null
            },
            {
                "exe": "/usr/local/bin/scaphandre",
                "cmdline": "/usr/local/bin/scaphandrejson-s0--step-nano10000000-f/home/ce-p2-r-1/11/power.json",
                "pid": 462239,
                "resources_usage": null,
                "consumption": 100732.68,
                "timestamp": 1721774935.0799556,
                "container": null
            },
            {
                "exe": "/usr/bin/bash",
                "cmdline": "bash",
                "pid": 274983,
                "resources_usage": null,
                "consumption": 0.0,
                "timestamp": 1721774935.079907,
                "container": null
            },
            {
                "exe": "",
                "cmdline": "",
                "pid": 43,
                "resources_usage": null,
                "consumption": 0.0,
                "timestamp": 1721774935.079908,
                "container": null
            },
            {
                "exe": "",
                "cmdline": "",
                "pid": 559,
                "resources_usage": null,
                "consumption": 0.0,
                "timestamp": 1721774935.0799084,
                "container": null
            },
            {
                "exe": "/usr/sbin/thermald",
                "cmdline": "/usr/sbin/thermald--systemd--dbus-enable--adaptive",
                "pid": 827,
                "resources_usage": null,
                "consumption": 0.0,
                "timestamp": 1721774935.0799086,
                "container": null
            },
            {
                "exe": "",
                "cmdline": "",
                "pid": 120,
                "resources_usage": null,
                "consumption": 0.0,
                "timestamp": 1721774935.079909,
                "container": null
            },
            {
                "exe": "/home/philipp/.vscode-server/cli/servers/Stable-f1e16e1e6214d7c44d078b1f0607b2388f29d729/server/node",
                "cmdline": "/home/philipp/.vscode-server/cli/servers/Stable-f1e16e1e6214d7c44d078b1f0607b2388f29d729/server/node/home/philipp/.vscode-server/cli/servers/Stable-f1e16e1e6214d7c44d078b1f0607b2388f29d729/server/out/bootstrap-fork--type=ptyHost--logsPath/home/philipp/.vscode-server/data/logs/20240723T145959",
                "pid": 1875,
                "resources_usage": null,
                "consumption": 0.0,
                "timestamp": 1721774935.0799093,
                "container": null
            },
            {
                "exe": "",
                "cmdline": "",
                "pid": 28,
                "resources_usage": null,
                "consumption": 0.0,
                "timestamp": 1721774935.07991,
                "container": null
            },
            {
                "exe": "/usr/bin/udevadm",
                "cmdline": "/lib/systemd/systemd-udevd",
                "pid": 461877,
                "resources_usage": null,
                "consumption": 0.0,
                "timestamp": 1721774935.0799105,
                "container": null
            }
        ],
        "sockets": [
            {
                "id": 0,
                "consumption": 16561344.0,
                "domains": [
                    {
                        "name": "uncore",
                        "consumption": 0.0,
                        "timestamp": 1721774935.061092
                    },
                    {
                        "name": "core",
                        "consumption": 14148881.0,
                        "timestamp": 1721774935.061085
                    }
                ],
                "timestamp": 1721774935.0609794
            }
        ]
    },
    {
        "host": {
            "consumption": 22824632.0,
            "timestamp": 1721774935.114884,
            "components": {
                "disks": [
                    {
                        "disk_type": "SSD",
                        "disk_mount_point": "/etc/hosts",
                        "disk_is_removable": false,
                        "disk_file_system": "ext4",
                        "disk_total_bytes": "33634926592",
                        "disk_available_bytes": "9872453632",
                        "disk_name": "/dev/nvme0n1p4"
                    }
                ]
            }
        },
        "consumers": [
            {
                "exe": "/",
                "cmdline": "runcinit",
                "pid": 462313,
                "resources_usage": null,
                "consumption": 521705.8,
                "timestamp": 1721774935.1148489,
                "container": null
            },
            {
                "exe": "/usr/local/bin/scaphandre",
                "cmdline": "/usr/local/bin/scaphandrejson-s0--step-nano10000000-f/home/ce-p2-r-1/11/power.json",
                "pid": 462239,
                "resources_usage": null,
                "consumption": 260852.9,
                "timestamp": 1721774935.1148324,
                "container": null
            },
            {
                "exe": "/usr/bin/bash",
                "cmdline": "bash",
                "pid": 274983,
                "resources_usage": null,
                "consumption": 0.0,
                "timestamp": 1721774935.1147823,
                "container": null
            },
            {
                "exe": "",
                "cmdline": "",
                "pid": 43,
                "resources_usage": null,
                "consumption": 0.0,
                "timestamp": 1721774935.1147835,
                "container": null
            },
            {
                "exe": "",
                "cmdline": "",
                "pid": 559,
                "resources_usage": null,
                "consumption": 0.0,
                "timestamp": 1721774935.114784,
                "container": null
            },
            {
                "exe": "/usr/sbin/thermald",
                "cmdline": "/usr/sbin/thermald--systemd--dbus-enable--adaptive",
                "pid": 827,
                "resources_usage": null,
                "consumption": 0.0,
                "timestamp": 1721774935.1147845,
                "container": null
            },
            {
                "exe": "",
                "cmdline": "",
                "pid": 120,
                "resources_usage": null,
                "consumption": 0.0,
                "timestamp": 1721774935.114785,
                "container": null
            },
            {
                "exe": "/home/philipp/.vscode-server/cli/servers/Stable-f1e16e1e6214d7c44d078b1f0607b2388f29d729/server/node",
                "cmdline": "/home/philipp/.vscode-server/cli/servers/Stable-f1e16e1e6214d7c44d078b1f0607b2388f29d729/server/node/home/philipp/.vscode-server/cli/servers/Stable-f1e16e1e6214d7c44d078b1f0607b2388f29d729/server/out/bootstrap-fork--type=ptyHost--logsPath/home/philipp/.vscode-server/data/logs/20240723T145959",
                "pid": 1875,
                "resources_usage": null,
                "consumption": 0.0,
                "timestamp": 1721774935.1147852,
                "container": null
            },
            {
                "exe": "",
                "cmdline": "",
                "pid": 28,
                "resources_usage": null,
                "consumption": 0.0,
                "timestamp": 1721774935.1147864,
                "container": null
            },
            {
                "exe": "/usr/bin/udevadm",
                "cmdline": "/lib/systemd/systemd-udevd",
                "pid": 461877,
                "resources_usage": null,
                "consumption": 0.0,
                "timestamp": 1721774935.1147866,
                "container": null
            }
        ],
        "sockets": [
            {
                "id": 0,
                "consumption": 21818392.0,
                "domains": [
                    {
                        "name": "uncore",
                        "consumption": 0.0,
                        "timestamp": 1721774935.0952382
                    },
                    {
                        "name": "core",
                        "consumption": 19554628.0,
                        "timestamp": 1721774935.0952315
                    }
                ],
                "timestamp": 1721774935.0951273
            }
        ]
    },
    {
        "host": {
            "consumption": 21923734.0,
            "timestamp": 1721774935.1497447,
            "components": {
                "disks": [
                    {
                        "disk_type": "SSD",
                        "disk_mount_point": "/etc/hosts",
                        "disk_is_removable": false,
                        "disk_file_system": "ext4",
                        "disk_total_bytes": "33634926592",
                        "disk_available_bytes": "9872453632",
                        "disk_name": "/dev/nvme0n1p4"
                    }
                ]
            }
        },
        "consumers": [
            {
                "exe": "/",
                "cmdline": "runcinit",
                "pid": 462313,
                "resources_usage": null,
                "consumption": 393839.53,
                "timestamp": 1721774935.1495554,
                "container": null
            },
            {
                "exe": "/usr/local/bin/scaphandre",
                "cmdline": "/usr/local/bin/scaphandrejson-s0--step-nano10000000-f/home/ce-p2-r-1/11/power.json",
                "pid": 462239,
                "resources_usage": null,
                "consumption": 262559.72,
                "timestamp": 1721774935.1495385,
                "container": null
            },
            {
                "exe": "/usr/bin/bash",
                "cmdline": "bash",
                "pid": 274983,
                "resources_usage": null,
                "consumption": 0.0,
                "timestamp": 1721774935.149488,
                "container": null
            },
            {
                "exe": "",
                "cmdline": "",
                "pid": 43,
                "resources_usage": null,
                "consumption": 0.0,
                "timestamp": 1721774935.149489,
                "container": null
            },
            {
                "exe": "",
                "cmdline": "",
                "pid": 559,
                "resources_usage": null,
                "consumption": 0.0,
                "timestamp": 1721774935.1494894,
                "container": null
            },
            {
                "exe": "/usr/sbin/thermald",
                "cmdline": "/usr/sbin/thermald--systemd--dbus-enable--adaptive",
                "pid": 827,
                "resources_usage": null,
                "consumption": 0.0,
                "timestamp": 1721774935.1494899,
                "container": null
            },
            {
                "exe": "",
                "cmdline": "",
                "pid": 120,
                "resources_usage": null,
                "consumption": 0.0,
                "timestamp": 1721774935.1494904,
                "container": null
            },
            {
                "exe": "/home/philipp/.vscode-server/cli/servers/Stable-f1e16e1e6214d7c44d078b1f0607b2388f29d729/server/node",
                "cmdline": "/home/philipp/.vscode-server/cli/servers/Stable-f1e16e1e6214d7c44d078b1f0607b2388f29d729/server/node/home/philipp/.vscode-server/cli/servers/Stable-f1e16e1e6214d7c44d078b1f0607b2388f29d729/server/out/bootstrap-fork--type=ptyHost--logsPath/home/philipp/.vscode-server/data/logs/20240723T145959",
                "pid": 1875,
                "resources_usage": null,
                "consumption": 0.0,
                "timestamp": 1721774935.1494906,
                "container": null
            },
            {
                "exe": "",
                "cmdline": "",
                "pid": 28,
                "resources_usage": null,
                "consumption": 0.0,
                "timestamp": 1721774935.1494913,
                "container": null
            },
            {
                "exe": "/usr/bin/udevadm",
                "cmdline": "/lib/systemd/systemd-udevd",
                "pid": 461877,
                "resources_usage": null,
                "consumption": 0.0,
                "timestamp": 1721774935.1494915,
                "container": null
            }
        ],
        "sockets": [
            {
                "id": 0,
                "consumption": 26176744.0,
                "domains": [
                    {
                        "name": "uncore",
                        "consumption": 0.0,
                        "timestamp": 1721774935.1298816
                    },
                    {
                        "name": "core",
                        "consumption": 24031200.0,
                        "timestamp": 1721774935.1298747
                    }
                ],
                "timestamp": 1721774935.129771
            }
        ]
    },
    {
        "host": {
            "consumption": 11739227.0,
            "timestamp": 1721774935.1849072,
            "components": {
                "disks": [
                    {
                        "disk_type": "SSD",
                        "disk_mount_point": "/etc/hosts",
                        "disk_is_removable": false,
                        "disk_file_system": "ext4",
                        "disk_total_bytes": "33634926592",
                        "disk_available_bytes": "9872449536",
                        "disk_name": "/dev/nvme0n1p4"
                    }
                ]
            }
        },
        "consumers": [
            {
                "exe": "/",
                "cmdline": "runcinit",
                "pid": 462313,
                "resources_usage": null,
                "consumption": 210884.33,
                "timestamp": 1721774935.1848726,
                "container": null
            },
            {
                "exe": "/usr/local/bin/scaphandre",
                "cmdline": "/usr/local/bin/scaphandrejson-s0--step-nano10000000-f/home/ce-p2-r-1/11/power.json",
                "pid": 462239,
                "resources_usage": null,
                "consumption": 140589.56,
                "timestamp": 1721774935.1848564,
                "container": null
            },
            {
                "exe": "/usr/bin/bash",
                "cmdline": "bash",
                "pid": 274983,
                "resources_usage": null,
                "consumption": 0.0,
                "timestamp": 1721774935.1848056,
                "container": null
            },
            {
                "exe": "",
                "cmdline": "",
                "pid": 43,
                "resources_usage": null,
                "consumption": 0.0,
                "timestamp": 1721774935.1848066,
                "container": null
            },
            {
                "exe": "",
                "cmdline": "",
                "pid": 559,
                "resources_usage": null,
                "consumption": 0.0,
                "timestamp": 1721774935.184807,
                "container": null
            },
            {
                "exe": "/usr/sbin/thermald",
                "cmdline": "/usr/sbin/thermald--systemd--dbus-enable--adaptive",
                "pid": 827,
                "resources_usage": null,
                "consumption": 0.0,
                "timestamp": 1721774935.1848073,
                "container": null
            },
            {
                "exe": "",
                "cmdline": "",
                "pid": 120,
                "resources_usage": null,
                "consumption": 0.0,
                "timestamp": 1721774935.1848078,
                "container": null
            },
            {
                "exe": "/home/philipp/.vscode-server/cli/servers/Stable-f1e16e1e6214d7c44d078b1f0607b2388f29d729/server/node",
                "cmdline": "/home/philipp/.vscode-server/cli/servers/Stable-f1e16e1e6214d7c44d078b1f0607b2388f29d729/server/node/home/philipp/.vscode-server/cli/servers/Stable-f1e16e1e6214d7c44d078b1f0607b2388f29d729/server/out/bootstrap-fork--type=ptyHost--logsPath/home/philipp/.vscode-server/data/logs/20240723T145959",
                "pid": 1875,
                "resources_usage": null,
                "consumption": 0.0,
                "timestamp": 1721774935.1848083,
                "container": null
            },
            {
                "exe": "",
                "cmdline": "",
                "pid": 28,
                "resources_usage": null,
                "consumption": 0.0,
                "timestamp": 1721774935.1848087,
                "container": null
            },
            {
                "exe": "/usr/bin/udevadm",
                "cmdline": "/lib/systemd/systemd-udevd",
                "pid": 461877,
                "resources_usage": null,
                "consumption": 0.0,
                "timestamp": 1721774935.184809,
                "container": null
            }
        ],
        "sockets": [
            {
                "id": 0,
                "consumption": 12748946.0,
                "domains": [
                    {
                        "name": "uncore",
                        "consumption": 0.0,
                        "timestamp": 1721774935.165439
                    },
                    {
                        "name": "core",
                        "consumption": 10530590.0,
                        "timestamp": 1721774935.1652186
                    }
                ],
                "timestamp": 1721774935.1649444
            }
        ]
    },
    {
        "host": {
            "consumption": 25057998.0,
            "timestamp": 1721774935.2193146,
            "components": {
                "disks": [
                    {
                        "disk_type": "SSD",
                        "disk_mount_point": "/etc/hosts",
                        "disk_is_removable": false,
                        "disk_file_system": "ext4",
                        "disk_total_bytes": "33634926592",
                        "disk_available_bytes": "9872449536",
                        "disk_name": "/dev/nvme0n1p4"
                    }
                ]
            }
        },
        "consumers": [
            {
                "exe": "/",
                "cmdline": "runcinit",
                "pid": 462313,
                "resources_usage": null,
                "consumption": 600191.6,
                "timestamp": 1721774935.219277,
                "container": null
            },
            {
                "exe": "/usr/sbin/NetworkManager",
                "cmdline": "/usr/sbin/NetworkManager--no-daemon",
                "pid": 810,
                "resources_usage": null,
                "consumption": 150047.9,
                "timestamp": 1721774935.2192147,
                "container": null
            },
            {
                "exe": "/usr/local/bin/scaphandre",
                "cmdline": "/usr/local/bin/scaphandrejson-s0--step-nano10000000-f/home/ce-p2-r-1/11/power.json",
                "pid": 462239,
                "resources_usage": null,
                "consumption": 150047.9,
                "timestamp": 1721774935.219261,
                "container": null
            },
            {
                "exe": "/usr/bin/bash",
                "cmdline": "bash",
                "pid": 274983,
                "resources_usage": null,
                "consumption": 0.0,
                "timestamp": 1721774935.2192104,
                "container": null
            },
            {
                "exe": "",
                "cmdline": "",
                "pid": 43,
                "resources_usage": null,
                "consumption": 0.0,
                "timestamp": 1721774935.2192113,
                "container": null
            },
            {
                "exe": "",
                "cmdline": "",
                "pid": 559,
                "resources_usage": null,
                "consumption": 0.0,
                "timestamp": 1721774935.2192118,
                "container": null
            },
            {
                "exe": "/usr/sbin/thermald",
                "cmdline": "/usr/sbin/thermald--systemd--dbus-enable--adaptive",
                "pid": 827,
                "resources_usage": null,
                "consumption": 0.0,
                "timestamp": 1721774935.219212,
                "container": null
            },
            {
                "exe": "",
                "cmdline": "",
                "pid": 120,
                "resources_usage": null,
                "consumption": 0.0,
                "timestamp": 1721774935.2192128,
                "container": null
            },
            {
                "exe": "/home/philipp/.vscode-server/cli/servers/Stable-f1e16e1e6214d7c44d078b1f0607b2388f29d729/server/node",
                "cmdline": "/home/philipp/.vscode-server/cli/servers/Stable-f1e16e1e6214d7c44d078b1f0607b2388f29d729/server/node/home/philipp/.vscode-server/cli/servers/Stable-f1e16e1e6214d7c44d078b1f0607b2388f29d729/server/out/bootstrap-fork--type=ptyHost--logsPath/home/philipp/.vscode-server/data/logs/20240723T145959",
                "pid": 1875,
                "resources_usage": null,
                "consumption": 0.0,
                "timestamp": 1721774935.219213,
                "container": null
            },
            {
                "exe": "",
                "cmdline": "",
                "pid": 28,
                "resources_usage": null,
                "consumption": 0.0,
                "timestamp": 1721774935.2192137,
                "container": null
            }
        ],
        "sockets": [
            {
                "id": 0,
                "consumption": 14594319.0,
                "domains": [
                    {
                        "name": "uncore",
                        "consumption": 0.0,
                        "timestamp": 1721774935.2000897
                    },
                    {
                        "name": "core",
                        "consumption": 12408861.0,
                        "timestamp": 1721774935.200082
                    }
                ],
                "timestamp": 1721774935.1999612
            }
        ]
    },
    {
        "host": {
            "consumption": 11574881.0,
            "timestamp": 1721774935.2534366,
            "components": {
                "disks": [
                    {
                        "disk_type": "SSD",
                        "disk_mount_point": "/etc/hosts",
                        "disk_is_removable": false,
                        "disk_file_system": "ext4",
                        "disk_total_bytes": "33634926592",
                        "disk_available_bytes": "9872445440",
                        "disk_name": "/dev/nvme0n1p4"
                    }
                ]
            }
        },
        "consumers": [
            {
                "exe": "/",
                "cmdline": "runcinit",
                "pid": 462313,
                "resources_usage": null,
                "consumption": 207932.0,
                "timestamp": 1721774935.253192,
                "container": null
            },
            {
                "exe": "/usr/local/bin/scaphandre",
                "cmdline": "/usr/local/bin/scaphandrejson-s0--step-nano10000000-f/home/ce-p2-r-1/11/power.json",
                "pid": 462239,
                "resources_usage": null,
                "consumption": 138621.34,
                "timestamp": 1721774935.2531753,
                "container": null
            },
            {
                "exe": "/usr/bin/bash",
                "cmdline": "bash",
                "pid": 274983,
                "resources_usage": null,
                "consumption": 0.0,
                "timestamp": 1721774935.2531242,
                "container": null
            },
            {
                "exe": "",
                "cmdline": "",
                "pid": 43,
                "resources_usage": null,
                "consumption": 0.0,
                "timestamp": 1721774935.2531252,
                "container": null
            },
            {
                "exe": "",
                "cmdline": "",
                "pid": 559,
                "resources_usage": null,
                "consumption": 0.0,
                "timestamp": 1721774935.2531257,
                "container": null
            },
            {
                "exe": "/usr/sbin/thermald",
                "cmdline": "/usr/sbin/thermald--systemd--dbus-enable--adaptive",
                "pid": 827,
                "resources_usage": null,
                "consumption": 0.0,
                "timestamp": 1721774935.253126,
                "container": null
            },
            {
                "exe": "",
                "cmdline": "",
                "pid": 120,
                "resources_usage": null,
                "consumption": 0.0,
                "timestamp": 1721774935.2531266,
                "container": null
            },
            {
                "exe": "/home/philipp/.vscode-server/cli/servers/Stable-f1e16e1e6214d7c44d078b1f0607b2388f29d729/server/node",
                "cmdline": "/home/philipp/.vscode-server/cli/servers/Stable-f1e16e1e6214d7c44d078b1f0607b2388f29d729/server/node/home/philipp/.vscode-server/cli/servers/Stable-f1e16e1e6214d7c44d078b1f0607b2388f29d729/server/out/bootstrap-fork--type=ptyHost--logsPath/home/philipp/.vscode-server/data/logs/20240723T145959",
                "pid": 1875,
                "resources_usage": null,
                "consumption": 0.0,
                "timestamp": 1721774935.2531269,
                "container": null
            },
            {
                "exe": "",
                "cmdline": "",
                "pid": 28,
                "resources_usage": null,
                "consumption": 0.0,
                "timestamp": 1721774935.2531273,
                "container": null
            },
            {
                "exe": "/usr/bin/udevadm",
                "cmdline": "/lib/systemd/systemd-udevd",
                "pid": 461877,
                "resources_usage": null,
                "consumption": 0.0,
                "timestamp": 1721774935.2531276,
                "container": null
            }
        ],
        "sockets": [
            {
                "id": 0,
                "consumption": 22599800.0,
                "domains": [
                    {
                        "name": "uncore",
                        "consumption": 0.0,
                        "timestamp": 1721774935.234425
                    },
                    {
                        "name": "core",
                        "consumption": 20281988.0,
                        "timestamp": 1721774935.2344184
                    }
                ],
                "timestamp": 1721774935.234314
            }
        ]
    },
    {
        "host": {
            "consumption": 12126269.0,
            "timestamp": 1721774935.2880304,
            "components": {
                "disks": [
                    {
                        "disk_type": "SSD",
                        "disk_mount_point": "/etc/hosts",
                        "disk_is_removable": false,
                        "disk_file_system": "ext4",
                        "disk_total_bytes": "33634926592",
                        "disk_available_bytes": "9872445440",
                        "disk_name": "/dev/nvme0n1p4"
                    }
                ]
            }
        },
        "consumers": [
            {
                "exe": "/",
                "cmdline": "runcinit",
                "pid": 462313,
                "resources_usage": null,
                "consumption": 290449.6,
                "timestamp": 1721774935.287992,
                "container": null
            },
            {
                "exe": "/usr/local/bin/scaphandre",
                "cmdline": "/usr/local/bin/scaphandrejson-s0--step-nano10000000-f/home/ce-p2-r-1/11/power.json",
                "pid": 462239,
                "resources_usage": null,
                "consumption": 217837.17,
                "timestamp": 1721774935.2879758,
                "container": null
            },
            {
                "exe": "/usr/bin/bash",
                "cmdline": "bash",
                "pid": 274983,
                "resources_usage": null,
                "consumption": 0.0,
                "timestamp": 1721774935.2879255,
                "container": null
            },
            {
                "exe": "",
                "cmdline": "",
                "pid": 43,
                "resources_usage": null,
                "consumption": 0.0,
                "timestamp": 1721774935.2879267,
                "container": null
            },
            {
                "exe": "",
                "cmdline": "",
                "pid": 559,
                "resources_usage": null,
                "consumption": 0.0,
                "timestamp": 1721774935.287927,
                "container": null
            },
            {
                "exe": "/usr/sbin/thermald",
                "cmdline": "/usr/sbin/thermald--systemd--dbus-enable--adaptive",
                "pid": 827,
                "resources_usage": null,
                "consumption": 0.0,
                "timestamp": 1721774935.2879272,
                "container": null
            },
            {
                "exe": "",
                "cmdline": "",
                "pid": 120,
                "resources_usage": null,
                "consumption": 0.0,
                "timestamp": 1721774935.2879276,
                "container": null
            },
            {
                "exe": "/home/philipp/.vscode-server/cli/servers/Stable-f1e16e1e6214d7c44d078b1f0607b2388f29d729/server/node",
                "cmdline": "/home/philipp/.vscode-server/cli/servers/Stable-f1e16e1e6214d7c44d078b1f0607b2388f29d729/server/node/home/philipp/.vscode-server/cli/servers/Stable-f1e16e1e6214d7c44d078b1f0607b2388f29d729/server/out/bootstrap-fork--type=ptyHost--logsPath/home/philipp/.vscode-server/data/logs/20240723T145959",
                "pid": 1875,
                "resources_usage": null,
                "consumption": 0.0,
                "timestamp": 1721774935.2879279,
                "container": null
            },
            {
                "exe": "",
                "cmdline": "",
                "pid": 28,
                "resources_usage": null,
                "consumption": 0.0,
                "timestamp": 1721774935.287929,
                "container": null
            },
            {
                "exe": "/usr/bin/udevadm",
                "cmdline": "/lib/systemd/systemd-udevd",
                "pid": 461877,
                "resources_usage": null,
                "consumption": 0.0,
                "timestamp": 1721774935.2879293,
                "container": null
            }
        ],
        "sockets": [
            {
                "id": 0,
                "consumption": 11617928.0,
                "domains": [
                    {
                        "name": "uncore",
                        "consumption": 0.0,
                        "timestamp": 1721774935.2693875
                    },
                    {
                        "name": "core",
                        "consumption": 9380099.0,
                        "timestamp": 1721774935.269165
                    }
                ],
                "timestamp": 1721774935.2688296
            }
        ]
    },
    {
        "host": {
            "consumption": 25129728.0,
            "timestamp": 1721774935.3218586,
            "components": {
                "disks": [
                    {
                        "disk_type": "SSD",
                        "disk_mount_point": "/etc/hosts",
                        "disk_is_removable": false,
                        "disk_file_system": "ext4",
                        "disk_total_bytes": "33634926592",
                        "disk_available_bytes": "9872441344",
                        "disk_name": "/dev/nvme0n1p4"
                    }
                ]
            }
        },
        "consumers": [
            {
                "exe": "/",
                "cmdline": "runcinit",
                "pid": 462313,
                "resources_usage": null,
                "consumption": 451432.28,
                "timestamp": 1721774935.3218179,
                "container": null
            },
            {
                "exe": "/usr/local/bin/scaphandre",
                "cmdline": "/usr/local/bin/scaphandrejson-s0--step-nano10000000-f/home/ce-p2-r-1/11/power.json",
                "pid": 462239,
                "resources_usage": null,
                "consumption": 150477.44,
                "timestamp": 1721774935.3218014,
                "container": null
            },
            {
                "exe": "/usr/bin/bash",
                "cmdline": "bash",
                "pid": 274983,
                "resources_usage": null,
                "consumption": 0.0,
                "timestamp": 1721774935.3217525,
                "container": null
            },
            {
                "exe": "",
                "cmdline": "",
                "pid": 43,
                "resources_usage": null,
                "consumption": 0.0,
                "timestamp": 1721774935.3217537,
                "container": null
            },
            {
                "exe": "",
                "cmdline": "",
                "pid": 559,
                "resources_usage": null,
                "consumption": 0.0,
                "timestamp": 1721774935.3217542,
                "container": null
            },
            {
                "exe": "/usr/sbin/thermald",
                "cmdline": "/usr/sbin/thermald--systemd--dbus-enable--adaptive",
                "pid": 827,
                "resources_usage": null,
                "consumption": 0.0,
                "timestamp": 1721774935.3217545,
                "container": null
            },
            {
                "exe": "",
                "cmdline": "",
                "pid": 120,
                "resources_usage": null,
                "consumption": 0.0,
                "timestamp": 1721774935.321755,
                "container": null
            },
            {
                "exe": "/home/philipp/.vscode-server/cli/servers/Stable-f1e16e1e6214d7c44d078b1f0607b2388f29d729/server/node",
                "cmdline": "/home/philipp/.vscode-server/cli/servers/Stable-f1e16e1e6214d7c44d078b1f0607b2388f29d729/server/node/home/philipp/.vscode-server/cli/servers/Stable-f1e16e1e6214d7c44d078b1f0607b2388f29d729/server/out/bootstrap-fork--type=ptyHost--logsPath/home/philipp/.vscode-server/data/logs/20240723T145959",
                "pid": 1875,
                "resources_usage": null,
                "consumption": 0.0,
                "timestamp": 1721774935.3217552,
                "container": null
            },
            {
                "exe": "",
                "cmdline": "",
                "pid": 28,
                "resources_usage": null,
                "consumption": 0.0,
                "timestamp": 1721774935.3217556,
                "container": null
            },
            {
                "exe": "/usr/bin/udevadm",
                "cmdline": "/lib/systemd/systemd-udevd",
                "pid": 461877,
                "resources_usage": null,
                "consumption": 0.0,
                "timestamp": 1721774935.321756,
                "container": null
            }
        ],
        "sockets": [
            {
                "id": 0,
                "consumption": 19017018.0,
                "domains": [
                    {
                        "name": "uncore",
                        "consumption": 0.0,
                        "timestamp": 1721774935.3031695
                    },
                    {
                        "name": "core",
                        "consumption": 16923576.0,
                        "timestamp": 1721774935.3031564
                    }
                ],
                "timestamp": 1721774935.303046
            }
        ]
    },
    {
        "host": {
            "consumption": 23914294.0,
            "timestamp": 1721774935.3565538,
            "components": {
                "disks": [
                    {
                        "disk_type": "SSD",
                        "disk_mount_point": "/etc/hosts",
                        "disk_is_removable": false,
                        "disk_file_system": "ext4",
                        "disk_total_bytes": "33634926592",
                        "disk_available_bytes": "9872437248",
                        "disk_name": "/dev/nvme0n1p4"
                    }
                ]
            }
        },
        "consumers": [
            {
                "exe": "/",
                "cmdline": "runcinit",
                "pid": 462313,
                "resources_usage": null,
                "consumption": 594143.94,
                "timestamp": 1721774935.3565123,
                "container": null
            },
            {
                "exe": "/usr/local/bin/scaphandre",
                "cmdline": "/usr/local/bin/scaphandrejson-s0--step-nano10000000-f/home/ce-p2-r-1/11/power.json",
                "pid": 462239,
                "resources_usage": null,
                "consumption": 297071.97,
                "timestamp": 1721774935.3564959,
                "container": null
            },
            {
                "exe": "/usr/bin/bash",
                "cmdline": "bash",
                "pid": 274983,
                "resources_usage": null,
                "consumption": 0.0,
                "timestamp": 1721774935.3564477,
                "container": null
            },
            {
                "exe": "",
                "cmdline": "",
                "pid": 43,
                "resources_usage": null,
                "consumption": 0.0,
                "timestamp": 1721774935.3564487,
                "container": null
            },
            {
                "exe": "",
                "cmdline": "",
                "pid": 559,
                "resources_usage": null,
                "consumption": 0.0,
                "timestamp": 1721774935.3564491,
                "container": null
            },
            {
                "exe": "/usr/sbin/thermald",
                "cmdline": "/usr/sbin/thermald--systemd--dbus-enable--adaptive",
                "pid": 827,
                "resources_usage": null,
                "consumption": 0.0,
                "timestamp": 1721774935.3564496,
                "container": null
            },
            {
                "exe": "",
                "cmdline": "",
                "pid": 120,
                "resources_usage": null,
                "consumption": 0.0,
                "timestamp": 1721774935.3564506,
                "container": null
            },
            {
                "exe": "/home/philipp/.vscode-server/cli/servers/Stable-f1e16e1e6214d7c44d078b1f0607b2388f29d729/server/node",
                "cmdline": "/home/philipp/.vscode-server/cli/servers/Stable-f1e16e1e6214d7c44d078b1f0607b2388f29d729/server/node/home/philipp/.vscode-server/cli/servers/Stable-f1e16e1e6214d7c44d078b1f0607b2388f29d729/server/out/bootstrap-fork--type=ptyHost--logsPath/home/philipp/.vscode-server/data/logs/20240723T145959",
                "pid": 1875,
                "resources_usage": null,
                "consumption": 0.0,
                "timestamp": 1721774935.3564508,
                "container": null
            },
            {
                "exe": "",
                "cmdline": "",
                "pid": 28,
                "resources_usage": null,
                "consumption": 0.0,
                "timestamp": 1721774935.3564513,
                "container": null
            },
            {
                "exe": "/usr/bin/udevadm",
                "cmdline": "/lib/systemd/systemd-udevd",
                "pid": 461877,
                "resources_usage": null,
                "consumption": 0.0,
                "timestamp": 1721774935.3564517,
                "container": null
            }
        ],
        "sockets": [
            {
                "id": 0,
                "consumption": 26019564.0,
                "domains": [
                    {
                        "name": "uncore",
                        "consumption": 0.0,
                        "timestamp": 1721774935.3368714
                    },
                    {
                        "name": "core",
                        "consumption": 23798690.0,
                        "timestamp": 1721774935.3368583
                    }
                ],
                "timestamp": 1721774935.3367448
            }
        ]
    },
    {
        "host": {
            "consumption": 13453448.0,
            "timestamp": 1721774935.3910785,
            "components": {
                "disks": [
                    {
                        "disk_type": "SSD",
                        "disk_mount_point": "/etc/hosts",
                        "disk_is_removable": false,
                        "disk_file_system": "ext4",
                        "disk_total_bytes": "33634926592",
                        "disk_available_bytes": "9872437248",
                        "disk_name": "/dev/nvme0n1p4"
                    }
                ]
            }
        },
        "consumers": [
            {
                "exe": "/",
                "cmdline": "runcinit",
                "pid": 462313,
                "resources_usage": null,
                "consumption": 250685.38,
                "timestamp": 1721774935.3910377,
                "container": null
            },
            {
                "exe": "/usr/local/bin/scaphandre",
                "cmdline": "/usr/local/bin/scaphandrejson-s0--step-nano10000000-f/home/ce-p2-r-1/11/power.json",
                "pid": 462239,
                "resources_usage": null,
                "consumption": 167123.58,
                "timestamp": 1721774935.391022,
                "container": null
            },
            {
                "exe": "/usr/bin/bash",
                "cmdline": "bash",
                "pid": 274983,
                "resources_usage": null,
                "consumption": 0.0,
                "timestamp": 1721774935.3909721,
                "container": null
            },
            {
                "exe": "",
                "cmdline": "",
                "pid": 43,
                "resources_usage": null,
                "consumption": 0.0,
                "timestamp": 1721774935.3909733,
                "container": null
            },
            {
                "exe": "",
                "cmdline": "",
                "pid": 559,
                "resources_usage": null,
                "consumption": 0.0,
                "timestamp": 1721774935.3909738,
                "container": null
            },
            {
                "exe": "/usr/sbin/thermald",
                "cmdline": "/usr/sbin/thermald--systemd--dbus-enable--adaptive",
                "pid": 827,
                "resources_usage": null,
                "consumption": 0.0,
                "timestamp": 1721774935.390974,
                "container": null
            },
            {
                "exe": "",
                "cmdline": "",
                "pid": 120,
                "resources_usage": null,
                "consumption": 0.0,
                "timestamp": 1721774935.3909748,
                "container": null
            },
            {
                "exe": "/home/philipp/.vscode-server/cli/servers/Stable-f1e16e1e6214d7c44d078b1f0607b2388f29d729/server/node",
                "cmdline": "/home/philipp/.vscode-server/cli/servers/Stable-f1e16e1e6214d7c44d078b1f0607b2388f29d729/server/node/home/philipp/.vscode-server/cli/servers/Stable-f1e16e1e6214d7c44d078b1f0607b2388f29d729/server/out/bootstrap-fork--type=ptyHost--logsPath/home/philipp/.vscode-server/data/logs/20240723T145959",
                "pid": 1875,
                "resources_usage": null,
                "consumption": 0.0,
                "timestamp": 1721774935.390975,
                "container": null
            },
            {
                "exe": "",
                "cmdline": "",
                "pid": 28,
                "resources_usage": null,
                "consumption": 0.0,
                "timestamp": 1721774935.3909757,
                "container": null
            },
            {
                "exe": "/usr/bin/udevadm",
                "cmdline": "/lib/systemd/systemd-udevd",
                "pid": 461877,
                "resources_usage": null,
                "consumption": 0.0,
                "timestamp": 1721774935.390976,
                "container": null
            }
        ],
        "sockets": [
            {
                "id": 0,
                "consumption": 19150304.0,
                "domains": [
                    {
                        "name": "uncore",
                        "consumption": 0.0,
                        "timestamp": 1721774935.3716717
                    },
                    {
                        "name": "core",
                        "consumption": 16941168.0,
                        "timestamp": 1721774935.371661
                    }
                ],
                "timestamp": 1721774935.3715518
            }
        ]
    },
    {
        "host": {
            "consumption": 27915586.0,
            "timestamp": 1721774935.4257178,
            "components": {
                "disks": [
                    {
                        "disk_type": "SSD",
                        "disk_mount_point": "/etc/hosts",
                        "disk_is_removable": false,
                        "disk_file_system": "ext4",
                        "disk_total_bytes": "33634926592",
                        "disk_available_bytes": "9872433152",
                        "disk_name": "/dev/nvme0n1p4"
                    }
                ]
            }
        },
        "consumers": [
            {
                "exe": "/",
                "cmdline": "runcinit",
                "pid": 462313,
                "resources_usage": null,
                "consumption": 520166.22,
                "timestamp": 1721774935.4254959,
                "container": null
            },
            {
                "exe": "/usr/local/bin/scaphandre",
                "cmdline": "/usr/local/bin/scaphandrejson-s0--step-nano10000000-f/home/ce-p2-r-1/11/power.json",
                "pid": 462239,
                "resources_usage": null,
                "consumption": 346777.47,
                "timestamp": 1721774935.4254794,
                "container": null
            },
            {
                "exe": "/usr/bin/bash",
                "cmdline": "bash",
                "pid": 274983,
                "resources_usage": null,
                "consumption": 0.0,
                "timestamp": 1721774935.4254298,
                "container": null
            },
            {
                "exe": "",
                "cmdline": "",
                "pid": 43,
                "resources_usage": null,
                "consumption": 0.0,
                "timestamp": 1721774935.4254308,
                "container": null
            },
            {
                "exe": "",
                "cmdline": "",
                "pid": 559,
                "resources_usage": null,
                "consumption": 0.0,
                "timestamp": 1721774935.425431,
                "container": null
            },
            {
                "exe": "/usr/sbin/thermald",
                "cmdline": "/usr/sbin/thermald--systemd--dbus-enable--adaptive",
                "pid": 827,
                "resources_usage": null,
                "consumption": 0.0,
                "timestamp": 1721774935.4254313,
                "container": null
            },
            {
                "exe": "",
                "cmdline": "",
                "pid": 120,
                "resources_usage": null,
                "consumption": 0.0,
                "timestamp": 1721774935.4254317,
                "container": null
            },
            {
                "exe": "/home/philipp/.vscode-server/cli/servers/Stable-f1e16e1e6214d7c44d078b1f0607b2388f29d729/server/node",
                "cmdline": "/home/philipp/.vscode-server/cli/servers/Stable-f1e16e1e6214d7c44d078b1f0607b2388f29d729/server/node/home/philipp/.vscode-server/cli/servers/Stable-f1e16e1e6214d7c44d078b1f0607b2388f29d729/server/out/bootstrap-fork--type=ptyHost--logsPath/home/philipp/.vscode-server/data/logs/20240723T145959",
                "pid": 1875,
                "resources_usage": null,
                "consumption": 0.0,
                "timestamp": 1721774935.425432,
                "container": null
            },
            {
                "exe": "",
                "cmdline": "",
                "pid": 28,
                "resources_usage": null,
                "consumption": 0.0,
                "timestamp": 1721774935.425433,
                "container": null
            },
            {
                "exe": "/usr/bin/udevadm",
                "cmdline": "/lib/systemd/systemd-udevd",
                "pid": 461877,
                "resources_usage": null,
                "consumption": 0.0,
                "timestamp": 1721774935.4254332,
                "container": null
            }
        ],
        "sockets": [
            {
                "id": 0,
                "consumption": 22984632.0,
                "domains": [
                    {
                        "name": "uncore",
                        "consumption": 0.0,
                        "timestamp": 1721774935.4060845
                    },
                    {
                        "name": "core",
                        "consumption": 20806334.0,
                        "timestamp": 1721774935.4060707
                    }
                ],
                "timestamp": 1721774935.4059587
            }
        ]
    },
    {
        "host": {
            "consumption": 18033892.0,
            "timestamp": 1721774935.4609568,
            "components": {
                "disks": [
                    {
                        "disk_type": "SSD",
                        "disk_mount_point": "/etc/hosts",
                        "disk_is_removable": false,
                        "disk_file_system": "ext4",
                        "disk_total_bytes": "33634926592",
                        "disk_available_bytes": "9872433152",
                        "disk_name": "/dev/nvme0n1p4"
                    }
                ]
            }
        },
        "consumers": [
            {
                "exe": "/",
                "cmdline": "runcinit",
                "pid": 462313,
                "resources_usage": null,
                "consumption": 448047.0,
                "timestamp": 1721774935.4607112,
                "container": null
            },
            {
                "exe": "/usr/local/bin/scaphandre",
                "cmdline": "/usr/local/bin/scaphandrejson-s0--step-nano10000000-f/home/ce-p2-r-1/11/power.json",
                "pid": 462239,
                "resources_usage": null,
                "consumption": 224023.5,
                "timestamp": 1721774935.460695,
                "container": null
            },
            {
                "exe": "/usr/bin/bash",
                "cmdline": "bash",
                "pid": 274983,
                "resources_usage": null,
                "consumption": 0.0,
                "timestamp": 1721774935.460646,
                "container": null
            },
            {
                "exe": "",
                "cmdline": "",
                "pid": 43,
                "resources_usage": null,
                "consumption": 0.0,
                "timestamp": 1721774935.4606469,
                "container": null
            },
            {
                "exe": "",
                "cmdline": "",
                "pid": 559,
                "resources_usage": null,
                "consumption": 0.0,
                "timestamp": 1721774935.4606473,
                "container": null
            },
            {
                "exe": "/usr/sbin/thermald",
                "cmdline": "/usr/sbin/thermald--systemd--dbus-enable--adaptive",
                "pid": 827,
                "resources_usage": null,
                "consumption": 0.0,
                "timestamp": 1721774935.4606473,
                "container": null
            },
            {
                "exe": "",
                "cmdline": "",
                "pid": 120,
                "resources_usage": null,
                "consumption": 0.0,
                "timestamp": 1721774935.460648,
                "container": null
            },
            {
                "exe": "/home/philipp/.vscode-server/cli/servers/Stable-f1e16e1e6214d7c44d078b1f0607b2388f29d729/server/node",
                "cmdline": "/home/philipp/.vscode-server/cli/servers/Stable-f1e16e1e6214d7c44d078b1f0607b2388f29d729/server/node/home/philipp/.vscode-server/cli/servers/Stable-f1e16e1e6214d7c44d078b1f0607b2388f29d729/server/out/bootstrap-fork--type=ptyHost--logsPath/home/philipp/.vscode-server/data/logs/20240723T145959",
                "pid": 1875,
                "resources_usage": null,
                "consumption": 0.0,
                "timestamp": 1721774935.4606483,
                "container": null
            },
            {
                "exe": "",
                "cmdline": "",
                "pid": 28,
                "resources_usage": null,
                "consumption": 0.0,
                "timestamp": 1721774935.4606488,
                "container": null
            },
            {
                "exe": "/usr/bin/udevadm",
                "cmdline": "/lib/systemd/systemd-udevd",
                "pid": 461877,
                "resources_usage": null,
                "consumption": 0.0,
                "timestamp": 1721774935.4606493,
                "container": null
            }
        ],
        "sockets": [
            {
                "id": 0,
                "consumption": 14787134.0,
                "domains": [
                    {
                        "name": "uncore",
                        "consumption": 0.0,
                        "timestamp": 1721774935.4412894
                    },
                    {
                        "name": "core",
                        "consumption": 12419138.0,
                        "timestamp": 1721774935.4411068
                    }
                ],
                "timestamp": 1721774935.4407954
            }
        ]
    },
    {
        "host": {
            "consumption": 17949498.0,
            "timestamp": 1721774935.4956985,
            "components": {
                "disks": [
                    {
                        "disk_type": "SSD",
                        "disk_mount_point": "/etc/hosts",
                        "disk_is_removable": false,
                        "disk_file_system": "ext4",
                        "disk_total_bytes": "33634926592",
                        "disk_available_bytes": "9872429056",
                        "disk_name": "/dev/nvme0n1p4"
                    }
                ]
            }
        },
        "consumers": [
            {
                "exe": "/",
                "cmdline": "runcinit",
                "pid": 462313,
                "resources_usage": null,
                "consumption": 445950.25,
                "timestamp": 1721774935.4955945,
                "container": null
            },
            {
                "exe": "/usr/local/bin/scaphandre",
                "cmdline": "/usr/local/bin/scaphandrejson-s0--step-nano10000000-f/home/ce-p2-r-1/11/power.json",
                "pid": 462239,
                "resources_usage": null,
                "consumption": 222975.12,
                "timestamp": 1721774935.4955785,
                "container": null
            },
            {
                "exe": "/usr/bin/bash",
                "cmdline": "bash",
                "pid": 274983,
                "resources_usage": null,
                "consumption": 0.0,
                "timestamp": 1721774935.4955285,
                "container": null
            },
            {
                "exe": "",
                "cmdline": "",
                "pid": 43,
                "resources_usage": null,
                "consumption": 0.0,
                "timestamp": 1721774935.4955301,
                "container": null
            },
            {
                "exe": "",
                "cmdline": "",
                "pid": 559,
                "resources_usage": null,
                "consumption": 0.0,
                "timestamp": 1721774935.4955304,
                "container": null
            },
            {
                "exe": "/usr/sbin/thermald",
                "cmdline": "/usr/sbin/thermald--systemd--dbus-enable--adaptive",
                "pid": 827,
                "resources_usage": null,
                "consumption": 0.0,
                "timestamp": 1721774935.4955306,
                "container": null
            },
            {
                "exe": "",
                "cmdline": "",
                "pid": 120,
                "resources_usage": null,
                "consumption": 0.0,
                "timestamp": 1721774935.4955313,
                "container": null
            },
            {
                "exe": "/home/philipp/.vscode-server/cli/servers/Stable-f1e16e1e6214d7c44d078b1f0607b2388f29d729/server/node",
                "cmdline": "/home/philipp/.vscode-server/cli/servers/Stable-f1e16e1e6214d7c44d078b1f0607b2388f29d729/server/node/home/philipp/.vscode-server/cli/servers/Stable-f1e16e1e6214d7c44d078b1f0607b2388f29d729/server/out/bootstrap-fork--type=ptyHost--logsPath/home/philipp/.vscode-server/data/logs/20240723T145959",
                "pid": 1875,
                "resources_usage": null,
                "consumption": 0.0,
                "timestamp": 1721774935.4955316,
                "container": null
            },
            {
                "exe": "",
                "cmdline": "",
                "pid": 28,
                "resources_usage": null,
                "consumption": 0.0,
                "timestamp": 1721774935.4955323,
                "container": null
            },
            {
                "exe": "/usr/bin/udevadm",
                "cmdline": "/lib/systemd/systemd-udevd",
                "pid": 461877,
                "resources_usage": null,
                "consumption": 0.0,
                "timestamp": 1721774935.4955325,
                "container": null
            }
        ],
        "sockets": [
            {
                "id": 0,
                "consumption": 27212130.0,
                "domains": [
                    {
                        "name": "uncore",
                        "consumption": 0.0,
                        "timestamp": 1721774935.4766464
                    },
                    {
                        "name": "core",
                        "consumption": 24983902.0,
                        "timestamp": 1721774935.4764078
                    }
                ],
                "timestamp": 1721774935.476079
            }
        ]
    },
    {
        "host": {
            "consumption": 22787596.0,
            "timestamp": 1721774935.5296717,
            "components": {
                "disks": [
                    {
                        "disk_type": "SSD",
                        "disk_mount_point": "/etc/hosts",
                        "disk_is_removable": false,
                        "disk_file_system": "ext4",
                        "disk_total_bytes": "33634926592",
                        "disk_available_bytes": "9872424960",
                        "disk_name": "/dev/nvme0n1p4"
                    }
                ]
            }
        },
        "consumers": [
            {
                "exe": "/",
                "cmdline": "runcinit",
                "pid": 462313,
                "resources_usage": null,
                "consumption": 424613.62,
                "timestamp": 1721774935.529443,
                "container": null
            },
            {
                "exe": "/usr/local/bin/scaphandre",
                "cmdline": "/usr/local/bin/scaphandrejson-s0--step-nano10000000-f/home/ce-p2-r-1/11/power.json",
                "pid": 462239,
                "resources_usage": null,
                "consumption": 141537.88,
                "timestamp": 1721774935.5294273,
                "container": null
            },
            {
                "exe": "/usr/bin/bash",
                "cmdline": "bash",
                "pid": 274983,
                "resources_usage": null,
                "consumption": 0.0,
                "timestamp": 1721774935.5293765,
                "container": null
            },
            {
                "exe": "",
                "cmdline": "",
                "pid": 43,
                "resources_usage": null,
                "consumption": 0.0,
                "timestamp": 1721774935.5293777,
                "container": null
            },
            {
                "exe": "",
                "cmdline": "",
                "pid": 559,
                "resources_usage": null,
                "consumption": 0.0,
                "timestamp": 1721774935.529378,
                "container": null
            },
            {
                "exe": "/usr/sbin/thermald",
                "cmdline": "/usr/sbin/thermald--systemd--dbus-enable--adaptive",
                "pid": 827,
                "resources_usage": null,
                "consumption": 0.0,
                "timestamp": 1721774935.5293784,
                "container": null
            },
            {
                "exe": "",
                "cmdline": "",
                "pid": 120,
                "resources_usage": null,
                "consumption": 0.0,
                "timestamp": 1721774935.529379,
                "container": null
            },
            {
                "exe": "/home/philipp/.vscode-server/cli/servers/Stable-f1e16e1e6214d7c44d078b1f0607b2388f29d729/server/node",
                "cmdline": "/home/philipp/.vscode-server/cli/servers/Stable-f1e16e1e6214d7c44d078b1f0607b2388f29d729/server/node/home/philipp/.vscode-server/cli/servers/Stable-f1e16e1e6214d7c44d078b1f0607b2388f29d729/server/out/bootstrap-fork--type=ptyHost--logsPath/home/philipp/.vscode-server/data/logs/20240723T145959",
                "pid": 1875,
                "resources_usage": null,
                "consumption": 0.0,
                "timestamp": 1721774935.5293791,
                "container": null
            },
            {
                "exe": "",
                "cmdline": "",
                "pid": 28,
                "resources_usage": null,
                "consumption": 0.0,
                "timestamp": 1721774935.5293796,
                "container": null
            },
            {
                "exe": "/usr/bin/udevadm",
                "cmdline": "/lib/systemd/systemd-udevd",
                "pid": 461877,
                "resources_usage": null,
                "consumption": 0.0,
                "timestamp": 1721774935.5293798,
                "container": null
            }
        ],
        "sockets": [
            {
                "id": 0,
                "consumption": 11790281.0,
                "domains": [
                    {
                        "name": "uncore",
                        "consumption": 0.0,
                        "timestamp": 1721774935.5109487
                    },
                    {
                        "name": "core",
                        "consumption": 9597985.0,
                        "timestamp": 1721774935.510938
                    }
                ],
                "timestamp": 1721774935.510732
            }
        ]
    },
    {
        "host": {
            "consumption": 18187748.0,
            "timestamp": 1721774935.565069,
            "components": {
                "disks": [
                    {
                        "disk_type": "SSD",
                        "disk_mount_point": "/etc/hosts",
                        "disk_is_removable": false,
                        "disk_file_system": "ext4",
                        "disk_total_bytes": "33634926592",
                        "disk_available_bytes": "9872424960",
                        "disk_name": "/dev/nvme0n1p4"
                    }
                ]
            }
        },
        "consumers": [
            {
                "exe": "/usr/local/bin/scaphandre",
                "cmdline": "/usr/local/bin/scaphandrejson-s0--step-nano10000000-f/home/ce-p2-r-1/11/power.json",
                "pid": 462239,
                "resources_usage": null,
                "consumption": 324781.22,
                "timestamp": 1721774935.564809,
                "container": null
            },
            {
                "exe": "/",
                "cmdline": "runcinit",
                "pid": 462313,
                "resources_usage": null,
                "consumption": 324781.22,
                "timestamp": 1721774935.5648248,
                "container": null
            },
            {
                "exe": "/usr/bin/bash",
                "cmdline": "bash",
                "pid": 274983,
                "resources_usage": null,
                "consumption": 0.0,
                "timestamp": 1721774935.56476,
                "container": null
            },
            {
                "exe": "",
                "cmdline": "",
                "pid": 43,
                "resources_usage": null,
                "consumption": 0.0,
                "timestamp": 1721774935.564761,
                "container": null
            },
            {
                "exe": "",
                "cmdline": "",
                "pid": 559,
                "resources_usage": null,
                "consumption": 0.0,
                "timestamp": 1721774935.5647614,
                "container": null
            },
            {
                "exe": "/usr/sbin/thermald",
                "cmdline": "/usr/sbin/thermald--systemd--dbus-enable--adaptive",
                "pid": 827,
                "resources_usage": null,
                "consumption": 0.0,
                "timestamp": 1721774935.5647616,
                "container": null
            },
            {
                "exe": "",
                "cmdline": "",
                "pid": 120,
                "resources_usage": null,
                "consumption": 0.0,
                "timestamp": 1721774935.564762,
                "container": null
            },
            {
                "exe": "/home/philipp/.vscode-server/cli/servers/Stable-f1e16e1e6214d7c44d078b1f0607b2388f29d729/server/node",
                "cmdline": "/home/philipp/.vscode-server/cli/servers/Stable-f1e16e1e6214d7c44d078b1f0607b2388f29d729/server/node/home/philipp/.vscode-server/cli/servers/Stable-f1e16e1e6214d7c44d078b1f0607b2388f29d729/server/out/bootstrap-fork--type=ptyHost--logsPath/home/philipp/.vscode-server/data/logs/20240723T145959",
                "pid": 1875,
                "resources_usage": null,
                "consumption": 0.0,
                "timestamp": 1721774935.5647624,
                "container": null
            },
            {
                "exe": "",
                "cmdline": "",
                "pid": 28,
                "resources_usage": null,
                "consumption": 0.0,
                "timestamp": 1721774935.5647628,
                "container": null
            },
            {
                "exe": "/usr/bin/udevadm",
                "cmdline": "/lib/systemd/systemd-udevd",
                "pid": 461877,
                "resources_usage": null,
                "consumption": 0.0,
                "timestamp": 1721774935.564763,
                "container": null
            }
        ],
        "sockets": [
            {
                "id": 0,
                "consumption": 23459704.0,
                "domains": [
                    {
                        "name": "uncore",
                        "consumption": 0.0,
                        "timestamp": 1721774935.5453463
                    },
                    {
                        "name": "core",
                        "consumption": 20924368.0,
                        "timestamp": 1721774935.5451682
                    }
                ],
                "timestamp": 1721774935.544848
            }
        ]
    }
]