{
    "timestamp_analysis": {
        "mean": 0.03672074960963345,
        "std": 0.0030196761548376833,
        "min": 0.03153729438781738,
        "max": 0.049295663833618164,
        "median": 0.03565406799316406,
        "running_time": 11.273513555526733
    },
    "host_energy_analysis": {
        "total": 271.13050467610657,
        "per_repetition": 0.0009037683489203553
    },
    "host_power_analysis": {
        "mean": 23.916917954545458,
        "std": 6.896646250941665,
        "min": 8.878464,
        "max": 55.261024,
        "median": 23.349735000000003
    },
    "process_energy_analysis": {
        "total": 11.305074322137173,
        "per_repetition": 3.768358107379058e-05
    }
}