{
    "timestamp_analysis": {
        "mean": 0.036911381142480035,
        "std": 0.0029080641485754173,
        "min": 0.03244495391845703,
        "max": 0.04845547676086426,
        "median": 0.03582167625427246,
        "running_time": 10.335325241088867
    },
    "host_energy_analysis": {
        "total": 251.9682735896689,
        "per_repetition": 0.0008398942452988964
    },
    "host_power_analysis": {
        "mean": 24.277944850533807,
        "std": 7.066345407502552,
        "min": 8.07453,
        "max": 45.733096,
        "median": 24.391092
    },
    "process_energy_analysis": {
        "total": 9.36810082529908,
        "per_repetition": 3.122700275099694e-05
    }
}