{
    "timestamp_analysis": {
        "mean": 0.025414963445719883,
        "std": 0.0018655821992576787,
        "min": 0.021723031997680664,
        "max": 0.03453683853149414,
        "median": 0.02487778663635254,
        "running_time": 8.590378999710083
    },
    "host_energy_analysis": {
        "total": 148.28883617192506,
        "per_repetition": 2.965776723438501e-07
    },
    "host_power_analysis": {
        "mean": 17.304793486725664,
        "std": 5.768798855720731,
        "min": 4.213495,
        "max": 36.06951,
        "median": 17.122662
    },
    "process_energy_analysis": {
        "total": 2.2542397562071583,
        "per_repetition": 4.508479512414316e-09
    }
}