{
    "timestamp_analysis": {
        "mean": 0.025057193636894227,
        "std": 0.0017793911643843622,
        "min": 0.021294832229614258,
        "max": 0.03475594520568848,
        "median": 0.02461540699005127,
        "running_time": 16.03672957420349
    },
    "host_energy_analysis": {
        "total": 274.58444716497945,
        "per_repetition": 5.491688943299589e-09
    },
    "host_power_analysis": {
        "mean": 17.1017716349454,
        "std": 5.233481378430428,
        "min": 5.138592,
        "max": 36.840516,
        "median": 16.707694
    },
    "process_energy_analysis": {
        "total": 4.14863440497218,
        "per_repetition": 8.297268809944359e-11
    }
}