{
    "timestamp_analysis": {
        "mean": 0.02604274848185548,
        "std": 0.0018847620111271805,
        "min": 0.02257370948791504,
        "max": 0.03504133224487305,
        "median": 0.025631189346313477,
        "running_time": 11.354770421981812
    },
    "host_energy_analysis": {
        "total": 227.59055273965288,
        "per_repetition": 2.275905527396529e-05
    },
    "host_power_analysis": {
        "mean": 20.053390052631578,
        "std": 5.927484349472969,
        "min": 5.463395,
        "max": 35.784144,
        "median": 19.71978
    },
    "process_energy_analysis": {
        "total": 3.6403705200573278,
        "per_repetition": 3.640370520057328e-07
    }
}