{
    "timestamp_analysis": {
        "mean": 0.035116320564633326,
        "std": 0.0020278504353772415,
        "min": 0.03152728080749512,
        "max": 0.03842568397521973,
        "median": 0.03450345993041992,
        "running_time": 0.737560510635376
    },
    "host_energy_analysis": {
        "total": 12.806826109171986,
        "per_repetition": 0.00012806826109171987
    },
    "host_power_analysis": {
        "mean": 17.600516772727275,
        "std": 5.031785179894252,
        "min": 9.465889,
        "max": 29.223736,
        "median": 16.060593
    },
    "process_energy_analysis": {
        "total": 0.2519319125411462,
        "per_repetition": 2.5193191254114623e-06
    }
}