[
    {
        "host": {
            "consumption": 17827884.0,
            "timestamp": 1721774918.4878368,
            "components": {
                "disks": [
                    {
                        "disk_type": "SSD",
                        "disk_mount_point": "/etc/hosts",
                        "disk_is_removable": false,
                        "disk_file_system": "ext4",
                        "disk_total_bytes": "33634926592",
                        "disk_available_bytes": "9872785408",
                        "disk_name": "/dev/nvme0n1p4"
                    }
                ]
            }
        },
        "consumers": [
            {
                "exe": "/usr/local/bin/scaphandre",
                "cmdline": "/usr/local/bin/scaphandrejson-s0--step-nano10000000-f/home/ce-p2-r-1/1/power.json",
                "pid": 461649,
                "resources_usage": null,
                "consumption": 314609.75,
                "timestamp": 1721774918.4877427,
                "container": null
            },
            {
                "exe": "/home/philipp/.vscode-server/cli/servers/Stable-f1e16e1e6214d7c44d078b1f0607b2388f29d729/server/node",
                "cmdline": "/home/philipp/.vscode-server/cli/servers/Stable-f1e16e1e6214d7c44d078b1f0607b2388f29d729/server/node--dns-result-order=ipv4first/home/philipp/.vscode-server/cli/servers/Stable-f1e16e1e6214d7c44d078b1f0607b2388f29d729/server/out/bootstrap-fork--type=extensionHost--transformURIs--useHostProxy=false",
                "pid": 1834,
                "resources_usage": null,
                "consumption": 209739.83,
                "timestamp": 1721774918.4877808,
                "container": null
            },
            {
                "exe": "",
                "cmdline": "",
                "pid": 297,
                "resources_usage": null,
                "consumption": 0.0,
                "timestamp": 1721774918.487719,
                "container": null
            },
            {
                "exe": "",
                "cmdline": "",
                "pid": 448713,
                "resources_usage": null,
                "consumption": 0.0,
                "timestamp": 1721774918.4877203,
                "container": null
            },
            {
                "exe": "",
                "cmdline": "",
                "pid": 228,
                "resources_usage": null,
                "consumption": 0.0,
                "timestamp": 1721774918.4877205,
                "container": null
            },
            {
                "exe": "/usr/bin/udevadm",
                "cmdline": "/lib/systemd/systemd-udevd",
                "pid": 461613,
                "resources_usage": null,
                "consumption": 0.0,
                "timestamp": 1721774918.4877207,
                "container": null
            },
            {
                "exe": "",
                "cmdline": "",
                "pid": 242,
                "resources_usage": null,
                "consumption": 0.0,
                "timestamp": 1721774918.4877214,
                "container": null
            },
            {
                "exe": "",
                "cmdline": "",
                "pid": 62,
                "resources_usage": null,
                "consumption": 0.0,
                "timestamp": 1721774918.4877217,
                "container": null
            },
            {
                "exe": "/usr/libexec/udisks2/udisksd",
                "cmdline": "/usr/libexec/udisks2/udisksd",
                "pid": 831,
                "resources_usage": null,
                "consumption": 0.0,
                "timestamp": 1721774918.487722,
                "container": null
            },
            {
                "exe": "",
                "cmdline": "",
                "pid": 37,
                "resources_usage": null,
                "consumption": 0.0,
                "timestamp": 1721774918.4877224,
                "container": null
            }
        ],
        "sockets": [
            {
                "id": 0,
                "consumption": 14683456.0,
                "domains": [
                    {
                        "name": "uncore",
                        "consumption": 0.0,
                        "timestamp": 1721774918.468855
                    },
                    {
                        "name": "core",
                        "consumption": 11770366.0,
                        "timestamp": 1721774918.468845
                    }
                ],
                "timestamp": 1721774918.4687123
            }
        ]
    },
    {
        "host": {
            "consumption": 17963136.0,
            "timestamp": 1721774918.5214546,
            "components": {
                "disks": [
                    {
                        "disk_type": "SSD",
                        "disk_mount_point": "/etc/hosts",
                        "disk_is_removable": false,
                        "disk_file_system": "ext4",
                        "disk_total_bytes": "33634926592",
                        "disk_available_bytes": "9872789504",
                        "disk_name": "/dev/nvme0n1p4"
                    }
                ]
            }
        },
        "consumers": [
            {
                "exe": "/",
                "cmdline": "runcinit",
                "pid": 461722,
                "resources_usage": null,
                "consumption": 302749.5,
                "timestamp": 1721774918.5214143,
                "container": null
            },
            {
                "exe": "/usr/local/bin/scaphandre",
                "cmdline": "/usr/local/bin/scaphandrejson-s0--step-nano10000000-f/home/ce-p2-r-1/1/power.json",
                "pid": 461649,
                "resources_usage": null,
                "consumption": 100916.5,
                "timestamp": 1721774918.521368,
                "container": null
            },
            {
                "exe": "/usr/bin/dockerd",
                "cmdline": "/usr/bin/dockerd-Hfd://--containerd=/run/containerd/containerd.sock",
                "pid": 1100,
                "resources_usage": null,
                "consumption": 100916.5,
                "timestamp": 1721774918.5213697,
                "container": null
            },
            {
                "exe": "/usr/bin/python3.10",
                "cmdline": "python3src/experiment/runner.pytest.yaml",
                "pid": 458168,
                "resources_usage": null,
                "consumption": 100916.5,
                "timestamp": 1721774918.5213766,
                "container": null
            },
            {
                "exe": "",
                "cmdline": "",
                "pid": 297,
                "resources_usage": null,
                "consumption": 0.0,
                "timestamp": 1721774918.521347,
                "container": null
            },
            {
                "exe": "",
                "cmdline": "",
                "pid": 448713,
                "resources_usage": null,
                "consumption": 0.0,
                "timestamp": 1721774918.5213478,
                "container": null
            },
            {
                "exe": "",
                "cmdline": "",
                "pid": 228,
                "resources_usage": null,
                "consumption": 0.0,
                "timestamp": 1721774918.5213482,
                "container": null
            },
            {
                "exe": "/usr/bin/udevadm",
                "cmdline": "/lib/systemd/systemd-udevd",
                "pid": 461613,
                "resources_usage": null,
                "consumption": 0.0,
                "timestamp": 1721774918.521349,
                "container": null
            },
            {
                "exe": "",
                "cmdline": "",
                "pid": 242,
                "resources_usage": null,
                "consumption": 0.0,
                "timestamp": 1721774918.5213494,
                "container": null
            },
            {
                "exe": "",
                "cmdline": "",
                "pid": 62,
                "resources_usage": null,
                "consumption": 0.0,
                "timestamp": 1721774918.5213497,
                "container": null
            }
        ],
        "sockets": [
            {
                "id": 0,
                "consumption": 21823498.0,
                "domains": [
                    {
                        "name": "uncore",
                        "consumption": 0.0,
                        "timestamp": 1721774918.5045328
                    },
                    {
                        "name": "core",
                        "consumption": 18808916.0,
                        "timestamp": 1721774918.5045204
                    }
                ],
                "timestamp": 1721774918.5044045
            }
        ]
    },
    {
        "host": {
            "consumption": 19781440.0,
            "timestamp": 1721774918.5529819,
            "components": {
                "disks": [
                    {
                        "disk_type": "SSD",
                        "disk_mount_point": "/etc/hosts",
                        "disk_is_removable": false,
                        "disk_file_system": "ext4",
                        "disk_total_bytes": "33634926592",
                        "disk_available_bytes": "9872789504",
                        "disk_name": "/dev/nvme0n1p4"
                    }
                ]
            }
        },
        "consumers": [
            {
                "exe": "/",
                "cmdline": "runcinit",
                "pid": 461722,
                "resources_usage": null,
                "consumption": 333395.03,
                "timestamp": 1721774918.5529451,
                "container": null
            },
            {
                "exe": "/usr/local/bin/scaphandre",
                "cmdline": "/usr/local/bin/scaphandrejson-s0--step-nano10000000-f/home/ce-p2-r-1/1/power.json",
                "pid": 461649,
                "resources_usage": null,
                "consumption": 222263.36,
                "timestamp": 1721774918.5528977,
                "container": null
            },
            {
                "exe": "",
                "cmdline": "",
                "pid": 297,
                "resources_usage": null,
                "consumption": 0.0,
                "timestamp": 1721774918.5528765,
                "container": null
            },
            {
                "exe": "",
                "cmdline": "",
                "pid": 448713,
                "resources_usage": null,
                "consumption": 0.0,
                "timestamp": 1721774918.5528772,
                "container": null
            },
            {
                "exe": "",
                "cmdline": "",
                "pid": 228,
                "resources_usage": null,
                "consumption": 0.0,
                "timestamp": 1721774918.5528774,
                "container": null
            },
            {
                "exe": "/usr/bin/udevadm",
                "cmdline": "/lib/systemd/systemd-udevd",
                "pid": 461613,
                "resources_usage": null,
                "consumption": 0.0,
                "timestamp": 1721774918.552878,
                "container": null
            },
            {
                "exe": "",
                "cmdline": "",
                "pid": 242,
                "resources_usage": null,
                "consumption": 0.0,
                "timestamp": 1721774918.5528781,
                "container": null
            },
            {
                "exe": "",
                "cmdline": "",
                "pid": 62,
                "resources_usage": null,
                "consumption": 0.0,
                "timestamp": 1721774918.5528784,
                "container": null
            },
            {
                "exe": "/usr/libexec/udisks2/udisksd",
                "cmdline": "/usr/libexec/udisks2/udisksd",
                "pid": 831,
                "resources_usage": null,
                "consumption": 0.0,
                "timestamp": 1721774918.5528786,
                "container": null
            },
            {
                "exe": "",
                "cmdline": "",
                "pid": 37,
                "resources_usage": null,
                "consumption": 0.0,
                "timestamp": 1721774918.552879,
                "container": null
            }
        ],
        "sockets": [
            {
                "id": 0,
                "consumption": 15325722.0,
                "domains": [
                    {
                        "name": "uncore",
                        "consumption": 0.0,
                        "timestamp": 1721774918.5365145
                    },
                    {
                        "name": "core",
                        "consumption": 12530601.0,
                        "timestamp": 1721774918.5365026
                    }
                ],
                "timestamp": 1721774918.5363882
            }
        ]
    },
    {
        "host": {
            "consumption": 14415313.0,
            "timestamp": 1721774918.585131,
            "components": {
                "disks": [
                    {
                        "disk_type": "SSD",
                        "disk_mount_point": "/etc/hosts",
                        "disk_is_removable": false,
                        "disk_file_system": "ext4",
                        "disk_total_bytes": "33634926592",
                        "disk_available_bytes": "9872785408",
                        "disk_name": "/dev/nvme0n1p4"
                    }
                ]
            }
        },
        "consumers": [
            {
                "exe": "/usr/local/bin/scaphandre",
                "cmdline": "/usr/local/bin/scaphandrejson-s0--step-nano10000000-f/home/ce-p2-r-1/1/power.json",
                "pid": 461649,
                "resources_usage": null,
                "consumption": 242954.7,
                "timestamp": 1721774918.5850468,
                "container": null
            },
            {
                "exe": "/",
                "cmdline": "runcinit",
                "pid": 461722,
                "resources_usage": null,
                "consumption": 242954.7,
                "timestamp": 1721774918.5850937,
                "container": null
            },
            {
                "exe": "",
                "cmdline": "",
                "pid": 297,
                "resources_usage": null,
                "consumption": 0.0,
                "timestamp": 1721774918.5850244,
                "container": null
            },
            {
                "exe": "",
                "cmdline": "",
                "pid": 448713,
                "resources_usage": null,
                "consumption": 0.0,
                "timestamp": 1721774918.5850253,
                "container": null
            },
            {
                "exe": "",
                "cmdline": "",
                "pid": 228,
                "resources_usage": null,
                "consumption": 0.0,
                "timestamp": 1721774918.5850258,
                "container": null
            },
            {
                "exe": "/usr/bin/udevadm",
                "cmdline": "/lib/systemd/systemd-udevd",
                "pid": 461613,
                "resources_usage": null,
                "consumption": 0.0,
                "timestamp": 1721774918.585026,
                "container": null
            },
            {
                "exe": "",
                "cmdline": "",
                "pid": 242,
                "resources_usage": null,
                "consumption": 0.0,
                "timestamp": 1721774918.5850265,
                "container": null
            },
            {
                "exe": "",
                "cmdline": "",
                "pid": 62,
                "resources_usage": null,
                "consumption": 0.0,
                "timestamp": 1721774918.5850267,
                "container": null
            },
            {
                "exe": "/usr/libexec/udisks2/udisksd",
                "cmdline": "/usr/libexec/udisks2/udisksd",
                "pid": 831,
                "resources_usage": null,
                "consumption": 0.0,
                "timestamp": 1721774918.585027,
                "container": null
            },
            {
                "exe": "",
                "cmdline": "",
                "pid": 37,
                "resources_usage": null,
                "consumption": 0.0,
                "timestamp": 1721774918.5850272,
                "container": null
            }
        ],
        "sockets": [
            {
                "id": 0,
                "consumption": 15101970.0,
                "domains": [
                    {
                        "name": "uncore",
                        "consumption": 0.0,
                        "timestamp": 1721774918.5679457
                    },
                    {
                        "name": "core",
                        "consumption": 12299567.0,
                        "timestamp": 1721774918.5679343
                    }
                ],
                "timestamp": 1721774918.567811
            }
        ]
    },
    {
        "host": {
            "consumption": 13633728.0,
            "timestamp": 1721774918.6193871,
            "components": {
                "disks": [
                    {
                        "disk_type": "SSD",
                        "disk_mount_point": "/etc/hosts",
                        "disk_is_removable": false,
                        "disk_file_system": "ext4",
                        "disk_total_bytes": "33634926592",
                        "disk_available_bytes": "9872785408",
                        "disk_name": "/dev/nvme0n1p4"
                    }
                ]
            }
        },
        "consumers": [
            {
                "exe": "/",
                "cmdline": "runcinit",
                "pid": 461722,
                "resources_usage": null,
                "consumption": 306375.9,
                "timestamp": 1721774918.61935,
                "container": null
            },
            {
                "exe": "/usr/local/bin/scaphandre",
                "cmdline": "/usr/local/bin/scaphandrejson-s0--step-nano10000000-f/home/ce-p2-r-1/1/power.json",
                "pid": 461649,
                "resources_usage": null,
                "consumption": 153187.95,
                "timestamp": 1721774918.6193042,
                "container": null
            },
            {
                "exe": "",
                "cmdline": "",
                "pid": 297,
                "resources_usage": null,
                "consumption": 0.0,
                "timestamp": 1721774918.619283,
                "container": null
            },
            {
                "exe": "",
                "cmdline": "",
                "pid": 448713,
                "resources_usage": null,
                "consumption": 0.0,
                "timestamp": 1721774918.6192844,
                "container": null
            },
            {
                "exe": "",
                "cmdline": "",
                "pid": 228,
                "resources_usage": null,
                "consumption": 0.0,
                "timestamp": 1721774918.6192846,
                "container": null
            },
            {
                "exe": "/usr/bin/udevadm",
                "cmdline": "/lib/systemd/systemd-udevd",
                "pid": 461613,
                "resources_usage": null,
                "consumption": 0.0,
                "timestamp": 1721774918.6192849,
                "container": null
            },
            {
                "exe": "",
                "cmdline": "",
                "pid": 242,
                "resources_usage": null,
                "consumption": 0.0,
                "timestamp": 1721774918.6192853,
                "container": null
            },
            {
                "exe": "",
                "cmdline": "",
                "pid": 62,
                "resources_usage": null,
                "consumption": 0.0,
                "timestamp": 1721774918.6192856,
                "container": null
            },
            {
                "exe": "/usr/libexec/udisks2/udisksd",
                "cmdline": "/usr/libexec/udisks2/udisksd",
                "pid": 831,
                "resources_usage": null,
                "consumption": 0.0,
                "timestamp": 1721774918.6192858,
                "container": null
            },
            {
                "exe": "",
                "cmdline": "",
                "pid": 37,
                "resources_usage": null,
                "consumption": 0.0,
                "timestamp": 1721774918.619286,
                "container": null
            }
        ],
        "sockets": [
            {
                "id": 0,
                "consumption": 16231786.0,
                "domains": [
                    {
                        "name": "uncore",
                        "consumption": 0.0,
                        "timestamp": 1721774918.6001134
                    },
                    {
                        "name": "core",
                        "consumption": 13751633.0,
                        "timestamp": 1721774918.6001036
                    }
                ],
                "timestamp": 1721774918.5999985
            }
        ]
    },
    {
        "host": {
            "consumption": 29223736.0,
            "timestamp": 1721774918.6538544,
            "components": {
                "disks": [
                    {
                        "disk_type": "SSD",
                        "disk_mount_point": "/etc/hosts",
                        "disk_is_removable": false,
                        "disk_file_system": "ext4",
                        "disk_total_bytes": "33634926592",
                        "disk_available_bytes": "9872781312",
                        "disk_name": "/dev/nvme0n1p4"
                    }
                ]
            }
        },
        "consumers": [
            {
                "exe": "/",
                "cmdline": "runcinit",
                "pid": 461722,
                "resources_usage": null,
                "consumption": 492534.88,
                "timestamp": 1721774918.6538136,
                "container": null
            },
            {
                "exe": "/usr/local/bin/scaphandre",
                "cmdline": "/usr/local/bin/scaphandrejson-s0--step-nano10000000-f/home/ce-p2-r-1/1/power.json",
                "pid": 461649,
                "resources_usage": null,
                "consumption": 164178.3,
                "timestamp": 1721774918.6537645,
                "container": null
            },
            {
                "exe": "",
                "cmdline": "",
                "pid": 297,
                "resources_usage": null,
                "consumption": 0.0,
                "timestamp": 1721774918.6537426,
                "container": null
            },
            {
                "exe": "",
                "cmdline": "",
                "pid": 448713,
                "resources_usage": null,
                "consumption": 0.0,
                "timestamp": 1721774918.6537435,
                "container": null
            },
            {
                "exe": "",
                "cmdline": "",
                "pid": 228,
                "resources_usage": null,
                "consumption": 0.0,
                "timestamp": 1721774918.6537435,
                "container": null
            },
            {
                "exe": "/usr/bin/udevadm",
                "cmdline": "/lib/systemd/systemd-udevd",
                "pid": 461613,
                "resources_usage": null,
                "consumption": 0.0,
                "timestamp": 1721774918.653744,
                "container": null
            },
            {
                "exe": "",
                "cmdline": "",
                "pid": 242,
                "resources_usage": null,
                "consumption": 0.0,
                "timestamp": 1721774918.6537442,
                "container": null
            },
            {
                "exe": "",
                "cmdline": "",
                "pid": 62,
                "resources_usage": null,
                "consumption": 0.0,
                "timestamp": 1721774918.6537447,
                "container": null
            },
            {
                "exe": "/usr/libexec/udisks2/udisksd",
                "cmdline": "/usr/libexec/udisks2/udisksd",
                "pid": 831,
                "resources_usage": null,
                "consumption": 0.0,
                "timestamp": 1721774918.653745,
                "container": null
            },
            {
                "exe": "",
                "cmdline": "",
                "pid": 37,
                "resources_usage": null,
                "consumption": 0.0,
                "timestamp": 1721774918.6537452,
                "container": null
            }
        ],
        "sockets": [
            {
                "id": 0,
                "consumption": 19727656.0,
                "domains": [
                    {
                        "name": "uncore",
                        "consumption": 0.0,
                        "timestamp": 1721774918.634456
                    },
                    {
                        "name": "core",
                        "consumption": 17536192.0,
                        "timestamp": 1721774918.634446
                    }
                ],
                "timestamp": 1721774918.6343374
            }
        ]
    },
    {
        "host": {
            "consumption": 15261800.0,
            "timestamp": 1721774918.6886554,
            "components": {
                "disks": [
                    {
                        "disk_type": "SSD",
                        "disk_mount_point": "/etc/hosts",
                        "disk_is_removable": false,
                        "disk_file_system": "ext4",
                        "disk_total_bytes": "33634926592",
                        "disk_available_bytes": "9872781312",
                        "disk_name": "/dev/nvme0n1p4"
                    }
                ]
            }
        },
        "consumers": [
            {
                "exe": "/",
                "cmdline": "runcinit",
                "pid": 461722,
                "resources_usage": null,
                "consumption": 342961.78,
                "timestamp": 1721774918.6886196,
                "container": null
            },
            {
                "exe": "/usr/local/bin/scaphandre",
                "cmdline": "/usr/local/bin/scaphandrejson-s0--step-nano10000000-f/home/ce-p2-r-1/1/power.json",
                "pid": 461649,
                "resources_usage": null,
                "consumption": 85740.445,
                "timestamp": 1721774918.6885715,
                "container": null
            },
            {
                "exe": "",
                "cmdline": "",
                "pid": 297,
                "resources_usage": null,
                "consumption": 0.0,
                "timestamp": 1721774918.6885483,
                "container": null
            },
            {
                "exe": "",
                "cmdline": "",
                "pid": 448713,
                "resources_usage": null,
                "consumption": 0.0,
                "timestamp": 1721774918.6885493,
                "container": null
            },
            {
                "exe": "",
                "cmdline": "",
                "pid": 228,
                "resources_usage": null,
                "consumption": 0.0,
                "timestamp": 1721774918.6885498,
                "container": null
            },
            {
                "exe": "/usr/bin/udevadm",
                "cmdline": "/lib/systemd/systemd-udevd",
                "pid": 461613,
                "resources_usage": null,
                "consumption": 0.0,
                "timestamp": 1721774918.6885502,
                "container": null
            },
            {
                "exe": "",
                "cmdline": "",
                "pid": 242,
                "resources_usage": null,
                "consumption": 0.0,
                "timestamp": 1721774918.6885507,
                "container": null
            },
            {
                "exe": "",
                "cmdline": "",
                "pid": 62,
                "resources_usage": null,
                "consumption": 0.0,
                "timestamp": 1721774918.6885512,
                "container": null
            },
            {
                "exe": "/usr/libexec/udisks2/udisksd",
                "cmdline": "/usr/libexec/udisks2/udisksd",
                "pid": 831,
                "resources_usage": null,
                "consumption": 0.0,
                "timestamp": 1721774918.6885514,
                "container": null
            },
            {
                "exe": "",
                "cmdline": "",
                "pid": 37,
                "resources_usage": null,
                "consumption": 0.0,
                "timestamp": 1721774918.688552,
                "container": null
            }
        ],
        "sockets": [
            {
                "id": 0,
                "consumption": 23275728.0,
                "domains": [
                    {
                        "name": "uncore",
                        "consumption": 0.0,
                        "timestamp": 1721774918.6690423
                    },
                    {
                        "name": "core",
                        "consumption": 21038110.0,
                        "timestamp": 1721774918.6690307
                    }
                ],
                "timestamp": 1721774918.6689198
            }
        ]
    },
    {
        "host": {
            "consumption": 22153648.0,
            "timestamp": 1721774918.7219064,
            "components": {
                "disks": [
                    {
                        "disk_type": "SSD",
                        "disk_mount_point": "/etc/hosts",
                        "disk_is_removable": false,
                        "disk_file_system": "ext4",
                        "disk_total_bytes": "33634926592",
                        "disk_available_bytes": "9872777216",
                        "disk_name": "/dev/nvme0n1p4"
                    }
                ]
            }
        },
        "consumers": [
            {
                "exe": "/usr/local/bin/scaphandre",
                "cmdline": "/usr/local/bin/scaphandrejson-s0--step-nano10000000-f/home/ce-p2-r-1/1/power.json",
                "pid": 461649,
                "resources_usage": null,
                "consumption": 417993.34,
                "timestamp": 1721774918.7218208,
                "container": null
            },
            {
                "exe": "/",
                "cmdline": "runcinit",
                "pid": 461722,
                "resources_usage": null,
                "consumption": 417993.34,
                "timestamp": 1721774918.7218704,
                "container": null
            },
            {
                "exe": "",
                "cmdline": "",
                "pid": 297,
                "resources_usage": null,
                "consumption": 0.0,
                "timestamp": 1721774918.7217972,
                "container": null
            },
            {
                "exe": "",
                "cmdline": "",
                "pid": 448713,
                "resources_usage": null,
                "consumption": 0.0,
                "timestamp": 1721774918.7217982,
                "container": null
            },
            {
                "exe": "",
                "cmdline": "",
                "pid": 228,
                "resources_usage": null,
                "consumption": 0.0,
                "timestamp": 1721774918.7217984,
                "container": null
            },
            {
                "exe": "/usr/bin/udevadm",
                "cmdline": "/lib/systemd/systemd-udevd",
                "pid": 461613,
                "resources_usage": null,
                "consumption": 0.0,
                "timestamp": 1721774918.721799,
                "container": null
            },
            {
                "exe": "",
                "cmdline": "",
                "pid": 242,
                "resources_usage": null,
                "consumption": 0.0,
                "timestamp": 1721774918.7217994,
                "container": null
            },
            {
                "exe": "",
                "cmdline": "",
                "pid": 62,
                "resources_usage": null,
                "consumption": 0.0,
                "timestamp": 1721774918.7217996,
                "container": null
            },
            {
                "exe": "/usr/libexec/udisks2/udisksd",
                "cmdline": "/usr/libexec/udisks2/udisksd",
                "pid": 831,
                "resources_usage": null,
                "consumption": 0.0,
                "timestamp": 1721774918.7217999,
                "container": null
            },
            {
                "exe": "",
                "cmdline": "",
                "pid": 37,
                "resources_usage": null,
                "consumption": 0.0,
                "timestamp": 1721774918.7218003,
                "container": null
            }
        ],
        "sockets": [
            {
                "id": 0,
                "consumption": 20166076.0,
                "domains": [
                    {
                        "name": "uncore",
                        "consumption": 0.0,
                        "timestamp": 1721774918.7037501
                    },
                    {
                        "name": "core",
                        "consumption": 17846916.0,
                        "timestamp": 1721774918.7037394
                    }
                ],
                "timestamp": 1721774918.70362
            }
        ]
    },
    {
        "host": {
            "consumption": 23270666.0,
            "timestamp": 1721774918.7554445,
            "components": {
                "disks": [
                    {
                        "disk_type": "SSD",
                        "disk_mount_point": "/etc/hosts",
                        "disk_is_removable": false,
                        "disk_file_system": "ext4",
                        "disk_total_bytes": "33634926592",
                        "disk_available_bytes": "9872777216",
                        "disk_name": "/dev/nvme0n1p4"
                    }
                ]
            }
        },
        "consumers": [
            {
                "exe": "/",
                "cmdline": "runcinit",
                "pid": 461722,
                "resources_usage": null,
                "consumption": 585425.56,
                "timestamp": 1721774918.7554076,
                "container": null
            },
            {
                "exe": "/usr/local/bin/scaphandre",
                "cmdline": "/usr/local/bin/scaphandrejson-s0--step-nano10000000-f/home/ce-p2-r-1/1/power.json",
                "pid": 461649,
                "resources_usage": null,
                "consumption": 292712.78,
                "timestamp": 1721774918.7553568,
                "container": null
            },
            {
                "exe": "",
                "cmdline": "",
                "pid": 297,
                "resources_usage": null,
                "consumption": 0.0,
                "timestamp": 1721774918.7553334,
                "container": null
            },
            {
                "exe": "",
                "cmdline": "",
                "pid": 448713,
                "resources_usage": null,
                "consumption": 0.0,
                "timestamp": 1721774918.7553344,
                "container": null
            },
            {
                "exe": "",
                "cmdline": "",
                "pid": 228,
                "resources_usage": null,
                "consumption": 0.0,
                "timestamp": 1721774918.7553346,
                "container": null
            },
            {
                "exe": "/usr/bin/udevadm",
                "cmdline": "/lib/systemd/systemd-udevd",
                "pid": 461613,
                "resources_usage": null,
                "consumption": 0.0,
                "timestamp": 1721774918.755335,
                "container": null
            },
            {
                "exe": "",
                "cmdline": "",
                "pid": 242,
                "resources_usage": null,
                "consumption": 0.0,
                "timestamp": 1721774918.7553356,
                "container": null
            },
            {
                "exe": "",
                "cmdline": "",
                "pid": 62,
                "resources_usage": null,
                "consumption": 0.0,
                "timestamp": 1721774918.7553358,
                "container": null
            },
            {
                "exe": "/usr/libexec/udisks2/udisksd",
                "cmdline": "/usr/libexec/udisks2/udisksd",
                "pid": 831,
                "resources_usage": null,
                "consumption": 0.0,
                "timestamp": 1721774918.755336,
                "container": null
            },
            {
                "exe": "",
                "cmdline": "",
                "pid": 37,
                "resources_usage": null,
                "consumption": 0.0,
                "timestamp": 1721774918.7553363,
                "container": null
            }
        ],
        "sockets": [
            {
                "id": 0,
                "consumption": 22239244.0,
                "domains": [
                    {
                        "name": "uncore",
                        "consumption": 0.0,
                        "timestamp": 1721774918.7371824
                    },
                    {
                        "name": "core",
                        "consumption": 20017100.0,
                        "timestamp": 1721774918.7371702
                    }
                ],
                "timestamp": 1721774918.7370586
            }
        ]
    },
    {
        "host": {
            "consumption": 25970672.0,
            "timestamp": 1721774918.7889154,
            "components": {
                "disks": [
                    {
                        "disk_type": "SSD",
                        "disk_mount_point": "/etc/hosts",
                        "disk_is_removable": false,
                        "disk_file_system": "ext4",
                        "disk_total_bytes": "33634926592",
                        "disk_available_bytes": "9872777216",
                        "disk_name": "/dev/nvme0n1p4"
                    }
                ]
            }
        },
        "consumers": [
            {
                "exe": "/",
                "cmdline": "runcinit",
                "pid": 461722,
                "resources_usage": null,
                "consumption": 490012.7,
                "timestamp": 1721774918.7888741,
                "container": null
            },
            {
                "exe": "/usr/local/bin/scaphandre",
                "cmdline": "/usr/local/bin/scaphandrejson-s0--step-nano10000000-f/home/ce-p2-r-1/1/power.json",
                "pid": 461649,
                "resources_usage": null,
                "consumption": 163337.56,
                "timestamp": 1721774918.788827,
                "container": null
            },
            {
                "exe": "",
                "cmdline": "",
                "pid": 297,
                "resources_usage": null,
                "consumption": 0.0,
                "timestamp": 1721774918.7888052,
                "container": null
            },
            {
                "exe": "",
                "cmdline": "",
                "pid": 448713,
                "resources_usage": null,
                "consumption": 0.0,
                "timestamp": 1721774918.788806,
                "container": null
            },
            {
                "exe": "",
                "cmdline": "",
                "pid": 228,
                "resources_usage": null,
                "consumption": 0.0,
                "timestamp": 1721774918.7888062,
                "container": null
            },
            {
                "exe": "/usr/bin/udevadm",
                "cmdline": "/lib/systemd/systemd-udevd",
                "pid": 461613,
                "resources_usage": null,
                "consumption": 0.0,
                "timestamp": 1721774918.7888067,
                "container": null
            },
            {
                "exe": "",
                "cmdline": "",
                "pid": 242,
                "resources_usage": null,
                "consumption": 0.0,
                "timestamp": 1721774918.788807,
                "container": null
            },
            {
                "exe": "",
                "cmdline": "",
                "pid": 62,
                "resources_usage": null,
                "consumption": 0.0,
                "timestamp": 1721774918.7888072,
                "container": null
            },
            {
                "exe": "/usr/libexec/udisks2/udisksd",
                "cmdline": "/usr/libexec/udisks2/udisksd",
                "pid": 831,
                "resources_usage": null,
                "consumption": 0.0,
                "timestamp": 1721774918.7888074,
                "container": null
            },
            {
                "exe": "",
                "cmdline": "",
                "pid": 37,
                "resources_usage": null,
                "consumption": 0.0,
                "timestamp": 1721774918.7888079,
                "container": null
            }
        ],
        "sockets": [
            {
                "id": 0,
                "consumption": 25638742.0,
                "domains": [
                    {
                        "name": "uncore",
                        "consumption": 0.0,
                        "timestamp": 1721774918.7706668
                    },
                    {
                        "name": "core",
                        "consumption": 23443164.0,
                        "timestamp": 1721774918.7706568
                    }
                ],
                "timestamp": 1721774918.7705486
            }
        ]
    },
    {
        "host": {
            "consumption": 9465889.0,
            "timestamp": 1721774918.823186,
            "components": {
                "disks": [
                    {
                        "disk_type": "SSD",
                        "disk_mount_point": "/etc/hosts",
                        "disk_is_removable": false,
                        "disk_file_system": "ext4",
                        "disk_total_bytes": "33634926592",
                        "disk_available_bytes": "9872773120",
                        "disk_name": "/dev/nvme0n1p4"
                    }
                ]
            }
        },
        "consumers": [
            {
                "exe": "/usr/local/bin/scaphandre",
                "cmdline": "/usr/local/bin/scaphandrejson-s0--step-nano10000000-f/home/ce-p2-r-1/1/power.json",
                "pid": 461649,
                "resources_usage": null,
                "consumption": 178601.67,
                "timestamp": 1721774918.8230863,
                "container": null
            },
            {
                "exe": "/",
                "cmdline": "runcinit",
                "pid": 461722,
                "resources_usage": null,
                "consumption": 178601.67,
                "timestamp": 1721774918.823137,
                "container": null
            },
            {
                "exe": "",
                "cmdline": "",
                "pid": 297,
                "resources_usage": null,
                "consumption": 0.0,
                "timestamp": 1721774918.8230617,
                "container": null
            },
            {
                "exe": "",
                "cmdline": "",
                "pid": 448713,
                "resources_usage": null,
                "consumption": 0.0,
                "timestamp": 1721774918.8230627,
                "container": null
            },
            {
                "exe": "",
                "cmdline": "",
                "pid": 228,
                "resources_usage": null,
                "consumption": 0.0,
                "timestamp": 1721774918.823063,
                "container": null
            },
            {
                "exe": "/usr/bin/udevadm",
                "cmdline": "/lib/systemd/systemd-udevd",
                "pid": 461613,
                "resources_usage": null,
                "consumption": 0.0,
                "timestamp": 1721774918.8230634,
                "container": null
            },
            {
                "exe": "",
                "cmdline": "",
                "pid": 242,
                "resources_usage": null,
                "consumption": 0.0,
                "timestamp": 1721774918.823064,
                "container": null
            },
            {
                "exe": "",
                "cmdline": "",
                "pid": 62,
                "resources_usage": null,
                "consumption": 0.0,
                "timestamp": 1721774918.8230643,
                "container": null
            },
            {
                "exe": "/usr/libexec/udisks2/udisksd",
                "cmdline": "/usr/libexec/udisks2/udisksd",
                "pid": 831,
                "resources_usage": null,
                "consumption": 0.0,
                "timestamp": 1721774918.8230646,
                "container": null
            },
            {
                "exe": "",
                "cmdline": "",
                "pid": 37,
                "resources_usage": null,
                "consumption": 0.0,
                "timestamp": 1721774918.823065,
                "container": null
            }
        ],
        "sockets": [
            {
                "id": 0,
                "consumption": 12975915.0,
                "domains": [
                    {
                        "name": "uncore",
                        "consumption": 0.0,
                        "timestamp": 1721774918.8040943
                    },
                    {
                        "name": "core",
                        "consumption": 10683459.0,
                        "timestamp": 1721774918.8040838
                    }
                ],
                "timestamp": 1721774918.8039732
            }
        ]
    },
    {
        "host": {
            "consumption": 21768552.0,
            "timestamp": 1721774918.8597252,
            "components": {
                "disks": [
                    {
                        "disk_type": "SSD",
                        "disk_mount_point": "/etc/hosts",
                        "disk_is_removable": false,
                        "disk_file_system": "ext4",
                        "disk_total_bytes": "33634926592",
                        "disk_available_bytes": "9872773120",
                        "disk_name": "/dev/nvme0n1p4"
                    }
                ]
            }
        },
        "consumers": [
            {
                "exe": "/",
                "cmdline": "runcinit",
                "pid": 461722,
                "resources_usage": null,
                "consumption": 547636.5,
                "timestamp": 1721774918.8596902,
                "container": null
            },
            {
                "exe": "/usr/local/bin/scaphandre",
                "cmdline": "/usr/local/bin/scaphandrejson-s0--step-nano10000000-f/home/ce-p2-r-1/1/power.json",
                "pid": 461649,
                "resources_usage": null,
                "consumption": 273818.25,
                "timestamp": 1721774918.859643,
                "container": null
            },
            {
                "exe": "",
                "cmdline": "",
                "pid": 297,
                "resources_usage": null,
                "consumption": 0.0,
                "timestamp": 1721774918.8596215,
                "container": null
            },
            {
                "exe": "",
                "cmdline": "",
                "pid": 448713,
                "resources_usage": null,
                "consumption": 0.0,
                "timestamp": 1721774918.8596225,
                "container": null
            },
            {
                "exe": "",
                "cmdline": "",
                "pid": 228,
                "resources_usage": null,
                "consumption": 0.0,
                "timestamp": 1721774918.8596227,
                "container": null
            },
            {
                "exe": "/usr/bin/udevadm",
                "cmdline": "/lib/systemd/systemd-udevd",
                "pid": 461613,
                "resources_usage": null,
                "consumption": 0.0,
                "timestamp": 1721774918.859623,
                "container": null
            },
            {
                "exe": "",
                "cmdline": "",
                "pid": 242,
                "resources_usage": null,
                "consumption": 0.0,
                "timestamp": 1721774918.8596234,
                "container": null
            },
            {
                "exe": "",
                "cmdline": "",
                "pid": 62,
                "resources_usage": null,
                "consumption": 0.0,
                "timestamp": 1721774918.8596237,
                "container": null
            },
            {
                "exe": "/usr/libexec/udisks2/udisksd",
                "cmdline": "/usr/libexec/udisks2/udisksd",
                "pid": 831,
                "resources_usage": null,
                "consumption": 0.0,
                "timestamp": 1721774918.8596241,
                "container": null
            },
            {
                "exe": "",
                "cmdline": "",
                "pid": 37,
                "resources_usage": null,
                "consumption": 0.0,
                "timestamp": 1721774918.8596244,
                "container": null
            }
        ],
        "sockets": [
            {
                "id": 0,
                "consumption": 15765567.0,
                "domains": [
                    {
                        "name": "uncore",
                        "consumption": 0.0,
                        "timestamp": 1721774918.8385146
                    },
                    {
                        "name": "core",
                        "consumption": 13196724.0,
                        "timestamp": 1721774918.8385031
                    }
                ],
                "timestamp": 1721774918.8383784
            }
        ]
    },
    {
        "host": {
            "consumption": 14336012.0,
            "timestamp": 1721774918.8946662,
            "components": {
                "disks": [
                    {
                        "disk_type": "SSD",
                        "disk_mount_point": "/etc/hosts",
                        "disk_is_removable": false,
                        "disk_file_system": "ext4",
                        "disk_total_bytes": "33634926592",
                        "disk_available_bytes": "9872769024",
                        "disk_name": "/dev/nvme0n1p4"
                    }
                ]
            }
        },
        "consumers": [
            {
                "exe": "/",
                "cmdline": "runcinit",
                "pid": 461722,
                "resources_usage": null,
                "consumption": 270490.78,
                "timestamp": 1721774918.8946273,
                "container": null
            },
            {
                "exe": "/usr/local/bin/scaphandre",
                "cmdline": "/usr/local/bin/scaphandrejson-s0--step-nano10000000-f/home/ce-p2-r-1/1/power.json",
                "pid": 461649,
                "resources_usage": null,
                "consumption": 90163.59,
                "timestamp": 1721774918.8945768,
                "container": null
            },
            {
                "exe": "",
                "cmdline": "",
                "pid": 297,
                "resources_usage": null,
                "consumption": 0.0,
                "timestamp": 1721774918.8945537,
                "container": null
            },
            {
                "exe": "",
                "cmdline": "",
                "pid": 448713,
                "resources_usage": null,
                "consumption": 0.0,
                "timestamp": 1721774918.8945549,
                "container": null
            },
            {
                "exe": "",
                "cmdline": "",
                "pid": 228,
                "resources_usage": null,
                "consumption": 0.0,
                "timestamp": 1721774918.8945553,
                "container": null
            },
            {
                "exe": "/usr/bin/udevadm",
                "cmdline": "/lib/systemd/systemd-udevd",
                "pid": 461613,
                "resources_usage": null,
                "consumption": 0.0,
                "timestamp": 1721774918.8945556,
                "container": null
            },
            {
                "exe": "",
                "cmdline": "",
                "pid": 242,
                "resources_usage": null,
                "consumption": 0.0,
                "timestamp": 1721774918.8945558,
                "container": null
            },
            {
                "exe": "",
                "cmdline": "",
                "pid": 62,
                "resources_usage": null,
                "consumption": 0.0,
                "timestamp": 1721774918.8945563,
                "container": null
            },
            {
                "exe": "/usr/libexec/udisks2/udisksd",
                "cmdline": "/usr/libexec/udisks2/udisksd",
                "pid": 831,
                "resources_usage": null,
                "consumption": 0.0,
                "timestamp": 1721774918.8945565,
                "container": null
            },
            {
                "exe": "",
                "cmdline": "",
                "pid": 37,
                "resources_usage": null,
                "consumption": 0.0,
                "timestamp": 1721774918.8945568,
                "container": null
            }
        ],
        "sockets": [
            {
                "id": 0,
                "consumption": 18531712.0,
                "domains": [
                    {
                        "name": "uncore",
                        "consumption": 0.0,
                        "timestamp": 1721774918.8751218
                    },
                    {
                        "name": "core",
                        "consumption": 16187321.0,
                        "timestamp": 1721774918.8751113
                    }
                ],
                "timestamp": 1721774918.8750026
            }
        ]
    },
    {
        "host": {
            "consumption": 15904665.0,
            "timestamp": 1721774918.9291697,
            "components": {
                "disks": [
                    {
                        "disk_type": "SSD",
                        "disk_mount_point": "/etc/hosts",
                        "disk_is_removable": false,
                        "disk_file_system": "ext4",
                        "disk_total_bytes": "33634926592",
                        "disk_available_bytes": "9872769024",
                        "disk_name": "/dev/nvme0n1p4"
                    }
                ]
            }
        },
        "consumers": [
            {
                "exe": "/",
                "cmdline": "runcinit",
                "pid": 461722,
                "resources_usage": null,
                "consumption": 376441.78,
                "timestamp": 1721774918.9291308,
                "container": null
            },
            {
                "exe": "/usr/local/bin/scaphandre",
                "cmdline": "/usr/local/bin/scaphandrejson-s0--step-nano10000000-f/home/ce-p2-r-1/1/power.json",
                "pid": 461649,
                "resources_usage": null,
                "consumption": 188220.89,
                "timestamp": 1721774918.9290826,
                "container": null
            },
            {
                "exe": "",
                "cmdline": "",
                "pid": 297,
                "resources_usage": null,
                "consumption": 0.0,
                "timestamp": 1721774918.9290602,
                "container": null
            },
            {
                "exe": "",
                "cmdline": "",
                "pid": 448713,
                "resources_usage": null,
                "consumption": 0.0,
                "timestamp": 1721774918.9290612,
                "container": null
            },
            {
                "exe": "",
                "cmdline": "",
                "pid": 228,
                "resources_usage": null,
                "consumption": 0.0,
                "timestamp": 1721774918.9290614,
                "container": null
            },
            {
                "exe": "/usr/bin/udevadm",
                "cmdline": "/lib/systemd/systemd-udevd",
                "pid": 461613,
                "resources_usage": null,
                "consumption": 0.0,
                "timestamp": 1721774918.929062,
                "container": null
            },
            {
                "exe": "",
                "cmdline": "",
                "pid": 242,
                "resources_usage": null,
                "consumption": 0.0,
                "timestamp": 1721774918.9290624,
                "container": null
            },
            {
                "exe": "",
                "cmdline": "",
                "pid": 62,
                "resources_usage": null,
                "consumption": 0.0,
                "timestamp": 1721774918.9290626,
                "container": null
            },
            {
                "exe": "/usr/libexec/udisks2/udisksd",
                "cmdline": "/usr/libexec/udisks2/udisksd",
                "pid": 831,
                "resources_usage": null,
                "consumption": 0.0,
                "timestamp": 1721774918.9290628,
                "container": null
            },
            {
                "exe": "",
                "cmdline": "",
                "pid": 37,
                "resources_usage": null,
                "consumption": 0.0,
                "timestamp": 1721774918.9290633,
                "container": null
            }
        ],
        "sockets": [
            {
                "id": 0,
                "consumption": 19793694.0,
                "domains": [
                    {
                        "name": "uncore",
                        "consumption": 0.0,
                        "timestamp": 1721774918.909977
                    },
                    {
                        "name": "core",
                        "consumption": 17499640.0,
                        "timestamp": 1721774918.9099648
                    }
                ],
                "timestamp": 1721774918.90985
            }
        ]
    },
    {
        "host": {
            "consumption": 19681796.0,
            "timestamp": 1721774918.9633064,
            "components": {
                "disks": [
                    {
                        "disk_type": "SSD",
                        "disk_mount_point": "/etc/hosts",
                        "disk_is_removable": false,
                        "disk_file_system": "ext4",
                        "disk_total_bytes": "33634926592",
                        "disk_available_bytes": "9872764928",
                        "disk_name": "/dev/nvme0n1p4"
                    }
                ]
            }
        },
        "consumers": [
            {
                "exe": "/",
                "cmdline": "runcinit",
                "pid": 461722,
                "resources_usage": null,
                "consumption": 349381.0,
                "timestamp": 1721774918.963264,
                "container": null
            },
            {
                "exe": "/usr/local/bin/scaphandre",
                "cmdline": "/usr/local/bin/scaphandrejson-s0--step-nano10000000-f/home/ce-p2-r-1/1/power.json",
                "pid": 461649,
                "resources_usage": null,
                "consumption": 232920.67,
                "timestamp": 1721774918.9632132,
                "container": null
            },
            {
                "exe": "",
                "cmdline": "",
                "pid": 297,
                "resources_usage": null,
                "consumption": 0.0,
                "timestamp": 1721774918.9631884,
                "container": null
            },
            {
                "exe": "",
                "cmdline": "",
                "pid": 448713,
                "resources_usage": null,
                "consumption": 0.0,
                "timestamp": 1721774918.9631891,
                "container": null
            },
            {
                "exe": "",
                "cmdline": "",
                "pid": 228,
                "resources_usage": null,
                "consumption": 0.0,
                "timestamp": 1721774918.9631896,
                "container": null
            },
            {
                "exe": "/usr/bin/udevadm",
                "cmdline": "/lib/systemd/systemd-udevd",
                "pid": 461613,
                "resources_usage": null,
                "consumption": 0.0,
                "timestamp": 1721774918.9631903,
                "container": null
            },
            {
                "exe": "",
                "cmdline": "",
                "pid": 242,
                "resources_usage": null,
                "consumption": 0.0,
                "timestamp": 1721774918.9631908,
                "container": null
            },
            {
                "exe": "",
                "cmdline": "",
                "pid": 62,
                "resources_usage": null,
                "consumption": 0.0,
                "timestamp": 1721774918.963191,
                "container": null
            },
            {
                "exe": "/usr/libexec/udisks2/udisksd",
                "cmdline": "/usr/libexec/udisks2/udisksd",
                "pid": 831,
                "resources_usage": null,
                "consumption": 0.0,
                "timestamp": 1721774918.9631913,
                "container": null
            },
            {
                "exe": "",
                "cmdline": "",
                "pid": 37,
                "resources_usage": null,
                "consumption": 0.0,
                "timestamp": 1721774918.9631917,
                "container": null
            }
        ],
        "sockets": [
            {
                "id": 0,
                "consumption": 16128638.0,
                "domains": [
                    {
                        "name": "uncore",
                        "consumption": 0.0,
                        "timestamp": 1721774918.944393
                    },
                    {
                        "name": "core",
                        "consumption": 13900198.0,
                        "timestamp": 1721774918.944381
                    }
                ],
                "timestamp": 1721774918.9442375
            }
        ]
    },
    {
        "host": {
            "consumption": 16216521.0,
            "timestamp": 1721774918.9984825,
            "components": {
                "disks": [
                    {
                        "disk_type": "SSD",
                        "disk_mount_point": "/etc/hosts",
                        "disk_is_removable": false,
                        "disk_file_system": "ext4",
                        "disk_total_bytes": "33634926592",
                        "disk_available_bytes": "9872764928",
                        "disk_name": "/dev/nvme0n1p4"
                    }
                ]
            }
        },
        "consumers": [
            {
                "exe": "/",
                "cmdline": "runcinit",
                "pid": 461722,
                "resources_usage": null,
                "consumption": 383823.0,
                "timestamp": 1721774918.9984376,
                "container": null
            },
            {
                "exe": "/usr/local/bin/scaphandre",
                "cmdline": "/usr/local/bin/scaphandrejson-s0--step-nano10000000-f/home/ce-p2-r-1/1/power.json",
                "pid": 461649,
                "resources_usage": null,
                "consumption": 191911.5,
                "timestamp": 1721774918.9983711,
                "container": null
            },
            {
                "exe": "",
                "cmdline": "",
                "pid": 297,
                "resources_usage": null,
                "consumption": 0.0,
                "timestamp": 1721774918.9983423,
                "container": null
            },
            {
                "exe": "",
                "cmdline": "",
                "pid": 448713,
                "resources_usage": null,
                "consumption": 0.0,
                "timestamp": 1721774918.998343,
                "container": null
            },
            {
                "exe": "",
                "cmdline": "",
                "pid": 228,
                "resources_usage": null,
                "consumption": 0.0,
                "timestamp": 1721774918.9983435,
                "container": null
            },
            {
                "exe": "/usr/bin/udevadm",
                "cmdline": "/lib/systemd/systemd-udevd",
                "pid": 461613,
                "resources_usage": null,
                "consumption": 0.0,
                "timestamp": 1721774918.9983437,
                "container": null
            },
            {
                "exe": "",
                "cmdline": "",
                "pid": 242,
                "resources_usage": null,
                "consumption": 0.0,
                "timestamp": 1721774918.9983442,
                "container": null
            },
            {
                "exe": "",
                "cmdline": "",
                "pid": 62,
                "resources_usage": null,
                "consumption": 0.0,
                "timestamp": 1721774918.9983444,
                "container": null
            },
            {
                "exe": "/usr/libexec/udisks2/udisksd",
                "cmdline": "/usr/libexec/udisks2/udisksd",
                "pid": 831,
                "resources_usage": null,
                "consumption": 0.0,
                "timestamp": 1721774918.998345,
                "container": null
            },
            {
                "exe": "",
                "cmdline": "",
                "pid": 37,
                "resources_usage": null,
                "consumption": 0.0,
                "timestamp": 1721774918.9983451,
                "container": null
            }
        ],
        "sockets": [
            {
                "id": 0,
                "consumption": 16556463.0,
                "domains": [
                    {
                        "name": "uncore",
                        "consumption": 0.0,
                        "timestamp": 1721774918.978554
                    },
                    {
                        "name": "core",
                        "consumption": 14323840.0,
                        "timestamp": 1721774918.978542
                    }
                ],
                "timestamp": 1721774918.9784296
            }
        ]
    },
    {
        "host": {
            "consumption": 13867246.0,
            "timestamp": 1721774919.0356169,
            "components": {
                "disks": [
                    {
                        "disk_type": "SSD",
                        "disk_mount_point": "/etc/hosts",
                        "disk_is_removable": false,
                        "disk_file_system": "ext4",
                        "disk_total_bytes": "33634926592",
                        "disk_available_bytes": "9872760832",
                        "disk_name": "/dev/nvme0n1p4"
                    }
                ]
            }
        },
        "consumers": [
            {
                "exe": "/",
                "cmdline": "runcinit",
                "pid": 461722,
                "resources_usage": null,
                "consumption": 328218.84,
                "timestamp": 1721774919.0355768,
                "container": null
            },
            {
                "exe": "/usr/local/bin/scaphandre",
                "cmdline": "/usr/local/bin/scaphandrejson-s0--step-nano10000000-f/home/ce-p2-r-1/1/power.json",
                "pid": 461649,
                "resources_usage": null,
                "consumption": 164109.42,
                "timestamp": 1721774919.0355117,
                "container": null
            },
            {
                "exe": "",
                "cmdline": "",
                "pid": 297,
                "resources_usage": null,
                "consumption": 0.0,
                "timestamp": 1721774919.035483,
                "container": null
            },
            {
                "exe": "",
                "cmdline": "",
                "pid": 448713,
                "resources_usage": null,
                "consumption": 0.0,
                "timestamp": 1721774919.0354838,
                "container": null
            },
            {
                "exe": "",
                "cmdline": "",
                "pid": 228,
                "resources_usage": null,
                "consumption": 0.0,
                "timestamp": 1721774919.035484,
                "container": null
            },
            {
                "exe": "/usr/bin/udevadm",
                "cmdline": "/lib/systemd/systemd-udevd",
                "pid": 461613,
                "resources_usage": null,
                "consumption": 0.0,
                "timestamp": 1721774919.0354846,
                "container": null
            },
            {
                "exe": "",
                "cmdline": "",
                "pid": 242,
                "resources_usage": null,
                "consumption": 0.0,
                "timestamp": 1721774919.035485,
                "container": null
            },
            {
                "exe": "",
                "cmdline": "",
                "pid": 62,
                "resources_usage": null,
                "consumption": 0.0,
                "timestamp": 1721774919.0354853,
                "container": null
            },
            {
                "exe": "/usr/libexec/udisks2/udisksd",
                "cmdline": "/usr/libexec/udisks2/udisksd",
                "pid": 831,
                "resources_usage": null,
                "consumption": 0.0,
                "timestamp": 1721774919.035486,
                "container": null
            },
            {
                "exe": "",
                "cmdline": "",
                "pid": 37,
                "resources_usage": null,
                "consumption": 0.0,
                "timestamp": 1721774919.0354865,
                "container": null
            }
        ],
        "sockets": [
            {
                "id": 0,
                "consumption": 12964292.0,
                "domains": [
                    {
                        "name": "uncore",
                        "consumption": 0.0,
                        "timestamp": 1721774919.0163038
                    },
                    {
                        "name": "core",
                        "consumption": 10665766.0,
                        "timestamp": 1721774919.0162935
                    }
                ],
                "timestamp": 1721774919.01598
            }
        ]
    },
    {
        "host": {
            "consumption": 12365089.0,
            "timestamp": 1721774919.073299,
            "components": {
                "disks": [
                    {
                        "disk_type": "SSD",
                        "disk_mount_point": "/etc/hosts",
                        "disk_is_removable": false,
                        "disk_file_system": "ext4",
                        "disk_total_bytes": "33634926592",
                        "disk_available_bytes": "9872760832",
                        "disk_name": "/dev/nvme0n1p4"
                    }
                ]
            }
        },
        "consumers": [
            {
                "exe": "/",
                "cmdline": "runcinit",
                "pid": 461722,
                "resources_usage": null,
                "consumption": 219498.62,
                "timestamp": 1721774919.0732572,
                "container": null
            },
            {
                "exe": "/usr/local/bin/scaphandre",
                "cmdline": "/usr/local/bin/scaphandrejson-s0--step-nano10000000-f/home/ce-p2-r-1/1/power.json",
                "pid": 461649,
                "resources_usage": null,
                "consumption": 146332.42,
                "timestamp": 1721774919.0731888,
                "container": null
            },
            {
                "exe": "",
                "cmdline": "",
                "pid": 297,
                "resources_usage": null,
                "consumption": 0.0,
                "timestamp": 1721774919.0731597,
                "container": null
            },
            {
                "exe": "",
                "cmdline": "",
                "pid": 448713,
                "resources_usage": null,
                "consumption": 0.0,
                "timestamp": 1721774919.0731606,
                "container": null
            },
            {
                "exe": "",
                "cmdline": "",
                "pid": 228,
                "resources_usage": null,
                "consumption": 0.0,
                "timestamp": 1721774919.073161,
                "container": null
            },
            {
                "exe": "/usr/bin/udevadm",
                "cmdline": "/lib/systemd/systemd-udevd",
                "pid": 461613,
                "resources_usage": null,
                "consumption": 0.0,
                "timestamp": 1721774919.0731611,
                "container": null
            },
            {
                "exe": "",
                "cmdline": "",
                "pid": 242,
                "resources_usage": null,
                "consumption": 0.0,
                "timestamp": 1721774919.0731616,
                "container": null
            },
            {
                "exe": "",
                "cmdline": "",
                "pid": 62,
                "resources_usage": null,
                "consumption": 0.0,
                "timestamp": 1721774919.0731618,
                "container": null
            },
            {
                "exe": "/usr/libexec/udisks2/udisksd",
                "cmdline": "/usr/libexec/udisks2/udisksd",
                "pid": 831,
                "resources_usage": null,
                "consumption": 0.0,
                "timestamp": 1721774919.0731623,
                "container": null
            },
            {
                "exe": "",
                "cmdline": "",
                "pid": 37,
                "resources_usage": null,
                "consumption": 0.0,
                "timestamp": 1721774919.0731628,
                "container": null
            }
        ],
        "sockets": [
            {
                "id": 0,
                "consumption": 14350023.0,
                "domains": [
                    {
                        "name": "uncore",
                        "consumption": 0.0,
                        "timestamp": 1721774919.0533667
                    },
                    {
                        "name": "core",
                        "consumption": 12184407.0,
                        "timestamp": 1721774919.0533571
                    }
                ],
                "timestamp": 1721774919.0531921
            }
        ]
    },
    {
        "host": {
            "consumption": 15750484.0,
            "timestamp": 1721774919.110779,
            "components": {
                "disks": [
                    {
                        "disk_type": "SSD",
                        "disk_mount_point": "/etc/hosts",
                        "disk_is_removable": false,
                        "disk_file_system": "ext4",
                        "disk_total_bytes": "33634926592",
                        "disk_available_bytes": "9872756736",
                        "disk_name": "/dev/nvme0n1p4"
                    }
                ]
            }
        },
        "consumers": [
            {
                "exe": "/",
                "cmdline": "runcinit",
                "pid": 461722,
                "resources_usage": null,
                "consumption": 372792.53,
                "timestamp": 1721774919.1107368,
                "container": null
            },
            {
                "exe": "/usr/local/bin/scaphandre",
                "cmdline": "/usr/local/bin/scaphandrejson-s0--step-nano10000000-f/home/ce-p2-r-1/1/power.json",
                "pid": 461649,
                "resources_usage": null,
                "consumption": 279594.38,
                "timestamp": 1721774919.1106703,
                "container": null
            },
            {
                "exe": "",
                "cmdline": "",
                "pid": 297,
                "resources_usage": null,
                "consumption": 0.0,
                "timestamp": 1721774919.1106405,
                "container": null
            },
            {
                "exe": "",
                "cmdline": "",
                "pid": 448713,
                "resources_usage": null,
                "consumption": 0.0,
                "timestamp": 1721774919.1106415,
                "container": null
            },
            {
                "exe": "",
                "cmdline": "",
                "pid": 228,
                "resources_usage": null,
                "consumption": 0.0,
                "timestamp": 1721774919.110642,
                "container": null
            },
            {
                "exe": "/usr/bin/udevadm",
                "cmdline": "/lib/systemd/systemd-udevd",
                "pid": 461613,
                "resources_usage": null,
                "consumption": 0.0,
                "timestamp": 1721774919.1106427,
                "container": null
            },
            {
                "exe": "",
                "cmdline": "",
                "pid": 242,
                "resources_usage": null,
                "consumption": 0.0,
                "timestamp": 1721774919.1106431,
                "container": null
            },
            {
                "exe": "",
                "cmdline": "",
                "pid": 62,
                "resources_usage": null,
                "consumption": 0.0,
                "timestamp": 1721774919.1106434,
                "container": null
            },
            {
                "exe": "/usr/libexec/udisks2/udisksd",
                "cmdline": "/usr/libexec/udisks2/udisksd",
                "pid": 831,
                "resources_usage": null,
                "consumption": 0.0,
                "timestamp": 1721774919.1106436,
                "container": null
            },
            {
                "exe": "",
                "cmdline": "",
                "pid": 37,
                "resources_usage": null,
                "consumption": 0.0,
                "timestamp": 1721774919.1106446,
                "container": null
            }
        ],
        "sockets": [
            {
                "id": 0,
                "consumption": 9374100.0,
                "domains": [
                    {
                        "name": "uncore",
                        "consumption": 0.0,
                        "timestamp": 1721774919.0909815
                    },
                    {
                        "name": "core",
                        "consumption": 7141155.0,
                        "timestamp": 1721774919.0909722
                    }
                ],
                "timestamp": 1721774919.090813
            }
        ]
    },
    {
        "host": {
            "consumption": 15542416.0,
            "timestamp": 1721774919.1492047,
            "components": {
                "disks": [
                    {
                        "disk_type": "SSD",
                        "disk_mount_point": "/etc/hosts",
                        "disk_is_removable": false,
                        "disk_file_system": "ext4",
                        "disk_total_bytes": "33634926592",
                        "disk_available_bytes": "9872756736",
                        "disk_name": "/dev/nvme0n1p4"
                    }
                ]
            }
        },
        "consumers": [
            {
                "exe": "/",
                "cmdline": "runcinit",
                "pid": 461722,
                "resources_usage": null,
                "consumption": 357296.9,
                "timestamp": 1721774919.1491637,
                "container": null
            },
            {
                "exe": "/usr/local/bin/scaphandre",
                "cmdline": "/usr/local/bin/scaphandrejson-s0--step-nano10000000-f/home/ce-p2-r-1/1/power.json",
                "pid": 461649,
                "resources_usage": null,
                "consumption": 178648.45,
                "timestamp": 1721774919.149098,
                "container": null
            },
            {
                "exe": "",
                "cmdline": "",
                "pid": 297,
                "resources_usage": null,
                "consumption": 0.0,
                "timestamp": 1721774919.1490703,
                "container": null
            },
            {
                "exe": "",
                "cmdline": "",
                "pid": 448713,
                "resources_usage": null,
                "consumption": 0.0,
                "timestamp": 1721774919.1490712,
                "container": null
            },
            {
                "exe": "",
                "cmdline": "",
                "pid": 228,
                "resources_usage": null,
                "consumption": 0.0,
                "timestamp": 1721774919.1490717,
                "container": null
            },
            {
                "exe": "/usr/bin/udevadm",
                "cmdline": "/lib/systemd/systemd-udevd",
                "pid": 461613,
                "resources_usage": null,
                "consumption": 0.0,
                "timestamp": 1721774919.149072,
                "container": null
            },
            {
                "exe": "",
                "cmdline": "",
                "pid": 242,
                "resources_usage": null,
                "consumption": 0.0,
                "timestamp": 1721774919.1490724,
                "container": null
            },
            {
                "exe": "",
                "cmdline": "",
                "pid": 62,
                "resources_usage": null,
                "consumption": 0.0,
                "timestamp": 1721774919.149073,
                "container": null
            },
            {
                "exe": "/usr/libexec/udisks2/udisksd",
                "cmdline": "/usr/libexec/udisks2/udisksd",
                "pid": 831,
                "resources_usage": null,
                "consumption": 0.0,
                "timestamp": 1721774919.1490731,
                "container": null
            },
            {
                "exe": "",
                "cmdline": "",
                "pid": 37,
                "resources_usage": null,
                "consumption": 0.0,
                "timestamp": 1721774919.1490736,
                "container": null
            }
        ],
        "sockets": [
            {
                "id": 0,
                "consumption": 20215388.0,
                "domains": [
                    {
                        "name": "uncore",
                        "consumption": 0.0,
                        "timestamp": 1721774919.1285892
                    },
                    {
                        "name": "core",
                        "consumption": 17894880.0,
                        "timestamp": 1721774919.1285791
                    }
                ],
                "timestamp": 1721774919.1284175
            }
        ]
    },
    {
        "host": {
            "consumption": 9995246.0,
            "timestamp": 1721774919.1872842,
            "components": {
                "disks": [
                    {
                        "disk_type": "SSD",
                        "disk_mount_point": "/etc/hosts",
                        "disk_is_removable": false,
                        "disk_file_system": "ext4",
                        "disk_total_bytes": "33634926592",
                        "disk_available_bytes": "9872752640",
                        "disk_name": "/dev/nvme0n1p4"
                    }
                ]
            }
        },
        "consumers": [
            {
                "exe": "/",
                "cmdline": "runcinit",
                "pid": 461722,
                "resources_usage": null,
                "consumption": 172331.83,
                "timestamp": 1721774919.1872442,
                "container": null
            },
            {
                "exe": "/usr/local/bin/scaphandre",
                "cmdline": "/usr/local/bin/scaphandrejson-s0--step-nano10000000-f/home/ce-p2-r-1/1/power.json",
                "pid": 461649,
                "resources_usage": null,
                "consumption": 114887.88,
                "timestamp": 1721774919.187178,
                "container": null
            },
            {
                "exe": "",
                "cmdline": "",
                "pid": 297,
                "resources_usage": null,
                "consumption": 0.0,
                "timestamp": 1721774919.1871493,
                "container": null
            },
            {
                "exe": "",
                "cmdline": "",
                "pid": 448713,
                "resources_usage": null,
                "consumption": 0.0,
                "timestamp": 1721774919.1871502,
                "container": null
            },
            {
                "exe": "",
                "cmdline": "",
                "pid": 228,
                "resources_usage": null,
                "consumption": 0.0,
                "timestamp": 1721774919.1871507,
                "container": null
            },
            {
                "exe": "/usr/bin/udevadm",
                "cmdline": "/lib/systemd/systemd-udevd",
                "pid": 461613,
                "resources_usage": null,
                "consumption": 0.0,
                "timestamp": 1721774919.1871512,
                "container": null
            },
            {
                "exe": "",
                "cmdline": "",
                "pid": 242,
                "resources_usage": null,
                "consumption": 0.0,
                "timestamp": 1721774919.1871517,
                "container": null
            },
            {
                "exe": "",
                "cmdline": "",
                "pid": 62,
                "resources_usage": null,
                "consumption": 0.0,
                "timestamp": 1721774919.187152,
                "container": null
            },
            {
                "exe": "/usr/libexec/udisks2/udisksd",
                "cmdline": "/usr/libexec/udisks2/udisksd",
                "pid": 831,
                "resources_usage": null,
                "consumption": 0.0,
                "timestamp": 1721774919.1871521,
                "container": null
            },
            {
                "exe": "",
                "cmdline": "",
                "pid": 37,
                "resources_usage": null,
                "consumption": 0.0,
                "timestamp": 1721774919.1871526,
                "container": null
            }
        ],
        "sockets": [
            {
                "id": 0,
                "consumption": 10317639.0,
                "domains": [
                    {
                        "name": "uncore",
                        "consumption": 0.0,
                        "timestamp": 1721774919.1669998
                    },
                    {
                        "name": "core",
                        "consumption": 8137273.0,
                        "timestamp": 1721774919.16699
                    }
                ],
                "timestamp": 1721774919.1668274
            }
        ]
    },
    {
        "host": {
            "consumption": 22815430.0,
            "timestamp": 1721774919.2252796,
            "components": {
                "disks": [
                    {
                        "disk_type": "SSD",
                        "disk_mount_point": "/etc/hosts",
                        "disk_is_removable": false,
                        "disk_file_system": "ext4",
                        "disk_total_bytes": "33634926592",
                        "disk_available_bytes": "9872752640",
                        "disk_name": "/dev/nvme0n1p4"
                    }
                ]
            }
        },
        "consumers": [
            {
                "exe": "/",
                "cmdline": "runcinit",
                "pid": 461722,
                "resources_usage": null,
                "consumption": 524492.6,
                "timestamp": 1721774919.2252321,
                "container": null
            },
            {
                "exe": "/usr/local/bin/scaphandre",
                "cmdline": "/usr/local/bin/scaphandrejson-s0--step-nano10000000-f/home/ce-p2-r-1/1/power.json",
                "pid": 461649,
                "resources_usage": null,
                "consumption": 393369.47,
                "timestamp": 1721774919.225165,
                "container": null
            },
            {
                "exe": "/home/philipp/.vscode-server/cli/servers/Stable-f1e16e1e6214d7c44d078b1f0607b2388f29d729/server/node",
                "cmdline": "/home/philipp/.vscode-server/cli/servers/Stable-f1e16e1e6214d7c44d078b1f0607b2388f29d729/server/node--dns-result-order=ipv4first/home/philipp/.vscode-server/cli/servers/Stable-f1e16e1e6214d7c44d078b1f0607b2388f29d729/server/out/bootstrap-fork--type=extensionHost--transformURIs--useHostProxy=false",
                "pid": 1834,
                "resources_usage": null,
                "consumption": 131123.16,
                "timestamp": 1721774919.2252085,
                "container": null
            },
            {
                "exe": "",
                "cmdline": "",
                "pid": 297,
                "resources_usage": null,
                "consumption": 0.0,
                "timestamp": 1721774919.2251344,
                "container": null
            },
            {
                "exe": "",
                "cmdline": "",
                "pid": 448713,
                "resources_usage": null,
                "consumption": 0.0,
                "timestamp": 1721774919.2251356,
                "container": null
            },
            {
                "exe": "",
                "cmdline": "",
                "pid": 228,
                "resources_usage": null,
                "consumption": 0.0,
                "timestamp": 1721774919.2251365,
                "container": null
            },
            {
                "exe": "/usr/bin/udevadm",
                "cmdline": "/lib/systemd/systemd-udevd",
                "pid": 461613,
                "resources_usage": null,
                "consumption": 0.0,
                "timestamp": 1721774919.2251368,
                "container": null
            },
            {
                "exe": "",
                "cmdline": "",
                "pid": 242,
                "resources_usage": null,
                "consumption": 0.0,
                "timestamp": 1721774919.2251375,
                "container": null
            },
            {
                "exe": "",
                "cmdline": "",
                "pid": 62,
                "resources_usage": null,
                "consumption": 0.0,
                "timestamp": 1721774919.2251377,
                "container": null
            },
            {
                "exe": "/usr/libexec/udisks2/udisksd",
                "cmdline": "/usr/libexec/udisks2/udisksd",
                "pid": 831,
                "resources_usage": null,
                "consumption": 0.0,
                "timestamp": 1721774919.225138,
                "container": null
            }
        ],
        "sockets": [
            {
                "id": 0,
                "consumption": 20885292.0,
                "domains": [
                    {
                        "name": "uncore",
                        "consumption": 0.0,
                        "timestamp": 1721774919.204851
                    },
                    {
                        "name": "core",
                        "consumption": 18669316.0,
                        "timestamp": 1721774919.2048416
                    }
                ],
                "timestamp": 1721774919.2046812
            }
        ]
    }
]