{
    "timestamp_analysis": {
        "mean": 0.02516268230974674,
        "std": 0.0015274579616965569,
        "min": 0.02194523811340332,
        "max": 0.03529167175292969,
        "median": 0.024876952171325684,
        "running_time": 16.104283094406128
    },
    "host_energy_analysis": {
        "total": 274.4181794495486,
        "per_repetition": 5.4883635889909715e-09
    },
    "host_power_analysis": {
        "mean": 17.04662765834633,
        "std": 5.249624076529121,
        "min": 5.48929,
        "max": 37.530024,
        "median": 16.684771
    },
    "process_energy_analysis": {
        "total": 4.147298924846494,
        "per_repetition": 8.294597849692988e-11
    }
}