{
    "timestamp_analysis": {
        "mean": 0.025082325507066922,
        "std": 0.0015391060723596412,
        "min": 0.022073030471801758,
        "max": 0.032867431640625,
        "median": 0.02473759651184082,
        "running_time": 8.377667665481567
    },
    "host_energy_analysis": {
        "total": 153.86631493900205,
        "per_repetition": 3.077326298780041e-07
    },
    "host_power_analysis": {
        "mean": 18.357760994029853,
        "std": 5.403504865019618,
        "min": 6.780798,
        "max": 34.02501,
        "median": 18.035672
    },
    "process_energy_analysis": {
        "total": 2.331665718583321,
        "per_repetition": 4.663331437166642e-09
    }
}