{
    "timestamp_analysis": {
        "mean": 0.02488910880073274,
        "std": 0.0017332095148875645,
        "min": 0.021602153778076172,
        "max": 0.03342604637145996,
        "median": 0.024475455284118652,
        "running_time": 15.28201699256897
    },
    "host_energy_analysis": {
        "total": 298.6639035898628,
        "per_repetition": 5.973278071797256e-07
    },
    "host_power_analysis": {
        "mean": 19.569032881300814,
        "std": 5.955987220959773,
        "min": 3.851735,
        "max": 38.85674,
        "median": 19.243618
    },
    "process_energy_analysis": {
        "total": 4.474418615541126,
        "per_repetition": 8.948837231082252e-09
    }
}