{
    "timestamp_analysis": {
        "mean": 0.02618061276999387,
        "std": 0.001953830953424741,
        "min": 0.023126602172851562,
        "max": 0.03473854064941406,
        "median": 0.02567923069000244,
        "running_time": 4.607914686203003
    },
    "host_energy_analysis": {
        "total": 82.22638219910323,
        "per_repetition": 8.222638219910323e-08
    },
    "host_power_analysis": {
        "mean": 17.860107768361583,
        "std": 5.53798494235005,
        "min": 4.497996,
        "max": 36.68323,
        "median": 18.046136
    },
    "process_energy_analysis": {
        "total": 1.3090020542930492,
        "per_repetition": 1.3090020542930491e-09
    }
}