{
    "timestamp_analysis": {
        "mean": 0.02486207863179649,
        "std": 0.0017580810142897299,
        "min": 0.02165365219116211,
        "max": 0.03706932067871094,
        "median": 0.02438068389892578,
        "running_time": 16.309638023376465
    },
    "host_energy_analysis": {
        "total": 283.1180326035693,
        "per_repetition": 5.6623606520713865e-09
    },
    "host_power_analysis": {
        "mean": 17.39104011263318,
        "std": 5.481313310771901,
        "min": 3.639074,
        "max": 36.392744,
        "median": 17.314428
    },
    "process_energy_analysis": {
        "total": 4.156518542924267,
        "per_repetition": 8.313037085848534e-11
    }
}