{
    "timestamp_analysis": {
        "mean": 0.026479263305664063,
        "std": 0.0018504421579370416,
        "min": 0.024066686630249023,
        "max": 0.035223960876464844,
        "median": 0.026020050048828125,
        "running_time": 4.633984565734863
    },
    "host_energy_analysis": {
        "total": 80.27177623136069,
        "per_repetition": 8.027177623136068e-08
    },
    "host_power_analysis": {
        "mean": 17.330116539772725,
        "std": 5.90256424450107,
        "min": 4.469918,
        "max": 33.773636,
        "median": 16.944682
    },
    "process_energy_analysis": {
        "total": 1.2645348668363803,
        "per_repetition": 1.2645348668363803e-09
    }
}