{
    "host_energy_total_shapiro": {
        "stat": 0.9633000042413664,
        "p": 0.37507079514820746
    },
    "host_energy_per_repetition_shapiro": {
        "stat": 0.9633000042413661,
        "p": 0.3750707951481998
    },
    "process_energy_total_shapiro": {
        "stat": 0.988474785006462,
        "p": 0.9810740573793707
    },
    "process_energy_per_repetition_shapiro": {
        "stat": 0.9884747850064617,
        "p": 0.981074057379368
    },
    "timestamp_running_time_shapiro": {
        "stat": 0.9068942108681072,
        "p": 0.01243516018420198
    },
    "host_power_mean_shapiro": {
        "stat": 0.9428537210516855,
        "p": 0.10858017345977955
    }
}