{
    "timestamp_analysis": {
        "mean": 0.03775934992786945,
        "std": 0.003426368016995586,
        "min": 0.032726287841796875,
        "max": 0.05243062973022461,
        "median": 0.03654146194458008,
        "running_time": 10.988148927688599
    },
    "host_energy_analysis": {
        "total": 266.15617133951235,
        "per_repetition": 0.0008871872377983745
    },
    "host_power_analysis": {
        "mean": 24.071792664383562,
        "std": 6.71270473754805,
        "min": 7.861344,
        "max": 52.57673,
        "median": 23.769261
    },
    "process_energy_analysis": {
        "total": 11.027609984117989,
        "per_repetition": 3.6758699947059964e-05
    }
}