{
    "timestamp_analysis": {
        "mean": 0.0374812422708572,
        "std": 0.00303093009186689,
        "min": 0.03190946578979492,
        "max": 0.04926443099975586,
        "median": 0.03667926788330078,
        "running_time": 10.607392311096191
    },
    "host_energy_analysis": {
        "total": 261.5614431097773,
        "per_repetition": 0.000871871477032591
    },
    "host_power_analysis": {
        "mean": 24.525120904929576,
        "std": 6.870523524438447,
        "min": 8.789697,
        "max": 49.919676,
        "median": 23.944629
    },
    "process_energy_analysis": {
        "total": 9.9185469805745,
        "per_repetition": 3.306182326858167e-05
    }
}