{
    "timestamp_analysis": {
        "mean": 0.025949366265835043,
        "std": 0.0017082470581138863,
        "min": 0.023551225662231445,
        "max": 0.03328847885131836,
        "median": 0.025577306747436523,
        "running_time": 4.645118951797485
    },
    "host_energy_analysis": {
        "total": 84.25222293036308,
        "per_repetition": 8.425222293036307e-08
    },
    "host_power_analysis": {
        "mean": 18.219348277777776,
        "std": 5.209807319767957,
        "min": 5.746363,
        "max": 31.127064,
        "median": 18.660513
    },
    "process_energy_analysis": {
        "total": 1.308922417516827,
        "per_repetition": 1.308922417516827e-09
    }
}