{
    "timestamp_analysis": {
        "mean": 0.036952357275206,
        "std": 0.002983255824781069,
        "min": 0.032378435134887695,
        "max": 0.050076961517333984,
        "median": 0.036051273345947266,
        "running_time": 10.383746862411499
    },
    "host_energy_analysis": {
        "total": 264.24193664734355,
        "per_repetition": 0.0008808064554911452
    },
    "host_power_analysis": {
        "mean": 25.329716414893618,
        "std": 6.8905930399319715,
        "min": 8.40753,
        "max": 42.361,
        "median": 25.111153
    },
    "process_energy_analysis": {
        "total": 10.336400873420377,
        "per_repetition": 3.4454669578067924e-05
    }
}