{
    "timestamp_analysis": {
        "mean": 0.025559009722809292,
        "std": 0.0029969468381848205,
        "min": 0.021933555603027344,
        "max": 0.06980323791503906,
        "median": 0.024911880493164062,
        "running_time": 8.562375545501709
    },
    "host_energy_analysis": {
        "total": 150.33536918551408,
        "per_repetition": 3.0067073837102815e-07
    },
    "host_power_analysis": {
        "mean": 17.602222526785713,
        "std": 5.594783329118661,
        "min": 5.182471,
        "max": 34.91529,
        "median": 17.379844
    },
    "process_energy_analysis": {
        "total": 2.289256555969293,
        "per_repetition": 4.578513111938586e-09
    }
}