{
    "timestamp_analysis": {
        "mean": 0.035103452205657956,
        "std": 0.0012007598092858656,
        "min": 0.03271341323852539,
        "max": 0.03759455680847168,
        "median": 0.03512275218963623,
        "running_time": 0.7022275924682617
    },
    "host_energy_analysis": {
        "total": 15.255303760872248,
        "per_repetition": 0.0001525530376087225
    },
    "host_power_analysis": {
        "mean": 21.709817904761902,
        "std": 4.075480994692416,
        "min": 15.703753,
        "max": 29.330482,
        "median": 20.609172
    },
    "process_energy_analysis": {
        "total": 0.2930123223947954,
        "per_repetition": 2.930123223947954e-06
    }
}