[
    {
        "host": {
            "consumption": 20561778.0,
            "timestamp": 1721775058.0367727,
            "components": {
                "disks": [
                    {
                        "disk_type": "SSD",
                        "disk_mount_point": "/etc/hosts",
                        "disk_is_removable": false,
                        "disk_file_system": "ext4",
                        "disk_total_bytes": "33634926592",
                        "disk_available_bytes": "9870172160",
                        "disk_name": "/dev/nvme0n1p4"
                    }
                ]
            }
        },
        "consumers": [
            {
                "exe": "/usr/local/bin/scaphandre",
                "cmdline": "/usr/local/bin/scaphandrejson-s0--step-nano10000000-f/home/ce-p2-r-1/3/power.json",
                "pid": 466863,
                "resources_usage": null,
                "consumption": 558743.94,
                "timestamp": 1721775058.0366855,
                "container": null
            },
            {
                "exe": "/usr/bin/dockerd",
                "cmdline": "/usr/bin/dockerd-Hfd://--containerd=/run/containerd/containerd.sock",
                "pid": 1100,
                "resources_usage": null,
                "consumption": 111748.79,
                "timestamp": 1721775058.036719,
                "container": null
            },
            {
                "exe": "",
                "cmdline": "",
                "pid": 476,
                "resources_usage": null,
                "consumption": 0.0,
                "timestamp": 1721775058.0366142,
                "container": null
            },
            {
                "exe": "/usr/bin/containerd-shim-runc-v2",
                "cmdline": "/usr/bin/containerd-shim-runc-v2-namespacemoby-ida39b98434a0b7d4c8c75746f25df12dce191c45d1b284211b429f40366c06e83-address/run/containerd/containerd.sock",
                "pid": 466844,
                "resources_usage": null,
                "consumption": 0.0,
                "timestamp": 1721775058.0366154,
                "container": null
            },
            {
                "exe": "/usr/bin/udevadm",
                "cmdline": "/lib/systemd/systemd-udevd",
                "pid": 466546,
                "resources_usage": null,
                "consumption": 0.0,
                "timestamp": 1721775058.0366163,
                "container": null
            },
            {
                "exe": "",
                "cmdline": "",
                "pid": 557,
                "resources_usage": null,
                "consumption": 0.0,
                "timestamp": 1721775058.036617,
                "container": null
            },
            {
                "exe": "",
                "cmdline": "",
                "pid": 19,
                "resources_usage": null,
                "consumption": 0.0,
                "timestamp": 1721775058.0366173,
                "container": null
            },
            {
                "exe": "",
                "cmdline": "",
                "pid": 28,
                "resources_usage": null,
                "consumption": 0.0,
                "timestamp": 1721775058.0366178,
                "container": null
            },
            {
                "exe": "/usr/bin/udevadm",
                "cmdline": "/lib/systemd/systemd-udevd",
                "pid": 466557,
                "resources_usage": null,
                "consumption": 0.0,
                "timestamp": 1721775058.036618,
                "container": null
            },
            {
                "exe": "",
                "cmdline": "",
                "pid": 66,
                "resources_usage": null,
                "consumption": 0.0,
                "timestamp": 1721775058.0366185,
                "container": null
            }
        ],
        "sockets": [
            {
                "id": 0,
                "consumption": 9217865.0,
                "domains": [
                    {
                        "name": "uncore",
                        "consumption": 0.0,
                        "timestamp": 1721775058.0158222
                    },
                    {
                        "name": "core",
                        "consumption": 6445633.0,
                        "timestamp": 1721775058.0158057
                    }
                ],
                "timestamp": 1721775058.0156662
            }
        ]
    },
    {
        "host": {
            "consumption": 18820876.0,
            "timestamp": 1721775058.0708528,
            "components": {
                "disks": [
                    {
                        "disk_type": "SSD",
                        "disk_mount_point": "/etc/hosts",
                        "disk_is_removable": false,
                        "disk_file_system": "ext4",
                        "disk_total_bytes": "33634926592",
                        "disk_available_bytes": "9870176256",
                        "disk_name": "/dev/nvme0n1p4"
                    }
                ]
            }
        },
        "consumers": [
            {
                "exe": "/",
                "cmdline": "runcinit",
                "pid": 466998,
                "resources_usage": null,
                "consumption": 409149.47,
                "timestamp": 1721775058.0708048,
                "container": null
            },
            {
                "exe": "/usr/local/bin/scaphandre",
                "cmdline": "/usr/local/bin/scaphandrejson-s0--step-nano10000000-f/home/ce-p2-r-1/3/power.json",
                "pid": 466863,
                "resources_usage": null,
                "consumption": 204574.73,
                "timestamp": 1721775058.070797,
                "container": null
            },
            {
                "exe": "/usr/bin/python3.10",
                "cmdline": "python3src/experiment/runner.pytest.yaml",
                "pid": 458168,
                "resources_usage": null,
                "consumption": 102287.37,
                "timestamp": 1721775058.0707579,
                "container": null
            },
            {
                "exe": "",
                "cmdline": "",
                "pid": 476,
                "resources_usage": null,
                "consumption": 0.0,
                "timestamp": 1721775058.0707421,
                "container": null
            },
            {
                "exe": "/usr/bin/containerd-shim-runc-v2",
                "cmdline": "/usr/bin/containerd-shim-runc-v2-namespacemoby-ida39b98434a0b7d4c8c75746f25df12dce191c45d1b284211b429f40366c06e83-address/run/containerd/containerd.sock",
                "pid": 466844,
                "resources_usage": null,
                "consumption": 0.0,
                "timestamp": 1721775058.070743,
                "container": null
            },
            {
                "exe": "/usr/bin/udevadm",
                "cmdline": "/lib/systemd/systemd-udevd",
                "pid": 466546,
                "resources_usage": null,
                "consumption": 0.0,
                "timestamp": 1721775058.0707438,
                "container": null
            },
            {
                "exe": "",
                "cmdline": "",
                "pid": 557,
                "resources_usage": null,
                "consumption": 0.0,
                "timestamp": 1721775058.0707443,
                "container": null
            },
            {
                "exe": "",
                "cmdline": "",
                "pid": 19,
                "resources_usage": null,
                "consumption": 0.0,
                "timestamp": 1721775058.0707445,
                "container": null
            },
            {
                "exe": "",
                "cmdline": "",
                "pid": 28,
                "resources_usage": null,
                "consumption": 0.0,
                "timestamp": 1721775058.0707448,
                "container": null
            },
            {
                "exe": "/usr/bin/udevadm",
                "cmdline": "/lib/systemd/systemd-udevd",
                "pid": 466557,
                "resources_usage": null,
                "consumption": 0.0,
                "timestamp": 1721775058.070745,
                "container": null
            }
        ],
        "sockets": [
            {
                "id": 0,
                "consumption": 21029708.0,
                "domains": [
                    {
                        "name": "uncore",
                        "consumption": 0.0,
                        "timestamp": 1721775058.05266
                    },
                    {
                        "name": "core",
                        "consumption": 17987450.0,
                        "timestamp": 1721775058.0526457
                    }
                ],
                "timestamp": 1721775058.0525286
            }
        ]
    },
    {
        "host": {
            "consumption": 28742000.0,
            "timestamp": 1721775058.1039398,
            "components": {
                "disks": [
                    {
                        "disk_type": "SSD",
                        "disk_mount_point": "/etc/hosts",
                        "disk_is_removable": false,
                        "disk_file_system": "ext4",
                        "disk_total_bytes": "33634926592",
                        "disk_available_bytes": "9870172160",
                        "disk_name": "/dev/nvme0n1p4"
                    }
                ]
            }
        },
        "consumers": [
            {
                "exe": "/",
                "cmdline": "runcinit",
                "pid": 466998,
                "resources_usage": null,
                "consumption": 468619.56,
                "timestamp": 1721775058.1038845,
                "container": null
            },
            {
                "exe": "/usr/local/bin/scaphandre",
                "cmdline": "/usr/local/bin/scaphandrejson-s0--step-nano10000000-f/home/ce-p2-r-1/3/power.json",
                "pid": 466863,
                "resources_usage": null,
                "consumption": 312413.03,
                "timestamp": 1721775058.1038766,
                "container": null
            },
            {
                "exe": "",
                "cmdline": "",
                "pid": 476,
                "resources_usage": null,
                "consumption": 0.0,
                "timestamp": 1721775058.1038215,
                "container": null
            },
            {
                "exe": "/usr/bin/containerd-shim-runc-v2",
                "cmdline": "/usr/bin/containerd-shim-runc-v2-namespacemoby-ida39b98434a0b7d4c8c75746f25df12dce191c45d1b284211b429f40366c06e83-address/run/containerd/containerd.sock",
                "pid": 466844,
                "resources_usage": null,
                "consumption": 0.0,
                "timestamp": 1721775058.103823,
                "container": null
            },
            {
                "exe": "/usr/bin/udevadm",
                "cmdline": "/lib/systemd/systemd-udevd",
                "pid": 466546,
                "resources_usage": null,
                "consumption": 0.0,
                "timestamp": 1721775058.1038237,
                "container": null
            },
            {
                "exe": "",
                "cmdline": "",
                "pid": 557,
                "resources_usage": null,
                "consumption": 0.0,
                "timestamp": 1721775058.1038244,
                "container": null
            },
            {
                "exe": "",
                "cmdline": "",
                "pid": 19,
                "resources_usage": null,
                "consumption": 0.0,
                "timestamp": 1721775058.1038246,
                "container": null
            },
            {
                "exe": "",
                "cmdline": "",
                "pid": 28,
                "resources_usage": null,
                "consumption": 0.0,
                "timestamp": 1721775058.1038249,
                "container": null
            },
            {
                "exe": "/usr/bin/udevadm",
                "cmdline": "/lib/systemd/systemd-udevd",
                "pid": 466557,
                "resources_usage": null,
                "consumption": 0.0,
                "timestamp": 1721775058.103825,
                "container": null
            },
            {
                "exe": "",
                "cmdline": "",
                "pid": 66,
                "resources_usage": null,
                "consumption": 0.0,
                "timestamp": 1721775058.1038256,
                "container": null
            }
        ],
        "sockets": [
            {
                "id": 0,
                "consumption": 29894532.0,
                "domains": [
                    {
                        "name": "uncore",
                        "consumption": 0.0,
                        "timestamp": 1721775058.0859458
                    },
                    {
                        "name": "core",
                        "consumption": 27123308.0,
                        "timestamp": 1721775058.0859318
                    }
                ],
                "timestamp": 1721775058.0858161
            }
        ]
    },
    {
        "host": {
            "consumption": 28751172.0,
            "timestamp": 1721775058.1366532,
            "components": {
                "disks": [
                    {
                        "disk_type": "SSD",
                        "disk_mount_point": "/etc/hosts",
                        "disk_is_removable": false,
                        "disk_file_system": "ext4",
                        "disk_total_bytes": "33634926592",
                        "disk_available_bytes": "9870172160",
                        "disk_name": "/dev/nvme0n1p4"
                    }
                ]
            }
        },
        "consumers": [
            {
                "exe": "/",
                "cmdline": "runcinit",
                "pid": 466998,
                "resources_usage": null,
                "consumption": 490076.8,
                "timestamp": 1721775058.1366098,
                "container": null
            },
            {
                "exe": "/usr/local/bin/scaphandre",
                "cmdline": "/usr/local/bin/scaphandrejson-s0--step-nano10000000-f/home/ce-p2-r-1/3/power.json",
                "pid": 466863,
                "resources_usage": null,
                "consumption": 163358.94,
                "timestamp": 1721775058.1366026,
                "container": null
            },
            {
                "exe": "",
                "cmdline": "",
                "pid": 476,
                "resources_usage": null,
                "consumption": 0.0,
                "timestamp": 1721775058.1365485,
                "container": null
            },
            {
                "exe": "/usr/bin/containerd-shim-runc-v2",
                "cmdline": "/usr/bin/containerd-shim-runc-v2-namespacemoby-ida39b98434a0b7d4c8c75746f25df12dce191c45d1b284211b429f40366c06e83-address/run/containerd/containerd.sock",
                "pid": 466844,
                "resources_usage": null,
                "consumption": 0.0,
                "timestamp": 1721775058.13655,
                "container": null
            },
            {
                "exe": "/usr/bin/udevadm",
                "cmdline": "/lib/systemd/systemd-udevd",
                "pid": 466546,
                "resources_usage": null,
                "consumption": 0.0,
                "timestamp": 1721775058.1365507,
                "container": null
            },
            {
                "exe": "",
                "cmdline": "",
                "pid": 557,
                "resources_usage": null,
                "consumption": 0.0,
                "timestamp": 1721775058.1365511,
                "container": null
            },
            {
                "exe": "",
                "cmdline": "",
                "pid": 19,
                "resources_usage": null,
                "consumption": 0.0,
                "timestamp": 1721775058.1365514,
                "container": null
            },
            {
                "exe": "",
                "cmdline": "",
                "pid": 28,
                "resources_usage": null,
                "consumption": 0.0,
                "timestamp": 1721775058.1365516,
                "container": null
            },
            {
                "exe": "/usr/bin/udevadm",
                "cmdline": "/lib/systemd/systemd-udevd",
                "pid": 466557,
                "resources_usage": null,
                "consumption": 0.0,
                "timestamp": 1721775058.1365519,
                "container": null
            },
            {
                "exe": "",
                "cmdline": "",
                "pid": 66,
                "resources_usage": null,
                "consumption": 0.0,
                "timestamp": 1721775058.136552,
                "container": null
            }
        ],
        "sockets": [
            {
                "id": 0,
                "consumption": 25890980.0,
                "domains": [
                    {
                        "name": "uncore",
                        "consumption": 0.0,
                        "timestamp": 1721775058.1191945
                    },
                    {
                        "name": "core",
                        "consumption": 23174230.0,
                        "timestamp": 1721775058.119188
                    }
                ],
                "timestamp": 1721775058.1190765
            }
        ]
    },
    {
        "host": {
            "consumption": 16677907.0,
            "timestamp": 1721775058.1708195,
            "components": {
                "disks": [
                    {
                        "disk_type": "SSD",
                        "disk_mount_point": "/etc/hosts",
                        "disk_is_removable": false,
                        "disk_file_system": "ext4",
                        "disk_total_bytes": "33634926592",
                        "disk_available_bytes": "9870168064",
                        "disk_name": "/dev/nvme0n1p4"
                    }
                ]
            }
        },
        "consumers": [
            {
                "exe": "/usr/local/bin/scaphandre",
                "cmdline": "/usr/local/bin/scaphandrejson-s0--step-nano10000000-f/home/ce-p2-r-1/3/power.json",
                "pid": 466863,
                "resources_usage": null,
                "consumption": 284282.5,
                "timestamp": 1721775058.1707685,
                "container": null
            },
            {
                "exe": "/",
                "cmdline": "runcinit",
                "pid": 466998,
                "resources_usage": null,
                "consumption": 284282.5,
                "timestamp": 1721775058.170776,
                "container": null
            },
            {
                "exe": "",
                "cmdline": "",
                "pid": 476,
                "resources_usage": null,
                "consumption": 0.0,
                "timestamp": 1721775058.1707172,
                "container": null
            },
            {
                "exe": "/usr/bin/containerd-shim-runc-v2",
                "cmdline": "/usr/bin/containerd-shim-runc-v2-namespacemoby-ida39b98434a0b7d4c8c75746f25df12dce191c45d1b284211b429f40366c06e83-address/run/containerd/containerd.sock",
                "pid": 466844,
                "resources_usage": null,
                "consumption": 0.0,
                "timestamp": 1721775058.1707182,
                "container": null
            },
            {
                "exe": "/usr/bin/udevadm",
                "cmdline": "/lib/systemd/systemd-udevd",
                "pid": 466546,
                "resources_usage": null,
                "consumption": 0.0,
                "timestamp": 1721775058.1707191,
                "container": null
            },
            {
                "exe": "",
                "cmdline": "",
                "pid": 557,
                "resources_usage": null,
                "consumption": 0.0,
                "timestamp": 1721775058.1707196,
                "container": null
            },
            {
                "exe": "",
                "cmdline": "",
                "pid": 19,
                "resources_usage": null,
                "consumption": 0.0,
                "timestamp": 1721775058.1707199,
                "container": null
            },
            {
                "exe": "",
                "cmdline": "",
                "pid": 28,
                "resources_usage": null,
                "consumption": 0.0,
                "timestamp": 1721775058.17072,
                "container": null
            },
            {
                "exe": "/usr/bin/udevadm",
                "cmdline": "/lib/systemd/systemd-udevd",
                "pid": 466557,
                "resources_usage": null,
                "consumption": 0.0,
                "timestamp": 1721775058.1707206,
                "container": null
            },
            {
                "exe": "",
                "cmdline": "",
                "pid": 66,
                "resources_usage": null,
                "consumption": 0.0,
                "timestamp": 1721775058.170721,
                "container": null
            }
        ],
        "sockets": [
            {
                "id": 0,
                "consumption": 28553350.0,
                "domains": [
                    {
                        "name": "uncore",
                        "consumption": 0.0,
                        "timestamp": 1721775058.1517375
                    },
                    {
                        "name": "core",
                        "consumption": 25972424.0,
                        "timestamp": 1721775058.1517308
                    }
                ],
                "timestamp": 1721775058.1516232
            }
        ]
    },
    {
        "host": {
            "consumption": 29330482.0,
            "timestamp": 1721775058.206002,
            "components": {
                "disks": [
                    {
                        "disk_type": "SSD",
                        "disk_mount_point": "/etc/hosts",
                        "disk_is_removable": false,
                        "disk_file_system": "ext4",
                        "disk_total_bytes": "33634926592",
                        "disk_available_bytes": "9870168064",
                        "disk_name": "/dev/nvme0n1p4"
                    }
                ]
            }
        },
        "consumers": [
            {
                "exe": "/",
                "cmdline": "runcinit",
                "pid": 466998,
                "resources_usage": null,
                "consumption": 666601.9,
                "timestamp": 1721775058.20588,
                "container": null
            },
            {
                "exe": "/usr/local/bin/scaphandre",
                "cmdline": "/usr/local/bin/scaphandrejson-s0--step-nano10000000-f/home/ce-p2-r-1/3/power.json",
                "pid": 466863,
                "resources_usage": null,
                "consumption": 166650.47,
                "timestamp": 1721775058.2058694,
                "container": null
            },
            {
                "exe": "",
                "cmdline": "",
                "pid": 476,
                "resources_usage": null,
                "consumption": 0.0,
                "timestamp": 1721775058.2058003,
                "container": null
            },
            {
                "exe": "/usr/bin/containerd-shim-runc-v2",
                "cmdline": "/usr/bin/containerd-shim-runc-v2-namespacemoby-ida39b98434a0b7d4c8c75746f25df12dce191c45d1b284211b429f40366c06e83-address/run/containerd/containerd.sock",
                "pid": 466844,
                "resources_usage": null,
                "consumption": 0.0,
                "timestamp": 1721775058.2058015,
                "container": null
            },
            {
                "exe": "/usr/bin/udevadm",
                "cmdline": "/lib/systemd/systemd-udevd",
                "pid": 466546,
                "resources_usage": null,
                "consumption": 0.0,
                "timestamp": 1721775058.2058022,
                "container": null
            },
            {
                "exe": "",
                "cmdline": "",
                "pid": 557,
                "resources_usage": null,
                "consumption": 0.0,
                "timestamp": 1721775058.205803,
                "container": null
            },
            {
                "exe": "",
                "cmdline": "",
                "pid": 19,
                "resources_usage": null,
                "consumption": 0.0,
                "timestamp": 1721775058.2058032,
                "container": null
            },
            {
                "exe": "",
                "cmdline": "",
                "pid": 28,
                "resources_usage": null,
                "consumption": 0.0,
                "timestamp": 1721775058.2058036,
                "container": null
            },
            {
                "exe": "/usr/bin/udevadm",
                "cmdline": "/lib/systemd/systemd-udevd",
                "pid": 466557,
                "resources_usage": null,
                "consumption": 0.0,
                "timestamp": 1721775058.2058039,
                "container": null
            },
            {
                "exe": "",
                "cmdline": "",
                "pid": 66,
                "resources_usage": null,
                "consumption": 0.0,
                "timestamp": 1721775058.2058043,
                "container": null
            }
        ],
        "sockets": [
            {
                "id": 0,
                "consumption": 16080737.0,
                "domains": [
                    {
                        "name": "uncore",
                        "consumption": 0.0,
                        "timestamp": 1721775058.1858804
                    },
                    {
                        "name": "core",
                        "consumption": 13789970.0,
                        "timestamp": 1721775058.1858733
                    }
                ],
                "timestamp": 1721775058.185768
            }
        ]
    },
    {
        "host": {
            "consumption": 24915092.0,
            "timestamp": 1721775058.2426229,
            "components": {
                "disks": [
                    {
                        "disk_type": "SSD",
                        "disk_mount_point": "/etc/hosts",
                        "disk_is_removable": false,
                        "disk_file_system": "ext4",
                        "disk_total_bytes": "33634926592",
                        "disk_available_bytes": "9870163968",
                        "disk_name": "/dev/nvme0n1p4"
                    }
                ]
            }
        },
        "consumers": [
            {
                "exe": "/",
                "cmdline": "runcinit",
                "pid": 466998,
                "resources_usage": null,
                "consumption": 566252.06,
                "timestamp": 1721775058.242579,
                "container": null
            },
            {
                "exe": "/usr/local/bin/scaphandre",
                "cmdline": "/usr/local/bin/scaphandrejson-s0--step-nano10000000-f/home/ce-p2-r-1/3/power.json",
                "pid": 466863,
                "resources_usage": null,
                "consumption": 283126.03,
                "timestamp": 1721775058.2425714,
                "container": null
            },
            {
                "exe": "",
                "cmdline": "",
                "pid": 476,
                "resources_usage": null,
                "consumption": 0.0,
                "timestamp": 1721775058.2425182,
                "container": null
            },
            {
                "exe": "/usr/bin/containerd-shim-runc-v2",
                "cmdline": "/usr/bin/containerd-shim-runc-v2-namespacemoby-ida39b98434a0b7d4c8c75746f25df12dce191c45d1b284211b429f40366c06e83-address/run/containerd/containerd.sock",
                "pid": 466844,
                "resources_usage": null,
                "consumption": 0.0,
                "timestamp": 1721775058.2425191,
                "container": null
            },
            {
                "exe": "/usr/bin/udevadm",
                "cmdline": "/lib/systemd/systemd-udevd",
                "pid": 466546,
                "resources_usage": null,
                "consumption": 0.0,
                "timestamp": 1721775058.2425199,
                "container": null
            },
            {
                "exe": "",
                "cmdline": "",
                "pid": 557,
                "resources_usage": null,
                "consumption": 0.0,
                "timestamp": 1721775058.24252,
                "container": null
            },
            {
                "exe": "",
                "cmdline": "",
                "pid": 19,
                "resources_usage": null,
                "consumption": 0.0,
                "timestamp": 1721775058.2425208,
                "container": null
            },
            {
                "exe": "",
                "cmdline": "",
                "pid": 28,
                "resources_usage": null,
                "consumption": 0.0,
                "timestamp": 1721775058.2425213,
                "container": null
            },
            {
                "exe": "/usr/bin/udevadm",
                "cmdline": "/lib/systemd/systemd-udevd",
                "pid": 466557,
                "resources_usage": null,
                "consumption": 0.0,
                "timestamp": 1721775058.2425215,
                "container": null
            },
            {
                "exe": "",
                "cmdline": "",
                "pid": 66,
                "resources_usage": null,
                "consumption": 0.0,
                "timestamp": 1721775058.242522,
                "container": null
            }
        ],
        "sockets": [
            {
                "id": 0,
                "consumption": 27690976.0,
                "domains": [
                    {
                        "name": "uncore",
                        "consumption": 0.0,
                        "timestamp": 1721775058.2234256
                    },
                    {
                        "name": "core",
                        "consumption": 25388578.0,
                        "timestamp": 1721775058.2234123
                    }
                ],
                "timestamp": 1721775058.2231965
            }
        ]
    },
    {
        "host": {
            "consumption": 18514520.0,
            "timestamp": 1721775058.2777877,
            "components": {
                "disks": [
                    {
                        "disk_type": "SSD",
                        "disk_mount_point": "/etc/hosts",
                        "disk_is_removable": false,
                        "disk_file_system": "ext4",
                        "disk_total_bytes": "33634926592",
                        "disk_available_bytes": "9870163968",
                        "disk_name": "/dev/nvme0n1p4"
                    }
                ]
            }
        },
        "consumers": [
            {
                "exe": "/",
                "cmdline": "runcinit",
                "pid": 466998,
                "resources_usage": null,
                "consumption": 315588.4,
                "timestamp": 1721775058.2777443,
                "container": null
            },
            {
                "exe": "/usr/local/bin/scaphandre",
                "cmdline": "/usr/local/bin/scaphandrejson-s0--step-nano10000000-f/home/ce-p2-r-1/3/power.json",
                "pid": 466863,
                "resources_usage": null,
                "consumption": 210392.27,
                "timestamp": 1721775058.2777364,
                "container": null
            },
            {
                "exe": "",
                "cmdline": "",
                "pid": 476,
                "resources_usage": null,
                "consumption": 0.0,
                "timestamp": 1721775058.2776825,
                "container": null
            },
            {
                "exe": "/usr/bin/containerd-shim-runc-v2",
                "cmdline": "/usr/bin/containerd-shim-runc-v2-namespacemoby-ida39b98434a0b7d4c8c75746f25df12dce191c45d1b284211b429f40366c06e83-address/run/containerd/containerd.sock",
                "pid": 466844,
                "resources_usage": null,
                "consumption": 0.0,
                "timestamp": 1721775058.2776835,
                "container": null
            },
            {
                "exe": "/usr/bin/udevadm",
                "cmdline": "/lib/systemd/systemd-udevd",
                "pid": 466546,
                "resources_usage": null,
                "consumption": 0.0,
                "timestamp": 1721775058.277684,
                "container": null
            },
            {
                "exe": "",
                "cmdline": "",
                "pid": 557,
                "resources_usage": null,
                "consumption": 0.0,
                "timestamp": 1721775058.2776845,
                "container": null
            },
            {
                "exe": "",
                "cmdline": "",
                "pid": 19,
                "resources_usage": null,
                "consumption": 0.0,
                "timestamp": 1721775058.2776847,
                "container": null
            },
            {
                "exe": "",
                "cmdline": "",
                "pid": 28,
                "resources_usage": null,
                "consumption": 0.0,
                "timestamp": 1721775058.2776856,
                "container": null
            },
            {
                "exe": "/usr/bin/udevadm",
                "cmdline": "/lib/systemd/systemd-udevd",
                "pid": 466557,
                "resources_usage": null,
                "consumption": 0.0,
                "timestamp": 1721775058.2776859,
                "container": null
            },
            {
                "exe": "",
                "cmdline": "",
                "pid": 66,
                "resources_usage": null,
                "consumption": 0.0,
                "timestamp": 1721775058.277686,
                "container": null
            }
        ],
        "sockets": [
            {
                "id": 0,
                "consumption": 23451328.0,
                "domains": [
                    {
                        "name": "uncore",
                        "consumption": 0.0,
                        "timestamp": 1721775058.2576861
                    },
                    {
                        "name": "core",
                        "consumption": 21299124.0,
                        "timestamp": 1721775058.2576792
                    }
                ],
                "timestamp": 1721775058.2575746
            }
        ]
    },
    {
        "host": {
            "consumption": 23410284.0,
            "timestamp": 1721775058.3131933,
            "components": {
                "disks": [
                    {
                        "disk_type": "SSD",
                        "disk_mount_point": "/etc/hosts",
                        "disk_is_removable": false,
                        "disk_file_system": "ext4",
                        "disk_total_bytes": "33634926592",
                        "disk_available_bytes": "9870159872",
                        "disk_name": "/dev/nvme0n1p4"
                    }
                ]
            }
        },
        "consumers": [
            {
                "exe": "/",
                "cmdline": "runcinit",
                "pid": 466998,
                "resources_usage": null,
                "consumption": 399038.94,
                "timestamp": 1721775058.313145,
                "container": null
            },
            {
                "exe": "/usr/local/bin/scaphandre",
                "cmdline": "/usr/local/bin/scaphandrejson-s0--step-nano10000000-f/home/ce-p2-r-1/3/power.json",
                "pid": 466863,
                "resources_usage": null,
                "consumption": 266025.94,
                "timestamp": 1721775058.3131375,
                "container": null
            },
            {
                "exe": "/usr/lib/systemd/systemd",
                "cmdline": "/lib/systemd/systemd--user",
                "pid": 1553,
                "resources_usage": null,
                "consumption": 133012.97,
                "timestamp": 1721775058.3131437,
                "container": null
            },
            {
                "exe": "",
                "cmdline": "",
                "pid": 476,
                "resources_usage": null,
                "consumption": 0.0,
                "timestamp": 1721775058.3130822,
                "container": null
            },
            {
                "exe": "/usr/bin/containerd-shim-runc-v2",
                "cmdline": "/usr/bin/containerd-shim-runc-v2-namespacemoby-ida39b98434a0b7d4c8c75746f25df12dce191c45d1b284211b429f40366c06e83-address/run/containerd/containerd.sock",
                "pid": 466844,
                "resources_usage": null,
                "consumption": 0.0,
                "timestamp": 1721775058.3130832,
                "container": null
            },
            {
                "exe": "/usr/bin/udevadm",
                "cmdline": "/lib/systemd/systemd-udevd",
                "pid": 466546,
                "resources_usage": null,
                "consumption": 0.0,
                "timestamp": 1721775058.313084,
                "container": null
            },
            {
                "exe": "",
                "cmdline": "",
                "pid": 557,
                "resources_usage": null,
                "consumption": 0.0,
                "timestamp": 1721775058.3130844,
                "container": null
            },
            {
                "exe": "",
                "cmdline": "",
                "pid": 19,
                "resources_usage": null,
                "consumption": 0.0,
                "timestamp": 1721775058.3130846,
                "container": null
            },
            {
                "exe": "",
                "cmdline": "",
                "pid": 28,
                "resources_usage": null,
                "consumption": 0.0,
                "timestamp": 1721775058.3130848,
                "container": null
            },
            {
                "exe": "/usr/bin/udevadm",
                "cmdline": "/lib/systemd/systemd-udevd",
                "pid": 466557,
                "resources_usage": null,
                "consumption": 0.0,
                "timestamp": 1721775058.3130856,
                "container": null
            }
        ],
        "sockets": [
            {
                "id": 0,
                "consumption": 20854844.0,
                "domains": [
                    {
                        "name": "uncore",
                        "consumption": 0.0,
                        "timestamp": 1721775058.2928011
                    },
                    {
                        "name": "core",
                        "consumption": 18594546.0,
                        "timestamp": 1721775058.2927945
                    }
                ],
                "timestamp": 1721775058.2926886
            }
        ]
    },
    {
        "host": {
            "consumption": 26701648.0,
            "timestamp": 1721775058.3487377,
            "components": {
                "disks": [
                    {
                        "disk_type": "SSD",
                        "disk_mount_point": "/etc/hosts",
                        "disk_is_removable": false,
                        "disk_file_system": "ext4",
                        "disk_total_bytes": "33634926592",
                        "disk_available_bytes": "9870155776",
                        "disk_name": "/dev/nvme0n1p4"
                    }
                ]
            }
        },
        "consumers": [
            {
                "exe": "/",
                "cmdline": "runcinit",
                "pid": 466998,
                "resources_usage": null,
                "consumption": 624600.0,
                "timestamp": 1721775058.348495,
                "container": null
            },
            {
                "exe": "/usr/local/bin/scaphandre",
                "cmdline": "/usr/local/bin/scaphandrejson-s0--step-nano10000000-f/home/ce-p2-r-1/3/power.json",
                "pid": 466863,
                "resources_usage": null,
                "consumption": 312300.0,
                "timestamp": 1721775058.3484871,
                "container": null
            },
            {
                "exe": "",
                "cmdline": "",
                "pid": 476,
                "resources_usage": null,
                "consumption": 0.0,
                "timestamp": 1721775058.3484335,
                "container": null
            },
            {
                "exe": "/usr/bin/containerd-shim-runc-v2",
                "cmdline": "/usr/bin/containerd-shim-runc-v2-namespacemoby-ida39b98434a0b7d4c8c75746f25df12dce191c45d1b284211b429f40366c06e83-address/run/containerd/containerd.sock",
                "pid": 466844,
                "resources_usage": null,
                "consumption": 0.0,
                "timestamp": 1721775058.3484344,
                "container": null
            },
            {
                "exe": "/usr/bin/udevadm",
                "cmdline": "/lib/systemd/systemd-udevd",
                "pid": 466546,
                "resources_usage": null,
                "consumption": 0.0,
                "timestamp": 1721775058.3484352,
                "container": null
            },
            {
                "exe": "",
                "cmdline": "",
                "pid": 557,
                "resources_usage": null,
                "consumption": 0.0,
                "timestamp": 1721775058.3484356,
                "container": null
            },
            {
                "exe": "",
                "cmdline": "",
                "pid": 19,
                "resources_usage": null,
                "consumption": 0.0,
                "timestamp": 1721775058.348436,
                "container": null
            },
            {
                "exe": "",
                "cmdline": "",
                "pid": 28,
                "resources_usage": null,
                "consumption": 0.0,
                "timestamp": 1721775058.3484364,
                "container": null
            },
            {
                "exe": "/usr/bin/udevadm",
                "cmdline": "/lib/systemd/systemd-udevd",
                "pid": 466557,
                "resources_usage": null,
                "consumption": 0.0,
                "timestamp": 1721775058.3484366,
                "container": null
            },
            {
                "exe": "",
                "cmdline": "",
                "pid": 66,
                "resources_usage": null,
                "consumption": 0.0,
                "timestamp": 1721775058.348437,
                "container": null
            }
        ],
        "sockets": [
            {
                "id": 0,
                "consumption": 23078626.0,
                "domains": [
                    {
                        "name": "uncore",
                        "consumption": 0.0,
                        "timestamp": 1721775058.3285205
                    },
                    {
                        "name": "core",
                        "consumption": 20766280.0,
                        "timestamp": 1721775058.3285139
                    }
                ],
                "timestamp": 1721775058.328402
            }
        ]
    },
    {
        "host": {
            "consumption": 15703753.0,
            "timestamp": 1721775058.384359,
            "components": {
                "disks": [
                    {
                        "disk_type": "SSD",
                        "disk_mount_point": "/etc/hosts",
                        "disk_is_removable": false,
                        "disk_file_system": "ext4",
                        "disk_total_bytes": "33634926592",
                        "disk_available_bytes": "9870155776",
                        "disk_name": "/dev/nvme0n1p4"
                    }
                ]
            }
        },
        "consumers": [
            {
                "exe": "/",
                "cmdline": "runcinit",
                "pid": 466998,
                "resources_usage": null,
                "consumption": 367339.28,
                "timestamp": 1721775058.384311,
                "container": null
            },
            {
                "exe": "/usr/local/bin/scaphandre",
                "cmdline": "/usr/local/bin/scaphandrejson-s0--step-nano10000000-f/home/ce-p2-r-1/3/power.json",
                "pid": 466863,
                "resources_usage": null,
                "consumption": 183669.64,
                "timestamp": 1721775058.384303,
                "container": null
            },
            {
                "exe": "",
                "cmdline": "",
                "pid": 476,
                "resources_usage": null,
                "consumption": 0.0,
                "timestamp": 1721775058.3842485,
                "container": null
            },
            {
                "exe": "/usr/bin/containerd-shim-runc-v2",
                "cmdline": "/usr/bin/containerd-shim-runc-v2-namespacemoby-ida39b98434a0b7d4c8c75746f25df12dce191c45d1b284211b429f40366c06e83-address/run/containerd/containerd.sock",
                "pid": 466844,
                "resources_usage": null,
                "consumption": 0.0,
                "timestamp": 1721775058.3842497,
                "container": null
            },
            {
                "exe": "/usr/bin/udevadm",
                "cmdline": "/lib/systemd/systemd-udevd",
                "pid": 466546,
                "resources_usage": null,
                "consumption": 0.0,
                "timestamp": 1721775058.3842502,
                "container": null
            },
            {
                "exe": "",
                "cmdline": "",
                "pid": 557,
                "resources_usage": null,
                "consumption": 0.0,
                "timestamp": 1721775058.3842506,
                "container": null
            },
            {
                "exe": "",
                "cmdline": "",
                "pid": 19,
                "resources_usage": null,
                "consumption": 0.0,
                "timestamp": 1721775058.3842509,
                "container": null
            },
            {
                "exe": "",
                "cmdline": "",
                "pid": 28,
                "resources_usage": null,
                "consumption": 0.0,
                "timestamp": 1721775058.384251,
                "container": null
            },
            {
                "exe": "/usr/bin/udevadm",
                "cmdline": "/lib/systemd/systemd-udevd",
                "pid": 466557,
                "resources_usage": null,
                "consumption": 0.0,
                "timestamp": 1721775058.3842514,
                "container": null
            },
            {
                "exe": "",
                "cmdline": "",
                "pid": 66,
                "resources_usage": null,
                "consumption": 0.0,
                "timestamp": 1721775058.3842518,
                "container": null
            }
        ],
        "sockets": [
            {
                "id": 0,
                "consumption": 24570298.0,
                "domains": [
                    {
                        "name": "uncore",
                        "consumption": 0.0,
                        "timestamp": 1721775058.3638804
                    },
                    {
                        "name": "core",
                        "consumption": 22287910.0,
                        "timestamp": 1721775058.3638704
                    }
                ],
                "timestamp": 1721775058.3637557
            }
        ]
    },
    {
        "host": {
            "consumption": 20609172.0,
            "timestamp": 1721775058.4199655,
            "components": {
                "disks": [
                    {
                        "disk_type": "SSD",
                        "disk_mount_point": "/etc/hosts",
                        "disk_is_removable": false,
                        "disk_file_system": "ext4",
                        "disk_total_bytes": "33634926592",
                        "disk_available_bytes": "9870151680",
                        "disk_name": "/dev/nvme0n1p4"
                    }
                ]
            }
        },
        "consumers": [
            {
                "exe": "/usr/local/bin/scaphandre",
                "cmdline": "/usr/local/bin/scaphandrejson-s0--step-nano10000000-f/home/ce-p2-r-1/3/power.json",
                "pid": 466863,
                "resources_usage": null,
                "consumption": 361564.4,
                "timestamp": 1721775058.4198463,
                "container": null
            },
            {
                "exe": "/",
                "cmdline": "runcinit",
                "pid": 466998,
                "resources_usage": null,
                "consumption": 361564.4,
                "timestamp": 1721775058.4198532,
                "container": null
            },
            {
                "exe": "",
                "cmdline": "",
                "pid": 476,
                "resources_usage": null,
                "consumption": 0.0,
                "timestamp": 1721775058.4197938,
                "container": null
            },
            {
                "exe": "/usr/bin/containerd-shim-runc-v2",
                "cmdline": "/usr/bin/containerd-shim-runc-v2-namespacemoby-ida39b98434a0b7d4c8c75746f25df12dce191c45d1b284211b429f40366c06e83-address/run/containerd/containerd.sock",
                "pid": 466844,
                "resources_usage": null,
                "consumption": 0.0,
                "timestamp": 1721775058.4197948,
                "container": null
            },
            {
                "exe": "/usr/bin/udevadm",
                "cmdline": "/lib/systemd/systemd-udevd",
                "pid": 466546,
                "resources_usage": null,
                "consumption": 0.0,
                "timestamp": 1721775058.4197955,
                "container": null
            },
            {
                "exe": "",
                "cmdline": "",
                "pid": 557,
                "resources_usage": null,
                "consumption": 0.0,
                "timestamp": 1721775058.419796,
                "container": null
            },
            {
                "exe": "",
                "cmdline": "",
                "pid": 19,
                "resources_usage": null,
                "consumption": 0.0,
                "timestamp": 1721775058.4197967,
                "container": null
            },
            {
                "exe": "",
                "cmdline": "",
                "pid": 28,
                "resources_usage": null,
                "consumption": 0.0,
                "timestamp": 1721775058.419797,
                "container": null
            },
            {
                "exe": "/usr/bin/udevadm",
                "cmdline": "/lib/systemd/systemd-udevd",
                "pid": 466557,
                "resources_usage": null,
                "consumption": 0.0,
                "timestamp": 1721775058.4197972,
                "container": null
            },
            {
                "exe": "",
                "cmdline": "",
                "pid": 66,
                "resources_usage": null,
                "consumption": 0.0,
                "timestamp": 1721775058.4197974,
                "container": null
            }
        ],
        "sockets": [
            {
                "id": 0,
                "consumption": 15557475.0,
                "domains": [
                    {
                        "name": "uncore",
                        "consumption": 0.0,
                        "timestamp": 1721775058.3998609
                    },
                    {
                        "name": "core",
                        "consumption": 13075806.0,
                        "timestamp": 1721775058.3998497
                    }
                ],
                "timestamp": 1721775058.3997314
            }
        ]
    },
    {
        "host": {
            "consumption": 24231584.0,
            "timestamp": 1721775058.4546547,
            "components": {
                "disks": [
                    {
                        "disk_type": "SSD",
                        "disk_mount_point": "/etc/hosts",
                        "disk_is_removable": false,
                        "disk_file_system": "ext4",
                        "disk_total_bytes": "33634926592",
                        "disk_available_bytes": "9870151680",
                        "disk_name": "/dev/nvme0n1p4"
                    }
                ]
            }
        },
        "consumers": [
            {
                "exe": "/",
                "cmdline": "runcinit",
                "pid": 466998,
                "resources_usage": null,
                "consumption": 425115.5,
                "timestamp": 1721775058.4545393,
                "container": null
            },
            {
                "exe": "",
                "cmdline": "",
                "pid": 476,
                "resources_usage": null,
                "consumption": 0.0,
                "timestamp": 1721775058.454461,
                "container": null
            },
            {
                "exe": "/usr/bin/containerd-shim-runc-v2",
                "cmdline": "/usr/bin/containerd-shim-runc-v2-namespacemoby-ida39b98434a0b7d4c8c75746f25df12dce191c45d1b284211b429f40366c06e83-address/run/containerd/containerd.sock",
                "pid": 466844,
                "resources_usage": null,
                "consumption": 0.0,
                "timestamp": 1721775058.4544623,
                "container": null
            },
            {
                "exe": "/usr/bin/udevadm",
                "cmdline": "/lib/systemd/systemd-udevd",
                "pid": 466546,
                "resources_usage": null,
                "consumption": 0.0,
                "timestamp": 1721775058.454463,
                "container": null
            },
            {
                "exe": "",
                "cmdline": "",
                "pid": 557,
                "resources_usage": null,
                "consumption": 0.0,
                "timestamp": 1721775058.4544635,
                "container": null
            },
            {
                "exe": "",
                "cmdline": "",
                "pid": 19,
                "resources_usage": null,
                "consumption": 0.0,
                "timestamp": 1721775058.454464,
                "container": null
            },
            {
                "exe": "",
                "cmdline": "",
                "pid": 28,
                "resources_usage": null,
                "consumption": 0.0,
                "timestamp": 1721775058.4544644,
                "container": null
            },
            {
                "exe": "/usr/bin/udevadm",
                "cmdline": "/lib/systemd/systemd-udevd",
                "pid": 466557,
                "resources_usage": null,
                "consumption": 0.0,
                "timestamp": 1721775058.454465,
                "container": null
            },
            {
                "exe": "",
                "cmdline": "",
                "pid": 66,
                "resources_usage": null,
                "consumption": 0.0,
                "timestamp": 1721775058.4544654,
                "container": null
            },
            {
                "exe": "",
                "cmdline": "",
                "pid": 118,
                "resources_usage": null,
                "consumption": 0.0,
                "timestamp": 1721775058.4544656,
                "container": null
            }
        ],
        "sockets": [
            {
                "id": 0,
                "consumption": 25351924.0,
                "domains": [
                    {
                        "name": "uncore",
                        "consumption": 0.0,
                        "timestamp": 1721775058.435374
                    },
                    {
                        "name": "core",
                        "consumption": 22854708.0,
                        "timestamp": 1721775058.4353628
                    }
                ],
                "timestamp": 1721775058.4352446
            }
        ]
    },
    {
        "host": {
            "consumption": 17399114.0,
            "timestamp": 1721775058.4922493,
            "components": {
                "disks": [
                    {
                        "disk_type": "SSD",
                        "disk_mount_point": "/etc/hosts",
                        "disk_is_removable": false,
                        "disk_file_system": "ext4",
                        "disk_total_bytes": "33634926592",
                        "disk_available_bytes": "9870147584",
                        "disk_name": "/dev/nvme0n1p4"
                    }
                ]
            }
        },
        "consumers": [
            {
                "exe": "/usr/local/bin/scaphandre",
                "cmdline": "/usr/local/bin/scaphandrejson-s0--step-nano10000000-f/home/ce-p2-r-1/3/power.json",
                "pid": 466863,
                "resources_usage": null,
                "consumption": 406996.84,
                "timestamp": 1721775058.4921014,
                "container": null
            },
            {
                "exe": "/",
                "cmdline": "runcinit",
                "pid": 466998,
                "resources_usage": null,
                "consumption": 406996.84,
                "timestamp": 1721775058.492112,
                "container": null
            },
            {
                "exe": "",
                "cmdline": "",
                "pid": 476,
                "resources_usage": null,
                "consumption": 0.0,
                "timestamp": 1721775058.4920316,
                "container": null
            },
            {
                "exe": "/usr/bin/containerd-shim-runc-v2",
                "cmdline": "/usr/bin/containerd-shim-runc-v2-namespacemoby-ida39b98434a0b7d4c8c75746f25df12dce191c45d1b284211b429f40366c06e83-address/run/containerd/containerd.sock",
                "pid": 466844,
                "resources_usage": null,
                "consumption": 0.0,
                "timestamp": 1721775058.4920325,
                "container": null
            },
            {
                "exe": "/usr/bin/udevadm",
                "cmdline": "/lib/systemd/systemd-udevd",
                "pid": 466546,
                "resources_usage": null,
                "consumption": 0.0,
                "timestamp": 1721775058.4920335,
                "container": null
            },
            {
                "exe": "",
                "cmdline": "",
                "pid": 557,
                "resources_usage": null,
                "consumption": 0.0,
                "timestamp": 1721775058.492034,
                "container": null
            },
            {
                "exe": "",
                "cmdline": "",
                "pid": 19,
                "resources_usage": null,
                "consumption": 0.0,
                "timestamp": 1721775058.4920342,
                "container": null
            },
            {
                "exe": "",
                "cmdline": "",
                "pid": 28,
                "resources_usage": null,
                "consumption": 0.0,
                "timestamp": 1721775058.4920347,
                "container": null
            },
            {
                "exe": "/usr/bin/udevadm",
                "cmdline": "/lib/systemd/systemd-udevd",
                "pid": 466557,
                "resources_usage": null,
                "consumption": 0.0,
                "timestamp": 1721775058.492035,
                "container": null
            },
            {
                "exe": "",
                "cmdline": "",
                "pid": 66,
                "resources_usage": null,
                "consumption": 0.0,
                "timestamp": 1721775058.4920359,
                "container": null
            }
        ],
        "sockets": [
            {
                "id": 0,
                "consumption": 13823743.0,
                "domains": [
                    {
                        "name": "uncore",
                        "consumption": 0.0,
                        "timestamp": 1721775058.4721677
                    },
                    {
                        "name": "core",
                        "consumption": 11570570.0,
                        "timestamp": 1721775058.4721508
                    }
                ],
                "timestamp": 1721775058.4719925
            }
        ]
    },
    {
        "host": {
            "consumption": 22142878.0,
            "timestamp": 1721775058.5295794,
            "components": {
                "disks": [
                    {
                        "disk_type": "SSD",
                        "disk_mount_point": "/etc/hosts",
                        "disk_is_removable": false,
                        "disk_file_system": "ext4",
                        "disk_total_bytes": "33634926592",
                        "disk_available_bytes": "9870147584",
                        "disk_name": "/dev/nvme0n1p4"
                    }
                ]
            }
        },
        "consumers": [
            {
                "exe": "/",
                "cmdline": "runcinit",
                "pid": 466998,
                "resources_usage": null,
                "consumption": 517962.1,
                "timestamp": 1721775058.5293255,
                "container": null
            },
            {
                "exe": "/usr/local/bin/scaphandre",
                "cmdline": "/usr/local/bin/scaphandrejson-s0--step-nano10000000-f/home/ce-p2-r-1/3/power.json",
                "pid": 466863,
                "resources_usage": null,
                "consumption": 129490.52,
                "timestamp": 1721775058.529318,
                "container": null
            },
            {
                "exe": "",
                "cmdline": "",
                "pid": 476,
                "resources_usage": null,
                "consumption": 0.0,
                "timestamp": 1721775058.5292642,
                "container": null
            },
            {
                "exe": "/usr/bin/containerd-shim-runc-v2",
                "cmdline": "/usr/bin/containerd-shim-runc-v2-namespacemoby-ida39b98434a0b7d4c8c75746f25df12dce191c45d1b284211b429f40366c06e83-address/run/containerd/containerd.sock",
                "pid": 466844,
                "resources_usage": null,
                "consumption": 0.0,
                "timestamp": 1721775058.5292652,
                "container": null
            },
            {
                "exe": "/usr/bin/udevadm",
                "cmdline": "/lib/systemd/systemd-udevd",
                "pid": 466546,
                "resources_usage": null,
                "consumption": 0.0,
                "timestamp": 1721775058.5292659,
                "container": null
            },
            {
                "exe": "",
                "cmdline": "",
                "pid": 557,
                "resources_usage": null,
                "consumption": 0.0,
                "timestamp": 1721775058.5292668,
                "container": null
            },
            {
                "exe": "",
                "cmdline": "",
                "pid": 19,
                "resources_usage": null,
                "consumption": 0.0,
                "timestamp": 1721775058.529267,
                "container": null
            },
            {
                "exe": "",
                "cmdline": "",
                "pid": 28,
                "resources_usage": null,
                "consumption": 0.0,
                "timestamp": 1721775058.5292675,
                "container": null
            },
            {
                "exe": "/usr/bin/udevadm",
                "cmdline": "/lib/systemd/systemd-udevd",
                "pid": 466557,
                "resources_usage": null,
                "consumption": 0.0,
                "timestamp": 1721775058.5292678,
                "container": null
            },
            {
                "exe": "",
                "cmdline": "",
                "pid": 66,
                "resources_usage": null,
                "consumption": 0.0,
                "timestamp": 1721775058.5292683,
                "container": null
            }
        ],
        "sockets": [
            {
                "id": 0,
                "consumption": 23361396.0,
                "domains": [
                    {
                        "name": "uncore",
                        "consumption": 0.0,
                        "timestamp": 1721775058.5098698
                    },
                    {
                        "name": "core",
                        "consumption": 21096020.0,
                        "timestamp": 1721775058.509797
                    }
                ],
                "timestamp": 1721775058.5095806
            }
        ]
    },
    {
        "host": {
            "consumption": 20898116.0,
            "timestamp": 1721775058.5649595,
            "components": {
                "disks": [
                    {
                        "disk_type": "SSD",
                        "disk_mount_point": "/etc/hosts",
                        "disk_is_removable": false,
                        "disk_file_system": "ext4",
                        "disk_total_bytes": "33634926592",
                        "disk_available_bytes": "9870143488",
                        "disk_name": "/dev/nvme0n1p4"
                    }
                ]
            }
        },
        "consumers": [
            {
                "exe": "/",
                "cmdline": "runcinit",
                "pid": 466998,
                "resources_usage": null,
                "consumption": 483193.4,
                "timestamp": 1721775058.5648422,
                "container": null
            },
            {
                "exe": "/usr/local/bin/scaphandre",
                "cmdline": "/usr/local/bin/scaphandrejson-s0--step-nano10000000-f/home/ce-p2-r-1/3/power.json",
                "pid": 466863,
                "resources_usage": null,
                "consumption": 241596.7,
                "timestamp": 1721775058.5648346,
                "container": null
            },
            {
                "exe": "",
                "cmdline": "",
                "pid": 476,
                "resources_usage": null,
                "consumption": 0.0,
                "timestamp": 1721775058.5647814,
                "container": null
            },
            {
                "exe": "/usr/bin/containerd-shim-runc-v2",
                "cmdline": "/usr/bin/containerd-shim-runc-v2-namespacemoby-ida39b98434a0b7d4c8c75746f25df12dce191c45d1b284211b429f40366c06e83-address/run/containerd/containerd.sock",
                "pid": 466844,
                "resources_usage": null,
                "consumption": 0.0,
                "timestamp": 1721775058.5647826,
                "container": null
            },
            {
                "exe": "/usr/bin/udevadm",
                "cmdline": "/lib/systemd/systemd-udevd",
                "pid": 466546,
                "resources_usage": null,
                "consumption": 0.0,
                "timestamp": 1721775058.5647833,
                "container": null
            },
            {
                "exe": "",
                "cmdline": "",
                "pid": 557,
                "resources_usage": null,
                "consumption": 0.0,
                "timestamp": 1721775058.5647836,
                "container": null
            },
            {
                "exe": "",
                "cmdline": "",
                "pid": 19,
                "resources_usage": null,
                "consumption": 0.0,
                "timestamp": 1721775058.564784,
                "container": null
            },
            {
                "exe": "",
                "cmdline": "",
                "pid": 28,
                "resources_usage": null,
                "consumption": 0.0,
                "timestamp": 1721775058.5647843,
                "container": null
            },
            {
                "exe": "/usr/bin/udevadm",
                "cmdline": "/lib/systemd/systemd-udevd",
                "pid": 466557,
                "resources_usage": null,
                "consumption": 0.0,
                "timestamp": 1721775058.5647845,
                "container": null
            },
            {
                "exe": "",
                "cmdline": "",
                "pid": 66,
                "resources_usage": null,
                "consumption": 0.0,
                "timestamp": 1721775058.564785,
                "container": null
            }
        ],
        "sockets": [
            {
                "id": 0,
                "consumption": 23350520.0,
                "domains": [
                    {
                        "name": "uncore",
                        "consumption": 0.0,
                        "timestamp": 1721775058.5453305
                    },
                    {
                        "name": "core",
                        "consumption": 20996668.0,
                        "timestamp": 1721775058.5451071
                    }
                ],
                "timestamp": 1721775058.544784
            }
        ]
    },
    {
        "host": {
            "consumption": 19235748.0,
            "timestamp": 1721775058.6000402,
            "components": {
                "disks": [
                    {
                        "disk_type": "SSD",
                        "disk_mount_point": "/etc/hosts",
                        "disk_is_removable": false,
                        "disk_file_system": "ext4",
                        "disk_total_bytes": "33634926592",
                        "disk_available_bytes": "9870143488",
                        "disk_name": "/dev/nvme0n1p4"
                    }
                ]
            }
        },
        "consumers": [
            {
                "exe": "/",
                "cmdline": "runcinit",
                "pid": 466998,
                "resources_usage": null,
                "consumption": 333567.9,
                "timestamp": 1721775058.5999944,
                "container": null
            },
            {
                "exe": "/usr/local/bin/scaphandre",
                "cmdline": "/usr/local/bin/scaphandrejson-s0--step-nano10000000-f/home/ce-p2-r-1/3/power.json",
                "pid": 466863,
                "resources_usage": null,
                "consumption": 222378.58,
                "timestamp": 1721775058.5999868,
                "container": null
            },
            {
                "exe": "",
                "cmdline": "",
                "pid": 476,
                "resources_usage": null,
                "consumption": 0.0,
                "timestamp": 1721775058.5999331,
                "container": null
            },
            {
                "exe": "/usr/bin/containerd-shim-runc-v2",
                "cmdline": "/usr/bin/containerd-shim-runc-v2-namespacemoby-ida39b98434a0b7d4c8c75746f25df12dce191c45d1b284211b429f40366c06e83-address/run/containerd/containerd.sock",
                "pid": 466844,
                "resources_usage": null,
                "consumption": 0.0,
                "timestamp": 1721775058.599934,
                "container": null
            },
            {
                "exe": "/usr/bin/udevadm",
                "cmdline": "/lib/systemd/systemd-udevd",
                "pid": 466546,
                "resources_usage": null,
                "consumption": 0.0,
                "timestamp": 1721775058.5999348,
                "container": null
            },
            {
                "exe": "",
                "cmdline": "",
                "pid": 557,
                "resources_usage": null,
                "consumption": 0.0,
                "timestamp": 1721775058.5999353,
                "container": null
            },
            {
                "exe": "",
                "cmdline": "",
                "pid": 19,
                "resources_usage": null,
                "consumption": 0.0,
                "timestamp": 1721775058.5999355,
                "container": null
            },
            {
                "exe": "",
                "cmdline": "",
                "pid": 28,
                "resources_usage": null,
                "consumption": 0.0,
                "timestamp": 1721775058.5999358,
                "container": null
            },
            {
                "exe": "/usr/bin/udevadm",
                "cmdline": "/lib/systemd/systemd-udevd",
                "pid": 466557,
                "resources_usage": null,
                "consumption": 0.0,
                "timestamp": 1721775058.599936,
                "container": null
            },
            {
                "exe": "",
                "cmdline": "",
                "pid": 66,
                "resources_usage": null,
                "consumption": 0.0,
                "timestamp": 1721775058.5999362,
                "container": null
            }
        ],
        "sockets": [
            {
                "id": 0,
                "consumption": 15077417.0,
                "domains": [
                    {
                        "name": "uncore",
                        "consumption": 0.0,
                        "timestamp": 1721775058.5806901
                    },
                    {
                        "name": "core",
                        "consumption": 12650473.0,
                        "timestamp": 1721775058.5804675
                    }
                ],
                "timestamp": 1721775058.5800877
            }
        ]
    },
    {
        "host": {
            "consumption": 17385820.0,
            "timestamp": 1721775058.634971,
            "components": {
                "disks": [
                    {
                        "disk_type": "SSD",
                        "disk_mount_point": "/etc/hosts",
                        "disk_is_removable": false,
                        "disk_file_system": "ext4",
                        "disk_total_bytes": "33634926592",
                        "disk_available_bytes": "9870139392",
                        "disk_name": "/dev/nvme0n1p4"
                    }
                ]
            }
        },
        "consumers": [
            {
                "exe": "/",
                "cmdline": "runcinit",
                "pid": 466998,
                "resources_usage": null,
                "consumption": 401984.25,
                "timestamp": 1721775058.6349044,
                "container": null
            },
            {
                "exe": "/usr/local/bin/scaphandre",
                "cmdline": "/usr/local/bin/scaphandrejson-s0--step-nano10000000-f/home/ce-p2-r-1/3/power.json",
                "pid": 466863,
                "resources_usage": null,
                "consumption": 301488.22,
                "timestamp": 1721775058.6348956,
                "container": null
            },
            {
                "exe": "",
                "cmdline": "",
                "pid": 476,
                "resources_usage": null,
                "consumption": 0.0,
                "timestamp": 1721775058.6348317,
                "container": null
            },
            {
                "exe": "/usr/bin/containerd-shim-runc-v2",
                "cmdline": "/usr/bin/containerd-shim-runc-v2-namespacemoby-ida39b98434a0b7d4c8c75746f25df12dce191c45d1b284211b429f40366c06e83-address/run/containerd/containerd.sock",
                "pid": 466844,
                "resources_usage": null,
                "consumption": 0.0,
                "timestamp": 1721775058.6348329,
                "container": null
            },
            {
                "exe": "/usr/bin/udevadm",
                "cmdline": "/lib/systemd/systemd-udevd",
                "pid": 466546,
                "resources_usage": null,
                "consumption": 0.0,
                "timestamp": 1721775058.6348338,
                "container": null
            },
            {
                "exe": "",
                "cmdline": "",
                "pid": 557,
                "resources_usage": null,
                "consumption": 0.0,
                "timestamp": 1721775058.6348343,
                "container": null
            },
            {
                "exe": "",
                "cmdline": "",
                "pid": 19,
                "resources_usage": null,
                "consumption": 0.0,
                "timestamp": 1721775058.634835,
                "container": null
            },
            {
                "exe": "",
                "cmdline": "",
                "pid": 28,
                "resources_usage": null,
                "consumption": 0.0,
                "timestamp": 1721775058.6348352,
                "container": null
            },
            {
                "exe": "/usr/bin/udevadm",
                "cmdline": "/lib/systemd/systemd-udevd",
                "pid": 466557,
                "resources_usage": null,
                "consumption": 0.0,
                "timestamp": 1721775058.6348357,
                "container": null
            },
            {
                "exe": "",
                "cmdline": "",
                "pid": 66,
                "resources_usage": null,
                "consumption": 0.0,
                "timestamp": 1721775058.6348362,
                "container": null
            }
        ],
        "sockets": [
            {
                "id": 0,
                "consumption": 22724884.0,
                "domains": [
                    {
                        "name": "uncore",
                        "consumption": 0.0,
                        "timestamp": 1721775058.6152058
                    },
                    {
                        "name": "core",
                        "consumption": 20601194.0,
                        "timestamp": 1721775058.615199
                    }
                ],
                "timestamp": 1721775058.6150947
            }
        ]
    },
    {
        "host": {
            "consumption": 20382688.0,
            "timestamp": 1721775058.6698892,
            "components": {
                "disks": [
                    {
                        "disk_type": "SSD",
                        "disk_mount_point": "/etc/hosts",
                        "disk_is_removable": false,
                        "disk_file_system": "ext4",
                        "disk_total_bytes": "33634926592",
                        "disk_available_bytes": "9870139392",
                        "disk_name": "/dev/nvme0n1p4"
                    }
                ]
            }
        },
        "consumers": [
            {
                "exe": "/",
                "cmdline": "runcinit",
                "pid": 466998,
                "resources_usage": null,
                "consumption": 353457.0,
                "timestamp": 1721775058.669634,
                "container": null
            },
            {
                "exe": "/usr/local/bin/scaphandre",
                "cmdline": "/usr/local/bin/scaphandrejson-s0--step-nano10000000-f/home/ce-p2-r-1/3/power.json",
                "pid": 466863,
                "resources_usage": null,
                "consumption": 117819.0,
                "timestamp": 1721775058.669627,
                "container": null
            },
            {
                "exe": "",
                "cmdline": "",
                "pid": 476,
                "resources_usage": null,
                "consumption": 0.0,
                "timestamp": 1721775058.6695757,
                "container": null
            },
            {
                "exe": "/usr/bin/containerd-shim-runc-v2",
                "cmdline": "/usr/bin/containerd-shim-runc-v2-namespacemoby-ida39b98434a0b7d4c8c75746f25df12dce191c45d1b284211b429f40366c06e83-address/run/containerd/containerd.sock",
                "pid": 466844,
                "resources_usage": null,
                "consumption": 0.0,
                "timestamp": 1721775058.6695766,
                "container": null
            },
            {
                "exe": "/usr/bin/udevadm",
                "cmdline": "/lib/systemd/systemd-udevd",
                "pid": 466546,
                "resources_usage": null,
                "consumption": 0.0,
                "timestamp": 1721775058.6695774,
                "container": null
            },
            {
                "exe": "",
                "cmdline": "",
                "pid": 557,
                "resources_usage": null,
                "consumption": 0.0,
                "timestamp": 1721775058.6695778,
                "container": null
            },
            {
                "exe": "",
                "cmdline": "",
                "pid": 19,
                "resources_usage": null,
                "consumption": 0.0,
                "timestamp": 1721775058.669578,
                "container": null
            },
            {
                "exe": "",
                "cmdline": "",
                "pid": 28,
                "resources_usage": null,
                "consumption": 0.0,
                "timestamp": 1721775058.6695786,
                "container": null
            },
            {
                "exe": "/usr/bin/udevadm",
                "cmdline": "/lib/systemd/systemd-udevd",
                "pid": 466557,
                "resources_usage": null,
                "consumption": 0.0,
                "timestamp": 1721775058.6695788,
                "container": null
            },
            {
                "exe": "",
                "cmdline": "",
                "pid": 66,
                "resources_usage": null,
                "consumption": 0.0,
                "timestamp": 1721775058.669579,
                "container": null
            }
        ],
        "sockets": [
            {
                "id": 0,
                "consumption": 14149583.0,
                "domains": [
                    {
                        "name": "uncore",
                        "consumption": 0.0,
                        "timestamp": 1721775058.65055
                    },
                    {
                        "name": "core",
                        "consumption": 11893679.0,
                        "timestamp": 1721775058.6504745
                    }
                ],
                "timestamp": 1721775058.6502156
            }
        ]
    },
    {
        "host": {
            "consumption": 20360916.0,
            "timestamp": 1721775058.704758,
            "components": {
                "disks": [
                    {
                        "disk_type": "SSD",
                        "disk_mount_point": "/etc/hosts",
                        "disk_is_removable": false,
                        "disk_file_system": "ext4",
                        "disk_total_bytes": "33634926592",
                        "disk_available_bytes": "9870135296",
                        "disk_name": "/dev/nvme0n1p4"
                    }
                ]
            }
        },
        "consumers": [
            {
                "exe": "/",
                "cmdline": "runcinit",
                "pid": 466998,
                "resources_usage": null,
                "consumption": 470772.56,
                "timestamp": 1721775058.70456,
                "container": null
            },
            {
                "exe": "/usr/local/bin/scaphandre",
                "cmdline": "/usr/local/bin/scaphandrejson-s0--step-nano10000000-f/home/ce-p2-r-1/3/power.json",
                "pid": 466863,
                "resources_usage": null,
                "consumption": 235386.28,
                "timestamp": 1721775058.7045527,
                "container": null
            },
            {
                "exe": "",
                "cmdline": "",
                "pid": 476,
                "resources_usage": null,
                "consumption": 0.0,
                "timestamp": 1721775058.7044978,
                "container": null
            },
            {
                "exe": "/usr/bin/containerd-shim-runc-v2",
                "cmdline": "/usr/bin/containerd-shim-runc-v2-namespacemoby-ida39b98434a0b7d4c8c75746f25df12dce191c45d1b284211b429f40366c06e83-address/run/containerd/containerd.sock",
                "pid": 466844,
                "resources_usage": null,
                "consumption": 0.0,
                "timestamp": 1721775058.704499,
                "container": null
            },
            {
                "exe": "/usr/bin/udevadm",
                "cmdline": "/lib/systemd/systemd-udevd",
                "pid": 466546,
                "resources_usage": null,
                "consumption": 0.0,
                "timestamp": 1721775058.7044995,
                "container": null
            },
            {
                "exe": "",
                "cmdline": "",
                "pid": 557,
                "resources_usage": null,
                "consumption": 0.0,
                "timestamp": 1721775058.7045,
                "container": null
            },
            {
                "exe": "",
                "cmdline": "",
                "pid": 19,
                "resources_usage": null,
                "consumption": 0.0,
                "timestamp": 1721775058.7045002,
                "container": null
            },
            {
                "exe": "",
                "cmdline": "",
                "pid": 28,
                "resources_usage": null,
                "consumption": 0.0,
                "timestamp": 1721775058.7045007,
                "container": null
            },
            {
                "exe": "/usr/bin/udevadm",
                "cmdline": "/lib/systemd/systemd-udevd",
                "pid": 466557,
                "resources_usage": null,
                "consumption": 0.0,
                "timestamp": 1721775058.704501,
                "container": null
            },
            {
                "exe": "",
                "cmdline": "",
                "pid": 66,
                "resources_usage": null,
                "consumption": 0.0,
                "timestamp": 1721775058.7045012,
                "container": null
            }
        ],
        "sockets": [
            {
                "id": 0,
                "consumption": 23036228.0,
                "domains": [
                    {
                        "name": "uncore",
                        "consumption": 0.0,
                        "timestamp": 1721775058.685584
                    },
                    {
                        "name": "core",
                        "consumption": 20744628.0,
                        "timestamp": 1721775058.6854074
                    }
                ],
                "timestamp": 1721775058.6850913
            }
        ]
    },
    {
        "host": {
            "consumption": 21130628.0,
            "timestamp": 1721775058.7388418,
            "components": {
                "disks": [
                    {
                        "disk_type": "SSD",
                        "disk_mount_point": "/etc/hosts",
                        "disk_is_removable": false,
                        "disk_file_system": "ext4",
                        "disk_total_bytes": "33634926592",
                        "disk_available_bytes": "9870135296",
                        "disk_name": "/dev/nvme0n1p4"
                    }
                ]
            }
        },
        "consumers": [
            {
                "exe": "/usr/local/bin/scaphandre",
                "cmdline": "/usr/local/bin/scaphandrejson-s0--step-nano10000000-f/home/ce-p2-r-1/3/power.json",
                "pid": 466863,
                "resources_usage": null,
                "consumption": 366427.06,
                "timestamp": 1721775058.7387881,
                "container": null
            },
            {
                "exe": "/",
                "cmdline": "runcinit",
                "pid": 466998,
                "resources_usage": null,
                "consumption": 366427.06,
                "timestamp": 1721775058.7387962,
                "container": null
            },
            {
                "exe": "",
                "cmdline": "",
                "pid": 476,
                "resources_usage": null,
                "consumption": 0.0,
                "timestamp": 1721775058.7387357,
                "container": null
            },
            {
                "exe": "/usr/bin/containerd-shim-runc-v2",
                "cmdline": "/usr/bin/containerd-shim-runc-v2-namespacemoby-ida39b98434a0b7d4c8c75746f25df12dce191c45d1b284211b429f40366c06e83-address/run/containerd/containerd.sock",
                "pid": 466844,
                "resources_usage": null,
                "consumption": 0.0,
                "timestamp": 1721775058.7387369,
                "container": null
            },
            {
                "exe": "/usr/bin/udevadm",
                "cmdline": "/lib/systemd/systemd-udevd",
                "pid": 466546,
                "resources_usage": null,
                "consumption": 0.0,
                "timestamp": 1721775058.7387373,
                "container": null
            },
            {
                "exe": "",
                "cmdline": "",
                "pid": 557,
                "resources_usage": null,
                "consumption": 0.0,
                "timestamp": 1721775058.7387378,
                "container": null
            },
            {
                "exe": "",
                "cmdline": "",
                "pid": 19,
                "resources_usage": null,
                "consumption": 0.0,
                "timestamp": 1721775058.738738,
                "container": null
            },
            {
                "exe": "",
                "cmdline": "",
                "pid": 28,
                "resources_usage": null,
                "consumption": 0.0,
                "timestamp": 1721775058.7387383,
                "container": null
            },
            {
                "exe": "/usr/bin/udevadm",
                "cmdline": "/lib/systemd/systemd-udevd",
                "pid": 466557,
                "resources_usage": null,
                "consumption": 0.0,
                "timestamp": 1721775058.7387385,
                "container": null
            },
            {
                "exe": "",
                "cmdline": "",
                "pid": 66,
                "resources_usage": null,
                "consumption": 0.0,
                "timestamp": 1721775058.738739,
                "container": null
            }
        ],
        "sockets": [
            {
                "id": 0,
                "consumption": 18296480.0,
                "domains": [
                    {
                        "name": "uncore",
                        "consumption": 0.0,
                        "timestamp": 1721775058.7199488
                    },
                    {
                        "name": "core",
                        "consumption": 16102452.0,
                        "timestamp": 1721775058.719938
                    }
                ],
                "timestamp": 1721775058.7198212
            }
        ]
    }
]