{
    "timestamp_analysis": {
        "mean": 0.02636438114627911,
        "std": 0.0031831097625602055,
        "min": 0.021879911422729492,
        "max": 0.07387304306030273,
        "median": 0.025890231132507324,
        "running_time": 8.27854299545288
    },
    "host_energy_analysis": {
        "total": 156.4252942335583,
        "per_repetition": 1.564252942335583e-05
    },
    "host_power_analysis": {
        "mean": 18.92504393968254,
        "std": 6.078701417110416,
        "min": 6.754888,
        "max": 36.42635,
        "median": 18.321188
    },
    "process_energy_analysis": {
        "total": 2.5109673827829133,
        "per_repetition": 2.5109673827829134e-07
    }
}