{
    "host_energy_total": {
        "0": 289.48820601428446,
        "1": {
            "value": 310.586329406866,
            "difference": 21.098123392581556,
            "change_perc": -7.29,
            "ttest": {
                "stat": -17.225860877351888,
                "p": 1.7908214839339768e-24
            },
            "cohen_d": -4.4476981534713165
        }
    },
    "host_energy_per_repetition": {
        "0": 5.789764120285689e-07,
        "1": {
            "value": 6.21172658813732e-07,
            "difference": 4.219624678516305e-08,
            "change_perc": -7.29,
            "ttest": {
                "stat": -17.22586087735185,
                "p": 1.790821483934181e-24
            },
            "cohen_d": -4.447698153471307
        }
    },
    "process_energy_total": {
        "0": 4.393553878557134,
        "1": {
            "value": 4.68746765843245,
            "difference": 0.2939137798753153,
            "change_perc": -6.69,
            "ttest": {
                "stat": -12.942706967021252,
                "p": 1.4993402747692074e-18
            },
            "cohen_d": -3.3417925692077346
        }
    },
    "process_energy_per_repetition": {
        "0": 8.78710775711427e-09,
        "1": {
            "value": 9.374935316864903e-09,
            "difference": 5.878275597506335e-10,
            "change_perc": -6.69,
            "ttest": {
                "stat": -12.94270696702132,
                "p": 1.4993402747688864e-18
            },
            "cohen_d": -3.341792569207752
        }
    },
    "timestamp_running_time": {
        "0": 15.566478586196899,
        "1": {
            "value": 16.677958710988364,
            "difference": 1.1114801247914645,
            "change_perc": -7.14,
            "mannwhitneyu": {
                "stat": 0.0,
                "p": 3.019859359162157e-11
            },
            "r": 0.8588975014708022
        }
    },
    "host_power_mean": {
        "0": 18.622459846154356,
        "1": {
            "value": 18.64755000668524,
            "difference": 0.02509016053088331,
            "change_perc": -0.13,
            "mannwhitneyu": {
                "stat": 446.0,
                "p": 0.9587314908134437
            },
            "r": 0.007634644457518242
        }
    }
}