{
    "timestamp_analysis": {
        "mean": 0.03488490581512451,
        "std": 0.0012383353462557891,
        "min": 0.033142805099487305,
        "max": 0.037622928619384766,
        "median": 0.03462183475494385,
        "running_time": 0.6978611946105957
    },
    "host_energy_analysis": {
        "total": 12.981323886819125,
        "per_repetition": 4.3271079622730414e-07
    },
    "host_power_analysis": {
        "mean": 18.662273095238096,
        "std": 5.502865050993608,
        "min": 10.430636,
        "max": 30.684336,
        "median": 16.437306
    },
    "process_energy_analysis": {
        "total": 0.2525303726929701,
        "per_repetition": 8.41767908976567e-09
    }
}