[
    {
        "host": {
            "consumption": 12397249.0,
            "timestamp": 1721775024.9915485,
            "components": {
                "disks": [
                    {
                        "disk_type": "SSD",
                        "disk_mount_point": "/etc/hosts",
                        "disk_is_removable": false,
                        "disk_file_system": "ext4",
                        "disk_total_bytes": "33634926592",
                        "disk_available_bytes": "9870790656",
                        "disk_name": "/dev/nvme0n1p4"
                    }
                ]
            }
        },
        "consumers": [
            {
                "exe": "/usr/local/bin/scaphandre",
                "cmdline": "/usr/local/bin/scaphandrejson-s0--step-nano10000000-f/home/ce-p2-r-1/8/power.json",
                "pid": 465680,
                "resources_usage": null,
                "consumption": 375674.22,
                "timestamp": 1721775024.9914951,
                "container": null
            },
            {
                "exe": "",
                "cmdline": "",
                "pid": 556,
                "resources_usage": null,
                "consumption": 0.0,
                "timestamp": 1721775024.9913855,
                "container": null
            },
            {
                "exe": "",
                "cmdline": "",
                "pid": 18,
                "resources_usage": null,
                "consumption": 0.0,
                "timestamp": 1721775024.9913874,
                "container": null
            },
            {
                "exe": "/usr/bin/udevadm",
                "cmdline": "/lib/systemd/systemd-udevd",
                "pid": 465650,
                "resources_usage": null,
                "consumption": 0.0,
                "timestamp": 1721775024.9913878,
                "container": null
            },
            {
                "exe": "",
                "cmdline": "",
                "pid": 476,
                "resources_usage": null,
                "consumption": 0.0,
                "timestamp": 1721775024.9913886,
                "container": null
            },
            {
                "exe": "",
                "cmdline": "",
                "pid": 455016,
                "resources_usage": null,
                "consumption": 0.0,
                "timestamp": 1721775024.9913888,
                "container": null
            },
            {
                "exe": "",
                "cmdline": "",
                "pid": 442033,
                "resources_usage": null,
                "consumption": 0.0,
                "timestamp": 1721775024.9913893,
                "container": null
            },
            {
                "exe": "",
                "cmdline": "",
                "pid": 134,
                "resources_usage": null,
                "consumption": 0.0,
                "timestamp": 1721775024.9913895,
                "container": null
            },
            {
                "exe": "/usr/sbin/sshd",
                "cmdline": "sshd: philipp [priv]",
                "pid": 274843,
                "resources_usage": null,
                "consumption": 0.0,
                "timestamp": 1721775024.9913898,
                "container": null
            },
            {
                "exe": "/usr/bin/dbus-daemon",
                "cmdline": "@dbus-daemon--system--address=systemd:--nofork--nopidfile--systemd-activation--syslog-only",
                "pid": 809,
                "resources_usage": null,
                "consumption": 0.0,
                "timestamp": 1721775024.9913905,
                "container": null
            }
        ],
        "sockets": [
            {
                "id": 0,
                "consumption": 8163714.0,
                "domains": [
                    {
                        "name": "uncore",
                        "consumption": 0.0,
                        "timestamp": 1721775024.9710474
                    },
                    {
                        "name": "core",
                        "consumption": 5285088.0,
                        "timestamp": 1721775024.9710364
                    }
                ],
                "timestamp": 1721775024.9708967
            }
        ]
    },
    {
        "host": {
            "consumption": 14218989.0,
            "timestamp": 1721775025.0287259,
            "components": {
                "disks": [
                    {
                        "disk_type": "SSD",
                        "disk_mount_point": "/etc/hosts",
                        "disk_is_removable": false,
                        "disk_file_system": "ext4",
                        "disk_total_bytes": "33634926592",
                        "disk_available_bytes": "9870798848",
                        "disk_name": "/dev/nvme0n1p4"
                    }
                ]
            }
        },
        "consumers": [
            {
                "exe": "/",
                "cmdline": "runcinit",
                "pid": 465754,
                "resources_usage": null,
                "consumption": 309108.44,
                "timestamp": 1721775025.028587,
                "container": null
            },
            {
                "exe": "/usr/local/bin/scaphandre",
                "cmdline": "/usr/local/bin/scaphandrejson-s0--step-nano10000000-f/home/ce-p2-r-1/8/power.json",
                "pid": 465680,
                "resources_usage": null,
                "consumption": 231831.34,
                "timestamp": 1721775025.0286357,
                "container": null
            },
            {
                "exe": "/usr/bin/sudo",
                "cmdline": "sudo-EenvPATH=/home/philipp/.local/bin:/home/linuxbrew/.linuxbrew/bin:/home/linuxbrew/.linuxbrew/sbin:~/programs/scaphandre/target/release:/usr/local/sbin:/usr/local/bin:/usr/sbin:/usr/bin:/sbin:/bin:/usr/games:/usr/local/games:/snap/binPYTHONPATH=:/home/philipp/cb/calabash/src:/home/philipp/cb/calabash/srcpython3src/experiment/runner.pytest.yaml",
                "pid": 458103,
                "resources_usage": null,
                "consumption": 77277.11,
                "timestamp": 1721775025.0286064,
                "container": null
            },
            {
                "exe": "",
                "cmdline": "",
                "pid": 556,
                "resources_usage": null,
                "consumption": 0.0,
                "timestamp": 1721775025.028539,
                "container": null
            },
            {
                "exe": "",
                "cmdline": "",
                "pid": 18,
                "resources_usage": null,
                "consumption": 0.0,
                "timestamp": 1721775025.02854,
                "container": null
            },
            {
                "exe": "/usr/bin/udevadm",
                "cmdline": "/lib/systemd/systemd-udevd",
                "pid": 465650,
                "resources_usage": null,
                "consumption": 0.0,
                "timestamp": 1721775025.0285404,
                "container": null
            },
            {
                "exe": "",
                "cmdline": "",
                "pid": 476,
                "resources_usage": null,
                "consumption": 0.0,
                "timestamp": 1721775025.0285406,
                "container": null
            },
            {
                "exe": "",
                "cmdline": "",
                "pid": 455016,
                "resources_usage": null,
                "consumption": 0.0,
                "timestamp": 1721775025.028541,
                "container": null
            },
            {
                "exe": "",
                "cmdline": "",
                "pid": 442033,
                "resources_usage": null,
                "consumption": 0.0,
                "timestamp": 1721775025.0285413,
                "container": null
            },
            {
                "exe": "",
                "cmdline": "",
                "pid": 134,
                "resources_usage": null,
                "consumption": 0.0,
                "timestamp": 1721775025.0285416,
                "container": null
            }
        ],
        "sockets": [
            {
                "id": 0,
                "consumption": 11783664.0,
                "domains": [
                    {
                        "name": "uncore",
                        "consumption": 0.0,
                        "timestamp": 1721775025.0099936
                    },
                    {
                        "name": "core",
                        "consumption": 8781180.0,
                        "timestamp": 1721775025.0099185
                    }
                ],
                "timestamp": 1721775025.009687
            }
        ]
    },
    {
        "host": {
            "consumption": 13460561.0,
            "timestamp": 1721775025.0633593,
            "components": {
                "disks": [
                    {
                        "disk_type": "SSD",
                        "disk_mount_point": "/etc/hosts",
                        "disk_is_removable": false,
                        "disk_file_system": "ext4",
                        "disk_total_bytes": "33634926592",
                        "disk_available_bytes": "9870794752",
                        "disk_name": "/dev/nvme0n1p4"
                    }
                ]
            }
        },
        "consumers": [
            {
                "exe": "/",
                "cmdline": "runcinit",
                "pid": 465754,
                "resources_usage": null,
                "consumption": 292620.88,
                "timestamp": 1721775025.0632854,
                "container": null
            },
            {
                "exe": "/usr/local/bin/scaphandre",
                "cmdline": "/usr/local/bin/scaphandrejson-s0--step-nano10000000-f/home/ce-p2-r-1/8/power.json",
                "pid": 465680,
                "resources_usage": null,
                "consumption": 146310.44,
                "timestamp": 1721775025.0633252,
                "container": null
            },
            {
                "exe": "",
                "cmdline": "",
                "pid": 556,
                "resources_usage": null,
                "consumption": 0.0,
                "timestamp": 1721775025.063243,
                "container": null
            },
            {
                "exe": "",
                "cmdline": "",
                "pid": 18,
                "resources_usage": null,
                "consumption": 0.0,
                "timestamp": 1721775025.0632439,
                "container": null
            },
            {
                "exe": "/usr/bin/udevadm",
                "cmdline": "/lib/systemd/systemd-udevd",
                "pid": 465650,
                "resources_usage": null,
                "consumption": 0.0,
                "timestamp": 1721775025.0632448,
                "container": null
            },
            {
                "exe": "",
                "cmdline": "",
                "pid": 476,
                "resources_usage": null,
                "consumption": 0.0,
                "timestamp": 1721775025.0632455,
                "container": null
            },
            {
                "exe": "",
                "cmdline": "",
                "pid": 455016,
                "resources_usage": null,
                "consumption": 0.0,
                "timestamp": 1721775025.0632458,
                "container": null
            },
            {
                "exe": "",
                "cmdline": "",
                "pid": 442033,
                "resources_usage": null,
                "consumption": 0.0,
                "timestamp": 1721775025.063246,
                "container": null
            },
            {
                "exe": "",
                "cmdline": "",
                "pid": 134,
                "resources_usage": null,
                "consumption": 0.0,
                "timestamp": 1721775025.0632463,
                "container": null
            },
            {
                "exe": "/usr/sbin/sshd",
                "cmdline": "sshd: philipp [priv]",
                "pid": 274843,
                "resources_usage": null,
                "consumption": 0.0,
                "timestamp": 1721775025.0632465,
                "container": null
            }
        ],
        "sockets": [
            {
                "id": 0,
                "consumption": 19932912.0,
                "domains": [
                    {
                        "name": "uncore",
                        "consumption": 0.0,
                        "timestamp": 1721775025.0460222
                    },
                    {
                        "name": "core",
                        "consumption": 17132354.0,
                        "timestamp": 1721775025.0459466
                    }
                ],
                "timestamp": 1721775025.0457208
            }
        ]
    },
    {
        "host": {
            "consumption": 25314128.0,
            "timestamp": 1721775025.0973365,
            "components": {
                "disks": [
                    {
                        "disk_type": "SSD",
                        "disk_mount_point": "/etc/hosts",
                        "disk_is_removable": false,
                        "disk_file_system": "ext4",
                        "disk_total_bytes": "33634926592",
                        "disk_available_bytes": "9870794752",
                        "disk_name": "/dev/nvme0n1p4"
                    }
                ]
            }
        },
        "consumers": [
            {
                "exe": "/",
                "cmdline": "runcinit",
                "pid": 465754,
                "resources_usage": null,
                "consumption": 412730.34,
                "timestamp": 1721775025.09707,
                "container": null
            },
            {
                "exe": "/usr/local/bin/scaphandre",
                "cmdline": "/usr/local/bin/scaphandrejson-s0--step-nano10000000-f/home/ce-p2-r-1/8/power.json",
                "pid": 465680,
                "resources_usage": null,
                "consumption": 275153.56,
                "timestamp": 1721775025.0971053,
                "container": null
            },
            {
                "exe": "",
                "cmdline": "",
                "pid": 556,
                "resources_usage": null,
                "consumption": 0.0,
                "timestamp": 1721775025.0970318,
                "container": null
            },
            {
                "exe": "",
                "cmdline": "",
                "pid": 18,
                "resources_usage": null,
                "consumption": 0.0,
                "timestamp": 1721775025.0970328,
                "container": null
            },
            {
                "exe": "/usr/bin/udevadm",
                "cmdline": "/lib/systemd/systemd-udevd",
                "pid": 465650,
                "resources_usage": null,
                "consumption": 0.0,
                "timestamp": 1721775025.0970333,
                "container": null
            },
            {
                "exe": "",
                "cmdline": "",
                "pid": 476,
                "resources_usage": null,
                "consumption": 0.0,
                "timestamp": 1721775025.0970337,
                "container": null
            },
            {
                "exe": "",
                "cmdline": "",
                "pid": 455016,
                "resources_usage": null,
                "consumption": 0.0,
                "timestamp": 1721775025.0970337,
                "container": null
            },
            {
                "exe": "",
                "cmdline": "",
                "pid": 442033,
                "resources_usage": null,
                "consumption": 0.0,
                "timestamp": 1721775025.097034,
                "container": null
            },
            {
                "exe": "",
                "cmdline": "",
                "pid": 134,
                "resources_usage": null,
                "consumption": 0.0,
                "timestamp": 1721775025.0970342,
                "container": null
            },
            {
                "exe": "/usr/sbin/sshd",
                "cmdline": "sshd: philipp [priv]",
                "pid": 274843,
                "resources_usage": null,
                "consumption": 0.0,
                "timestamp": 1721775025.097035,
                "container": null
            }
        ],
        "sockets": [
            {
                "id": 0,
                "consumption": 19808164.0,
                "domains": [
                    {
                        "name": "uncore",
                        "consumption": 0.0,
                        "timestamp": 1721775025.078643
                    },
                    {
                        "name": "core",
                        "consumption": 17082176.0,
                        "timestamp": 1721775025.0786362
                    }
                ],
                "timestamp": 1721775025.0785336
            }
        ]
    },
    {
        "host": {
            "consumption": 14780200.0,
            "timestamp": 1721775025.1311655,
            "components": {
                "disks": [
                    {
                        "disk_type": "SSD",
                        "disk_mount_point": "/etc/hosts",
                        "disk_is_removable": false,
                        "disk_file_system": "ext4",
                        "disk_total_bytes": "33634926592",
                        "disk_available_bytes": "9870790656",
                        "disk_name": "/dev/nvme0n1p4"
                    }
                ]
            }
        },
        "consumers": [
            {
                "exe": "/",
                "cmdline": "runcinit",
                "pid": 465754,
                "resources_usage": null,
                "consumption": 321308.7,
                "timestamp": 1721775025.1310937,
                "container": null
            },
            {
                "exe": "/usr/local/bin/scaphandre",
                "cmdline": "/usr/local/bin/scaphandrejson-s0--step-nano10000000-f/home/ce-p2-r-1/8/power.json",
                "pid": 465680,
                "resources_usage": null,
                "consumption": 160654.34,
                "timestamp": 1721775025.1311276,
                "container": null
            },
            {
                "exe": "/home/philipp/.vscode-server/cli/servers/Stable-f1e16e1e6214d7c44d078b1f0607b2388f29d729/server/node",
                "cmdline": "/home/philipp/.vscode-server/cli/servers/Stable-f1e16e1e6214d7c44d078b1f0607b2388f29d729/server/node--dns-result-order=ipv4first/home/philipp/.vscode-server/cli/servers/Stable-f1e16e1e6214d7c44d078b1f0607b2388f29d729/server/out/bootstrap-fork--type=extensionHost--transformURIs--useHostProxy=false",
                "pid": 1834,
                "resources_usage": null,
                "consumption": 80327.17,
                "timestamp": 1721775025.1310773,
                "container": null
            },
            {
                "exe": "",
                "cmdline": "",
                "pid": 556,
                "resources_usage": null,
                "consumption": 0.0,
                "timestamp": 1721775025.131056,
                "container": null
            },
            {
                "exe": "",
                "cmdline": "",
                "pid": 18,
                "resources_usage": null,
                "consumption": 0.0,
                "timestamp": 1721775025.1310573,
                "container": null
            },
            {
                "exe": "/usr/bin/udevadm",
                "cmdline": "/lib/systemd/systemd-udevd",
                "pid": 465650,
                "resources_usage": null,
                "consumption": 0.0,
                "timestamp": 1721775025.1310577,
                "container": null
            },
            {
                "exe": "",
                "cmdline": "",
                "pid": 476,
                "resources_usage": null,
                "consumption": 0.0,
                "timestamp": 1721775025.1310582,
                "container": null
            },
            {
                "exe": "",
                "cmdline": "",
                "pid": 455016,
                "resources_usage": null,
                "consumption": 0.0,
                "timestamp": 1721775025.1310585,
                "container": null
            },
            {
                "exe": "",
                "cmdline": "",
                "pid": 442033,
                "resources_usage": null,
                "consumption": 0.0,
                "timestamp": 1721775025.1310587,
                "container": null
            },
            {
                "exe": "",
                "cmdline": "",
                "pid": 134,
                "resources_usage": null,
                "consumption": 0.0,
                "timestamp": 1721775025.131059,
                "container": null
            }
        ],
        "sockets": [
            {
                "id": 0,
                "consumption": 16774799.0,
                "domains": [
                    {
                        "name": "uncore",
                        "consumption": 0.0,
                        "timestamp": 1721775025.1130252
                    },
                    {
                        "name": "core",
                        "consumption": 14126117.0,
                        "timestamp": 1721775025.1128001
                    }
                ],
                "timestamp": 1721775025.1124735
            }
        ]
    },
    {
        "host": {
            "consumption": 23209904.0,
            "timestamp": 1721775025.1650176,
            "components": {
                "disks": [
                    {
                        "disk_type": "SSD",
                        "disk_mount_point": "/etc/hosts",
                        "disk_is_removable": false,
                        "disk_file_system": "ext4",
                        "disk_total_bytes": "33634926592",
                        "disk_available_bytes": "9870790656",
                        "disk_name": "/dev/nvme0n1p4"
                    }
                ]
            }
        },
        "consumers": [
            {
                "exe": "/",
                "cmdline": "runcinit",
                "pid": 465754,
                "resources_usage": null,
                "consumption": 378422.34,
                "timestamp": 1721775025.1649475,
                "container": null
            },
            {
                "exe": "/usr/local/bin/scaphandre",
                "cmdline": "/usr/local/bin/scaphandrejson-s0--step-nano10000000-f/home/ce-p2-r-1/8/power.json",
                "pid": 465680,
                "resources_usage": null,
                "consumption": 252281.56,
                "timestamp": 1721775025.1649828,
                "container": null
            },
            {
                "exe": "",
                "cmdline": "",
                "pid": 556,
                "resources_usage": null,
                "consumption": 0.0,
                "timestamp": 1721775025.1649108,
                "container": null
            },
            {
                "exe": "",
                "cmdline": "",
                "pid": 18,
                "resources_usage": null,
                "consumption": 0.0,
                "timestamp": 1721775025.164912,
                "container": null
            },
            {
                "exe": "/usr/bin/udevadm",
                "cmdline": "/lib/systemd/systemd-udevd",
                "pid": 465650,
                "resources_usage": null,
                "consumption": 0.0,
                "timestamp": 1721775025.1649122,
                "container": null
            },
            {
                "exe": "",
                "cmdline": "",
                "pid": 476,
                "resources_usage": null,
                "consumption": 0.0,
                "timestamp": 1721775025.1649127,
                "container": null
            },
            {
                "exe": "",
                "cmdline": "",
                "pid": 455016,
                "resources_usage": null,
                "consumption": 0.0,
                "timestamp": 1721775025.1649132,
                "container": null
            },
            {
                "exe": "",
                "cmdline": "",
                "pid": 442033,
                "resources_usage": null,
                "consumption": 0.0,
                "timestamp": 1721775025.1649134,
                "container": null
            },
            {
                "exe": "",
                "cmdline": "",
                "pid": 134,
                "resources_usage": null,
                "consumption": 0.0,
                "timestamp": 1721775025.1649137,
                "container": null
            },
            {
                "exe": "/usr/sbin/sshd",
                "cmdline": "sshd: philipp [priv]",
                "pid": 274843,
                "resources_usage": null,
                "consumption": 0.0,
                "timestamp": 1721775025.164914,
                "container": null
            }
        ],
        "sockets": [
            {
                "id": 0,
                "consumption": 19839752.0,
                "domains": [
                    {
                        "name": "uncore",
                        "consumption": 0.0,
                        "timestamp": 1721775025.1463377
                    },
                    {
                        "name": "core",
                        "consumption": 17623616.0,
                        "timestamp": 1721775025.1463244
                    }
                ],
                "timestamp": 1721775025.1462154
            }
        ]
    },
    {
        "host": {
            "consumption": 30684336.0,
            "timestamp": 1721775025.1981604,
            "components": {
                "disks": [
                    {
                        "disk_type": "SSD",
                        "disk_mount_point": "/etc/hosts",
                        "disk_is_removable": false,
                        "disk_file_system": "ext4",
                        "disk_total_bytes": "33634926592",
                        "disk_available_bytes": "9870786560",
                        "disk_name": "/dev/nvme0n1p4"
                    }
                ]
            }
        },
        "consumers": [
            {
                "exe": "/",
                "cmdline": "runcinit",
                "pid": 465754,
                "resources_usage": null,
                "consumption": 500288.06,
                "timestamp": 1721775025.19809,
                "container": null
            },
            {
                "exe": "/usr/local/bin/scaphandre",
                "cmdline": "/usr/local/bin/scaphandrejson-s0--step-nano10000000-f/home/ce-p2-r-1/8/power.json",
                "pid": 465680,
                "resources_usage": null,
                "consumption": 333525.38,
                "timestamp": 1721775025.1981256,
                "container": null
            },
            {
                "exe": "",
                "cmdline": "",
                "pid": 556,
                "resources_usage": null,
                "consumption": 0.0,
                "timestamp": 1721775025.1980505,
                "container": null
            },
            {
                "exe": "",
                "cmdline": "",
                "pid": 18,
                "resources_usage": null,
                "consumption": 0.0,
                "timestamp": 1721775025.198052,
                "container": null
            },
            {
                "exe": "/usr/bin/udevadm",
                "cmdline": "/lib/systemd/systemd-udevd",
                "pid": 465650,
                "resources_usage": null,
                "consumption": 0.0,
                "timestamp": 1721775025.1980522,
                "container": null
            },
            {
                "exe": "",
                "cmdline": "",
                "pid": 476,
                "resources_usage": null,
                "consumption": 0.0,
                "timestamp": 1721775025.1980526,
                "container": null
            },
            {
                "exe": "",
                "cmdline": "",
                "pid": 455016,
                "resources_usage": null,
                "consumption": 0.0,
                "timestamp": 1721775025.1980531,
                "container": null
            },
            {
                "exe": "",
                "cmdline": "",
                "pid": 442033,
                "resources_usage": null,
                "consumption": 0.0,
                "timestamp": 1721775025.1980534,
                "container": null
            },
            {
                "exe": "",
                "cmdline": "",
                "pid": 134,
                "resources_usage": null,
                "consumption": 0.0,
                "timestamp": 1721775025.1980536,
                "container": null
            },
            {
                "exe": "/usr/sbin/sshd",
                "cmdline": "sshd: philipp [priv]",
                "pid": 274843,
                "resources_usage": null,
                "consumption": 0.0,
                "timestamp": 1721775025.1980538,
                "container": null
            }
        ],
        "sockets": [
            {
                "id": 0,
                "consumption": 27611740.0,
                "domains": [
                    {
                        "name": "uncore",
                        "consumption": 0.0,
                        "timestamp": 1721775025.1801176
                    },
                    {
                        "name": "core",
                        "consumption": 25294592.0,
                        "timestamp": 1721775025.180106
                    }
                ],
                "timestamp": 1721775025.1800003
            }
        ]
    },
    {
        "host": {
            "consumption": 19848068.0,
            "timestamp": 1721775025.2317898,
            "components": {
                "disks": [
                    {
                        "disk_type": "SSD",
                        "disk_mount_point": "/etc/hosts",
                        "disk_is_removable": false,
                        "disk_file_system": "ext4",
                        "disk_total_bytes": "33634926592",
                        "disk_available_bytes": "9870786560",
                        "disk_name": "/dev/nvme0n1p4"
                    }
                ]
            }
        },
        "consumers": [
            {
                "exe": "/",
                "cmdline": "runcinit",
                "pid": 465754,
                "resources_usage": null,
                "consumption": 478266.7,
                "timestamp": 1721775025.2317214,
                "container": null
            },
            {
                "exe": "/usr/local/bin/scaphandre",
                "cmdline": "/usr/local/bin/scaphandrejson-s0--step-nano10000000-f/home/ce-p2-r-1/8/power.json",
                "pid": 465680,
                "resources_usage": null,
                "consumption": 239133.34,
                "timestamp": 1721775025.2317564,
                "container": null
            },
            {
                "exe": "",
                "cmdline": "",
                "pid": 556,
                "resources_usage": null,
                "consumption": 0.0,
                "timestamp": 1721775025.2316833,
                "container": null
            },
            {
                "exe": "",
                "cmdline": "",
                "pid": 18,
                "resources_usage": null,
                "consumption": 0.0,
                "timestamp": 1721775025.2316844,
                "container": null
            },
            {
                "exe": "/usr/bin/udevadm",
                "cmdline": "/lib/systemd/systemd-udevd",
                "pid": 465650,
                "resources_usage": null,
                "consumption": 0.0,
                "timestamp": 1721775025.2316847,
                "container": null
            },
            {
                "exe": "",
                "cmdline": "",
                "pid": 476,
                "resources_usage": null,
                "consumption": 0.0,
                "timestamp": 1721775025.2316852,
                "container": null
            },
            {
                "exe": "",
                "cmdline": "",
                "pid": 455016,
                "resources_usage": null,
                "consumption": 0.0,
                "timestamp": 1721775025.2316856,
                "container": null
            },
            {
                "exe": "",
                "cmdline": "",
                "pid": 442033,
                "resources_usage": null,
                "consumption": 0.0,
                "timestamp": 1721775025.2316859,
                "container": null
            },
            {
                "exe": "",
                "cmdline": "",
                "pid": 134,
                "resources_usage": null,
                "consumption": 0.0,
                "timestamp": 1721775025.231686,
                "container": null
            },
            {
                "exe": "/usr/sbin/sshd",
                "cmdline": "sshd: philipp [priv]",
                "pid": 274843,
                "resources_usage": null,
                "consumption": 0.0,
                "timestamp": 1721775025.2316864,
                "container": null
            }
        ],
        "sockets": [
            {
                "id": 0,
                "consumption": 19484450.0,
                "domains": [
                    {
                        "name": "uncore",
                        "consumption": 0.0,
                        "timestamp": 1721775025.2132242
                    },
                    {
                        "name": "core",
                        "consumption": 17203778.0,
                        "timestamp": 1721775025.21321
                    }
                ],
                "timestamp": 1721775025.2130983
            }
        ]
    },
    {
        "host": {
            "consumption": 15126445.0,
            "timestamp": 1721775025.2668014,
            "components": {
                "disks": [
                    {
                        "disk_type": "SSD",
                        "disk_mount_point": "/etc/hosts",
                        "disk_is_removable": false,
                        "disk_file_system": "ext4",
                        "disk_total_bytes": "33634926592",
                        "disk_available_bytes": "9870782464",
                        "disk_name": "/dev/nvme0n1p4"
                    }
                ]
            }
        },
        "consumers": [
            {
                "exe": "/",
                "cmdline": "runcinit",
                "pid": 465754,
                "resources_usage": null,
                "consumption": 273369.47,
                "timestamp": 1721775025.266737,
                "container": null
            },
            {
                "exe": "/usr/local/bin/scaphandre",
                "cmdline": "/usr/local/bin/scaphandrejson-s0--step-nano10000000-f/home/ce-p2-r-1/8/power.json",
                "pid": 465680,
                "resources_usage": null,
                "consumption": 182246.31,
                "timestamp": 1721775025.266773,
                "container": null
            },
            {
                "exe": "",
                "cmdline": "",
                "pid": 556,
                "resources_usage": null,
                "consumption": 0.0,
                "timestamp": 1721775025.2666986,
                "container": null
            },
            {
                "exe": "",
                "cmdline": "",
                "pid": 18,
                "resources_usage": null,
                "consumption": 0.0,
                "timestamp": 1721775025.2666996,
                "container": null
            },
            {
                "exe": "/usr/bin/udevadm",
                "cmdline": "/lib/systemd/systemd-udevd",
                "pid": 465650,
                "resources_usage": null,
                "consumption": 0.0,
                "timestamp": 1721775025.2666998,
                "container": null
            },
            {
                "exe": "",
                "cmdline": "",
                "pid": 476,
                "resources_usage": null,
                "consumption": 0.0,
                "timestamp": 1721775025.2667003,
                "container": null
            },
            {
                "exe": "",
                "cmdline": "",
                "pid": 455016,
                "resources_usage": null,
                "consumption": 0.0,
                "timestamp": 1721775025.2667005,
                "container": null
            },
            {
                "exe": "",
                "cmdline": "",
                "pid": 442033,
                "resources_usage": null,
                "consumption": 0.0,
                "timestamp": 1721775025.2667007,
                "container": null
            },
            {
                "exe": "",
                "cmdline": "",
                "pid": 134,
                "resources_usage": null,
                "consumption": 0.0,
                "timestamp": 1721775025.2667012,
                "container": null
            },
            {
                "exe": "/usr/sbin/sshd",
                "cmdline": "sshd: philipp [priv]",
                "pid": 274843,
                "resources_usage": null,
                "consumption": 0.0,
                "timestamp": 1721775025.2667012,
                "container": null
            }
        ],
        "sockets": [
            {
                "id": 0,
                "consumption": 21311532.0,
                "domains": [
                    {
                        "name": "uncore",
                        "consumption": 0.0,
                        "timestamp": 1721775025.2473922
                    },
                    {
                        "name": "core",
                        "consumption": 19023772.0,
                        "timestamp": 1721775025.2473855
                    }
                ],
                "timestamp": 1721775025.2472823
            }
        ]
    },
    {
        "host": {
            "consumption": 22959640.0,
            "timestamp": 1721775025.301828,
            "components": {
                "disks": [
                    {
                        "disk_type": "SSD",
                        "disk_mount_point": "/etc/hosts",
                        "disk_is_removable": false,
                        "disk_file_system": "ext4",
                        "disk_total_bytes": "33634926592",
                        "disk_available_bytes": "9870782464",
                        "disk_name": "/dev/nvme0n1p4"
                    }
                ]
            }
        },
        "consumers": [
            {
                "exe": "/",
                "cmdline": "runcinit",
                "pid": 465754,
                "resources_usage": null,
                "consumption": 414933.22,
                "timestamp": 1721775025.3015616,
                "container": null
            },
            {
                "exe": "/usr/local/bin/scaphandre",
                "cmdline": "/usr/local/bin/scaphandrejson-s0--step-nano10000000-f/home/ce-p2-r-1/8/power.json",
                "pid": 465680,
                "resources_usage": null,
                "consumption": 138311.08,
                "timestamp": 1721775025.3015974,
                "container": null
            },
            {
                "exe": "",
                "cmdline": "",
                "pid": 556,
                "resources_usage": null,
                "consumption": 0.0,
                "timestamp": 1721775025.3015225,
                "container": null
            },
            {
                "exe": "",
                "cmdline": "",
                "pid": 18,
                "resources_usage": null,
                "consumption": 0.0,
                "timestamp": 1721775025.3015237,
                "container": null
            },
            {
                "exe": "/usr/bin/udevadm",
                "cmdline": "/lib/systemd/systemd-udevd",
                "pid": 465650,
                "resources_usage": null,
                "consumption": 0.0,
                "timestamp": 1721775025.301524,
                "container": null
            },
            {
                "exe": "",
                "cmdline": "",
                "pid": 476,
                "resources_usage": null,
                "consumption": 0.0,
                "timestamp": 1721775025.3015244,
                "container": null
            },
            {
                "exe": "",
                "cmdline": "",
                "pid": 455016,
                "resources_usage": null,
                "consumption": 0.0,
                "timestamp": 1721775025.3015246,
                "container": null
            },
            {
                "exe": "",
                "cmdline": "",
                "pid": 442033,
                "resources_usage": null,
                "consumption": 0.0,
                "timestamp": 1721775025.3015254,
                "container": null
            },
            {
                "exe": "",
                "cmdline": "",
                "pid": 134,
                "resources_usage": null,
                "consumption": 0.0,
                "timestamp": 1721775025.3015256,
                "container": null
            },
            {
                "exe": "/usr/sbin/sshd",
                "cmdline": "sshd: philipp [priv]",
                "pid": 274843,
                "resources_usage": null,
                "consumption": 0.0,
                "timestamp": 1721775025.3015258,
                "container": null
            }
        ],
        "sockets": [
            {
                "id": 0,
                "consumption": 18157576.0,
                "domains": [
                    {
                        "name": "uncore",
                        "consumption": 0.0,
                        "timestamp": 1721775025.28187
                    },
                    {
                        "name": "core",
                        "consumption": 15769608.0,
                        "timestamp": 1721775025.2818632
                    }
                ],
                "timestamp": 1721775025.2817602
            }
        ]
    },
    {
        "host": {
            "consumption": 19113860.0,
            "timestamp": 1721775025.3364074,
            "components": {
                "disks": [
                    {
                        "disk_type": "SSD",
                        "disk_mount_point": "/etc/hosts",
                        "disk_is_removable": false,
                        "disk_file_system": "ext4",
                        "disk_total_bytes": "33634926592",
                        "disk_available_bytes": "9870778368",
                        "disk_name": "/dev/nvme0n1p4"
                    }
                ]
            }
        },
        "consumers": [
            {
                "exe": "/",
                "cmdline": "runcinit",
                "pid": 465754,
                "resources_usage": null,
                "consumption": 460574.88,
                "timestamp": 1721775025.336332,
                "container": null
            },
            {
                "exe": "/usr/local/bin/scaphandre",
                "cmdline": "/usr/local/bin/scaphandrejson-s0--step-nano10000000-f/home/ce-p2-r-1/8/power.json",
                "pid": 465680,
                "resources_usage": null,
                "consumption": 230287.44,
                "timestamp": 1721775025.336368,
                "container": null
            },
            {
                "exe": "",
                "cmdline": "",
                "pid": 556,
                "resources_usage": null,
                "consumption": 0.0,
                "timestamp": 1721775025.336294,
                "container": null
            },
            {
                "exe": "",
                "cmdline": "",
                "pid": 18,
                "resources_usage": null,
                "consumption": 0.0,
                "timestamp": 1721775025.3362954,
                "container": null
            },
            {
                "exe": "/usr/bin/udevadm",
                "cmdline": "/lib/systemd/systemd-udevd",
                "pid": 465650,
                "resources_usage": null,
                "consumption": 0.0,
                "timestamp": 1721775025.3362956,
                "container": null
            },
            {
                "exe": "",
                "cmdline": "",
                "pid": 476,
                "resources_usage": null,
                "consumption": 0.0,
                "timestamp": 1721775025.336296,
                "container": null
            },
            {
                "exe": "",
                "cmdline": "",
                "pid": 455016,
                "resources_usage": null,
                "consumption": 0.0,
                "timestamp": 1721775025.3362963,
                "container": null
            },
            {
                "exe": "",
                "cmdline": "",
                "pid": 442033,
                "resources_usage": null,
                "consumption": 0.0,
                "timestamp": 1721775025.3362966,
                "container": null
            },
            {
                "exe": "",
                "cmdline": "",
                "pid": 134,
                "resources_usage": null,
                "consumption": 0.0,
                "timestamp": 1721775025.3362968,
                "container": null
            },
            {
                "exe": "/usr/sbin/sshd",
                "cmdline": "sshd: philipp [priv]",
                "pid": 274843,
                "resources_usage": null,
                "consumption": 0.0,
                "timestamp": 1721775025.336297,
                "container": null
            }
        ],
        "sockets": [
            {
                "id": 0,
                "consumption": 19620460.0,
                "domains": [
                    {
                        "name": "uncore",
                        "consumption": 0.0,
                        "timestamp": 1721775025.3173964
                    },
                    {
                        "name": "core",
                        "consumption": 17239664.0,
                        "timestamp": 1721775025.31732
                    }
                ],
                "timestamp": 1721775025.3169992
            }
        ]
    },
    {
        "host": {
            "consumption": 21320664.0,
            "timestamp": 1721775025.3710177,
            "components": {
                "disks": [
                    {
                        "disk_type": "SSD",
                        "disk_mount_point": "/etc/hosts",
                        "disk_is_removable": false,
                        "disk_file_system": "ext4",
                        "disk_total_bytes": "33634926592",
                        "disk_available_bytes": "9870778368",
                        "disk_name": "/dev/nvme0n1p4"
                    }
                ]
            }
        },
        "consumers": [
            {
                "exe": "/",
                "cmdline": "runcinit",
                "pid": 465754,
                "resources_usage": null,
                "consumption": 385313.2,
                "timestamp": 1721775025.370782,
                "container": null
            },
            {
                "exe": "/usr/local/bin/scaphandre",
                "cmdline": "/usr/local/bin/scaphandrejson-s0--step-nano10000000-f/home/ce-p2-r-1/8/power.json",
                "pid": 465680,
                "resources_usage": null,
                "consumption": 256875.45,
                "timestamp": 1721775025.3708181,
                "container": null
            },
            {
                "exe": "/usr/lib/systemd/systemd-logind",
                "cmdline": "/lib/systemd/systemd-logind",
                "pid": 825,
                "resources_usage": null,
                "consumption": 128437.73,
                "timestamp": 1721775025.3708148,
                "container": null
            },
            {
                "exe": "",
                "cmdline": "",
                "pid": 556,
                "resources_usage": null,
                "consumption": 0.0,
                "timestamp": 1721775025.3707426,
                "container": null
            },
            {
                "exe": "",
                "cmdline": "",
                "pid": 18,
                "resources_usage": null,
                "consumption": 0.0,
                "timestamp": 1721775025.3707438,
                "container": null
            },
            {
                "exe": "/usr/bin/udevadm",
                "cmdline": "/lib/systemd/systemd-udevd",
                "pid": 465650,
                "resources_usage": null,
                "consumption": 0.0,
                "timestamp": 1721775025.370744,
                "container": null
            },
            {
                "exe": "",
                "cmdline": "",
                "pid": 476,
                "resources_usage": null,
                "consumption": 0.0,
                "timestamp": 1721775025.3707447,
                "container": null
            },
            {
                "exe": "",
                "cmdline": "",
                "pid": 455016,
                "resources_usage": null,
                "consumption": 0.0,
                "timestamp": 1721775025.370745,
                "container": null
            },
            {
                "exe": "",
                "cmdline": "",
                "pid": 442033,
                "resources_usage": null,
                "consumption": 0.0,
                "timestamp": 1721775025.3707457,
                "container": null
            },
            {
                "exe": "",
                "cmdline": "",
                "pid": 134,
                "resources_usage": null,
                "consumption": 0.0,
                "timestamp": 1721775025.370746,
                "container": null
            }
        ],
        "sockets": [
            {
                "id": 0,
                "consumption": 17214532.0,
                "domains": [
                    {
                        "name": "uncore",
                        "consumption": 0.0,
                        "timestamp": 1721775025.3515348
                    },
                    {
                        "name": "core",
                        "consumption": 15067825.0,
                        "timestamp": 1721775025.351524
                    }
                ],
                "timestamp": 1721775025.3514159
            }
        ]
    },
    {
        "host": {
            "consumption": 26171540.0,
            "timestamp": 1721775025.4051108,
            "components": {
                "disks": [
                    {
                        "disk_type": "SSD",
                        "disk_mount_point": "/etc/hosts",
                        "disk_is_removable": false,
                        "disk_file_system": "ext4",
                        "disk_total_bytes": "33634926592",
                        "disk_available_bytes": "9870774272",
                        "disk_name": "/dev/nvme0n1p4"
                    }
                ]
            }
        },
        "consumers": [
            {
                "exe": "/",
                "cmdline": "runcinit",
                "pid": 465754,
                "resources_usage": null,
                "consumption": 630639.44,
                "timestamp": 1721775025.4049845,
                "container": null
            },
            {
                "exe": "/usr/local/bin/scaphandre",
                "cmdline": "/usr/local/bin/scaphandrejson-s0--step-nano10000000-f/home/ce-p2-r-1/8/power.json",
                "pid": 465680,
                "resources_usage": null,
                "consumption": 315319.72,
                "timestamp": 1721775025.4050202,
                "container": null
            },
            {
                "exe": "",
                "cmdline": "",
                "pid": 556,
                "resources_usage": null,
                "consumption": 0.0,
                "timestamp": 1721775025.4049447,
                "container": null
            },
            {
                "exe": "",
                "cmdline": "",
                "pid": 18,
                "resources_usage": null,
                "consumption": 0.0,
                "timestamp": 1721775025.4049459,
                "container": null
            },
            {
                "exe": "/usr/bin/udevadm",
                "cmdline": "/lib/systemd/systemd-udevd",
                "pid": 465650,
                "resources_usage": null,
                "consumption": 0.0,
                "timestamp": 1721775025.4049463,
                "container": null
            },
            {
                "exe": "",
                "cmdline": "",
                "pid": 476,
                "resources_usage": null,
                "consumption": 0.0,
                "timestamp": 1721775025.4049468,
                "container": null
            },
            {
                "exe": "",
                "cmdline": "",
                "pid": 455016,
                "resources_usage": null,
                "consumption": 0.0,
                "timestamp": 1721775025.4049473,
                "container": null
            },
            {
                "exe": "",
                "cmdline": "",
                "pid": 442033,
                "resources_usage": null,
                "consumption": 0.0,
                "timestamp": 1721775025.4049475,
                "container": null
            },
            {
                "exe": "",
                "cmdline": "",
                "pid": 134,
                "resources_usage": null,
                "consumption": 0.0,
                "timestamp": 1721775025.4049478,
                "container": null
            },
            {
                "exe": "/usr/sbin/sshd",
                "cmdline": "sshd: philipp [priv]",
                "pid": 274843,
                "resources_usage": null,
                "consumption": 0.0,
                "timestamp": 1721775025.404948,
                "container": null
            }
        ],
        "sockets": [
            {
                "id": 0,
                "consumption": 31697300.0,
                "domains": [
                    {
                        "name": "uncore",
                        "consumption": 0.0,
                        "timestamp": 1721775025.3867986
                    },
                    {
                        "name": "core",
                        "consumption": 29230920.0,
                        "timestamp": 1721775025.3866072
                    }
                ],
                "timestamp": 1721775025.3863358
            }
        ]
    },
    {
        "host": {
            "consumption": 16127107.0,
            "timestamp": 1721775025.4427338,
            "components": {
                "disks": [
                    {
                        "disk_type": "SSD",
                        "disk_mount_point": "/etc/hosts",
                        "disk_is_removable": false,
                        "disk_file_system": "ext4",
                        "disk_total_bytes": "33634926592",
                        "disk_available_bytes": "9870774272",
                        "disk_name": "/dev/nvme0n1p4"
                    }
                ]
            }
        },
        "consumers": [
            {
                "exe": "/",
                "cmdline": "runcinit",
                "pid": 465754,
                "resources_usage": null,
                "consumption": 383978.75,
                "timestamp": 1721775025.442599,
                "container": null
            },
            {
                "exe": "/usr/local/bin/scaphandre",
                "cmdline": "/usr/local/bin/scaphandrejson-s0--step-nano10000000-f/home/ce-p2-r-1/8/power.json",
                "pid": 465680,
                "resources_usage": null,
                "consumption": 191989.38,
                "timestamp": 1721775025.442635,
                "container": null
            },
            {
                "exe": "",
                "cmdline": "",
                "pid": 556,
                "resources_usage": null,
                "consumption": 0.0,
                "timestamp": 1721775025.44256,
                "container": null
            },
            {
                "exe": "",
                "cmdline": "",
                "pid": 18,
                "resources_usage": null,
                "consumption": 0.0,
                "timestamp": 1721775025.442561,
                "container": null
            },
            {
                "exe": "/usr/bin/udevadm",
                "cmdline": "/lib/systemd/systemd-udevd",
                "pid": 465650,
                "resources_usage": null,
                "consumption": 0.0,
                "timestamp": 1721775025.4425614,
                "container": null
            },
            {
                "exe": "",
                "cmdline": "",
                "pid": 476,
                "resources_usage": null,
                "consumption": 0.0,
                "timestamp": 1721775025.4425619,
                "container": null
            },
            {
                "exe": "",
                "cmdline": "",
                "pid": 455016,
                "resources_usage": null,
                "consumption": 0.0,
                "timestamp": 1721775025.442562,
                "container": null
            },
            {
                "exe": "",
                "cmdline": "",
                "pid": 442033,
                "resources_usage": null,
                "consumption": 0.0,
                "timestamp": 1721775025.4425626,
                "container": null
            },
            {
                "exe": "",
                "cmdline": "",
                "pid": 134,
                "resources_usage": null,
                "consumption": 0.0,
                "timestamp": 1721775025.4425628,
                "container": null
            },
            {
                "exe": "/usr/sbin/sshd",
                "cmdline": "sshd: philipp [priv]",
                "pid": 274843,
                "resources_usage": null,
                "consumption": 0.0,
                "timestamp": 1721775025.442563,
                "container": null
            }
        ],
        "sockets": [
            {
                "id": 0,
                "consumption": 11982438.0,
                "domains": [
                    {
                        "name": "uncore",
                        "consumption": 0.0,
                        "timestamp": 1721775025.4207945
                    },
                    {
                        "name": "core",
                        "consumption": 9676199.0,
                        "timestamp": 1721775025.4206312
                    }
                ],
                "timestamp": 1721775025.4203007
            }
        ]
    },
    {
        "host": {
            "consumption": 11722763.0,
            "timestamp": 1721775025.47743,
            "components": {
                "disks": [
                    {
                        "disk_type": "SSD",
                        "disk_mount_point": "/etc/hosts",
                        "disk_is_removable": false,
                        "disk_file_system": "ext4",
                        "disk_total_bytes": "33634926592",
                        "disk_available_bytes": "9870770176",
                        "disk_name": "/dev/nvme0n1p4"
                    }
                ]
            }
        },
        "consumers": [
            {
                "exe": "/",
                "cmdline": "runcinit",
                "pid": 465754,
                "resources_usage": null,
                "consumption": 209335.06,
                "timestamp": 1721775025.4773026,
                "container": null
            },
            {
                "exe": "/usr/local/bin/scaphandre",
                "cmdline": "/usr/local/bin/scaphandrejson-s0--step-nano10000000-f/home/ce-p2-r-1/8/power.json",
                "pid": 465680,
                "resources_usage": null,
                "consumption": 139556.7,
                "timestamp": 1721775025.4773376,
                "container": null
            },
            {
                "exe": "",
                "cmdline": "",
                "pid": 556,
                "resources_usage": null,
                "consumption": 0.0,
                "timestamp": 1721775025.4772644,
                "container": null
            },
            {
                "exe": "",
                "cmdline": "",
                "pid": 18,
                "resources_usage": null,
                "consumption": 0.0,
                "timestamp": 1721775025.4772656,
                "container": null
            },
            {
                "exe": "/usr/bin/udevadm",
                "cmdline": "/lib/systemd/systemd-udevd",
                "pid": 465650,
                "resources_usage": null,
                "consumption": 0.0,
                "timestamp": 1721775025.4772658,
                "container": null
            },
            {
                "exe": "",
                "cmdline": "",
                "pid": 476,
                "resources_usage": null,
                "consumption": 0.0,
                "timestamp": 1721775025.4772663,
                "container": null
            },
            {
                "exe": "",
                "cmdline": "",
                "pid": 455016,
                "resources_usage": null,
                "consumption": 0.0,
                "timestamp": 1721775025.4772666,
                "container": null
            },
            {
                "exe": "",
                "cmdline": "",
                "pid": 442033,
                "resources_usage": null,
                "consumption": 0.0,
                "timestamp": 1721775025.4772668,
                "container": null
            },
            {
                "exe": "",
                "cmdline": "",
                "pid": 134,
                "resources_usage": null,
                "consumption": 0.0,
                "timestamp": 1721775025.477267,
                "container": null
            },
            {
                "exe": "/usr/sbin/sshd",
                "cmdline": "sshd: philipp [priv]",
                "pid": 274843,
                "resources_usage": null,
                "consumption": 0.0,
                "timestamp": 1721775025.4772673,
                "container": null
            }
        ],
        "sockets": [
            {
                "id": 0,
                "consumption": 19384148.0,
                "domains": [
                    {
                        "name": "uncore",
                        "consumption": 0.0,
                        "timestamp": 1721775025.4582806
                    },
                    {
                        "name": "core",
                        "consumption": 16900964.0,
                        "timestamp": 1721775025.4581673
                    }
                ],
                "timestamp": 1721775025.4580002
            }
        ]
    },
    {
        "host": {
            "consumption": 21991184.0,
            "timestamp": 1721775025.5130389,
            "components": {
                "disks": [
                    {
                        "disk_type": "SSD",
                        "disk_mount_point": "/etc/hosts",
                        "disk_is_removable": false,
                        "disk_file_system": "ext4",
                        "disk_total_bytes": "33634926592",
                        "disk_available_bytes": "9870770176",
                        "disk_name": "/dev/nvme0n1p4"
                    }
                ]
            }
        },
        "consumers": [
            {
                "exe": "/",
                "cmdline": "runcinit",
                "pid": 465754,
                "resources_usage": null,
                "consumption": 523599.62,
                "timestamp": 1721775025.5128157,
                "container": null
            },
            {
                "exe": "/usr/local/bin/scaphandre",
                "cmdline": "/usr/local/bin/scaphandrejson-s0--step-nano10000000-f/home/ce-p2-r-1/8/power.json",
                "pid": 465680,
                "resources_usage": null,
                "consumption": 261799.81,
                "timestamp": 1721775025.512852,
                "container": null
            },
            {
                "exe": "",
                "cmdline": "",
                "pid": 556,
                "resources_usage": null,
                "consumption": 0.0,
                "timestamp": 1721775025.5127773,
                "container": null
            },
            {
                "exe": "",
                "cmdline": "",
                "pid": 18,
                "resources_usage": null,
                "consumption": 0.0,
                "timestamp": 1721775025.5127783,
                "container": null
            },
            {
                "exe": "/usr/bin/udevadm",
                "cmdline": "/lib/systemd/systemd-udevd",
                "pid": 465650,
                "resources_usage": null,
                "consumption": 0.0,
                "timestamp": 1721775025.5127792,
                "container": null
            },
            {
                "exe": "",
                "cmdline": "",
                "pid": 476,
                "resources_usage": null,
                "consumption": 0.0,
                "timestamp": 1721775025.5127795,
                "container": null
            },
            {
                "exe": "",
                "cmdline": "",
                "pid": 455016,
                "resources_usage": null,
                "consumption": 0.0,
                "timestamp": 1721775025.51278,
                "container": null
            },
            {
                "exe": "",
                "cmdline": "",
                "pid": 442033,
                "resources_usage": null,
                "consumption": 0.0,
                "timestamp": 1721775025.51278,
                "container": null
            },
            {
                "exe": "",
                "cmdline": "",
                "pid": 134,
                "resources_usage": null,
                "consumption": 0.0,
                "timestamp": 1721775025.5127802,
                "container": null
            },
            {
                "exe": "/usr/sbin/sshd",
                "cmdline": "sshd: philipp [priv]",
                "pid": 274843,
                "resources_usage": null,
                "consumption": 0.0,
                "timestamp": 1721775025.5127804,
                "container": null
            }
        ],
        "sockets": [
            {
                "id": 0,
                "consumption": 19016664.0,
                "domains": [
                    {
                        "name": "uncore",
                        "consumption": 0.0,
                        "timestamp": 1721775025.493219
                    },
                    {
                        "name": "core",
                        "consumption": 16503490.0,
                        "timestamp": 1721775025.4929795
                    }
                ],
                "timestamp": 1721775025.492657
            }
        ]
    },
    {
        "host": {
            "consumption": 16437306.0,
            "timestamp": 1721775025.5480952,
            "components": {
                "disks": [
                    {
                        "disk_type": "SSD",
                        "disk_mount_point": "/etc/hosts",
                        "disk_is_removable": false,
                        "disk_file_system": "ext4",
                        "disk_total_bytes": "33634926592",
                        "disk_available_bytes": "9870766080",
                        "disk_name": "/dev/nvme0n1p4"
                    }
                ]
            }
        },
        "consumers": [
            {
                "exe": "/",
                "cmdline": "runcinit",
                "pid": 465754,
                "resources_usage": null,
                "consumption": 293523.34,
                "timestamp": 1721775025.5479717,
                "container": null
            },
            {
                "exe": "/usr/local/bin/scaphandre",
                "cmdline": "/usr/local/bin/scaphandrejson-s0--step-nano10000000-f/home/ce-p2-r-1/8/power.json",
                "pid": 465680,
                "resources_usage": null,
                "consumption": 195682.22,
                "timestamp": 1721775025.5480092,
                "container": null
            },
            {
                "exe": "",
                "cmdline": "",
                "pid": 556,
                "resources_usage": null,
                "consumption": 0.0,
                "timestamp": 1721775025.547932,
                "container": null
            },
            {
                "exe": "",
                "cmdline": "",
                "pid": 18,
                "resources_usage": null,
                "consumption": 0.0,
                "timestamp": 1721775025.547933,
                "container": null
            },
            {
                "exe": "/usr/bin/udevadm",
                "cmdline": "/lib/systemd/systemd-udevd",
                "pid": 465650,
                "resources_usage": null,
                "consumption": 0.0,
                "timestamp": 1721775025.5479333,
                "container": null
            },
            {
                "exe": "",
                "cmdline": "",
                "pid": 476,
                "resources_usage": null,
                "consumption": 0.0,
                "timestamp": 1721775025.5479338,
                "container": null
            },
            {
                "exe": "",
                "cmdline": "",
                "pid": 455016,
                "resources_usage": null,
                "consumption": 0.0,
                "timestamp": 1721775025.547934,
                "container": null
            },
            {
                "exe": "",
                "cmdline": "",
                "pid": 442033,
                "resources_usage": null,
                "consumption": 0.0,
                "timestamp": 1721775025.5479343,
                "container": null
            },
            {
                "exe": "",
                "cmdline": "",
                "pid": 134,
                "resources_usage": null,
                "consumption": 0.0,
                "timestamp": 1721775025.5479345,
                "container": null
            },
            {
                "exe": "/usr/sbin/sshd",
                "cmdline": "sshd: philipp [priv]",
                "pid": 274843,
                "resources_usage": null,
                "consumption": 0.0,
                "timestamp": 1721775025.5479352,
                "container": null
            }
        ],
        "sockets": [
            {
                "id": 0,
                "consumption": 19414776.0,
                "domains": [
                    {
                        "name": "uncore",
                        "consumption": 0.0,
                        "timestamp": 1721775025.528132
                    },
                    {
                        "name": "core",
                        "consumption": 17218884.0,
                        "timestamp": 1721775025.5281212
                    }
                ],
                "timestamp": 1721775025.5280051
            }
        ]
    },
    {
        "host": {
            "consumption": 15955878.0,
            "timestamp": 1721775025.582461,
            "components": {
                "disks": [
                    {
                        "disk_type": "SSD",
                        "disk_mount_point": "/etc/hosts",
                        "disk_is_removable": false,
                        "disk_file_system": "ext4",
                        "disk_total_bytes": "33634926592",
                        "disk_available_bytes": "9870766080",
                        "disk_name": "/dev/nvme0n1p4"
                    }
                ]
            }
        },
        "consumers": [
            {
                "exe": "/",
                "cmdline": "runcinit",
                "pid": 465754,
                "resources_usage": null,
                "consumption": 379901.84,
                "timestamp": 1721775025.5823898,
                "container": null
            },
            {
                "exe": "/usr/local/bin/scaphandre",
                "cmdline": "/usr/local/bin/scaphandrejson-s0--step-nano10000000-f/home/ce-p2-r-1/8/power.json",
                "pid": 465680,
                "resources_usage": null,
                "consumption": 189950.92,
                "timestamp": 1721775025.5824256,
                "container": null
            },
            {
                "exe": "",
                "cmdline": "",
                "pid": 556,
                "resources_usage": null,
                "consumption": 0.0,
                "timestamp": 1721775025.5823512,
                "container": null
            },
            {
                "exe": "",
                "cmdline": "",
                "pid": 18,
                "resources_usage": null,
                "consumption": 0.0,
                "timestamp": 1721775025.5823522,
                "container": null
            },
            {
                "exe": "/usr/bin/udevadm",
                "cmdline": "/lib/systemd/systemd-udevd",
                "pid": 465650,
                "resources_usage": null,
                "consumption": 0.0,
                "timestamp": 1721775025.5823524,
                "container": null
            },
            {
                "exe": "",
                "cmdline": "",
                "pid": 476,
                "resources_usage": null,
                "consumption": 0.0,
                "timestamp": 1721775025.5823529,
                "container": null
            },
            {
                "exe": "",
                "cmdline": "",
                "pid": 455016,
                "resources_usage": null,
                "consumption": 0.0,
                "timestamp": 1721775025.5823534,
                "container": null
            },
            {
                "exe": "",
                "cmdline": "",
                "pid": 442033,
                "resources_usage": null,
                "consumption": 0.0,
                "timestamp": 1721775025.5823536,
                "container": null
            },
            {
                "exe": "",
                "cmdline": "",
                "pid": 134,
                "resources_usage": null,
                "consumption": 0.0,
                "timestamp": 1721775025.5823538,
                "container": null
            },
            {
                "exe": "/usr/sbin/sshd",
                "cmdline": "sshd: philipp [priv]",
                "pid": 274843,
                "resources_usage": null,
                "consumption": 0.0,
                "timestamp": 1721775025.582354,
                "container": null
            }
        ],
        "sockets": [
            {
                "id": 0,
                "consumption": 14990657.0,
                "domains": [
                    {
                        "name": "uncore",
                        "consumption": 0.0,
                        "timestamp": 1721775025.563287
                    },
                    {
                        "name": "core",
                        "consumption": 12715666.0,
                        "timestamp": 1721775025.5632763
                    }
                ],
                "timestamp": 1721775025.5631588
            }
        ]
    },
    {
        "host": {
            "consumption": 15428463.0,
            "timestamp": 1721775025.61691,
            "components": {
                "disks": [
                    {
                        "disk_type": "SSD",
                        "disk_mount_point": "/etc/hosts",
                        "disk_is_removable": false,
                        "disk_file_system": "ext4",
                        "disk_total_bytes": "33634926592",
                        "disk_available_bytes": "9870761984",
                        "disk_name": "/dev/nvme0n1p4"
                    }
                ]
            }
        },
        "consumers": [
            {
                "exe": "/",
                "cmdline": "runcinit",
                "pid": 465754,
                "resources_usage": null,
                "consumption": 275508.28,
                "timestamp": 1721775025.6168447,
                "container": null
            },
            {
                "exe": "/usr/local/bin/scaphandre",
                "cmdline": "/usr/local/bin/scaphandrejson-s0--step-nano10000000-f/home/ce-p2-r-1/8/power.json",
                "pid": 465680,
                "resources_usage": null,
                "consumption": 183672.17,
                "timestamp": 1721775025.6168807,
                "container": null
            },
            {
                "exe": "",
                "cmdline": "",
                "pid": 556,
                "resources_usage": null,
                "consumption": 0.0,
                "timestamp": 1721775025.6168053,
                "container": null
            },
            {
                "exe": "",
                "cmdline": "",
                "pid": 18,
                "resources_usage": null,
                "consumption": 0.0,
                "timestamp": 1721775025.6168067,
                "container": null
            },
            {
                "exe": "/usr/bin/udevadm",
                "cmdline": "/lib/systemd/systemd-udevd",
                "pid": 465650,
                "resources_usage": null,
                "consumption": 0.0,
                "timestamp": 1721775025.616807,
                "container": null
            },
            {
                "exe": "",
                "cmdline": "",
                "pid": 476,
                "resources_usage": null,
                "consumption": 0.0,
                "timestamp": 1721775025.6168075,
                "container": null
            },
            {
                "exe": "",
                "cmdline": "",
                "pid": 455016,
                "resources_usage": null,
                "consumption": 0.0,
                "timestamp": 1721775025.6168077,
                "container": null
            },
            {
                "exe": "",
                "cmdline": "",
                "pid": 442033,
                "resources_usage": null,
                "consumption": 0.0,
                "timestamp": 1721775025.6168082,
                "container": null
            },
            {
                "exe": "",
                "cmdline": "",
                "pid": 134,
                "resources_usage": null,
                "consumption": 0.0,
                "timestamp": 1721775025.6168082,
                "container": null
            },
            {
                "exe": "/usr/sbin/sshd",
                "cmdline": "sshd: philipp [priv]",
                "pid": 274843,
                "resources_usage": null,
                "consumption": 0.0,
                "timestamp": 1721775025.6168087,
                "container": null
            }
        ],
        "sockets": [
            {
                "id": 0,
                "consumption": 10372459.0,
                "domains": [
                    {
                        "name": "uncore",
                        "consumption": 0.0,
                        "timestamp": 1721775025.597558
                    },
                    {
                        "name": "core",
                        "consumption": 8098659.0,
                        "timestamp": 1721775025.5975444
                    }
                ],
                "timestamp": 1721775025.597435
            }
        ]
    },
    {
        "host": {
            "consumption": 10430636.0,
            "timestamp": 1721775025.6517498,
            "components": {
                "disks": [
                    {
                        "disk_type": "SSD",
                        "disk_mount_point": "/etc/hosts",
                        "disk_is_removable": false,
                        "disk_file_system": "ext4",
                        "disk_total_bytes": "33634926592",
                        "disk_available_bytes": "9870761984",
                        "disk_name": "/dev/nvme0n1p4"
                    }
                ]
            }
        },
        "consumers": [
            {
                "exe": "/",
                "cmdline": "runcinit",
                "pid": 465754,
                "resources_usage": null,
                "consumption": 187376.7,
                "timestamp": 1721775025.6516092,
                "container": null
            },
            {
                "exe": "/usr/local/bin/scaphandre",
                "cmdline": "/usr/local/bin/scaphandrejson-s0--step-nano10000000-f/home/ce-p2-r-1/8/power.json",
                "pid": 465680,
                "resources_usage": null,
                "consumption": 62458.902,
                "timestamp": 1721775025.6516578,
                "container": null
            },
            {
                "exe": "",
                "cmdline": "",
                "pid": 556,
                "resources_usage": null,
                "consumption": 0.0,
                "timestamp": 1721775025.6515603,
                "container": null
            },
            {
                "exe": "",
                "cmdline": "",
                "pid": 18,
                "resources_usage": null,
                "consumption": 0.0,
                "timestamp": 1721775025.6515617,
                "container": null
            },
            {
                "exe": "/usr/bin/udevadm",
                "cmdline": "/lib/systemd/systemd-udevd",
                "pid": 465650,
                "resources_usage": null,
                "consumption": 0.0,
                "timestamp": 1721775025.6515622,
                "container": null
            },
            {
                "exe": "",
                "cmdline": "",
                "pid": 476,
                "resources_usage": null,
                "consumption": 0.0,
                "timestamp": 1721775025.6515627,
                "container": null
            },
            {
                "exe": "",
                "cmdline": "",
                "pid": 455016,
                "resources_usage": null,
                "consumption": 0.0,
                "timestamp": 1721775025.651563,
                "container": null
            },
            {
                "exe": "",
                "cmdline": "",
                "pid": 442033,
                "resources_usage": null,
                "consumption": 0.0,
                "timestamp": 1721775025.6515632,
                "container": null
            },
            {
                "exe": "",
                "cmdline": "",
                "pid": 134,
                "resources_usage": null,
                "consumption": 0.0,
                "timestamp": 1721775025.6515634,
                "container": null
            },
            {
                "exe": "/usr/sbin/sshd",
                "cmdline": "sshd: philipp [priv]",
                "pid": 274843,
                "resources_usage": null,
                "consumption": 0.0,
                "timestamp": 1721775025.651564,
                "container": null
            }
        ],
        "sockets": [
            {
                "id": 0,
                "consumption": 17030554.0,
                "domains": [
                    {
                        "name": "uncore",
                        "consumption": 0.0,
                        "timestamp": 1721775025.6319637
                    },
                    {
                        "name": "core",
                        "consumption": 14692486.0,
                        "timestamp": 1721775025.6319575
                    }
                ],
                "timestamp": 1721775025.6318436
            }
        ]
    },
    {
        "host": {
            "consumption": 25208814.0,
            "timestamp": 1721775025.6892467,
            "components": {
                "disks": [
                    {
                        "disk_type": "SSD",
                        "disk_mount_point": "/etc/hosts",
                        "disk_is_removable": false,
                        "disk_file_system": "ext4",
                        "disk_total_bytes": "33634926592",
                        "disk_available_bytes": "9870757888",
                        "disk_name": "/dev/nvme0n1p4"
                    }
                ]
            }
        },
        "consumers": [
            {
                "exe": "/",
                "cmdline": "runcinit",
                "pid": 465754,
                "resources_usage": null,
                "consumption": 603804.0,
                "timestamp": 1721775025.689115,
                "container": null
            },
            {
                "exe": "/usr/local/bin/scaphandre",
                "cmdline": "/usr/local/bin/scaphandrejson-s0--step-nano10000000-f/home/ce-p2-r-1/8/power.json",
                "pid": 465680,
                "resources_usage": null,
                "consumption": 452852.97,
                "timestamp": 1721775025.6891649,
                "container": null
            },
            {
                "exe": "",
                "cmdline": "",
                "pid": 556,
                "resources_usage": null,
                "consumption": 0.0,
                "timestamp": 1721775025.6890655,
                "container": null
            },
            {
                "exe": "",
                "cmdline": "",
                "pid": 18,
                "resources_usage": null,
                "consumption": 0.0,
                "timestamp": 1721775025.6890664,
                "container": null
            },
            {
                "exe": "/usr/bin/udevadm",
                "cmdline": "/lib/systemd/systemd-udevd",
                "pid": 465650,
                "resources_usage": null,
                "consumption": 0.0,
                "timestamp": 1721775025.689067,
                "container": null
            },
            {
                "exe": "",
                "cmdline": "",
                "pid": 476,
                "resources_usage": null,
                "consumption": 0.0,
                "timestamp": 1721775025.6890674,
                "container": null
            },
            {
                "exe": "",
                "cmdline": "",
                "pid": 455016,
                "resources_usage": null,
                "consumption": 0.0,
                "timestamp": 1721775025.6890676,
                "container": null
            },
            {
                "exe": "",
                "cmdline": "",
                "pid": 442033,
                "resources_usage": null,
                "consumption": 0.0,
                "timestamp": 1721775025.6890678,
                "container": null
            },
            {
                "exe": "",
                "cmdline": "",
                "pid": 134,
                "resources_usage": null,
                "consumption": 0.0,
                "timestamp": 1721775025.689068,
                "container": null
            },
            {
                "exe": "/usr/sbin/sshd",
                "cmdline": "sshd: philipp [priv]",
                "pid": 274843,
                "resources_usage": null,
                "consumption": 0.0,
                "timestamp": 1721775025.6890683,
                "container": null
            }
        ],
        "sockets": [
            {
                "id": 0,
                "consumption": 18714560.0,
                "domains": [
                    {
                        "name": "uncore",
                        "consumption": 0.0,
                        "timestamp": 1721775025.669439
                    },
                    {
                        "name": "core",
                        "consumption": 16399886.0,
                        "timestamp": 1721775025.6693678
                    }
                ],
                "timestamp": 1721775025.66917
            }
        ]
    }
]