{
    "timestamp_analysis": {
        "mean": 0.03638522535460801,
        "std": 0.0032113653897202416,
        "min": 0.03155088424682617,
        "max": 0.055780887603759766,
        "median": 0.03527951240539551,
        "running_time": 10.661055564880371
    },
    "host_energy_analysis": {
        "total": 264.72674641284203,
        "per_repetition": 0.0008824224880428068
    },
    "host_power_analysis": {
        "mean": 24.71321583673469,
        "std": 6.612748403023837,
        "min": 7.22049,
        "max": 41.457744,
        "median": 24.285275
    },
    "process_energy_analysis": {
        "total": 10.377391286243181,
        "per_repetition": 3.459130428747727e-05
    }
}