{
    "timestamp_analysis": {
        "mean": 0.03454804611206055,
        "std": 0.0017054758772291562,
        "min": 0.03138256072998047,
        "max": 0.04333209991455078,
        "median": 0.03411865234375,
        "running_time": 21.592650890350342
    },
    "host_energy_analysis": {
        "total": 422.8200054577566,
        "per_repetition": 1.409400018192522e-05
    },
    "host_power_analysis": {
        "mean": 19.57448315175719,
        "std": 5.698550117475366,
        "min": 5.235892,
        "max": 43.35981,
        "median": 19.21152
    },
    "process_energy_analysis": {
        "total": 9.21142165283483,
        "per_repetition": 3.0704738842782765e-07
    }
}