{
    "timestamp_analysis": {
        "mean": 0.03438031255862134,
        "std": 0.0015390903649441891,
        "min": 0.03097367286682129,
        "max": 0.045035362243652344,
        "median": 0.03409719467163086,
        "running_time": 30.426839590072632
    },
    "host_energy_analysis": {
        "total": 543.5927394451029,
        "per_repetition": 1.811975798150343e-05
    },
    "host_power_analysis": {
        "mean": 17.892504101580137,
        "std": 5.1071186265714195,
        "min": 5.456607,
        "max": 35.545624,
        "median": 17.524324
    },
    "process_energy_analysis": {
        "total": 11.233489082791625,
        "per_repetition": 3.7444963609305416e-07
    }
}