{
    "timestamp_analysis": {
        "mean": 0.02588699255196303,
        "std": 0.0019217036764789242,
        "min": 0.022205114364624023,
        "max": 0.03305983543395996,
        "median": 0.025369644165039062,
        "running_time": 8.361674547195435
    },
    "host_energy_analysis": {
        "total": 158.89664785954545,
        "per_repetition": 1.5889664785954546e-05
    },
    "host_power_analysis": {
        "mean": 19.02295132716049,
        "std": 6.1501101601207555,
        "min": 5.466305,
        "max": 34.95163,
        "median": 18.758516
    },
    "process_energy_analysis": {
        "total": 2.4631996572702093,
        "per_repetition": 2.463199657270209e-07
    }
}