{
    "timestamp_analysis": {
        "mean": 0.025733423233032227,
        "std": 0.0019571070380538674,
        "min": 0.022281885147094727,
        "max": 0.03596329689025879,
        "median": 0.025176525115966797,
        "running_time": 8.234886407852173
    },
    "host_energy_analysis": {
        "total": 163.3747424345881,
        "per_repetition": 1.6337474243458807e-05
    },
    "host_power_analysis": {
        "mean": 19.911375261682245,
        "std": 5.8367885969966435,
        "min": 6.747105,
        "max": 34.907572,
        "median": 19.50067
    },
    "process_energy_analysis": {
        "total": 2.5301838359292796,
        "per_repetition": 2.5301838359292797e-07
    }
}