{
    "timestamp_analysis": {
        "mean": 0.025112441818780574,
        "std": 0.002633493485526061,
        "min": 0.021577835083007812,
        "max": 0.0769951343536377,
        "median": 0.024600863456726074,
        "running_time": 16.222809076309204
    },
    "host_energy_analysis": {
        "total": 276.61798613902783,
        "per_repetition": 5.5323597227805566e-09
    },
    "host_power_analysis": {
        "mean": 17.07591625965997,
        "std": 5.433365854008868,
        "min": 3.907037,
        "max": 35.909484,
        "median": 16.55022
    },
    "process_energy_analysis": {
        "total": 4.168146564549823,
        "per_repetition": 8.336293129099645e-11
    }
}