{
    "timestamp_analysis": {
        "mean": 0.025210398149666313,
        "std": 0.001989983815313212,
        "min": 0.021753549575805664,
        "max": 0.032715559005737305,
        "median": 0.024515867233276367,
        "running_time": 6.832144260406494
    },
    "host_energy_analysis": {
        "total": 117.68669961941649,
        "per_repetition": 1.1768669961941649e-07
    },
    "host_power_analysis": {
        "mean": 17.266247518382354,
        "std": 5.201488461627324,
        "min": 3.606683,
        "max": 30.870796,
        "median": 17.102256
    },
    "process_energy_analysis": {
        "total": 1.7735965138473242,
        "per_repetition": 1.7735965138473243e-09
    }
}