{
    "timestamp_analysis": {
        "mean": 0.03484009121948818,
        "std": 0.0016243525317209166,
        "min": 0.03217911720275879,
        "max": 0.04192829132080078,
        "median": 0.03438222408294678,
        "running_time": 7.386260747909546
    },
    "host_energy_analysis": {
        "total": 138.03710560679198,
        "per_repetition": 0.00027607421121358396
    },
    "host_power_analysis": {
        "mean": 18.706280657276995,
        "std": 5.138398479849712,
        "min": 7.227081,
        "max": 32.225408,
        "median": 18.282142
    },
    "process_energy_analysis": {
        "total": 2.9962943005666123,
        "per_repetition": 5.992588601133224e-06
    }
}