{
    "timestamp_analysis": {
        "mean": 0.025668803383322322,
        "std": 0.0018626914884415024,
        "min": 0.022166967391967773,
        "max": 0.03402137756347656,
        "median": 0.025236129760742188,
        "running_time": 8.291194677352905
    },
    "host_energy_analysis": {
        "total": 152.8377267935585,
        "per_repetition": 3.0567545358711696e-07
    },
    "host_power_analysis": {
        "mean": 18.477977669753088,
        "std": 5.679799319142127,
        "min": 4.980799,
        "max": 34.072056,
        "median": 17.951746
    },
    "process_energy_analysis": {
        "total": 2.346645486350803,
        "per_repetition": 4.693290972701606e-09
    }
}