{
    "timestamp_analysis": {
        "mean": 0.026136124658884492,
        "std": 0.0017062919752794214,
        "min": 0.02313852310180664,
        "max": 0.034758806228637695,
        "median": 0.025730133056640625,
        "running_time": 8.31145691871643
    },
    "host_energy_analysis": {
        "total": 157.34247704454373,
        "per_repetition": 1.5734247704454373e-05
    },
    "host_power_analysis": {
        "mean": 18.96510535109718,
        "std": 6.035020580468466,
        "min": 5.941298,
        "max": 35.639816,
        "median": 18.661252
    },
    "process_energy_analysis": {
        "total": 2.4906315425290764,
        "per_repetition": 2.490631542529076e-07
    }
}