{
    "timestamp_analysis": {
        "mean": 0.025114176188700297,
        "std": 0.0017019132367740197,
        "min": 0.021854162216186523,
        "max": 0.03336024284362793,
        "median": 0.024729490280151367,
        "running_time": 16.97729778289795
    },
    "host_energy_analysis": {
        "total": 306.56156858886175,
        "per_repetition": 6.131231371777235e-07
    },
    "host_power_analysis": {
        "mean": 18.075520940915805,
        "std": 5.621708051448023,
        "min": 4.446225,
        "max": 38.557,
        "median": 17.744154
    },
    "process_energy_analysis": {
        "total": 4.625497717812962,
        "per_repetition": 9.250995435625924e-09
    }
}