{
    "timestamp_analysis": {
        "mean": 0.034174666195066296,
        "std": 0.0022336112531248947,
        "min": 0.030801057815551758,
        "max": 0.08145952224731445,
        "median": 0.03379011154174805,
        "running_time": 30.313194036483765
    },
    "host_energy_analysis": {
        "total": 553.8028548471675,
        "per_repetition": 1.846009516157225e-05
    },
    "host_power_analysis": {
        "mean": 18.268874727477478,
        "std": 5.091180760331621,
        "min": 5.668226,
        "max": 35.4762,
        "median": 18.141332
    },
    "process_energy_analysis": {
        "total": 11.475950814032359,
        "per_repetition": 3.8253169380107863e-07
    }
}