{
    "timestamp_analysis": {
        "mean": 0.026025328996046534,
        "std": 0.0018089082251064675,
        "min": 0.02254629135131836,
        "max": 0.03389430046081543,
        "median": 0.025550365447998047,
        "running_time": 8.276209354400635
    },
    "host_energy_analysis": {
        "total": 154.81477121157764,
        "per_repetition": 1.5481477121157764e-05
    },
    "host_power_analysis": {
        "mean": 18.69026732601881,
        "std": 5.894406415602321,
        "min": 5.654417,
        "max": 37.574896,
        "median": 18.397038
    },
    "process_energy_analysis": {
        "total": 2.4794593164701886,
        "per_repetition": 2.479459316470189e-07
    }
}