{
    "timestamp_analysis": {
        "mean": 0.035315727903729395,
        "std": 0.0018249006461061434,
        "min": 0.03192424774169922,
        "max": 0.04374289512634277,
        "median": 0.03496098518371582,
        "running_time": 5.933156728744507
    },
    "host_energy_analysis": {
        "total": 107.42323342243982,
        "per_repetition": 3.5807744474146606e-06
    },
    "host_power_analysis": {
        "mean": 18.15260195857988,
        "std": 5.38013123620151,
        "min": 6.414082,
        "max": 37.30617,
        "median": 17.481982
    },
    "process_energy_analysis": {
        "total": 2.3621931355273054,
        "per_repetition": 7.873977118424352e-08
    }
}