{
    "timestamp_analysis": {
        "mean": 0.02596558224071156,
        "std": 0.0017410517931701042,
        "min": 0.022527217864990234,
        "max": 0.03377699851989746,
        "median": 0.025659561157226562,
        "running_time": 8.283235311508179
    },
    "host_energy_analysis": {
        "total": 160.54715386676548,
        "per_repetition": 1.605471538667655e-05
    },
    "host_power_analysis": {
        "mean": 19.375752190625,
        "std": 5.4785681756735825,
        "min": 5.800362,
        "max": 36.92737,
        "median": 19.040792
    },
    "process_energy_analysis": {
        "total": 2.5403869709074023,
        "per_repetition": 2.540386970907402e-07
    }
}