{
    "timestamp_analysis": {
        "mean": 0.03428316245908323,
        "std": 0.0014077760200992503,
        "min": 0.03114604949951172,
        "max": 0.040982723236083984,
        "median": 0.034066200256347656,
        "running_time": 12.616326808929443
    },
    "host_energy_analysis": {
        "total": 226.75598543728375,
        "per_repetition": 7.558532847909458e-06
    },
    "host_power_analysis": {
        "mean": 18.01672468563686,
        "std": 5.073761788838276,
        "min": 5.809898,
        "max": 38.028652,
        "median": 17.636582
    },
    "process_energy_analysis": {
        "total": 4.7648287430592475,
        "per_repetition": 1.588276247686416e-07
    }
}