{
    "timestamp_analysis": {
        "mean": 0.02562119703035097,
        "std": 0.0017859605246098352,
        "min": 0.022067785263061523,
        "max": 0.03627514839172363,
        "median": 0.025235295295715332,
        "running_time": 9.479960203170776
    },
    "host_energy_analysis": {
        "total": 175.1435806093004,
        "per_repetition": 3.5028716121860075e-07
    },
    "host_power_analysis": {
        "mean": 18.4553818787062,
        "std": 5.769737466004571,
        "min": 4.953562,
        "max": 37.75508,
        "median": 18.602194
    },
    "process_energy_analysis": {
        "total": 2.7262022725612356,
        "per_repetition": 5.452404545122471e-09
    }
}