{
    "timestamp_analysis": {
        "mean": 0.03521715197069891,
        "std": 0.0018418026903666129,
        "min": 0.03223609924316406,
        "max": 0.04516768455505371,
        "median": 0.03475785255432129,
        "running_time": 5.106666326522827
    },
    "host_energy_analysis": {
        "total": 93.8127747179128,
        "per_repetition": 3.1270924905970936e-06
    },
    "host_power_analysis": {
        "mean": 18.32197298630137,
        "std": 5.568810737206254,
        "min": 4.413755,
        "max": 37.456824,
        "median": 17.981209
    },
    "process_energy_analysis": {
        "total": 2.175444414409219,
        "per_repetition": 7.251481381364064e-08
    }
}