{
    "timestamp_analysis": {
        "mean": 0.024867926010718713,
        "std": 0.0024070287452997137,
        "min": 0.02125072479248047,
        "max": 0.07019329071044922,
        "median": 0.024385929107666016,
        "running_time": 16.16427183151245
    },
    "host_energy_analysis": {
        "total": 275.6985546022892,
        "per_repetition": 5.5139710920457846e-09
    },
    "host_power_analysis": {
        "mean": 17.066889222734254,
        "std": 5.395283000834806,
        "min": 3.616485,
        "max": 32.414704,
        "median": 16.85263
    },
    "process_energy_analysis": {
        "total": 4.092309232669367,
        "per_repetition": 8.184618465338733e-11
    }
}