{
    "timestamp_analysis": {
        "mean": 0.03478140632311503,
        "std": 0.0015440581824686217,
        "min": 0.032959699630737305,
        "max": 0.041220903396606445,
        "median": 0.034700870513916016,
        "running_time": 0.8348805904388428
    },
    "host_energy_analysis": {
        "total": 16.602494722317577,
        "per_repetition": 0.005534164907439192
    },
    "host_power_analysis": {
        "mean": 19.77030664,
        "std": 4.068630856371402,
        "min": 11.913255,
        "max": 28.377108,
        "median": 19.040544
    },
    "process_energy_analysis": {
        "total": 0.34098372740297433,
        "per_repetition": 0.00011366124246765812
    }
}